encounter_name,trainer_name,trainer_class,canonical_location_id,is_rematch,is_event,trainer_items,trainer_pic,trainer_double,details,version_group_id,load_build,game_id
TRAINER_SMASHER_ELENA,ELENA,TRAINER_CLASS_SMASHER,,,,,TRAINER_PIC_B2W2_SMASHER,,"black2white2_trainer_index=1; source_rom_paths=a/0/9/1,a/0/9/2; battle_type=0; trainer_class_id=6; ai=7; healer=false; money=25; prize=17; location_unpaired=true",14,6,
TRAINER_LINEBACKER_DAN,DAN,TRAINER_CLASS_LINEBACKER,,,,,TRAINER_PIC_B2W2_LINEBACKER,,"black2white2_trainer_index=2; source_rom_paths=a/0/9/1,a/0/9/2; battle_type=0; trainer_class_id=7; ai=7; healer=false; money=25; prize=17; location_unpaired=true",14,6,
TRAINER_SMASHER_ASPEN,ASPEN,TRAINER_CLASS_SMASHER,,,,,TRAINER_PIC_B2W2_SMASHER,,"black2white2_trainer_index=3; source_rom_paths=a/0/9/1,a/0/9/2; battle_type=0; trainer_class_id=6; ai=7; healer=false; money=25; prize=25; location_unpaired=true",14,6,
TRAINER_PKMN_TRAINER_BIANCA,BIANCA,TRAINER_CLASS_PKMN_TRAINER,,,,,TRAINER_PIC_B2W2_BIANCA,,"black2white2_trainer_index=4; source_rom_paths=a/0/9/1,a/0/9/2; battle_type=0; trainer_class_id=38; ai=135; healer=false; money=30; prize=0; location_unpaired=true",14,6,
TRAINER_PKMN_TRAINER_N,N,TRAINER_CLASS_PKMN_TRAINER,,,,FULL_RESTORE,TRAINER_PIC_B2W2_N,,"black2white2_trainer_index=5; source_rom_paths=a/0/9/1,a/0/9/2; battle_type=0; trainer_class_id=40; ai=7; healer=false; money=50; prize=0; location_unpaired=true",14,6,
TRAINER_PKMN_TRAINER_N_2,N,TRAINER_CLASS_PKMN_TRAINER,,,,FULL_RESTORE,TRAINER_PIC_B2W2_N,,"black2white2_trainer_index=6; source_rom_paths=a/0/9/1,a/0/9/2; battle_type=0; trainer_class_id=40; ai=7; healer=false; money=50; prize=0; location_unpaired=true",14,6,
TRAINER_WORKER_MATTHEW,MATTHEW,TRAINER_CLASS_WORKER,,,,,TRAINER_PIC_B2W2_WORKERICE,,"black2white2_trainer_index=7; source_rom_paths=a/0/9/1,a/0/9/2; battle_type=0; trainer_class_id=44; ai=1; healer=false; money=10; prize=73; location_unpaired=true",14,6,
TRAINER_HOOPSTER_BOBBY,BOBBY,TRAINER_CLASS_HOOPSTER,,,,,TRAINER_PIC_B2W2_HOOPSTER,,"black2white2_trainer_index=8; source_rom_paths=a/0/9/1,a/0/9/2; battle_type=0; trainer_class_id=45; ai=7; healer=false; money=25; prize=17; location_unpaired=true",14,6,
TRAINER_HOOPSTER_JOHN,JOHN,TRAINER_CLASS_HOOPSTER,,,,,TRAINER_PIC_B2W2_HOOPSTER,,"black2white2_trainer_index=9; source_rom_paths=a/0/9/1,a/0/9/2; battle_type=0; trainer_class_id=45; ai=7; healer=false; money=25; prize=25; location_unpaired=true",14,6,
TRAINER_CLERK_F_TRISHA,TRISHA,TRAINER_CLASS_CLERK_F,,,,,TRAINER_PIC_B2W2_CLERK_F,,"black2white2_trainer_index=10; source_rom_paths=a/0/9/1,a/0/9/2; battle_type=0; trainer_class_id=48; ai=1; healer=false; money=10; prize=0; location_reference=https://www.serebii.net/pokearth/unova/nimbasacity.shtml; location_unpaired=true",14,6,
TRAINER_WAITER_LOU,LOU,TRAINER_CLASS_WAITER,,,,,TRAINER_PIC_B2W2_WAITER,,"black2white2_trainer_index=11; source_rom_paths=a/0/9/1,a/0/9/2; battle_type=0; trainer_class_id=8; ai=1; healer=false; money=10; prize=0; location_unpaired=true",14,6,
TRAINER_WAITRESS_OLWEN,OLWEN,TRAINER_CLASS_WAITRESS,,,,,TRAINER_PIC_B2W2_WAITRESS,,"black2white2_trainer_index=12; source_rom_paths=a/0/9/1,a/0/9/2; battle_type=0; trainer_class_id=9; ai=1; healer=false; money=10; prize=0; location_unpaired=true",14,6,
TRAINER_STRIKER_TONY,TONY,TRAINER_CLASS_STRIKER,,,,,TRAINER_PIC_B2W2_STRIKER,,"black2white2_trainer_index=13; source_rom_paths=a/0/9/1,a/0/9/2; battle_type=0; trainer_class_id=53; ai=7; healer=false; money=25; prize=17; location_unpaired=true",14,6,
TRAINER_STRIKER_ROBERTO,ROBERTO,TRAINER_CLASS_STRIKER,,,,,TRAINER_PIC_B2W2_STRIKER,,"black2white2_trainer_index=14; source_rom_paths=a/0/9/1,a/0/9/2; battle_type=0; trainer_class_id=53; ai=7; healer=false; money=25; prize=25; location_unpaired=true",14,6,
TRAINER_ROUGHNECK_FLETCHER,FLETCHER,TRAINER_CLASS_ROUGHNECK,,,,,TRAINER_PIC_B2W2_ROUGHNECK,,"black2white2_trainer_index=15; source_rom_paths=a/0/9/1,a/0/9/2; battle_type=0; trainer_class_id=57; ai=1; healer=false; money=6; prize=13; location_reference=https://www.serebii.net/pokearth/unova/nimbasacity.shtml; location_unpaired=true",14,6,
TRAINER_YOUNGSTER_ABE,ABE,TRAINER_CLASS_YOUNGSTER,,,,,TRAINER_PIC_B2W2_YOUNGSTER,,"black2white2_trainer_index=16; source_rom_paths=a/0/9/1,a/0/9/2; battle_type=0; trainer_class_id=2; ai=1; healer=false; money=4; prize=0; location_unpaired=true",14,6,
TRAINER_YOUNGSTER_KEVIN,KEVIN,TRAINER_CLASS_YOUNGSTER,,,,,TRAINER_PIC_B2W2_YOUNGSTER,,"black2white2_trainer_index=17; source_rom_paths=a/0/9/1,a/0/9/2; battle_type=0; trainer_class_id=2; ai=1; healer=false; money=4; prize=2; location_unpaired=true",14,6,
TRAINER_FISHERMAN_DEVON,DEVON,TRAINER_CLASS_FISHERMAN,,,,,TRAINER_PIC_B2W2_FISHERMAN,,"black2white2_trainer_index=18; source_rom_paths=a/0/9/1,a/0/9/2; battle_type=0; trainer_class_id=29; ai=1; healer=false; money=8; prize=7; location_unpaired=true",14,6,
TRAINER_CLERK_M_CHAZ,CHAZ,TRAINER_CLASS_CLERK_M,,,,,TRAINER_PIC_B2W2_CLERK_M,,"black2white2_trainer_index=19; source_rom_paths=a/0/9/1,a/0/9/2; battle_type=0; trainer_class_id=66; ai=1; healer=false; money=10; prize=0; location_unpaired=true",14,6,
TRAINER_CLERK_M_FREDRIC,FREDRIC,TRAINER_CLASS_CLERK_M,,,,,TRAINER_PIC_B2W2_CLERK_M_B,,"black2white2_trainer_index=20; source_rom_paths=a/0/9/1,a/0/9/2; battle_type=0; trainer_class_id=67; ai=5; healer=false; money=20; prize=2; location_unpaired=true",14,6,
TRAINER_BACKERS_HAWK_DAR,HAWK & DAR,TRAINER_CLASS_BACKERS,,,,,TRAINER_PIC_B2W2_BACKERS_M,1,"black2white2_trainer_index=21; source_rom_paths=a/0/9/1,a/0/9/2; battle_type=1; trainer_class_id=68; ai=129; healer=false; money=12; prize=0; location_unpaired=true",14,6,
TRAINER_BACKERS_JOE_ROSS,JOE & ROSS,TRAINER_CLASS_BACKERS,9,,,,TRAINER_PIC_B2W2_BACKERS_M,1,"black2white2_trainer_index=22; source_rom_paths=a/0/9/1,a/0/9/2; battle_type=1; trainer_class_id=68; ai=129; healer=false; money=12; prize=0; location_reference=https://www.serebii.net/pokearth/unova/route4.shtml; matched_location=Route 4",14,6,
TRAINER_BACKERS_MASA_YAS,MASA & YAS,TRAINER_CLASS_BACKERS,,,,,TRAINER_PIC_B2W2_BACKERS_M,1,"black2white2_trainer_index=23; source_rom_paths=a/0/9/1,a/0/9/2; battle_type=1; trainer_class_id=68; ai=129; healer=false; money=12; prize=0; location_unpaired=true",14,6,
TRAINER_BACKERS_KAY_ALI,KAY & ALI,TRAINER_CLASS_BACKERS,,,,,TRAINER_PIC_B2W2_BACKERS_F,1,"black2white2_trainer_index=24; source_rom_paths=a/0/9/1,a/0/9/2; battle_type=1; trainer_class_id=69; ai=129; healer=false; money=12; prize=0; location_unpaired=true",14,6,
TRAINER_BACKERS_AMI_EIRA,AMI & EIRA,TRAINER_CLASS_BACKERS,,,,,TRAINER_PIC_B2W2_BACKERS_F,1,"black2white2_trainer_index=25; source_rom_paths=a/0/9/1,a/0/9/2; battle_type=1; trainer_class_id=69; ai=129; healer=false; money=12; prize=0; location_unpaired=true",14,6,
TRAINER_LINEBACKER_BOB,BOB,TRAINER_CLASS_LINEBACKER,,,,,TRAINER_PIC_B2W2_LINEBACKER,,"black2white2_trainer_index=26; source_rom_paths=a/0/9/1,a/0/9/2; battle_type=0; trainer_class_id=7; ai=7; healer=false; money=25; prize=25; location_unpaired=true",14,6,
TRAINER_PKMN_RANGER_M_ALAIN,ALAIN,TRAINER_CLASS_PKMN_RANGER_M,,,,,TRAINER_PIC_B2W2_POKEMON_RANGER_M,,"black2white2_trainer_index=27; source_rom_paths=a/0/9/1,a/0/9/2; battle_type=0; trainer_class_id=24; ai=7; healer=false; money=15; prize=77; location_unpaired=true",14,6,
TRAINER_PKMN_RANGER_F_HEIDI,HEIDI,TRAINER_CLASS_PKMN_RANGER_F,,,,,TRAINER_PIC_B2W2_POKEMON_RANGER_F,,"black2white2_trainer_index=28; source_rom_paths=a/0/9/1,a/0/9/2; battle_type=0; trainer_class_id=25; ai=7; healer=false; money=15; prize=77; location_unpaired=true",14,6,
TRAINER_INFIELDER_ALEX,ALEX,TRAINER_CLASS_INFIELDER,,,,,TRAINER_PIC_B2W2_INFIELDER,,"black2white2_trainer_index=29; source_rom_paths=a/0/9/1,a/0/9/2; battle_type=0; trainer_class_id=73; ai=7; healer=false; money=25; prize=17; location_unpaired=true",14,6,
TRAINER_INFIELDER_CONNOR,CONNOR,TRAINER_CLASS_INFIELDER,,,,,TRAINER_PIC_B2W2_INFIELDER,,"black2white2_trainer_index=30; source_rom_paths=a/0/9/1,a/0/9/2; battle_type=0; trainer_class_id=73; ai=7; healer=false; money=25; prize=25; location_unpaired=true",14,6,
TRAINER_ACE_TRAINER_F_MARIANA,MARIANA,TRAINER_CLASS_ACE_TRAINER_F,,,,,TRAINER_PIC_B2W2_ACE_TRAINER_F,,"black2white2_trainer_index=31; source_rom_paths=a/0/9/1,a/0/9/2; battle_type=0; trainer_class_id=49; ai=7; healer=false; money=15; prize=0; location_unpaired=true",14,6,
TRAINER_ACE_TRAINER_M_HENRY,HENRY,TRAINER_CLASS_ACE_TRAINER_M,,,,,TRAINER_PIC_B2W2_ACE_TRAINER_M,,"black2white2_trainer_index=32; source_rom_paths=a/0/9/1,a/0/9/2; battle_type=0; trainer_class_id=50; ai=7; healer=false; money=15; prize=0; location_unpaired=true",14,6,
TRAINER_LASS_SIBYL,SIBYL,TRAINER_CLASS_LASS,,,,,TRAINER_PIC_B2W2_LASS,,"black2white2_trainer_index=33; source_rom_paths=a/0/9/1,a/0/9/2; battle_type=0; trainer_class_id=3; ai=0; healer=false; money=4; prize=0; location_unpaired=true",14,6,
TRAINER_RICH_BOY_BRAD,BRAD,TRAINER_CLASS_RICH_BOY,,,,,TRAINER_PIC_B2W2_RICH_BOY,,"black2white2_trainer_index=34; source_rom_paths=a/0/9/1,a/0/9/2; battle_type=0; trainer_class_id=41; ai=1; healer=false; money=40; prize=0; location_unpaired=true",14,6,
TRAINER_LADY_ELIZANDRA,ELIZANDRA,TRAINER_CLASS_LADY,,,,,TRAINER_PIC_B2W2_LADY,,"black2white2_trainer_index=35; source_rom_paths=a/0/9/1,a/0/9/2; battle_type=0; trainer_class_id=42; ai=1; healer=false; money=40; prize=0; location_unpaired=true",14,6,
TRAINER_SOCIALITE_CASSANDRA,CASSANDRA,TRAINER_CLASS_SOCIALITE,,,,FULL_RESTORE,TRAINER_PIC_B2W2_SOCIALITE,,"black2white2_trainer_index=36; source_rom_paths=a/0/9/1,a/0/9/2; battle_type=0; trainer_class_id=75; ai=1; healer=false; money=50; prize=0; location_unpaired=true",14,6,
TRAINER_GENTLEMAN_ROBERT,ROBERT,TRAINER_CLASS_GENTLEMAN,,,,FULL_RESTORE,TRAINER_PIC_B2W2_GENTLEMAN,,"black2white2_trainer_index=37; source_rom_paths=a/0/9/1,a/0/9/2; battle_type=0; trainer_class_id=76; ai=1; healer=false; money=50; prize=0; location_unpaired=true",14,6,
TRAINER_ELITE_FOUR_SHAUNTAL,SHAUNTAL,TRAINER_CLASS_ELITE_FOUR,,,,FULL_RESTORE,TRAINER_PIC_B2W2_SHAUNTAL,,"black2white2_trainer_index=38; source_rom_paths=a/0/9/1,a/0/9/2; battle_type=0; trainer_class_id=78; ai=7; healer=false; money=30; prize=0; location_unpaired=true",14,6,
TRAINER_ELITE_FOUR_MARSHAL,MARSHAL,TRAINER_CLASS_ELITE_FOUR,,,,FULL_RESTORE,TRAINER_PIC_B2W2_MARSHAL,,"black2white2_trainer_index=39; source_rom_paths=a/0/9/1,a/0/9/2; battle_type=0; trainer_class_id=79; ai=7; healer=false; money=30; prize=0; location_unpaired=true",14,6,
TRAINER_ELITE_FOUR_GRIMSLEY,GRIMSLEY,TRAINER_CLASS_ELITE_FOUR,,,,FULL_RESTORE,TRAINER_PIC_B2W2_GRIMSLEY,,"black2white2_trainer_index=40; source_rom_paths=a/0/9/1,a/0/9/2; battle_type=0; trainer_class_id=80; ai=7; healer=false; money=30; prize=0; location_unpaired=true",14,6,
TRAINER_ELITE_FOUR_CAITLIN,CAITLIN,TRAINER_CLASS_ELITE_FOUR,,,,FULL_RESTORE,TRAINER_PIC_B2W2_CAITLIN,,"black2white2_trainer_index=41; source_rom_paths=a/0/9/1,a/0/9/2; battle_type=0; trainer_class_id=81; ai=7; healer=false; money=30; prize=0; location_unpaired=true",14,6,
TRAINER_VETERAN_M_SHAUN,SHAUN,TRAINER_CLASS_VETERAN_M,,,,,TRAINER_PIC_B2W2_VETERAN_M,,"black2white2_trainer_index=42; source_rom_paths=a/0/9/1,a/0/9/2; battle_type=0; trainer_class_id=70; ai=7; healer=false; money=20; prize=0; location_unpaired=true",14,6,
TRAINER_ACE_TRAINER_F_LUCCA,LUCCA,TRAINER_CLASS_ACE_TRAINER_F,5,,,,TRAINER_PIC_B2W2_ACE_TRAINER_F,,"black2white2_trainer_index=43; source_rom_paths=a/0/9/1,a/0/9/2; battle_type=0; trainer_class_id=49; ai=7; healer=false; money=15; prize=0; location_reference=https://www.serebii.net/pokearth/unova/route22.shtml; matched_location=Route 22",14,6,
TRAINER_ACE_TRAINER_M_SHEL,SHEL,TRAINER_CLASS_ACE_TRAINER_M,5,,,,TRAINER_PIC_B2W2_ACE_TRAINER_M,,"black2white2_trainer_index=44; source_rom_paths=a/0/9/1,a/0/9/2; battle_type=0; trainer_class_id=50; ai=7; healer=false; money=15; prize=0; location_reference=https://www.serebii.net/pokearth/unova/route22.shtml; matched_location=Route 22",14,6,
TRAINER_ACE_TRAINER_M_AUSTIN,AUSTIN,TRAINER_CLASS_ACE_TRAINER_M,,,,,TRAINER_PIC_B2W2_ACE_TRAINER_M,,"black2white2_trainer_index=45; source_rom_paths=a/0/9/1,a/0/9/2; battle_type=0; trainer_class_id=50; ai=7; healer=false; money=15; prize=0; location_reference=https://www.serebii.net/pokearth/unova/nimbasacity.shtml; location_unpaired=true",14,6,
TRAINER_RICH_BOY_MARTIN,MARTIN,TRAINER_CLASS_RICH_BOY,,,,,TRAINER_PIC_B2W2_RICH_BOY,,"black2white2_trainer_index=46; source_rom_paths=a/0/9/1,a/0/9/2; battle_type=0; trainer_class_id=41; ai=1; healer=false; money=40; prize=0; location_reference=https://www.serebii.net/pokearth/unova/nimbasacity.shtml; location_unpaired=true",14,6,
TRAINER_LASS_PERSEPHONE,PERSEPHONE,TRAINER_CLASS_LASS,,,,,TRAINER_PIC_B2W2_LASS,,"black2white2_trainer_index=47; source_rom_paths=a/0/9/1,a/0/9/2; battle_type=0; trainer_class_id=3; ai=0; healer=false; money=4; prize=0; location_reference=https://www.serebii.net/pokearth/unova/nimbasacity.shtml; location_unpaired=true",14,6,
TRAINER_SMASHER_MARI,MARI,TRAINER_CLASS_SMASHER,,,,,TRAINER_PIC_B2W2_SMASHER,,"black2white2_trainer_index=48; source_rom_paths=a/0/9/1,a/0/9/2; battle_type=0; trainer_class_id=6; ai=7; healer=false; money=25; prize=52; location_unpaired=true",14,6,
TRAINER_SMASHER_ELENA_2,ELENA,TRAINER_CLASS_SMASHER,,,,,TRAINER_PIC_B2W2_SMASHER,,"black2white2_trainer_index=49; source_rom_paths=a/0/9/1,a/0/9/2; battle_type=0; trainer_class_id=6; ai=7; healer=false; money=25; prize=26; location_unpaired=true",14,6,
TRAINER_SMASHER_ELENA_3,ELENA,TRAINER_CLASS_SMASHER,,,,,TRAINER_PIC_B2W2_SMASHER,,"black2white2_trainer_index=50; source_rom_paths=a/0/9/1,a/0/9/2; battle_type=0; trainer_class_id=6; ai=7; healer=false; money=25; prize=25; location_unpaired=true",14,6,
TRAINER_SMASHER_ELENA_4,ELENA,TRAINER_CLASS_SMASHER,,,,,TRAINER_PIC_B2W2_SMASHER,,"black2white2_trainer_index=51; source_rom_paths=a/0/9/1,a/0/9/2; battle_type=0; trainer_class_id=6; ai=7; healer=false; money=25; prize=52; location_unpaired=true",14,6,
TRAINER_SMASHER_ASPEN_2,ASPEN,TRAINER_CLASS_SMASHER,,,,,TRAINER_PIC_B2W2_SMASHER,,"black2white2_trainer_index=52; source_rom_paths=a/0/9/1,a/0/9/2; battle_type=0; trainer_class_id=6; ai=7; healer=false; money=25; prize=52; location_unpaired=true",14,6,
TRAINER_INFIELDER_TODD,TODD,TRAINER_CLASS_INFIELDER,,,,,TRAINER_PIC_B2W2_INFIELDER,,"black2white2_trainer_index=53; source_rom_paths=a/0/9/1,a/0/9/2; battle_type=0; trainer_class_id=73; ai=7; healer=false; money=25; prize=47; location_unpaired=true",14,6,
TRAINER_INFIELDER_ALEX_2,ALEX,TRAINER_CLASS_INFIELDER,,,,,TRAINER_PIC_B2W2_INFIELDER,,"black2white2_trainer_index=54; source_rom_paths=a/0/9/1,a/0/9/2; battle_type=0; trainer_class_id=73; ai=7; healer=false; money=25; prize=26; location_unpaired=true",14,6,
TRAINER_INFIELDER_ALEX_3,ALEX,TRAINER_CLASS_INFIELDER,,,,,TRAINER_PIC_B2W2_INFIELDER,,"black2white2_trainer_index=55; source_rom_paths=a/0/9/1,a/0/9/2; battle_type=0; trainer_class_id=73; ai=7; healer=false; money=25; prize=25; location_unpaired=true",14,6,
TRAINER_INFIELDER_ALEX_4,ALEX,TRAINER_CLASS_INFIELDER,,,,,TRAINER_PIC_B2W2_INFIELDER,,"black2white2_trainer_index=56; source_rom_paths=a/0/9/1,a/0/9/2; battle_type=0; trainer_class_id=73; ai=7; healer=false; money=25; prize=47; location_unpaired=true",14,6,
TRAINER_INFIELDER_CONNOR_2,CONNOR,TRAINER_CLASS_INFIELDER,,,,,TRAINER_PIC_B2W2_INFIELDER,,"black2white2_trainer_index=57; source_rom_paths=a/0/9/1,a/0/9/2; battle_type=0; trainer_class_id=73; ai=7; healer=false; money=25; prize=47; location_unpaired=true",14,6,
TRAINER_STRIKER_MARCO,MARCO,TRAINER_CLASS_STRIKER,,,,,TRAINER_PIC_B2W2_STRIKER,,"black2white2_trainer_index=58; source_rom_paths=a/0/9/1,a/0/9/2; battle_type=0; trainer_class_id=53; ai=7; healer=false; money=25; prize=48; location_unpaired=true",14,6,
TRAINER_STRIKER_TONY_2,TONY,TRAINER_CLASS_STRIKER,,,,,TRAINER_PIC_B2W2_STRIKER,,"black2white2_trainer_index=59; source_rom_paths=a/0/9/1,a/0/9/2; battle_type=0; trainer_class_id=53; ai=7; healer=false; money=25; prize=26; location_unpaired=true",14,6,
TRAINER_STRIKER_TONY_3,TONY,TRAINER_CLASS_STRIKER,,,,,TRAINER_PIC_B2W2_STRIKER,,"black2white2_trainer_index=60; source_rom_paths=a/0/9/1,a/0/9/2; battle_type=0; trainer_class_id=53; ai=7; healer=false; money=25; prize=25; location_unpaired=true",14,6,
TRAINER_STRIKER_TONY_4,TONY,TRAINER_CLASS_STRIKER,,,,,TRAINER_PIC_B2W2_STRIKER,,"black2white2_trainer_index=61; source_rom_paths=a/0/9/1,a/0/9/2; battle_type=0; trainer_class_id=53; ai=7; healer=false; money=25; prize=48; location_unpaired=true",14,6,
TRAINER_STRIKER_ROBERTO_2,ROBERTO,TRAINER_CLASS_STRIKER,,,,,TRAINER_PIC_B2W2_STRIKER,,"black2white2_trainer_index=62; source_rom_paths=a/0/9/1,a/0/9/2; battle_type=0; trainer_class_id=53; ai=7; healer=false; money=25; prize=48; location_unpaired=true",14,6,
TRAINER_LINEBACKER_JONAH,JONAH,TRAINER_CLASS_LINEBACKER,,,,,TRAINER_PIC_B2W2_LINEBACKER,,"black2white2_trainer_index=63; source_rom_paths=a/0/9/1,a/0/9/2; battle_type=0; trainer_class_id=7; ai=7; healer=false; money=25; prize=46; location_unpaired=true",14,6,
TRAINER_LINEBACKER_DAN_2,DAN,TRAINER_CLASS_LINEBACKER,,,,,TRAINER_PIC_B2W2_LINEBACKER,,"black2white2_trainer_index=64; source_rom_paths=a/0/9/1,a/0/9/2; battle_type=0; trainer_class_id=7; ai=7; healer=false; money=25; prize=26; location_unpaired=true",14,6,
TRAINER_LINEBACKER_DAN_3,DAN,TRAINER_CLASS_LINEBACKER,,,,,TRAINER_PIC_B2W2_LINEBACKER,,"black2white2_trainer_index=65; source_rom_paths=a/0/9/1,a/0/9/2; battle_type=0; trainer_class_id=7; ai=7; healer=false; money=25; prize=25; location_unpaired=true",14,6,
TRAINER_LINEBACKER_DAN_4,DAN,TRAINER_CLASS_LINEBACKER,,,,,TRAINER_PIC_B2W2_LINEBACKER,,"black2white2_trainer_index=66; source_rom_paths=a/0/9/1,a/0/9/2; battle_type=0; trainer_class_id=7; ai=7; healer=false; money=25; prize=46; location_unpaired=true",14,6,
TRAINER_LINEBACKER_BOB_2,BOB,TRAINER_CLASS_LINEBACKER,,,,,TRAINER_PIC_B2W2_LINEBACKER,,"black2white2_trainer_index=67; source_rom_paths=a/0/9/1,a/0/9/2; battle_type=0; trainer_class_id=7; ai=7; healer=false; money=25; prize=46; location_unpaired=true",14,6,
TRAINER_HOOPSTER_LAMARCUS,LAMARCUS,TRAINER_CLASS_HOOPSTER,,,,,TRAINER_PIC_B2W2_HOOPSTER,,"black2white2_trainer_index=68; source_rom_paths=a/0/9/1,a/0/9/2; battle_type=0; trainer_class_id=45; ai=7; healer=false; money=25; prize=49; location_unpaired=true",14,6,
TRAINER_HOOPSTER_BOBBY_2,BOBBY,TRAINER_CLASS_HOOPSTER,,,,,TRAINER_PIC_B2W2_HOOPSTER,,"black2white2_trainer_index=69; source_rom_paths=a/0/9/1,a/0/9/2; battle_type=0; trainer_class_id=45; ai=7; healer=false; money=25; prize=26; location_unpaired=true",14,6,
TRAINER_HOOPSTER_BOBBY_3,BOBBY,TRAINER_CLASS_HOOPSTER,,,,,TRAINER_PIC_B2W2_HOOPSTER,,"black2white2_trainer_index=70; source_rom_paths=a/0/9/1,a/0/9/2; battle_type=0; trainer_class_id=45; ai=7; healer=false; money=25; prize=25; location_unpaired=true",14,6,
TRAINER_HOOPSTER_BOBBY_4,BOBBY,TRAINER_CLASS_HOOPSTER,,,,,TRAINER_PIC_B2W2_HOOPSTER,,"black2white2_trainer_index=71; source_rom_paths=a/0/9/1,a/0/9/2; battle_type=0; trainer_class_id=45; ai=7; healer=false; money=25; prize=49; location_unpaired=true",14,6,
TRAINER_HOOPSTER_JOHN_2,JOHN,TRAINER_CLASS_HOOPSTER,,,,,TRAINER_PIC_B2W2_HOOPSTER,,"black2white2_trainer_index=72; source_rom_paths=a/0/9/1,a/0/9/2; battle_type=0; trainer_class_id=45; ai=7; healer=false; money=25; prize=49; location_unpaired=true",14,6,
TRAINER_BACKERS_HAWK_DAR_2,HAWK & DAR,TRAINER_CLASS_BACKERS,,,,,TRAINER_PIC_B2W2_BACKERS_M,1,"black2white2_trainer_index=73; source_rom_paths=a/0/9/1,a/0/9/2; battle_type=1; trainer_class_id=68; ai=129; healer=false; money=12; prize=0; location_unpaired=true",14,6,
TRAINER_BACKERS_HAWK_DAR_3,HAWK & DAR,TRAINER_CLASS_BACKERS,,,,,TRAINER_PIC_B2W2_BACKERS_M,1,"black2white2_trainer_index=74; source_rom_paths=a/0/9/1,a/0/9/2; battle_type=1; trainer_class_id=68; ai=129; healer=false; money=12; prize=0; location_unpaired=true",14,6,
TRAINER_BACKERS_JOE_ROSS_2,JOE & ROSS,TRAINER_CLASS_BACKERS,,,,,TRAINER_PIC_B2W2_BACKERS_M,1,"black2white2_trainer_index=75; source_rom_paths=a/0/9/1,a/0/9/2; battle_type=1; trainer_class_id=68; ai=129; healer=false; money=12; prize=0; location_unpaired=true",14,6,
TRAINER_BACKERS_JOE_ROSS_3,JOE & ROSS,TRAINER_CLASS_BACKERS,,,,,TRAINER_PIC_B2W2_BACKERS_M,1,"black2white2_trainer_index=76; source_rom_paths=a/0/9/1,a/0/9/2; battle_type=1; trainer_class_id=68; ai=129; healer=false; money=12; prize=0; location_unpaired=true",14,6,
TRAINER_BACKERS_MASA_YAS_2,MASA & YAS,TRAINER_CLASS_BACKERS,,,,,TRAINER_PIC_B2W2_BACKERS_M,1,"black2white2_trainer_index=77; source_rom_paths=a/0/9/1,a/0/9/2; battle_type=1; trainer_class_id=68; ai=129; healer=false; money=12; prize=0; location_unpaired=true",14,6,
TRAINER_BACKERS_MASA_YAS_3,MASA & YAS,TRAINER_CLASS_BACKERS,,,,,TRAINER_PIC_B2W2_BACKERS_M,1,"black2white2_trainer_index=78; source_rom_paths=a/0/9/1,a/0/9/2; battle_type=1; trainer_class_id=68; ai=129; healer=false; money=12; prize=0; location_unpaired=true",14,6,
TRAINER_BACKERS_LES_WEB,LES & WEB,TRAINER_CLASS_BACKERS,,,,,TRAINER_PIC_B2W2_BACKERS_M,1,"black2white2_trainer_index=79; source_rom_paths=a/0/9/1,a/0/9/2; battle_type=1; trainer_class_id=68; ai=129; healer=false; money=12; prize=0; location_unpaired=true",14,6,
TRAINER_BACKERS_ALF_FRED,ALF & FRED,TRAINER_CLASS_BACKERS,,,,,TRAINER_PIC_B2W2_BACKERS_M,1,"black2white2_trainer_index=80; source_rom_paths=a/0/9/1,a/0/9/2; battle_type=1; trainer_class_id=68; ai=129; healer=false; money=12; prize=0; location_unpaired=true",14,6,
TRAINER_BACKERS_KAY_ALI_2,KAY & ALI,TRAINER_CLASS_BACKERS,,,,,TRAINER_PIC_B2W2_BACKERS_F,1,"black2white2_trainer_index=81; source_rom_paths=a/0/9/1,a/0/9/2; battle_type=1; trainer_class_id=69; ai=129; healer=false; money=12; prize=0; location_unpaired=true",14,6,
TRAINER_BACKERS_KAY_ALI_3,KAY & ALI,TRAINER_CLASS_BACKERS,,,,,TRAINER_PIC_B2W2_BACKERS_F,1,"black2white2_trainer_index=82; source_rom_paths=a/0/9/1,a/0/9/2; battle_type=1; trainer_class_id=69; ai=129; healer=false; money=12; prize=0; location_unpaired=true",14,6,
TRAINER_BACKERS_AMI_EIRA_2,AMI & EIRA,TRAINER_CLASS_BACKERS,,,,,TRAINER_PIC_B2W2_BACKERS_F,1,"black2white2_trainer_index=83; source_rom_paths=a/0/9/1,a/0/9/2; battle_type=1; trainer_class_id=69; ai=129; healer=false; money=12; prize=0; location_unpaired=true",14,6,
TRAINER_BACKERS_AMI_EIRA_3,AMI & EIRA,TRAINER_CLASS_BACKERS,,,,,TRAINER_PIC_B2W2_BACKERS_F,1,"black2white2_trainer_index=84; source_rom_paths=a/0/9/1,a/0/9/2; battle_type=1; trainer_class_id=69; ai=129; healer=false; money=12; prize=0; location_unpaired=true",14,6,
TRAINER_BACKERS_CAM_ABBY,CAM & ABBY,TRAINER_CLASS_BACKERS,,,,,TRAINER_PIC_B2W2_BACKERS_F,1,"black2white2_trainer_index=85; source_rom_paths=a/0/9/1,a/0/9/2; battle_type=1; trainer_class_id=69; ai=129; healer=false; money=12; prize=0; location_unpaired=true",14,6,
TRAINER_BACKERS_AI_CIEL,AI & CIEL,TRAINER_CLASS_BACKERS,,,,,TRAINER_PIC_B2W2_BACKERS_F,1,"black2white2_trainer_index=86; source_rom_paths=a/0/9/1,a/0/9/2; battle_type=1; trainer_class_id=69; ai=129; healer=false; money=12; prize=0; location_unpaired=true",14,6,
TRAINER_BACKERS_KAT_PHAE,KAT & PHAE,TRAINER_CLASS_BACKERS,,,,,TRAINER_PIC_B2W2_BACKERS_F,1,"black2white2_trainer_index=87; source_rom_paths=a/0/9/1,a/0/9/2; battle_type=1; trainer_class_id=69; ai=129; healer=false; money=12; prize=0; location_unpaired=true",14,6,
TRAINER_LASS_DANA,DANA,TRAINER_CLASS_LASS,,,,,TRAINER_PIC_B2W2_LASS,,"black2white2_trainer_index=88; source_rom_paths=a/0/9/1,a/0/9/2; battle_type=0; trainer_class_id=3; ai=0; healer=false; money=4; prize=2; location_unpaired=true",14,6,
TRAINER_SCHOOL_KID_M_ALAN,ALAN,TRAINER_CLASS_SCHOOL_KID_M,,,,,TRAINER_PIC_B2W2_SCHOOL_KID_M,,"black2white2_trainer_index=89; source_rom_paths=a/0/9/1,a/0/9/2; battle_type=0; trainer_class_id=4; ai=5; healer=false; money=5; prize=2; location_unpaired=true",14,6,
TRAINER_SCHOOL_KID_F_SALLY,SALLY,TRAINER_CLASS_SCHOOL_KID_F,,,,,TRAINER_PIC_B2W2_SCHOOL_KID_F,,"black2white2_trainer_index=90; source_rom_paths=a/0/9/1,a/0/9/2; battle_type=0; trainer_class_id=5; ai=5; healer=false; money=5; prize=2; location_unpaired=true",14,6,
TRAINER_ACE_TRAINER_F_LUCILLE,LUCILLE,TRAINER_CLASS_ACE_TRAINER_F,,,,,TRAINER_PIC_B2W2_ACE_TRAINER_F,,"black2white2_trainer_index=91; source_rom_paths=a/0/9/1,a/0/9/2; battle_type=0; trainer_class_id=49; ai=7; healer=false; money=15; prize=51; location_unpaired=true",14,6,
TRAINER_ACE_TRAINER_M_CHARLIE,CHARLIE,TRAINER_CLASS_ACE_TRAINER_M,,,,,TRAINER_PIC_B2W2_ACE_TRAINER_M,,"black2white2_trainer_index=92; source_rom_paths=a/0/9/1,a/0/9/2; battle_type=0; trainer_class_id=50; ai=7; healer=false; money=15; prize=51; location_unpaired=true",14,6,
TRAINER_VETERAN_M_ARLEN,ARLEN,TRAINER_CLASS_VETERAN_M,,,,,TRAINER_PIC_B2W2_VETERAN_M,,"black2white2_trainer_index=93; source_rom_paths=a/0/9/1,a/0/9/2; battle_type=0; trainer_class_id=70; ai=7; healer=false; money=20; prize=53; location_unpaired=true",14,6,
TRAINER_VETERAN_F_SAYURI,SAYURI,TRAINER_CLASS_VETERAN_F,,,,,TRAINER_PIC_B2W2_VETERAN_F,,"black2white2_trainer_index=94; source_rom_paths=a/0/9/1,a/0/9/2; battle_type=0; trainer_class_id=71; ai=7; healer=false; money=20; prize=53; location_unpaired=true",14,6,
TRAINER_PKMN_BREEDER_M_OWEN,OWEN,TRAINER_CLASS_PKMN_BREEDER_M,,,,,TRAINER_PIC_B2W2_POKEMON_BREEDER_M,,"black2white2_trainer_index=95; source_rom_paths=a/0/9/1,a/0/9/2; battle_type=0; trainer_class_id=17; ai=5; healer=false; money=8; prize=50; location_unpaired=true",14,6,
TRAINER_PKMN_BREEDER_F_BROOKE,BROOKE,TRAINER_CLASS_PKMN_BREEDER_F,,,,,TRAINER_PIC_B2W2_POKEMON_BREEDER_F,,"black2white2_trainer_index=96; source_rom_paths=a/0/9/1,a/0/9/2; battle_type=0; trainer_class_id=18; ai=5; healer=false; money=8; prize=50; location_unpaired=true",14,6,
TRAINER_WAITER_CLINT,CLINT,TRAINER_CLASS_WAITER,,,,,TRAINER_PIC_B2W2_WAITER,,"black2white2_trainer_index=97; source_rom_paths=a/0/9/1,a/0/9/2; battle_type=0; trainer_class_id=8; ai=1; healer=false; money=10; prize=33; location_unpaired=true",14,6,
TRAINER_WAITRESS_BONITA,BONITA,TRAINER_CLASS_WAITRESS,8,,,,TRAINER_PIC_B2W2_WAITRESS,,"black2white2_trainer_index=98; source_rom_paths=a/0/9/1,a/0/9/2; battle_type=0; trainer_class_id=9; ai=1; healer=false; money=10; prize=33; location_reference=https://www.serebii.net/pokearth/unova/route3.shtml; matched_location=Route 3",14,6,
TRAINER_SCIENTIST_SIMON,SIMON,TRAINER_CLASS_SCIENTIST,,,,X_DEFEND,TRAINER_PIC_B2W2_SCIENTIST_M,,"black2white2_trainer_index=99; source_rom_paths=a/0/9/1,a/0/9/2; battle_type=0; trainer_class_id=52; ai=5; healer=false; money=12; prize=38; location_unpaired=true",14,6,
TRAINER_SCIENTIST_BLYTHE,BLYTHE,TRAINER_CLASS_SCIENTIST,,,,X_SPECIAL,TRAINER_PIC_B2W2_SCIENTIST_F,,"black2white2_trainer_index=100; source_rom_paths=a/0/9/1,a/0/9/2; battle_type=0; trainer_class_id=46; ai=5; healer=false; money=12; prize=38; location_unpaired=true",14,6,
TRAINER_LADY_SOPHIE,SOPHIE,TRAINER_CLASS_LADY,,,,,TRAINER_PIC_B2W2_LADY,,"black2white2_trainer_index=101; source_rom_paths=a/0/9/1,a/0/9/2; battle_type=0; trainer_class_id=42; ai=1; healer=false; money=40; prize=88; location_unpaired=true",14,6,
TRAINER_RICH_BOY_ANTHONY,ANTHONY,TRAINER_CLASS_RICH_BOY,,,,,TRAINER_PIC_B2W2_RICH_BOY,,"black2white2_trainer_index=102; source_rom_paths=a/0/9/1,a/0/9/2; battle_type=0; trainer_class_id=41; ai=1; healer=false; money=40; prize=90; location_unpaired=true",14,6,
TRAINER_SOCIALITE_EMILIA,EMILIA,TRAINER_CLASS_SOCIALITE,,,,FULL_RESTORE,TRAINER_PIC_B2W2_SOCIALITE,,"black2white2_trainer_index=103; source_rom_paths=a/0/9/1,a/0/9/2; battle_type=0; trainer_class_id=75; ai=1; healer=false; money=50; prize=89; location_unpaired=true",14,6,
TRAINER_GENTLEMAN_RENAUD,RENAUD,TRAINER_CLASS_GENTLEMAN,,,,FULL_RESTORE,TRAINER_PIC_B2W2_GENTLEMAN,,"black2white2_trainer_index=104; source_rom_paths=a/0/9/1,a/0/9/2; battle_type=0; trainer_class_id=76; ai=1; healer=false; money=50; prize=92; location_unpaired=true",14,6,
TRAINER_BLACK_BELT_LAO,LAO,TRAINER_CLASS_BLACK_BELT,,,,,TRAINER_PIC_B2W2_BLACK_BELT,,"black2white2_trainer_index=105; source_rom_paths=a/0/9/1,a/0/9/2; battle_type=0; trainer_class_id=51; ai=3; healer=false; money=8; prize=35; location_unpaired=true",14,6,
TRAINER_BATTLE_GIRL_JANIE,JANIE,TRAINER_CLASS_BATTLE_GIRL,,,,,TRAINER_PIC_B2W2_BATTLE_GIRL,,"black2white2_trainer_index=106; source_rom_paths=a/0/9/1,a/0/9/2; battle_type=0; trainer_class_id=64; ai=3; healer=false; money=8; prize=35; location_unpaired=true",14,6,
TRAINER_POKEFAN_M_COLIN,COLIN,TRAINER_CLASS_POKEFAN_M,,,,MAX_POTION,TRAINER_PIC_B2W2_POKEFAN_M,,"black2white2_trainer_index=107; source_rom_paths=a/0/9/1,a/0/9/2; battle_type=0; trainer_class_id=59; ai=1; healer=false; money=16; prize=24; location_unpaired=true",14,6,
TRAINER_POKEFAN_F_DARCY,DARCY,TRAINER_CLASS_POKEFAN_F,,,,MAX_POTION,TRAINER_PIC_B2W2_POKEFAN_F,,"black2white2_trainer_index=108; source_rom_paths=a/0/9/1,a/0/9/2; battle_type=0; trainer_class_id=60; ai=1; healer=false; money=16; prize=24; location_unpaired=true",14,6,
TRAINER_PILOT_LEONARD,LEONARD,TRAINER_CLASS_PILOT,,,,,TRAINER_PIC_B2W2_PILOT,,"black2white2_trainer_index=109; source_rom_paths=a/0/9/1,a/0/9/2; battle_type=0; trainer_class_id=43; ai=1; healer=false; money=15; prize=15; location_unpaired=true",14,6,
TRAINER_WORKER_TYLER,TYLER,TRAINER_CLASS_WORKER,,,,,TRAINER_PIC_B2W2_WORKER,,"black2white2_trainer_index=110; source_rom_paths=a/0/9/1,a/0/9/2; battle_type=0; trainer_class_id=26; ai=1; healer=false; money=10; prize=74; location_unpaired=true",14,6,
TRAINER_BAKER_LILLY,LILLY,TRAINER_CLASS_BAKER,,,,,TRAINER_PIC_B2W2_BAKER,,"black2white2_trainer_index=111; source_rom_paths=a/0/9/1,a/0/9/2; battle_type=0; trainer_class_id=34; ai=1; healer=false; money=10; prize=33; location_unpaired=true",14,6,
TRAINER_NURSERY_AIDE_LEAH,LEAH,TRAINER_CLASS_NURSERY_AIDE,,,,,TRAINER_PIC_B2W2_NURSERY_AIDE,,"black2white2_trainer_index=112; source_rom_paths=a/0/9/1,a/0/9/2; battle_type=0; trainer_class_id=13; ai=1; healer=false; money=10; prize=50; location_unpaired=true",14,6,
TRAINER_CLERK_M_NELSON,NELSON,TRAINER_CLASS_CLERK_M,,,,,TRAINER_PIC_B2W2_CLERK_M,,"black2white2_trainer_index=113; source_rom_paths=a/0/9/1,a/0/9/2; battle_type=0; trainer_class_id=66; ai=1; healer=false; money=10; prize=2; location_unpaired=true",14,6,
TRAINER_CLERK_F_WREN,WREN,TRAINER_CLASS_CLERK_F,,,,,TRAINER_PIC_B2W2_CLERK_F,,"black2white2_trainer_index=114; source_rom_paths=a/0/9/1,a/0/9/2; battle_type=0; trainer_class_id=48; ai=1; healer=false; money=10; prize=2; location_unpaired=true",14,6,
TRAINER_JANITOR_CALEB,CALEB,TRAINER_CLASS_JANITOR,,,,,TRAINER_PIC_B2W2_JANITOR,,"black2white2_trainer_index=115; source_rom_paths=a/0/9/1,a/0/9/2; battle_type=0; trainer_class_id=58; ai=1; healer=false; money=10; prize=75; location_unpaired=true",14,6,
TRAINER_BACKPACKER_F_PATTY,PATTY,TRAINER_CLASS_BACKPACKER_F,,,,,TRAINER_PIC_B2W2_BACKPACKER_F,,"black2white2_trainer_index=116; source_rom_paths=a/0/9/1,a/0/9/2; battle_type=0; trainer_class_id=28; ai=1; healer=false; money=6; prize=77; location_unpaired=true",14,6,
TRAINER_BACKPACKER_M_ALEXANDER,ALEXANDER,TRAINER_CLASS_BACKPACKER_M,,,,,TRAINER_PIC_B2W2_BACKPACKER_M,,"black2white2_trainer_index=117; source_rom_paths=a/0/9/1,a/0/9/2; battle_type=0; trainer_class_id=27; ai=1; healer=false; money=6; prize=77; location_unpaired=true",14,6,
TRAINER_DOCTOR_JULES,JULES,TRAINER_CLASS_DOCTOR,,,,"FULL_HEAL,MAX_POTION",TRAINER_PIC_B2W2_DOCTOR,,"black2white2_trainer_index=118; source_rom_paths=a/0/9/1,a/0/9/2; battle_type=0; trainer_class_id=61; ai=7; healer=false; money=15; prize=29; location_unpaired=true",14,6,
TRAINER_NURSE_KIRSTEN,KIRSTEN,TRAINER_CLASS_NURSE,,,,FULL_HEAL,TRAINER_PIC_B2W2_NURSE,,"black2white2_trainer_index=119; source_rom_paths=a/0/9/1,a/0/9/2; battle_type=0; trainer_class_id=62; ai=7; healer=false; money=10; prize=23; location_unpaired=true",14,6,
TRAINER_PSYCHIC_M_GERARD,GERARD,TRAINER_CLASS_PSYCHIC_M,,,,,TRAINER_PIC_B2W2_PSYCHIC_M,,"black2white2_trainer_index=120; source_rom_paths=a/0/9/1,a/0/9/2; battle_type=0; trainer_class_id=35; ai=5; healer=false; money=8; prize=2; location_unpaired=true",14,6,
TRAINER_PSYCHIC_F_MADHU,MADHU,TRAINER_CLASS_PSYCHIC_F,,,,,TRAINER_PIC_B2W2_PSYCHIC_F,,"black2white2_trainer_index=121; source_rom_paths=a/0/9/1,a/0/9/2; battle_type=0; trainer_class_id=36; ai=5; healer=false; money=8; prize=2; location_unpaired=true",14,6,
TRAINER_DEPOT_AGENT_JOSH,JOSH,TRAINER_CLASS_DEPOT_AGENT,,,,,TRAINER_PIC_B2W2_DEPOT_AGENT,,"black2white2_trainer_index=122; source_rom_paths=a/0/9/1,a/0/9/2; battle_type=0; trainer_class_id=83; ai=1; healer=false; money=10; prize=2; location_unpaired=true",14,6,
TRAINER_DANCER_DAVEY,DAVEY,TRAINER_CLASS_DANCER,,,,,TRAINER_PIC_B2W2_DANCER,,"black2white2_trainer_index=123; source_rom_paths=a/0/9/1,a/0/9/2; battle_type=0; trainer_class_id=31; ai=1; healer=false; money=8; prize=2; location_unpaired=true",14,6,
TRAINER_MUSICIAN_BORIS,BORIS,TRAINER_CLASS_MUSICIAN,,,,,TRAINER_PIC_B2W2_MUSICIAN,,"black2white2_trainer_index=124; source_rom_paths=a/0/9/1,a/0/9/2; battle_type=0; trainer_class_id=30; ai=1; healer=false; money=8; prize=2; location_unpaired=true",14,6,
TRAINER_HARLEQUIN_CHARLEY,CHARLEY,TRAINER_CLASS_HARLEQUIN,,,,,TRAINER_PIC_B2W2_HARLEQUIN,,"black2white2_trainer_index=125; source_rom_paths=a/0/9/1,a/0/9/2; battle_type=0; trainer_class_id=32; ai=1; healer=false; money=8; prize=2; location_unpaired=true",14,6,
TRAINER_ARTIST_PIERRE,PIERRE,TRAINER_CLASS_ARTIST,,,,,TRAINER_PIC_B2W2_ARTIST,,"black2white2_trainer_index=126; source_rom_paths=a/0/9/1,a/0/9/2; battle_type=0; trainer_class_id=33; ai=1; healer=false; money=12; prize=2; location_unpaired=true",14,6,
TRAINER_POLICEMAN_JEFF,JEFF,TRAINER_CLASS_POLICEMAN,,,,,TRAINER_PIC_B2W2_POLICEMAN,,"black2white2_trainer_index=127; source_rom_paths=a/0/9/1,a/0/9/2; battle_type=0; trainer_class_id=86; ai=7; healer=false; money=10; prize=2; location_unpaired=true",14,6,
TRAINER_MAID_ALICA,ALICA,TRAINER_CLASS_MAID,,,,,TRAINER_PIC_B2W2_MAID,,"black2white2_trainer_index=128; source_rom_paths=a/0/9/1,a/0/9/2; battle_type=0; trainer_class_id=87; ai=1; healer=false; money=10; prize=2; location_unpaired=true",14,6,
TRAINER_PARASOL_LADY_GWYNETH,GWYNETH,TRAINER_CLASS_PARASOL_LADY,,,,,TRAINER_PIC_B2W2_PARASOL_LADY,,"black2white2_trainer_index=129; source_rom_paths=a/0/9/1,a/0/9/2; battle_type=0; trainer_class_id=65; ai=1; healer=false; money=8; prize=2; location_unpaired=true",14,6,
TRAINER_HIKER_RUSSEL,RUSSEL,TRAINER_CLASS_HIKER,,,,,TRAINER_PIC_B2W2_HIKER,,"black2white2_trainer_index=130; source_rom_paths=a/0/9/1,a/0/9/2; battle_type=0; trainer_class_id=74; ai=1; healer=false; money=8; prize=72; location_unpaired=true",14,6,
TRAINER_PRESCHOOLER_F_MIA,MIA,TRAINER_CLASS_PRESCHOOLER_F,,,,,TRAINER_PIC_B2W2_PRESCHOOLER_F,,"black2white2_trainer_index=131; source_rom_paths=a/0/9/1,a/0/9/2; battle_type=0; trainer_class_id=14; ai=0; healer=false; money=1; prize=63; location_unpaired=true",14,6,
TRAINER_PRESCHOOLER_M_EVAN,EVAN,TRAINER_CLASS_PRESCHOOLER_M,,,,,TRAINER_PIC_B2W2_PRESCHOOLER_M,,"black2white2_trainer_index=132; source_rom_paths=a/0/9/1,a/0/9/2; battle_type=0; trainer_class_id=15; ai=0; healer=false; money=1; prize=577; location_unpaired=true",14,6,
TRAINER_ACE_TRAINER_F_ANGI,ANGI,TRAINER_CLASS_ACE_TRAINER_F,36,,,,TRAINER_PIC_B2W2_ACE_TRAINER_F,,"black2white2_trainer_index=133; source_rom_paths=a/0/9/1,a/0/9/2; battle_type=0; trainer_class_id=49; ai=7; healer=false; money=15; prize=0; location_reference=https://www.serebii.net/pokearth/unova/route13.shtml; matched_location=Route 13",14,6,
TRAINER_ACE_TRAINER_M_MIGUEL,MIGUEL,TRAINER_CLASS_ACE_TRAINER_M,36,,,,TRAINER_PIC_B2W2_ACE_TRAINER_M,,"black2white2_trainer_index=134; source_rom_paths=a/0/9/1,a/0/9/2; battle_type=0; trainer_class_id=50; ai=7; healer=false; money=15; prize=0; location_reference=https://www.serebii.net/pokearth/unova/route13.shtml; matched_location=Route 13",14,6,
TRAINER_SCIENTIST_DUDLEY,DUDLEY,TRAINER_CLASS_SCIENTIST,245,,,X_SPECIAL,TRAINER_PIC_B2W2_SCIENTIST_M,,"black2white2_trainer_index=135; source_rom_paths=a/0/9/1,a/0/9/2; battle_type=0; trainer_class_id=52; ai=5; healer=false; money=12; prize=0; location_reference=https://www.serebii.net/pokearth/unova/p2laboratory.shtml; matched_location=P2 Laboratory",14,6,
TRAINER_HIKER_ANDY,ANDY,TRAINER_CLASS_HIKER,,,,,TRAINER_PIC_B2W2_HIKER,,"black2white2_trainer_index=136; source_rom_paths=a/0/9/1,a/0/9/2; battle_type=0; trainer_class_id=74; ai=1; healer=false; money=8; prize=0; location_reference=https://www.serebii.net/pokearth/unova/nimbasacity.shtml; location_unpaired=true",14,6,
TRAINER_PRESCHOOLER_F_WINTER,WINTER,TRAINER_CLASS_PRESCHOOLER_F,,,,,TRAINER_PIC_B2W2_PRESCHOOLER_F,,"black2white2_trainer_index=137; source_rom_paths=a/0/9/1,a/0/9/2; battle_type=0; trainer_class_id=14; ai=0; healer=false; money=1; prize=0; location_unpaired=true",14,6,
TRAINER_DANCER_DIRK,DIRK,TRAINER_CLASS_DANCER,,,,,TRAINER_PIC_B2W2_DANCER,,"black2white2_trainer_index=138; source_rom_paths=a/0/9/1,a/0/9/2; battle_type=0; trainer_class_id=31; ai=1; healer=false; money=8; prize=0; location_unpaired=true",14,6,
TRAINER_WAITRESS_AURORA,AURORA,TRAINER_CLASS_WAITRESS,,,,,TRAINER_PIC_B2W2_WAITRESS,,"black2white2_trainer_index=139; source_rom_paths=a/0/9/1,a/0/9/2; battle_type=0; trainer_class_id=9; ai=1; healer=false; money=10; prize=0; location_unpaired=true",14,6,
TRAINER_GAME_FREAK_MORIMOTO,MORIMOTO,TRAINER_CLASS_GAME_FREAK,,,,"FULL_RESTORE,FULL_RESTORE,FULL_RESTORE,FULL_RESTORE",,,"black2white2_trainer_index=140; source_rom_paths=a/0/9/1,a/0/9/2; battle_type=0; trainer_class_id=97; ai=7; healer=false; money=20; prize=0; location_unpaired=true",14,6,
TRAINER_MAID_TANYA,TANYA,TRAINER_CLASS_MAID,,,,,TRAINER_PIC_B2W2_MAID,,"black2white2_trainer_index=141; source_rom_paths=a/0/9/1,a/0/9/2; battle_type=0; trainer_class_id=87; ai=1; healer=false; money=10; prize=0; location_unpaired=true",14,6,
TRAINER_VETERAN_M_MURPHY,MURPHY,TRAINER_CLASS_VETERAN_M,256,,,,TRAINER_PIC_B2W2_VETERAN_M,,"black2white2_trainer_index=142; source_rom_paths=a/0/9/1,a/0/9/2; battle_type=0; trainer_class_id=70; ai=7; healer=false; money=20; prize=0; location_reference=https://www.serebii.net/pokearth/unova/lostlornforest.shtml; matched_location=Lostlorn Forest",14,6,
TRAINER_ELITE_FOUR_SHAUNTAL_2,SHAUNTAL,TRAINER_CLASS_ELITE_FOUR,,,,"FULL_RESTORE,FULL_RESTORE,FULL_RESTORE",TRAINER_PIC_B2W2_SHAUNTAL,,"black2white2_trainer_index=143; source_rom_paths=a/0/9/1,a/0/9/2; battle_type=0; trainer_class_id=78; ai=7; healer=false; money=30; prize=0; location_unpaired=true",14,6,
TRAINER_ELITE_FOUR_MARSHAL_2,MARSHAL,TRAINER_CLASS_ELITE_FOUR,,,,"FULL_RESTORE,FULL_RESTORE,FULL_RESTORE",TRAINER_PIC_B2W2_MARSHAL,,"black2white2_trainer_index=144; source_rom_paths=a/0/9/1,a/0/9/2; battle_type=0; trainer_class_id=79; ai=7; healer=false; money=30; prize=0; location_unpaired=true",14,6,
TRAINER_ELITE_FOUR_GRIMSLEY_2,GRIMSLEY,TRAINER_CLASS_ELITE_FOUR,,,,"FULL_RESTORE,FULL_RESTORE,FULL_RESTORE",TRAINER_PIC_B2W2_GRIMSLEY,,"black2white2_trainer_index=145; source_rom_paths=a/0/9/1,a/0/9/2; battle_type=0; trainer_class_id=80; ai=7; healer=false; money=30; prize=0; location_unpaired=true",14,6,
TRAINER_ELITE_FOUR_CAITLIN_2,CAITLIN,TRAINER_CLASS_ELITE_FOUR,,,,"FULL_RESTORE,FULL_RESTORE,FULL_RESTORE",TRAINER_PIC_B2W2_CAITLIN,,"black2white2_trainer_index=146; source_rom_paths=a/0/9/1,a/0/9/2; battle_type=0; trainer_class_id=81; ai=7; healer=false; money=30; prize=0; location_unpaired=true",14,6,
TRAINER_LADY_LINA,LINA,TRAINER_CLASS_LADY,9,,,,TRAINER_PIC_B2W2_LADY,,"black2white2_trainer_index=147; source_rom_paths=a/0/9/1,a/0/9/2; battle_type=0; trainer_class_id=42; ai=1; healer=false; money=40; prize=0; location_reference=https://www.serebii.net/pokearth/unova/route4.shtml; matched_location=Route 4",14,6,
TRAINER_LADY_COLETTE,COLETTE,TRAINER_CLASS_LADY,,,,,TRAINER_PIC_B2W2_LADY,,"black2white2_trainer_index=148; source_rom_paths=a/0/9/1,a/0/9/2; battle_type=0; trainer_class_id=42; ai=1; healer=false; money=40; prize=0; location_reference=https://www.serebii.net/pokearth/unova/nimbasacity.shtml; location_unpaired=true",14,6,
TRAINER_PILOT_FLYNN,FLYNN,TRAINER_CLASS_PILOT,,,,,TRAINER_PIC_B2W2_PILOT,,"black2white2_trainer_index=149; source_rom_paths=a/0/9/1,a/0/9/2; battle_type=0; trainer_class_id=43; ai=1; healer=false; money=15; prize=0; location_unpaired=true",14,6,
TRAINER_PILOT_WINSLOW,WINSLOW,TRAINER_CLASS_PILOT,,,,,TRAINER_PIC_B2W2_PILOT,,"black2white2_trainer_index=150; source_rom_paths=a/0/9/1,a/0/9/2; battle_type=0; trainer_class_id=43; ai=1; healer=false; money=15; prize=0; location_unpaired=true",14,6,
TRAINER_PILOT_EWING,EWING,TRAINER_CLASS_PILOT,,,,,TRAINER_PIC_B2W2_PILOT,,"black2white2_trainer_index=151; source_rom_paths=a/0/9/1,a/0/9/2; battle_type=0; trainer_class_id=43; ai=1; healer=false; money=15; prize=0; location_unpaired=true",14,6,
TRAINER_PILOT_CHASE,CHASE,TRAINER_CLASS_PILOT,,,,,TRAINER_PIC_B2W2_PILOT,,"black2white2_trainer_index=152; source_rom_paths=a/0/9/1,a/0/9/2; battle_type=0; trainer_class_id=43; ai=1; healer=false; money=15; prize=0; location_unpaired=true",14,6,
TRAINER_LEADER_ELESA,ELESA,TRAINER_CLASS_LEADER,,,,HYPER_POTION,TRAINER_PIC_B2W2_ELESA,,"black2white2_trainer_index=153; source_rom_paths=a/0/9/1,a/0/9/2; battle_type=0; trainer_class_id=112; ai=7; healer=false; money=30; prize=0; location_unpaired=true",14,6,
TRAINER_LEADER_BURGH,BURGH,TRAINER_CLASS_LEADER,,,,HYPER_POTION,TRAINER_PIC_B2W2_BURGH,,"black2white2_trainer_index=154; source_rom_paths=a/0/9/1,a/0/9/2; battle_type=0; trainer_class_id=113; ai=7; healer=false; money=30; prize=0; location_unpaired=true",14,6,
TRAINER_LEADER_SKYLA,SKYLA,TRAINER_CLASS_LEADER,,,,HYPER_POTION,TRAINER_PIC_B2W2_SKYLA,,"black2white2_trainer_index=155; source_rom_paths=a/0/9/1,a/0/9/2; battle_type=0; trainer_class_id=114; ai=7; healer=false; money=30; prize=0; location_unpaired=true",14,6,
TRAINER_LEADER_CHEREN,CHEREN,TRAINER_CLASS_LEADER,,,,POTION,TRAINER_PIC_B2W2_CHEREN,,"black2white2_trainer_index=156; source_rom_paths=a/0/9/1,a/0/9/2; battle_type=0; trainer_class_id=115; ai=7; healer=false; money=30; prize=0; location_unpaired=true",14,6,
TRAINER_LEADER_ROXIE,ROXIE,TRAINER_CLASS_LEADER,,,,SUPER_POTION,TRAINER_PIC_B2W2_ROXIE,,"black2white2_trainer_index=157; source_rom_paths=a/0/9/1,a/0/9/2; battle_type=0; trainer_class_id=116; ai=7; healer=false; money=30; prize=0; location_unpaired=true",14,6,
TRAINER_LEADER_CLAY,CLAY,TRAINER_CLASS_LEADER,,,,HYPER_POTION,TRAINER_PIC_B2W2_CLAY,,"black2white2_trainer_index=158; source_rom_paths=a/0/9/1,a/0/9/2; battle_type=0; trainer_class_id=117; ai=7; healer=false; money=30; prize=0; location_unpaired=true",14,6,
TRAINER_LEADER_DRAYDEN,DRAYDEN,TRAINER_CLASS_LEADER,,,,HYPER_POTION,TRAINER_PIC_B2W2_DRAYDEN,,"black2white2_trainer_index=159; source_rom_paths=a/0/9/1,a/0/9/2; battle_type=0; trainer_class_id=118; ai=7; healer=false; money=30; prize=0; location_unpaired=true",14,6,
TRAINER_LEADER_MARLON,MARLON,TRAINER_CLASS_LEADER,,,,HYPER_POTION,TRAINER_PIC_B2W2_MARLON,,"black2white2_trainer_index=160; source_rom_paths=a/0/9/1,a/0/9/2; battle_type=0; trainer_class_id=119; ai=7; healer=false; money=30; prize=0; location_unpaired=true",14,6,
TRAINER_PKMN_TRAINER_RIVAL,RIVAL,TRAINER_CLASS_PKMN_TRAINER,,,,,TRAINER_PIC_B2W2_HUGH,,"black2white2_trainer_index=161; source_rom_paths=a/0/9/1,a/0/9/2; battle_type=0; trainer_class_id=145; ai=16; healer=false; money=25; prize=0; location_reference=https://www.serebii.net/pokearth/unova/aspertiacity.shtml; location_unpaired=true",14,6,
TRAINER_PKMN_TRAINER_RIVAL_2,RIVAL,TRAINER_CLASS_PKMN_TRAINER,,,,,TRAINER_PIC_B2W2_HUGH,,"black2white2_trainer_index=162; source_rom_paths=a/0/9/1,a/0/9/2; battle_type=0; trainer_class_id=145; ai=16; healer=false; money=25; prize=0; location_reference=https://www.serebii.net/pokearth/unova/aspertiacity.shtml; location_unpaired=true",14,6,
TRAINER_PKMN_TRAINER_RIVAL_3,RIVAL,TRAINER_CLASS_PKMN_TRAINER,,,,,TRAINER_PIC_B2W2_HUGH,,"black2white2_trainer_index=163; source_rom_paths=a/0/9/1,a/0/9/2; battle_type=0; trainer_class_id=145; ai=16; healer=false; money=25; prize=0; location_reference=https://www.serebii.net/pokearth/unova/aspertiacity.shtml; location_unpaired=true",14,6,
TRAINER_YOUNGSTER_TERRELL,TERRELL,TRAINER_CLASS_YOUNGSTER,39,,,,TRAINER_PIC_B2W2_YOUNGSTER,,"black2white2_trainer_index=164; source_rom_paths=a/0/9/1,a/0/9/2; battle_type=0; trainer_class_id=2; ai=1; healer=false; money=4; prize=0; location_reference=https://www.serebii.net/pokearth/unova/route20.shtml; matched_location=Route 20",14,6,
TRAINER_LASS_ISABEL,ISABEL,TRAINER_CLASS_LASS,39,,,,TRAINER_PIC_B2W2_LASS,,"black2white2_trainer_index=165; source_rom_paths=a/0/9/1,a/0/9/2; battle_type=0; trainer_class_id=3; ai=1; healer=false; money=4; prize=0; location_reference=https://www.serebii.net/pokearth/unova/route20.shtml; matched_location=Route 20",14,6,
TRAINER_PKMN_TRAINER_RIVAL_4,RIVAL,TRAINER_CLASS_PKMN_TRAINER,,,,,TRAINER_PIC_B2W2_HUGH,,"black2white2_trainer_index=166; source_rom_paths=a/0/9/1,a/0/9/2; battle_type=0; trainer_class_id=145; ai=16; healer=false; money=25; prize=0; location_reference=https://www.serebii.net/pokearth/unova/floccesyranch.shtml; location_unpaired=true",14,6,
TRAINER_PKMN_TRAINER_RIVAL_5,RIVAL,TRAINER_CLASS_PKMN_TRAINER,,,,,TRAINER_PIC_B2W2_HUGH,,"black2white2_trainer_index=167; source_rom_paths=a/0/9/1,a/0/9/2; battle_type=0; trainer_class_id=145; ai=16; healer=false; money=25; prize=0; location_reference=https://www.serebii.net/pokearth/unova/floccesyranch.shtml; location_unpaired=true",14,6,
TRAINER_PKMN_TRAINER_RIVAL_6,RIVAL,TRAINER_CLASS_PKMN_TRAINER,,,,,TRAINER_PIC_B2W2_HUGH,,"black2white2_trainer_index=168; source_rom_paths=a/0/9/1,a/0/9/2; battle_type=0; trainer_class_id=145; ai=16; healer=false; money=25; prize=0; location_reference=https://www.serebii.net/pokearth/unova/floccesyranch.shtml; location_unpaired=true",14,6,
TRAINER_SCHOOL_KID_M_SEYMOUR,SEYMOUR,TRAINER_CLASS_SCHOOL_KID_M,261,,,,TRAINER_PIC_B2W2_SCHOOL_KID_M,,"black2white2_trainer_index=169; source_rom_paths=a/0/9/1,a/0/9/2; battle_type=0; trainer_class_id=4; ai=5; healer=false; money=5; prize=0; location_reference=https://www.serebii.net/pokearth/unova/floccesytown.shtml; matched_location=Floccesy Town",14,6,
TRAINER_SCHOOL_KID_F_CASSIE,CASSIE,TRAINER_CLASS_SCHOOL_KID_F,261,,,,TRAINER_PIC_B2W2_SCHOOL_KID_F,,"black2white2_trainer_index=170; source_rom_paths=a/0/9/1,a/0/9/2; battle_type=0; trainer_class_id=5; ai=5; healer=false; money=5; prize=0; location_reference=https://www.serebii.net/pokearth/unova/floccesytown.shtml; matched_location=Floccesy Town",14,6,
TRAINER_YOUNGSTER_PEDRO,PEDRO,TRAINER_CLASS_YOUNGSTER,,,,,TRAINER_PIC_B2W2_YOUNGSTER,,"black2white2_trainer_index=171; source_rom_paths=a/0/9/1,a/0/9/2; battle_type=0; trainer_class_id=2; ai=3; healer=false; money=4; prize=0; location_unpaired=true",14,6,
TRAINER_LASS_SERENA,SERENA,TRAINER_CLASS_LASS,,,,,TRAINER_PIC_B2W2_LASS,,"black2white2_trainer_index=172; source_rom_paths=a/0/9/1,a/0/9/2; battle_type=0; trainer_class_id=3; ai=3; healer=false; money=4; prize=0; location_unpaired=true",14,6,
TRAINER_PRESCHOOLER_M_ALBERT,ALBERT,TRAINER_CLASS_PRESCHOOLER_M,39,,,,TRAINER_PIC_B2W2_PRESCHOOLER_M,,"black2white2_trainer_index=173; source_rom_paths=a/0/9/1,a/0/9/2; battle_type=0; trainer_class_id=15; ai=0; healer=false; money=1; prize=0; location_reference=https://www.serebii.net/pokearth/unova/route20.shtml; matched_location=Route 20",14,6,
TRAINER_PRESCHOOLER_F_LIN,LIN,TRAINER_CLASS_PRESCHOOLER_F,39,,,,TRAINER_PIC_B2W2_PRESCHOOLER_F,,"black2white2_trainer_index=174; source_rom_paths=a/0/9/1,a/0/9/2; battle_type=0; trainer_class_id=14; ai=0; healer=false; money=1; prize=0; location_reference=https://www.serebii.net/pokearth/unova/route20.shtml; matched_location=Route 20",14,6,
TRAINER_TWINS_LIA_LILY,LIA & LILY,TRAINER_CLASS_TWINS,39,,,,TRAINER_PIC_B2W2_TWINS,1,"black2white2_trainer_index=175; source_rom_paths=a/0/9/1,a/0/9/2; battle_type=1; trainer_class_id=16; ai=128; healer=false; money=4; prize=0; location_reference=https://www.serebii.net/pokearth/unova/route20.shtml; matched_location=Route 20",14,6,
TRAINER_NURSERY_AIDE_KIMYA,KIMYA,TRAINER_CLASS_NURSERY_AIDE,39,,,,TRAINER_PIC_B2W2_NURSERY_AIDE,,"black2white2_trainer_index=176; source_rom_paths=a/0/9/1,a/0/9/2; battle_type=0; trainer_class_id=13; ai=1; healer=false; money=10; prize=0; location_reference=https://www.serebii.net/pokearth/unova/route20.shtml; matched_location=Route 20",14,6,
TRAINER_GENTLEMAN_STONEWALL,STONEWALL,TRAINER_CLASS_GENTLEMAN,251,,,,TRAINER_PIC_B2W2_GENTLEMAN,,"black2white2_trainer_index=177; source_rom_paths=a/0/9/1,a/0/9/2; battle_type=0; trainer_class_id=76; ai=1; healer=false; money=50; prize=0; location_reference=https://www.serebii.net/pokearth/unova/villagebridge.shtml; matched_location=Village Bridge",14,6,
TRAINER_ROUGHNECK_NICKY,NICKY,TRAINER_CLASS_ROUGHNECK,,,,,TRAINER_PIC_B2W2_ROUGHNECK,,"black2white2_trainer_index=178; source_rom_paths=a/0/9/1,a/0/9/2; battle_type=0; trainer_class_id=57; ai=1; healer=false; money=6; prize=0; location_unpaired=true",14,6,
TRAINER_GUITARIST_BILLY_JO,BILLY JO,TRAINER_CLASS_GUITARIST,,,,,TRAINER_PIC_B2W2_GUITARIST,,"black2white2_trainer_index=179; source_rom_paths=a/0/9/1,a/0/9/2; battle_type=0; trainer_class_id=146; ai=1; healer=false; money=8; prize=0; location_unpaired=true",14,6,
TRAINER_YOUNGSTER_KENNY,KENNY,TRAINER_CLASS_YOUNGSTER,262,,,,TRAINER_PIC_B2W2_YOUNGSTER,,"black2white2_trainer_index=180; source_rom_paths=a/0/9/1,a/0/9/2; battle_type=0; trainer_class_id=2; ai=1; healer=false; money=4; prize=0; location_reference=https://www.serebii.net/pokearth/unova/floccesyranch.shtml; matched_location=Floccesy Ranch",14,6,
TRAINER_LASS_MOLLY,MOLLY,TRAINER_CLASS_LASS,262,,,,TRAINER_PIC_B2W2_LASS,,"black2white2_trainer_index=181; source_rom_paths=a/0/9/1,a/0/9/2; battle_type=0; trainer_class_id=3; ai=1; healer=false; money=4; prize=0; location_reference=https://www.serebii.net/pokearth/unova/floccesyranch.shtml; matched_location=Floccesy Ranch",14,6,
TRAINER_JANITOR_ORVILLE,ORVILLE,TRAINER_CLASS_JANITOR,262,,,,TRAINER_PIC_B2W2_JANITOR,,"black2white2_trainer_index=182; source_rom_paths=a/0/9/1,a/0/9/2; battle_type=0; trainer_class_id=58; ai=1; healer=false; money=10; prize=0; location_reference=https://www.serebii.net/pokearth/unova/floccesyranch.shtml; matched_location=Floccesy Ranch",14,6,
TRAINER_BOSS_TRAINER_ABIGAIL,ABIGAIL,TRAINER_CLASS_BOSS_TRAINER,,,,,,,"black2white2_trainer_index=183; source_rom_paths=a/0/9/1,a/0/9/2; battle_type=0; trainer_class_id=149; ai=7; healer=false; money=50; prize=0; location_reference=https://www.serebii.net/pokearth/unova/whiteforest.shtml; location_unpaired=true",14,6,
TRAINER_BOSS_TRAINER_ABED,ABED,TRAINER_CLASS_BOSS_TRAINER,,,,,,,"black2white2_trainer_index=184; source_rom_paths=a/0/9/1,a/0/9/2; battle_type=0; trainer_class_id=148; ai=7; healer=false; money=50; prize=0; location_reference=https://www.serebii.net/pokearth/unova/blackcity.shtml; location_unpaired=true",14,6,
TRAINER_BOSS_TRAINER_BRENT,BRENT,TRAINER_CLASS_BOSS_TRAINER,,,,,,,"black2white2_trainer_index=185; source_rom_paths=a/0/9/1,a/0/9/2; battle_type=0; trainer_class_id=147; ai=7; healer=false; money=50; prize=0; location_reference=https://www.serebii.net/pokearth/unova/whiteforest.shtml; location_unpaired=true",14,6,
TRAINER_BOSS_TRAINER_BESS,BESS,TRAINER_CLASS_BOSS_TRAINER,,,,,,,"black2white2_trainer_index=186; source_rom_paths=a/0/9/1,a/0/9/2; battle_type=0; trainer_class_id=150; ai=7; healer=false; money=50; prize=0; location_reference=https://www.serebii.net/pokearth/unova/blackcity.shtml; location_unpaired=true",14,6,
TRAINER_BOSS_TRAINER_CARLEIGH,CARLEIGH,TRAINER_CLASS_BOSS_TRAINER,,,,,,,"black2white2_trainer_index=187; source_rom_paths=a/0/9/1,a/0/9/2; battle_type=0; trainer_class_id=153; ai=7; healer=false; money=50; prize=0; location_reference=https://www.serebii.net/pokearth/unova/whiteforest.shtml; location_unpaired=true",14,6,
TRAINER_BOSS_TRAINER_CARLEN,CARLEN,TRAINER_CLASS_BOSS_TRAINER,,,,,,,"black2white2_trainer_index=188; source_rom_paths=a/0/9/1,a/0/9/2; battle_type=0; trainer_class_id=152; ai=7; healer=false; money=50; prize=0; location_reference=https://www.serebii.net/pokearth/unova/blackcity.shtml; location_unpaired=true",14,6,
TRAINER_BOSS_TRAINER_DANEIL,DANEIL,TRAINER_CLASS_BOSS_TRAINER,,,,,,,"black2white2_trainer_index=189; source_rom_paths=a/0/9/1,a/0/9/2; battle_type=0; trainer_class_id=151; ai=7; healer=false; money=50; prize=0; location_reference=https://www.serebii.net/pokearth/unova/whiteforest.shtml; location_unpaired=true",14,6,
TRAINER_BOSS_TRAINER_DANELLE,DANELLE,TRAINER_CLASS_BOSS_TRAINER,,,,,,,"black2white2_trainer_index=190; source_rom_paths=a/0/9/1,a/0/9/2; battle_type=0; trainer_class_id=154; ai=7; healer=false; money=50; prize=0; location_reference=https://www.serebii.net/pokearth/unova/blackcity.shtml; location_unpaired=true",14,6,
TRAINER_BOSS_TRAINER_ELIE,ELIE,TRAINER_CLASS_BOSS_TRAINER,,,,,,,"black2white2_trainer_index=191; source_rom_paths=a/0/9/1,a/0/9/2; battle_type=0; trainer_class_id=163; ai=7; healer=false; money=50; prize=0; location_reference=https://www.serebii.net/pokearth/unova/whiteforest.shtml; location_unpaired=true",14,6,
TRAINER_BOSS_TRAINER_ELLAS,ELLAS,TRAINER_CLASS_BOSS_TRAINER,,,,,,,"black2white2_trainer_index=192; source_rom_paths=a/0/9/1,a/0/9/2; battle_type=0; trainer_class_id=162; ai=7; healer=false; money=50; prize=0; location_reference=https://www.serebii.net/pokearth/unova/blackcity.shtml; location_unpaired=true",14,6,
TRAINER_BOSS_TRAINER_FREDERICK,FREDERICK,TRAINER_CLASS_BOSS_TRAINER,,,,,,,"black2white2_trainer_index=193; source_rom_paths=a/0/9/1,a/0/9/2; battle_type=0; trainer_class_id=157; ai=7; healer=false; money=50; prize=0; location_reference=https://www.serebii.net/pokearth/unova/whiteforest.shtml; location_unpaired=true",14,6,
TRAINER_BOSS_TRAINER_FREIRA,FREIRA,TRAINER_CLASS_BOSS_TRAINER,,,,,,,"black2white2_trainer_index=194; source_rom_paths=a/0/9/1,a/0/9/2; battle_type=0; trainer_class_id=160; ai=7; healer=false; money=50; prize=0; location_reference=https://www.serebii.net/pokearth/unova/blackcity.shtml; location_unpaired=true",14,6,
TRAINER_BOSS_TRAINER_GAIL,GAIL,TRAINER_CLASS_BOSS_TRAINER,,,,,,,"black2white2_trainer_index=195; source_rom_paths=a/0/9/1,a/0/9/2; battle_type=0; trainer_class_id=159; ai=7; healer=false; money=50; prize=0; location_reference=https://www.serebii.net/pokearth/unova/whiteforest.shtml; location_unpaired=true",14,6,
TRAINER_BOSS_TRAINER_GAIUS,GAIUS,TRAINER_CLASS_BOSS_TRAINER,,,,,,,"black2white2_trainer_index=196; source_rom_paths=a/0/9/1,a/0/9/2; battle_type=0; trainer_class_id=158; ai=7; healer=false; money=50; prize=0; location_reference=https://www.serebii.net/pokearth/unova/blackcity.shtml; location_unpaired=true",14,6,
TRAINER_BOSS_TRAINER_HARMON,HARMON,TRAINER_CLASS_BOSS_TRAINER,,,,,,,"black2white2_trainer_index=197; source_rom_paths=a/0/9/1,a/0/9/2; battle_type=0; trainer_class_id=161; ai=7; healer=false; money=50; prize=0; location_reference=https://www.serebii.net/pokearth/unova/whiteforest.shtml; location_unpaired=true",14,6,
TRAINER_BOSS_TRAINER_HARMONY,HARMONY,TRAINER_CLASS_BOSS_TRAINER,,,,,,,"black2white2_trainer_index=198; source_rom_paths=a/0/9/1,a/0/9/2; battle_type=0; trainer_class_id=164; ai=7; healer=false; money=50; prize=0; location_reference=https://www.serebii.net/pokearth/unova/blackcity.shtml; location_unpaired=true",14,6,
TRAINER_BOSS_TRAINER_IRIA,IRIA,TRAINER_CLASS_BOSS_TRAINER,,,,,,,"black2white2_trainer_index=199; source_rom_paths=a/0/9/1,a/0/9/2; battle_type=0; trainer_class_id=163; ai=7; healer=false; money=50; prize=0; location_reference=https://www.serebii.net/pokearth/unova/whiteforest.shtml; location_unpaired=true",14,6,
TRAINER_BOSS_TRAINER_IRA,IRA,TRAINER_CLASS_BOSS_TRAINER,,,,,,,"black2white2_trainer_index=200; source_rom_paths=a/0/9/1,a/0/9/2; battle_type=0; trainer_class_id=162; ai=7; healer=false; money=50; prize=0; location_reference=https://www.serebii.net/pokearth/unova/blackcity.shtml; location_unpaired=true",14,6,
TRAINER_BOSS_TRAINER_BENGA,BENGA,TRAINER_CLASS_BOSS_TRAINER,,,,,TRAINER_PIC_B2W2_BENGA,,"black2white2_trainer_index=201; source_rom_paths=a/0/9/1,a/0/9/2; battle_type=0; trainer_class_id=227; ai=7; healer=false; money=50; prize=0; location_reference=https://www.serebii.net/pokearth/unova/whiteforest.shtml; location_unpaired=true",14,6,
TRAINER_BOSS_TRAINER_BENGA_2,BENGA,TRAINER_CLASS_BOSS_TRAINER,,,,,TRAINER_PIC_B2W2_BENGA,,"black2white2_trainer_index=202; source_rom_paths=a/0/9/1,a/0/9/2; battle_type=0; trainer_class_id=227; ai=7; healer=false; money=50; prize=0; location_reference=https://www.serebii.net/pokearth/unova/blackcity.shtml; location_unpaired=true",14,6,
TRAINER_WORKER_ISAAC,ISAAC,TRAINER_CLASS_WORKER,,,,,TRAINER_PIC_B2W2_WORKER,,"black2white2_trainer_index=203; source_rom_paths=a/0/9/1,a/0/9/2; battle_type=0; trainer_class_id=26; ai=1; healer=false; money=10; prize=0; location_unpaired=true",14,6,
TRAINER_WORKER_MITCHELL,MITCHELL,TRAINER_CLASS_WORKER,,,,,TRAINER_PIC_B2W2_WORKER,,"black2white2_trainer_index=204; source_rom_paths=a/0/9/1,a/0/9/2; battle_type=0; trainer_class_id=26; ai=1; healer=false; money=10; prize=0; location_unpaired=true",14,6,
TRAINER_WORKER_NATHAN,NATHAN,TRAINER_CLASS_WORKER,,,,,TRAINER_PIC_B2W2_WORKER,,"black2white2_trainer_index=205; source_rom_paths=a/0/9/1,a/0/9/2; battle_type=0; trainer_class_id=26; ai=1; healer=false; money=10; prize=0; location_unpaired=true",14,6,
TRAINER_HIKER_JEROME,JEROME,TRAINER_CLASS_HIKER,39,,,,TRAINER_PIC_B2W2_HIKER,,"black2white2_trainer_index=206; source_rom_paths=a/0/9/1,a/0/9/2; battle_type=0; trainer_class_id=74; ai=1; healer=false; money=8; prize=0; location_reference=https://www.serebii.net/pokearth/unova/route20.shtml; matched_location=Route 20",14,6,
TRAINER_BEAUTY_NIKOLA,NIKOLA,TRAINER_CLASS_BEAUTY,,,,,TRAINER_PIC_B2W2_BEAUTY,,"black2white2_trainer_index=207; source_rom_paths=a/0/9/1,a/0/9/2; battle_type=0; trainer_class_id=179; ai=1; healer=false; money=14; prize=0; location_unpaired=true",14,6,
TRAINER_BEAUTY_FLEMING,FLEMING,TRAINER_CLASS_BEAUTY,,,,,TRAINER_PIC_B2W2_BEAUTY,,"black2white2_trainer_index=208; source_rom_paths=a/0/9/1,a/0/9/2; battle_type=0; trainer_class_id=179; ai=1; healer=false; money=14; prize=0; location_unpaired=true",14,6,
TRAINER_BEAUTY_AMP_RE,AMPÈRE,TRAINER_CLASS_BEAUTY,,,,,TRAINER_PIC_B2W2_BEAUTY,,"black2white2_trainer_index=209; source_rom_paths=a/0/9/1,a/0/9/2; battle_type=0; trainer_class_id=179; ai=1; healer=false; money=14; prize=0; location_unpaired=true",14,6,
TRAINER_FISHERMAN_HUBERT,HUBERT,TRAINER_CLASS_FISHERMAN,9,,,,TRAINER_PIC_B2W2_FISHERMAN,,"black2white2_trainer_index=210; source_rom_paths=a/0/9/1,a/0/9/2; battle_type=0; trainer_class_id=29; ai=1; healer=false; money=8; prize=0; location_reference=https://www.serebii.net/pokearth/unova/route4.shtml; matched_location=Route 4",14,6,
TRAINER_FISHERMAN_ANDREW,ANDREW,TRAINER_CLASS_FISHERMAN,9,,,,TRAINER_PIC_B2W2_FISHERMAN,,"black2white2_trainer_index=211; source_rom_paths=a/0/9/1,a/0/9/2; battle_type=0; trainer_class_id=29; ai=1; healer=false; money=8; prize=0; location_reference=https://www.serebii.net/pokearth/unova/route4.shtml; matched_location=Route 4",14,6,
TRAINER_POLICEMAN_BRAVEN,BRAVEN,TRAINER_CLASS_POLICEMAN,9,,,,TRAINER_PIC_B2W2_POLICEMAN,,"black2white2_trainer_index=212; source_rom_paths=a/0/9/1,a/0/9/2; battle_type=0; trainer_class_id=86; ai=7; healer=false; money=10; prize=0; location_reference=https://www.serebii.net/pokearth/unova/route4.shtml; matched_location=Route 4",14,6,
TRAINER_BACKPACKER_M_CLIFFORD,CLIFFORD,TRAINER_CLASS_BACKPACKER_M,9,,,,TRAINER_PIC_B2W2_BACKPACKER_M,,"black2white2_trainer_index=213; source_rom_paths=a/0/9/1,a/0/9/2; battle_type=0; trainer_class_id=27; ai=1; healer=false; money=6; prize=0; location_reference=https://www.serebii.net/pokearth/unova/route4.shtml; matched_location=Route 4",14,6,
TRAINER_POLICEMAN_DELL,DELL,TRAINER_CLASS_POLICEMAN,9,,,,TRAINER_PIC_B2W2_POLICEMAN,,"black2white2_trainer_index=214; source_rom_paths=a/0/9/1,a/0/9/2; battle_type=0; trainer_class_id=86; ai=7; healer=false; money=10; prize=0; location_reference=https://www.serebii.net/pokearth/unova/route4.shtml; matched_location=Route 4",14,6,
TRAINER_POLICEMAN_NEAGLE,NEAGLE,TRAINER_CLASS_POLICEMAN,9,,,,TRAINER_PIC_B2W2_POLICEMAN,,"black2white2_trainer_index=215; source_rom_paths=a/0/9/1,a/0/9/2; battle_type=0; trainer_class_id=86; ai=7; healer=false; money=10; prize=0; location_reference=https://www.serebii.net/pokearth/unova/route4.shtml; matched_location=Route 4",14,6,
TRAINER_ROUGHNECK_JOEY,JOEY,TRAINER_CLASS_ROUGHNECK,9,,,,TRAINER_PIC_B2W2_ROUGHNECK,,"black2white2_trainer_index=216; source_rom_paths=a/0/9/1,a/0/9/2; battle_type=0; trainer_class_id=57; ai=1; healer=false; money=6; prize=0; location_reference=https://www.serebii.net/pokearth/unova/route4.shtml; matched_location=Route 4",14,6,
TRAINER_ROUGHNECK_SILVESTER,SILVESTER,TRAINER_CLASS_ROUGHNECK,9,,,,TRAINER_PIC_B2W2_ROUGHNECK,,"black2white2_trainer_index=217; source_rom_paths=a/0/9/1,a/0/9/2; battle_type=0; trainer_class_id=57; ai=1; healer=false; money=6; prize=0; location_reference=https://www.serebii.net/pokearth/unova/route4.shtml; matched_location=Route 4",14,6,
TRAINER_BIKER_STANLEY,STANLEY,TRAINER_CLASS_BIKER,9,,,,TRAINER_PIC_B2W2_BIKER,,"black2white2_trainer_index=218; source_rom_paths=a/0/9/1,a/0/9/2; battle_type=0; trainer_class_id=72; ai=1; healer=false; money=8; prize=0; location_reference=https://www.serebii.net/pokearth/unova/route4.shtml; matched_location=Route 4",14,6,
TRAINER_BIKER_ZEKE,ZEKE,TRAINER_CLASS_BIKER,19,,,,TRAINER_PIC_B2W2_BIKER,,"black2white2_trainer_index=219; source_rom_paths=a/0/9/1,a/0/9/2; battle_type=0; trainer_class_id=72; ai=1; healer=false; money=8; prize=0; location_reference=https://www.serebii.net/pokearth/unova/route9.shtml; matched_location=Route 9",14,6,
TRAINER_HOOLIGANS_ROB_SAL,ROB & SAL,TRAINER_CLASS_HOOLIGANS,9,,,,TRAINER_PIC_B2W2_HOOLIGANS,1,"black2white2_trainer_index=220; source_rom_paths=a/0/9/1,a/0/9/2; battle_type=1; trainer_class_id=63; ai=129; healer=false; money=16; prize=0; location_reference=https://www.serebii.net/pokearth/unova/route4.shtml; matched_location=Route 4",14,6,
TRAINER_RICH_BOY_KEENAN,KEENAN,TRAINER_CLASS_RICH_BOY,9,,,,TRAINER_PIC_B2W2_RICH_BOY,,"black2white2_trainer_index=221; source_rom_paths=a/0/9/1,a/0/9/2; battle_type=0; trainer_class_id=41; ai=1; healer=false; money=40; prize=0; location_reference=https://www.serebii.net/pokearth/unova/route4.shtml; matched_location=Route 4",14,6,
TRAINER_BACKPACKER_M_ROLAND,ROLAND,TRAINER_CLASS_BACKPACKER_M,9,,,,TRAINER_PIC_B2W2_BACKPACKER_M,,"black2white2_trainer_index=222; source_rom_paths=a/0/9/1,a/0/9/2; battle_type=0; trainer_class_id=27; ai=1; healer=false; money=6; prize=0; location_reference=https://www.serebii.net/pokearth/unova/route4.shtml; matched_location=Route 4",14,6,
TRAINER_BACKPACKER_F_RACHEL,RACHEL,TRAINER_CLASS_BACKPACKER_F,9,,,,TRAINER_PIC_B2W2_BACKPACKER_F,,"black2white2_trainer_index=223; source_rom_paths=a/0/9/1,a/0/9/2; battle_type=0; trainer_class_id=28; ai=1; healer=false; money=6; prize=0; location_reference=https://www.serebii.net/pokearth/unova/route4.shtml; matched_location=Route 4",14,6,
TRAINER_POKEFAN_M_NORBERT,NORBERT,TRAINER_CLASS_POKEFAN_M,9,,,SUPER_POTION,TRAINER_PIC_B2W2_POKEFAN_M,,"black2white2_trainer_index=224; source_rom_paths=a/0/9/1,a/0/9/2; battle_type=0; trainer_class_id=59; ai=1; healer=false; money=16; prize=0; location_reference=https://www.serebii.net/pokearth/unova/route4.shtml; matched_location=Route 4",14,6,
TRAINER_POKEFAN_F_SACHIKO,SACHIKO,TRAINER_CLASS_POKEFAN_F,9,,,SUPER_POTION,TRAINER_PIC_B2W2_POKEFAN_F,,"black2white2_trainer_index=225; source_rom_paths=a/0/9/1,a/0/9/2; battle_type=0; trainer_class_id=60; ai=1; healer=false; money=16; prize=0; location_reference=https://www.serebii.net/pokearth/unova/route4.shtml; matched_location=Route 4",14,6,
TRAINER_TWINS_TARA_VAL,TARA & VAL,TRAINER_CLASS_TWINS,9,,,,TRAINER_PIC_B2W2_TWINS,1,"black2white2_trainer_index=226; source_rom_paths=a/0/9/1,a/0/9/2; battle_type=1; trainer_class_id=16; ai=128; healer=false; money=4; prize=0; location_reference=https://www.serebii.net/pokearth/unova/route4.shtml; matched_location=Route 4",14,6,
TRAINER_LINEBACKER_BOB_3,BOB,TRAINER_CLASS_LINEBACKER,,,,,TRAINER_PIC_B2W2_LINEBACKER,,"black2white2_trainer_index=227; source_rom_paths=a/0/9/1,a/0/9/2; battle_type=0; trainer_class_id=7; ai=7; healer=false; money=25; prize=17; location_unpaired=true",14,6,
TRAINER_LINEBACKER_JONAH_2,JONAH,TRAINER_CLASS_LINEBACKER,,,,,TRAINER_PIC_B2W2_LINEBACKER,,"black2white2_trainer_index=228; source_rom_paths=a/0/9/1,a/0/9/2; battle_type=0; trainer_class_id=7; ai=7; healer=false; money=25; prize=17; location_unpaired=true",14,6,
TRAINER_LINEBACKER_BOB_4,BOB,TRAINER_CLASS_LINEBACKER,,,,,TRAINER_PIC_B2W2_LINEBACKER,,"black2white2_trainer_index=229; source_rom_paths=a/0/9/1,a/0/9/2; battle_type=0; trainer_class_id=7; ai=7; healer=false; money=25; prize=26; location_unpaired=true",14,6,
TRAINER_LINEBACKER_JONAH_3,JONAH,TRAINER_CLASS_LINEBACKER,,,,,TRAINER_PIC_B2W2_LINEBACKER,,"black2white2_trainer_index=230; source_rom_paths=a/0/9/1,a/0/9/2; battle_type=0; trainer_class_id=7; ai=7; healer=false; money=25; prize=26; location_unpaired=true",14,6,
TRAINER_LINEBACKER_JONAH_4,JONAH,TRAINER_CLASS_LINEBACKER,,,,,TRAINER_PIC_B2W2_LINEBACKER,,"black2white2_trainer_index=231; source_rom_paths=a/0/9/1,a/0/9/2; battle_type=0; trainer_class_id=7; ai=7; healer=false; money=25; prize=25; location_unpaired=true",14,6,
TRAINER_INFIELDER_CONNOR_3,CONNOR,TRAINER_CLASS_INFIELDER,,,,,TRAINER_PIC_B2W2_INFIELDER,,"black2white2_trainer_index=232; source_rom_paths=a/0/9/1,a/0/9/2; battle_type=0; trainer_class_id=73; ai=7; healer=false; money=25; prize=17; location_unpaired=true",14,6,
TRAINER_INFIELDER_TODD_2,TODD,TRAINER_CLASS_INFIELDER,,,,,TRAINER_PIC_B2W2_INFIELDER,,"black2white2_trainer_index=233; source_rom_paths=a/0/9/1,a/0/9/2; battle_type=0; trainer_class_id=73; ai=7; healer=false; money=25; prize=17; location_unpaired=true",14,6,
TRAINER_INFIELDER_CONNOR_4,CONNOR,TRAINER_CLASS_INFIELDER,,,,,TRAINER_PIC_B2W2_INFIELDER,,"black2white2_trainer_index=234; source_rom_paths=a/0/9/1,a/0/9/2; battle_type=0; trainer_class_id=73; ai=7; healer=false; money=25; prize=26; location_unpaired=true",14,6,
TRAINER_INFIELDER_TODD_3,TODD,TRAINER_CLASS_INFIELDER,,,,,TRAINER_PIC_B2W2_INFIELDER,,"black2white2_trainer_index=235; source_rom_paths=a/0/9/1,a/0/9/2; battle_type=0; trainer_class_id=73; ai=7; healer=false; money=25; prize=26; location_unpaired=true",14,6,
TRAINER_INFIELDER_TODD_4,TODD,TRAINER_CLASS_INFIELDER,,,,,TRAINER_PIC_B2W2_INFIELDER,,"black2white2_trainer_index=236; source_rom_paths=a/0/9/1,a/0/9/2; battle_type=0; trainer_class_id=73; ai=7; healer=false; money=25; prize=25; location_unpaired=true",14,6,
TRAINER_STRIKER_ROBERTO_3,ROBERTO,TRAINER_CLASS_STRIKER,,,,,TRAINER_PIC_B2W2_STRIKER,,"black2white2_trainer_index=237; source_rom_paths=a/0/9/1,a/0/9/2; battle_type=0; trainer_class_id=53; ai=7; healer=false; money=25; prize=17; location_unpaired=true",14,6,
TRAINER_STRIKER_MARCO_2,MARCO,TRAINER_CLASS_STRIKER,,,,,TRAINER_PIC_B2W2_STRIKER,,"black2white2_trainer_index=238; source_rom_paths=a/0/9/1,a/0/9/2; battle_type=0; trainer_class_id=53; ai=7; healer=false; money=25; prize=17; location_unpaired=true",14,6,
TRAINER_STRIKER_ROBERTO_4,ROBERTO,TRAINER_CLASS_STRIKER,,,,,TRAINER_PIC_B2W2_STRIKER,,"black2white2_trainer_index=239; source_rom_paths=a/0/9/1,a/0/9/2; battle_type=0; trainer_class_id=53; ai=7; healer=false; money=25; prize=26; location_unpaired=true",14,6,
TRAINER_STRIKER_MARCO_3,MARCO,TRAINER_CLASS_STRIKER,,,,,TRAINER_PIC_B2W2_STRIKER,,"black2white2_trainer_index=240; source_rom_paths=a/0/9/1,a/0/9/2; battle_type=0; trainer_class_id=53; ai=7; healer=false; money=25; prize=26; location_unpaired=true",14,6,
TRAINER_STRIKER_MARCO_4,MARCO,TRAINER_CLASS_STRIKER,,,,,TRAINER_PIC_B2W2_STRIKER,,"black2white2_trainer_index=241; source_rom_paths=a/0/9/1,a/0/9/2; battle_type=0; trainer_class_id=53; ai=7; healer=false; money=25; prize=25; location_unpaired=true",14,6,
TRAINER_HOOPSTER_JOHN_3,JOHN,TRAINER_CLASS_HOOPSTER,,,,,TRAINER_PIC_B2W2_HOOPSTER,,"black2white2_trainer_index=242; source_rom_paths=a/0/9/1,a/0/9/2; battle_type=0; trainer_class_id=45; ai=7; healer=false; money=25; prize=17; location_unpaired=true",14,6,
TRAINER_HOOPSTER_LAMARCUS_2,LAMARCUS,TRAINER_CLASS_HOOPSTER,,,,,TRAINER_PIC_B2W2_HOOPSTER,,"black2white2_trainer_index=243; source_rom_paths=a/0/9/1,a/0/9/2; battle_type=0; trainer_class_id=45; ai=7; healer=false; money=25; prize=17; location_unpaired=true",14,6,
TRAINER_HOOPSTER_JOHN_4,JOHN,TRAINER_CLASS_HOOPSTER,,,,,TRAINER_PIC_B2W2_HOOPSTER,,"black2white2_trainer_index=244; source_rom_paths=a/0/9/1,a/0/9/2; battle_type=0; trainer_class_id=45; ai=7; healer=false; money=25; prize=26; location_unpaired=true",14,6,
TRAINER_HOOPSTER_LAMARCUS_3,LAMARCUS,TRAINER_CLASS_HOOPSTER,,,,,TRAINER_PIC_B2W2_HOOPSTER,,"black2white2_trainer_index=245; source_rom_paths=a/0/9/1,a/0/9/2; battle_type=0; trainer_class_id=45; ai=7; healer=false; money=25; prize=26; location_unpaired=true",14,6,
TRAINER_HOOPSTER_LAMARCUS_4,LAMARCUS,TRAINER_CLASS_HOOPSTER,,,,,TRAINER_PIC_B2W2_HOOPSTER,,"black2white2_trainer_index=246; source_rom_paths=a/0/9/1,a/0/9/2; battle_type=0; trainer_class_id=45; ai=7; healer=false; money=25; prize=25; location_unpaired=true",14,6,
TRAINER_SMASHER_ASPEN_3,ASPEN,TRAINER_CLASS_SMASHER,,,,,TRAINER_PIC_B2W2_SMASHER,,"black2white2_trainer_index=247; source_rom_paths=a/0/9/1,a/0/9/2; battle_type=0; trainer_class_id=6; ai=7; healer=false; money=25; prize=17; location_unpaired=true",14,6,
TRAINER_SMASHER_MARI_2,MARI,TRAINER_CLASS_SMASHER,,,,,TRAINER_PIC_B2W2_SMASHER,,"black2white2_trainer_index=248; source_rom_paths=a/0/9/1,a/0/9/2; battle_type=0; trainer_class_id=6; ai=7; healer=false; money=25; prize=17; location_unpaired=true",14,6,
TRAINER_SMASHER_ASPEN_4,ASPEN,TRAINER_CLASS_SMASHER,,,,,TRAINER_PIC_B2W2_SMASHER,,"black2white2_trainer_index=249; source_rom_paths=a/0/9/1,a/0/9/2; battle_type=0; trainer_class_id=6; ai=7; healer=false; money=25; prize=26; location_unpaired=true",14,6,
TRAINER_SMASHER_MARI_3,MARI,TRAINER_CLASS_SMASHER,,,,,TRAINER_PIC_B2W2_SMASHER,,"black2white2_trainer_index=250; source_rom_paths=a/0/9/1,a/0/9/2; battle_type=0; trainer_class_id=6; ai=7; healer=false; money=25; prize=26; location_unpaired=true",14,6,
TRAINER_SMASHER_MARI_4,MARI,TRAINER_CLASS_SMASHER,,,,,TRAINER_PIC_B2W2_SMASHER,,"black2white2_trainer_index=251; source_rom_paths=a/0/9/1,a/0/9/2; battle_type=0; trainer_class_id=6; ai=7; healer=false; money=25; prize=25; location_unpaired=true",14,6,
TRAINER_BACKERS_AVA_AYA,AVA & AYA,TRAINER_CLASS_BACKERS,14,,,,TRAINER_PIC_B2W2_BACKERS_F,1,"black2white2_trainer_index=252; source_rom_paths=a/0/9/1,a/0/9/2; battle_type=1; trainer_class_id=69; ai=129; healer=false; money=12; prize=0; location_reference=https://www.serebii.net/pokearth/unova/route5.shtml; matched_location=Route 5",14,6,
TRAINER_BAKER_JENN,JENN,TRAINER_CLASS_BAKER,14,,,,TRAINER_PIC_B2W2_BAKER,,"black2white2_trainer_index=253; source_rom_paths=a/0/9/1,a/0/9/2; battle_type=0; trainer_class_id=34; ai=1; healer=false; money=10; prize=0; location_reference=https://www.serebii.net/pokearth/unova/route5.shtml; matched_location=Route 5",14,6,
TRAINER_ARTIST_HORTON,HORTON,TRAINER_CLASS_ARTIST,14,,,,TRAINER_PIC_B2W2_ARTIST,,"black2white2_trainer_index=254; source_rom_paths=a/0/9/1,a/0/9/2; battle_type=0; trainer_class_id=33; ai=1; healer=false; money=12; prize=0; location_reference=https://www.serebii.net/pokearth/unova/route5.shtml; matched_location=Route 5",14,6,
TRAINER_DANCER_BRIAN,BRIAN,TRAINER_CLASS_DANCER,14,,,,TRAINER_PIC_B2W2_DANCER,,"black2white2_trainer_index=255; source_rom_paths=a/0/9/1,a/0/9/2; battle_type=0; trainer_class_id=31; ai=1; healer=false; money=8; prize=0; location_reference=https://www.serebii.net/pokearth/unova/route5.shtml; matched_location=Route 5",14,6,
TRAINER_MUSICIAN_PRESTON,PRESTON,TRAINER_CLASS_MUSICIAN,14,,,,TRAINER_PIC_B2W2_MUSICIAN,,"black2white2_trainer_index=256; source_rom_paths=a/0/9/1,a/0/9/2; battle_type=0; trainer_class_id=30; ai=1; healer=false; money=8; prize=0; location_reference=https://www.serebii.net/pokearth/unova/route5.shtml; matched_location=Route 5",14,6,
TRAINER_BACKERS_STU_ART,STU & ART,TRAINER_CLASS_BACKERS,29,,,,TRAINER_PIC_B2W2_BACKERS_M,1,"black2white2_trainer_index=257; source_rom_paths=a/0/9/1,a/0/9/2; battle_type=1; trainer_class_id=68; ai=129; healer=false; money=12; prize=0; location_reference=https://www.serebii.net/pokearth/unova/route16.shtml; matched_location=Route 16",14,6,
TRAINER_BACKPACKER_M_IVAN,IVAN,TRAINER_CLASS_BACKPACKER_M,29,,,,TRAINER_PIC_B2W2_BACKPACKER_M,,"black2white2_trainer_index=258; source_rom_paths=a/0/9/1,a/0/9/2; battle_type=0; trainer_class_id=27; ai=1; healer=false; money=6; prize=0; location_reference=https://www.serebii.net/pokearth/unova/route16.shtml; matched_location=Route 16",14,6,
TRAINER_BACKPACKER_F_BLOSSOM,BLOSSOM,TRAINER_CLASS_BACKPACKER_F,,,,,TRAINER_PIC_B2W2_BACKPACKER_F,,"black2white2_trainer_index=259; source_rom_paths=a/0/9/1,a/0/9/2; battle_type=0; trainer_class_id=28; ai=1; healer=false; money=6; prize=0; location_unpaired=true",14,6,
TRAINER_CYCLIST_M_HECTOR,HECTOR,TRAINER_CLASS_CYCLIST_M,29,,,,TRAINER_PIC_B2W2_CYCLIST_M,,"black2white2_trainer_index=260; source_rom_paths=a/0/9/1,a/0/9/2; battle_type=0; trainer_class_id=90; ai=1; healer=false; money=8; prize=0; location_reference=https://www.serebii.net/pokearth/unova/route16.shtml; matched_location=Route 16",14,6,
TRAINER_CYCLIST_F_KRISSA,KRISSA,TRAINER_CLASS_CYCLIST_F,29,,,,TRAINER_PIC_B2W2_CYCLIST_F,,"black2white2_trainer_index=261; source_rom_paths=a/0/9/1,a/0/9/2; battle_type=0; trainer_class_id=91; ai=1; healer=false; money=8; prize=0; location_reference=https://www.serebii.net/pokearth/unova/route16.shtml; matched_location=Route 16",14,6,
TRAINER_DEPOT_AGENT_HANK,HANK,TRAINER_CLASS_DEPOT_AGENT,29,,,,TRAINER_PIC_B2W2_DEPOT_AGENT,,"black2white2_trainer_index=262; source_rom_paths=a/0/9/1,a/0/9/2; battle_type=0; trainer_class_id=83; ai=1; healer=false; money=10; prize=0; location_reference=https://www.serebii.net/pokearth/unova/route16.shtml; matched_location=Route 16",14,6,
TRAINER_SCIENTIST_JACQUES,JACQUES,TRAINER_CLASS_SCIENTIST,15,,,X_ATTACK,TRAINER_PIC_B2W2_SCIENTIST_M,,"black2white2_trainer_index=263; source_rom_paths=a/0/9/1,a/0/9/2; battle_type=0; trainer_class_id=52; ai=5; healer=false; money=12; prize=0; location_reference=https://www.serebii.net/pokearth/unova/route6.shtml; matched_location=Route 6",14,6,
TRAINER_SCIENTIST_MARISSA,MARISSA,TRAINER_CLASS_SCIENTIST,15,,,X_SPECIAL,TRAINER_PIC_B2W2_SCIENTIST_F,,"black2white2_trainer_index=264; source_rom_paths=a/0/9/1,a/0/9/2; battle_type=0; trainer_class_id=46; ai=5; healer=false; money=12; prize=0; location_reference=https://www.serebii.net/pokearth/unova/route6.shtml; matched_location=Route 6",14,6,
TRAINER_SCHOOL_KID_M_ALVIN,ALVIN,TRAINER_CLASS_SCHOOL_KID_M,15,,,,TRAINER_PIC_B2W2_SCHOOL_KID_M,,"black2white2_trainer_index=265; source_rom_paths=a/0/9/1,a/0/9/2; battle_type=0; trainer_class_id=4; ai=5; healer=false; money=5; prize=0; location_reference=https://www.serebii.net/pokearth/unova/route6.shtml; matched_location=Route 6",14,6,
TRAINER_SCHOOL_KID_F_MARA,MARA,TRAINER_CLASS_SCHOOL_KID_F,15,,,,TRAINER_PIC_B2W2_SCHOOL_KID_F,,"black2white2_trainer_index=266; source_rom_paths=a/0/9/1,a/0/9/2; battle_type=0; trainer_class_id=5; ai=5; healer=false; money=5; prize=0; location_reference=https://www.serebii.net/pokearth/unova/route6.shtml; matched_location=Route 6",14,6,
TRAINER_PARASOL_LADY_NICOLE,NICOLE,TRAINER_CLASS_PARASOL_LADY,15,,,,TRAINER_PIC_B2W2_PARASOL_LADY,,"black2white2_trainer_index=267; source_rom_paths=a/0/9/1,a/0/9/2; battle_type=0; trainer_class_id=65; ai=1; healer=false; money=8; prize=0; location_reference=https://www.serebii.net/pokearth/unova/route6.shtml; matched_location=Route 6",14,6,
TRAINER_PARASOL_LADY_TIHANA,TIHANA,TRAINER_CLASS_PARASOL_LADY,15,,,,TRAINER_PIC_B2W2_PARASOL_LADY,,"black2white2_trainer_index=268; source_rom_paths=a/0/9/1,a/0/9/2; battle_type=0; trainer_class_id=65; ai=1; healer=false; money=8; prize=0; location_reference=https://www.serebii.net/pokearth/unova/route6.shtml; matched_location=Route 6",14,6,
TRAINER_LASS_FLO,FLO,TRAINER_CLASS_LASS,25,,,,TRAINER_PIC_B2W2_LASS,,"black2white2_trainer_index=269; source_rom_paths=a/0/9/1,a/0/9/2; battle_type=2; trainer_class_id=3; ai=129; healer=false; money=4; prize=0; location_reference=https://www.serebii.net/pokearth/unova/route7.shtml; matched_location=Route 7",14,6,
TRAINER_YOUNGSTER_CODY,CODY,TRAINER_CLASS_YOUNGSTER,25,,,,TRAINER_PIC_B2W2_YOUNGSTER,,"black2white2_trainer_index=270; source_rom_paths=a/0/9/1,a/0/9/2; battle_type=3; trainer_class_id=2; ai=1; healer=false; money=4; prize=0; location_reference=https://www.serebii.net/pokearth/unova/route7.shtml; matched_location=Route 7",14,6,
TRAINER_NURSERY_AIDE_HOLLIE,HOLLIE,TRAINER_CLASS_NURSERY_AIDE,25,,,,TRAINER_PIC_B2W2_NURSERY_AIDE,,"black2white2_trainer_index=271; source_rom_paths=a/0/9/1,a/0/9/2; battle_type=0; trainer_class_id=13; ai=1; healer=false; money=10; prize=0; location_reference=https://www.serebii.net/pokearth/unova/route7.shtml; matched_location=Route 7",14,6,
TRAINER_PRESCHOOLER_M_GREG,GREG,TRAINER_CLASS_PRESCHOOLER_M,25,,,,TRAINER_PIC_B2W2_PRESCHOOLER_M,,"black2white2_trainer_index=272; source_rom_paths=a/0/9/1,a/0/9/2; battle_type=0; trainer_class_id=15; ai=0; healer=false; money=1; prize=0; location_reference=https://www.serebii.net/pokearth/unova/route7.shtml; matched_location=Route 7",14,6,
TRAINER_PRESCHOOLER_F_CHRISSY,CHRISSY,TRAINER_CLASS_PRESCHOOLER_F,25,,,,TRAINER_PIC_B2W2_PRESCHOOLER_F,,"black2white2_trainer_index=273; source_rom_paths=a/0/9/1,a/0/9/2; battle_type=0; trainer_class_id=14; ai=0; healer=false; money=1; prize=0; location_reference=https://www.serebii.net/pokearth/unova/route7.shtml; matched_location=Route 7",14,6,
TRAINER_TWINS_SOLA_ANA,SOLA & ANA,TRAINER_CLASS_TWINS,25,,,,TRAINER_PIC_B2W2_TWINS,1,"black2white2_trainer_index=274; source_rom_paths=a/0/9/1,a/0/9/2; battle_type=1; trainer_class_id=16; ai=128; healer=false; money=4; prize=0; location_reference=https://www.serebii.net/pokearth/unova/route7.shtml; matched_location=Route 7",14,6,
TRAINER_HARLEQUIN_PAT,PAT,TRAINER_CLASS_HARLEQUIN,25,,,,TRAINER_PIC_B2W2_HARLEQUIN,,"black2white2_trainer_index=275; source_rom_paths=a/0/9/1,a/0/9/2; battle_type=0; trainer_class_id=32; ai=1; healer=false; money=8; prize=0; location_reference=https://www.serebii.net/pokearth/unova/route7.shtml; matched_location=Route 7",14,6,
TRAINER_HARLEQUIN_IAN,IAN,TRAINER_CLASS_HARLEQUIN,25,,,,TRAINER_PIC_B2W2_HARLEQUIN,,"black2white2_trainer_index=276; source_rom_paths=a/0/9/1,a/0/9/2; battle_type=0; trainer_class_id=32; ai=1; healer=false; money=8; prize=0; location_reference=https://www.serebii.net/pokearth/unova/route7.shtml; matched_location=Route 7",14,6,
TRAINER_GENTLEMAN_SHELDON,SHELDON,TRAINER_CLASS_GENTLEMAN,35,,,,TRAINER_PIC_B2W2_GENTLEMAN,,"black2white2_trainer_index=277; source_rom_paths=a/0/9/1,a/0/9/2; battle_type=0; trainer_class_id=76; ai=1; healer=false; money=50; prize=0; location_reference=https://www.serebii.net/pokearth/unova/route14.shtml; matched_location=Route 14",14,6,
TRAINER_SOCIALITE_MARIAN,MARIAN,TRAINER_CLASS_SOCIALITE,35,,,,TRAINER_PIC_B2W2_SOCIALITE,,"black2white2_trainer_index=278; source_rom_paths=a/0/9/1,a/0/9/2; battle_type=0; trainer_class_id=75; ai=1; healer=false; money=50; prize=0; location_reference=https://www.serebii.net/pokearth/unova/route14.shtml; matched_location=Route 14",14,6,
TRAINER_ACE_TRAINER_M_KIPP,KIPP,TRAINER_CLASS_ACE_TRAINER_M,35,,,,TRAINER_PIC_B2W2_ACE_TRAINER_M,,"black2white2_trainer_index=279; source_rom_paths=a/0/9/1,a/0/9/2; battle_type=3; trainer_class_id=50; ai=7; healer=false; money=15; prize=0; location_reference=https://www.serebii.net/pokearth/unova/route14.shtml; matched_location=Route 14",14,6,
TRAINER_ACE_TRAINER_F_JUNKO,JUNKO,TRAINER_CLASS_ACE_TRAINER_F,35,,,,TRAINER_PIC_B2W2_ACE_TRAINER_F,,"black2white2_trainer_index=280; source_rom_paths=a/0/9/1,a/0/9/2; battle_type=2; trainer_class_id=49; ai=135; healer=false; money=15; prize=0; location_reference=https://www.serebii.net/pokearth/unova/route14.shtml; matched_location=Route 14",14,6,
TRAINER_BLACK_BELT_JAY,JAY,TRAINER_CLASS_BLACK_BELT,35,,,,TRAINER_PIC_B2W2_BLACK_BELT,,"black2white2_trainer_index=281; source_rom_paths=a/0/9/1,a/0/9/2; battle_type=0; trainer_class_id=51; ai=3; healer=false; money=8; prize=0; location_reference=https://www.serebii.net/pokearth/unova/route14.shtml; matched_location=Route 14",14,6,
TRAINER_BATTLE_GIRL_GLINDA,GLINDA,TRAINER_CLASS_BATTLE_GIRL,35,,,,TRAINER_PIC_B2W2_BATTLE_GIRL,,"black2white2_trainer_index=282; source_rom_paths=a/0/9/1,a/0/9/2; battle_type=0; trainer_class_id=64; ai=3; healer=false; money=8; prize=0; location_reference=https://www.serebii.net/pokearth/unova/route14.shtml; matched_location=Route 14",14,6,
TRAINER_FISHERMAN_SID,SID,TRAINER_CLASS_FISHERMAN,35,,,,TRAINER_PIC_B2W2_FISHERMAN,,"black2white2_trainer_index=283; source_rom_paths=a/0/9/1,a/0/9/2; battle_type=0; trainer_class_id=29; ai=1; healer=false; money=8; prize=0; location_reference=https://www.serebii.net/pokearth/unova/route14.shtml; matched_location=Route 14",14,6,
TRAINER_YOUNGSTER_SINCLAIR,SINCLAIR,TRAINER_CLASS_YOUNGSTER,9,,,,TRAINER_PIC_B2W2_YOUNGSTER,,"black2white2_trainer_index=284; source_rom_paths=a/0/9/1,a/0/9/2; battle_type=0; trainer_class_id=2; ai=1; healer=false; money=4; prize=0; location_reference=https://www.serebii.net/pokearth/unova/route4.shtml; matched_location=Route 4",14,6,
TRAINER_BACKPACKER_M_REECE,REECE,TRAINER_CLASS_BACKPACKER_M,35,,,,TRAINER_PIC_B2W2_BACKPACKER_M,,"black2white2_trainer_index=285; source_rom_paths=a/0/9/1,a/0/9/2; battle_type=0; trainer_class_id=27; ai=1; healer=false; money=6; prize=0; location_reference=https://www.serebii.net/pokearth/unova/route14.shtml; matched_location=Route 14",14,6,
TRAINER_FISHERMAN_JONES,JONES,TRAINER_CLASS_FISHERMAN,36,,,,TRAINER_PIC_B2W2_FISHERMAN,,"black2white2_trainer_index=286; source_rom_paths=a/0/9/1,a/0/9/2; battle_type=0; trainer_class_id=29; ai=1; healer=false; money=8; prize=0; location_reference=https://www.serebii.net/pokearth/unova/route13.shtml; matched_location=Route 13",14,6,
TRAINER_FISHERMAN_DAMON,DAMON,TRAINER_CLASS_FISHERMAN,36,,,,TRAINER_PIC_B2W2_FISHERMAN,,"black2white2_trainer_index=287; source_rom_paths=a/0/9/1,a/0/9/2; battle_type=0; trainer_class_id=29; ai=1; healer=false; money=8; prize=0; location_reference=https://www.serebii.net/pokearth/unova/route13.shtml; matched_location=Route 13",14,6,
TRAINER_FISHERMAN_LEROY,LEROY,TRAINER_CLASS_FISHERMAN,36,,,,TRAINER_PIC_B2W2_FISHERMAN,,"black2white2_trainer_index=288; source_rom_paths=a/0/9/1,a/0/9/2; battle_type=0; trainer_class_id=29; ai=1; healer=false; money=8; prize=0; location_reference=https://www.serebii.net/pokearth/unova/route13.shtml; matched_location=Route 13",14,6,
TRAINER_FISHERMAN_VINCE,VINCE,TRAINER_CLASS_FISHERMAN,36,,,,TRAINER_PIC_B2W2_FISHERMAN,,"black2white2_trainer_index=289; source_rom_paths=a/0/9/1,a/0/9/2; battle_type=0; trainer_class_id=29; ai=1; healer=false; money=8; prize=0; location_reference=https://www.serebii.net/pokearth/unova/route13.shtml; matched_location=Route 13",14,6,
TRAINER_PARASOL_LADY_LAURA,LAURA,TRAINER_CLASS_PARASOL_LADY,36,,,,TRAINER_PIC_B2W2_PARASOL_LADY,,"black2white2_trainer_index=290; source_rom_paths=a/0/9/1,a/0/9/2; battle_type=0; trainer_class_id=65; ai=1; healer=false; money=8; prize=0; location_reference=https://www.serebii.net/pokearth/unova/route13.shtml; matched_location=Route 13",14,6,
TRAINER_BACKERS_CLEO_RIO,CLEO & RIO,TRAINER_CLASS_BACKERS,23,,,,TRAINER_PIC_B2W2_BACKERS_F,1,"black2white2_trainer_index=291; source_rom_paths=a/0/9/1,a/0/9/2; battle_type=1; trainer_class_id=69; ai=129; healer=false; money=12; prize=0; location_reference=https://www.serebii.net/pokearth/unova/route12.shtml; matched_location=Route 12",14,6,
TRAINER_PKMN_RANGER_M_RICHARD,RICHARD,TRAINER_CLASS_PKMN_RANGER_M,15,,,,TRAINER_PIC_B2W2_POKEMON_RANGER_M,,"black2white2_trainer_index=292; source_rom_paths=a/0/9/1,a/0/9/2; battle_type=0; trainer_class_id=24; ai=7; healer=false; money=15; prize=151; location_reference=https://www.serebii.net/pokearth/unova/route6.shtml; matched_location=Route 6",14,6,
TRAINER_PKMN_RANGER_F_LOIS,LOIS,TRAINER_CLASS_PKMN_RANGER_F,14,,,,TRAINER_PIC_B2W2_POKEMON_RANGER_F,,"black2white2_trainer_index=293; source_rom_paths=a/0/9/1,a/0/9/2; battle_type=0; trainer_class_id=25; ai=7; healer=false; money=15; prize=149; location_reference=https://www.serebii.net/pokearth/unova/route5.shtml; matched_location=Route 5",14,6,
TRAINER_PKMN_RANGER_M_DARYL,DARYL,TRAINER_CLASS_PKMN_RANGER_M,36,,,,TRAINER_PIC_B2W2_POKEMON_RANGER_M,,"black2white2_trainer_index=294; source_rom_paths=a/0/9/1,a/0/9/2; battle_type=3; trainer_class_id=24; ai=7; healer=false; money=15; prize=158; location_reference=https://www.serebii.net/pokearth/unova/route13.shtml; matched_location=Route 13",14,6,
TRAINER_PKMN_RANGER_F_DIANNE,DIANNE,TRAINER_CLASS_PKMN_RANGER_F,36,,,,TRAINER_PIC_B2W2_POKEMON_RANGER_F,,"black2white2_trainer_index=295; source_rom_paths=a/0/9/1,a/0/9/2; battle_type=2; trainer_class_id=25; ai=135; healer=false; money=15; prize=158; location_reference=https://www.serebii.net/pokearth/unova/route13.shtml; matched_location=Route 13",14,6,
TRAINER_PKMN_BREEDER_F_IRENE,IRENE,TRAINER_CLASS_PKMN_BREEDER_F,9,,,,TRAINER_PIC_B2W2_POKEMON_BREEDER_F,,"black2white2_trainer_index=296; source_rom_paths=a/0/9/1,a/0/9/2; battle_type=0; trainer_class_id=18; ai=5; healer=false; money=8; prize=0; location_reference=https://www.serebii.net/pokearth/unova/route4.shtml; matched_location=Route 4",14,6,
TRAINER_PKMN_RANGER_F_SERENITY,SERENITY,TRAINER_CLASS_PKMN_RANGER_F,256,,,,TRAINER_PIC_B2W2_POKEMON_RANGER_F,,"black2white2_trainer_index=297; source_rom_paths=a/0/9/1,a/0/9/2; battle_type=0; trainer_class_id=25; ai=7; healer=false; money=15; prize=151; location_reference=https://www.serebii.net/pokearth/unova/lostlornforest.shtml; matched_location=Lostlorn Forest",14,6,
TRAINER_PKMN_RANGER_M_FORREST,FORREST,TRAINER_CLASS_PKMN_RANGER_M,256,,,,TRAINER_PIC_B2W2_POKEMON_RANGER_M,,"black2white2_trainer_index=298; source_rom_paths=a/0/9/1,a/0/9/2; battle_type=0; trainer_class_id=24; ai=7; healer=false; money=15; prize=149; location_reference=https://www.serebii.net/pokearth/unova/lostlornforest.shtml; matched_location=Lostlorn Forest",14,6,
TRAINER_PKMN_BREEDER_M_GALEN,GALEN,TRAINER_CLASS_PKMN_BREEDER_M,256,,,,TRAINER_PIC_B2W2_POKEMON_BREEDER_M,,"black2white2_trainer_index=299; source_rom_paths=a/0/9/1,a/0/9/2; battle_type=0; trainer_class_id=17; ai=5; healer=false; money=8; prize=0; location_reference=https://www.serebii.net/pokearth/unova/lostlornforest.shtml; matched_location=Lostlorn Forest",14,6,
TRAINER_BLACK_BELT_JERIEL,JERIEL,TRAINER_CLASS_BLACK_BELT,23,,,,TRAINER_PIC_B2W2_BLACK_BELT,,"black2white2_trainer_index=300; source_rom_paths=a/0/9/1,a/0/9/2; battle_type=0; trainer_class_id=51; ai=3; healer=false; money=8; prize=0; location_reference=https://www.serebii.net/pokearth/unova/route12.shtml; matched_location=Route 12",14,6,
TRAINER_BATTLE_GIRL_AZRA,AZRA,TRAINER_CLASS_BATTLE_GIRL,23,,,,TRAINER_PIC_B2W2_BATTLE_GIRL,,"black2white2_trainer_index=301; source_rom_paths=a/0/9/1,a/0/9/2; battle_type=0; trainer_class_id=64; ai=3; healer=false; money=8; prize=0; location_reference=https://www.serebii.net/pokearth/unova/route12.shtml; matched_location=Route 12",14,6,
TRAINER_PKMN_BREEDER_M_MARCUS,MARCUS,TRAINER_CLASS_PKMN_BREEDER_M,25,,,,TRAINER_PIC_B2W2_POKEMON_BREEDER_M,,"black2white2_trainer_index=302; source_rom_paths=a/0/9/1,a/0/9/2; battle_type=0; trainer_class_id=17; ai=5; healer=false; money=8; prize=0; location_reference=https://www.serebii.net/pokearth/unova/route7.shtml; matched_location=Route 7",14,6,
TRAINER_PKMN_BREEDER_F_MAGNOLIA,MAGNOLIA,TRAINER_CLASS_PKMN_BREEDER_F,17,,,,TRAINER_PIC_B2W2_POKEMON_BREEDER_F,,"black2white2_trainer_index=303; source_rom_paths=a/0/9/1,a/0/9/2; battle_type=0; trainer_class_id=18; ai=5; healer=false; money=8; prize=0; location_reference=https://www.serebii.net/pokearth/unova/route11.shtml; matched_location=Route 11",14,6,
TRAINER_PKMN_RANGER_F_THALIA,THALIA,TRAINER_CLASS_PKMN_RANGER_F,17,,,,TRAINER_PIC_B2W2_POKEMON_RANGER_F,,"black2white2_trainer_index=304; source_rom_paths=a/0/9/1,a/0/9/2; battle_type=0; trainer_class_id=25; ai=7; healer=false; money=15; prize=153; location_reference=https://www.serebii.net/pokearth/unova/route11.shtml; matched_location=Route 11",14,6,
TRAINER_PKMN_RANGER_M_CROFTON,CROFTON,TRAINER_CLASS_PKMN_RANGER_M,17,,,,TRAINER_PIC_B2W2_POKEMON_RANGER_M,,"black2white2_trainer_index=305; source_rom_paths=a/0/9/1,a/0/9/2; battle_type=0; trainer_class_id=24; ai=7; healer=false; money=15; prize=153; location_reference=https://www.serebii.net/pokearth/unova/route11.shtml; matched_location=Route 11",14,6,
TRAINER_BACKPACKER_F_MYRA,MYRA,TRAINER_CLASS_BACKPACKER_F,5,,,,TRAINER_PIC_B2W2_BACKPACKER_F,,"black2white2_trainer_index=306; source_rom_paths=a/0/9/1,a/0/9/2; battle_type=0; trainer_class_id=28; ai=1; healer=false; money=6; prize=0; location_reference=https://www.serebii.net/pokearth/unova/route22.shtml; matched_location=Route 22",14,6,
TRAINER_BACKPACKER_M_LOWELL,LOWELL,TRAINER_CLASS_BACKPACKER_M,5,,,,TRAINER_PIC_B2W2_BACKPACKER_M,,"black2white2_trainer_index=307; source_rom_paths=a/0/9/1,a/0/9/2; battle_type=0; trainer_class_id=27; ai=1; healer=false; money=6; prize=0; location_reference=https://www.serebii.net/pokearth/unova/route22.shtml; matched_location=Route 22",14,6,
TRAINER_SWIMMER_M_KYLE,KYLE,TRAINER_CLASS_SWIMMER_M,46,,,,TRAINER_PIC_B2W2_SWIMMER_M,,"black2white2_trainer_index=308; source_rom_paths=a/0/9/1,a/0/9/2; battle_type=0; trainer_class_id=84; ai=1; healer=false; money=4; prize=0; location_reference=https://www.serebii.net/pokearth/unova/route21.shtml; matched_location=Route 21",14,6,
TRAINER_SWIMMER_F_KAORU,KAORU,TRAINER_CLASS_SWIMMER_F,46,,,,TRAINER_PIC_B2W2_SWIMMER_F,,"black2white2_trainer_index=309; source_rom_paths=a/0/9/1,a/0/9/2; battle_type=0; trainer_class_id=85; ai=1; healer=false; money=4; prize=0; location_reference=https://www.serebii.net/pokearth/unova/route21.shtml; matched_location=Route 21",14,6,
TRAINER_SWIMMER_M_HAROLD,HAROLD,TRAINER_CLASS_SWIMMER_M,46,,,,TRAINER_PIC_B2W2_SWIMMER_M,,"black2white2_trainer_index=310; source_rom_paths=a/0/9/1,a/0/9/2; battle_type=0; trainer_class_id=84; ai=1; healer=false; money=4; prize=0; location_reference=https://www.serebii.net/pokearth/unova/route21.shtml; matched_location=Route 21",14,6,
TRAINER_SWIMMER_F_DESIREE,DESIREE,TRAINER_CLASS_SWIMMER_F,46,,,,TRAINER_PIC_B2W2_SWIMMER_F,,"black2white2_trainer_index=311; source_rom_paths=a/0/9/1,a/0/9/2; battle_type=0; trainer_class_id=85; ai=1; healer=false; money=4; prize=0; location_reference=https://www.serebii.net/pokearth/unova/route21.shtml; matched_location=Route 21",14,6,
TRAINER_FISHERMAN_KENZO,KENZO,TRAINER_CLASS_FISHERMAN,46,,,,TRAINER_PIC_B2W2_FISHERMAN,,"black2white2_trainer_index=312; source_rom_paths=a/0/9/1,a/0/9/2; battle_type=0; trainer_class_id=29; ai=1; healer=false; money=8; prize=0; location_reference=https://www.serebii.net/pokearth/unova/route21.shtml; matched_location=Route 21",14,6,
TRAINER_ACE_TRAINER_F_SUMMER,SUMMER,TRAINER_CLASS_ACE_TRAINER_F,259,,,,TRAINER_PIC_B2W2_ACE_TRAINER_F,,"black2white2_trainer_index=313; source_rom_paths=a/0/9/1,a/0/9/2; battle_type=0; trainer_class_id=49; ai=7; healer=false; money=15; prize=0; location_reference=https://www.serebii.net/pokearth/unova/undellabay.shtml; matched_location=Undella Bay",14,6,
TRAINER_SWIMMER_M_MATT,MATT,TRAINER_CLASS_SWIMMER_M,259,,,,TRAINER_PIC_B2W2_SWIMMER_M,,"black2white2_trainer_index=314; source_rom_paths=a/0/9/1,a/0/9/2; battle_type=0; trainer_class_id=84; ai=1; healer=false; money=4; prize=0; location_reference=https://www.serebii.net/pokearth/unova/undellabay.shtml; matched_location=Undella Bay",14,6,
TRAINER_SWIMMER_M_BART,BART,TRAINER_CLASS_SWIMMER_M,259,,,,TRAINER_PIC_B2W2_SWIMMER_M,,"black2white2_trainer_index=315; source_rom_paths=a/0/9/1,a/0/9/2; battle_type=0; trainer_class_id=84; ai=1; healer=false; money=4; prize=0; location_reference=https://www.serebii.net/pokearth/unova/undellabay.shtml; matched_location=Undella Bay",14,6,
TRAINER_SWIMMER_M_TIM,TIM,TRAINER_CLASS_SWIMMER_M,259,,,,TRAINER_PIC_B2W2_SWIMMER_M,,"black2white2_trainer_index=316; source_rom_paths=a/0/9/1,a/0/9/2; battle_type=0; trainer_class_id=84; ai=1; healer=false; money=4; prize=0; location_reference=https://www.serebii.net/pokearth/unova/undellabay.shtml; matched_location=Undella Bay",14,6,
TRAINER_SWIMMER_F_ARISSA,ARISSA,TRAINER_CLASS_SWIMMER_F,259,,,,TRAINER_PIC_B2W2_SWIMMER_F,,"black2white2_trainer_index=317; source_rom_paths=a/0/9/1,a/0/9/2; battle_type=0; trainer_class_id=85; ai=1; healer=false; money=4; prize=0; location_reference=https://www.serebii.net/pokearth/unova/undellabay.shtml; matched_location=Undella Bay",14,6,
TRAINER_SWIMMER_F_MITZI,MITZI,TRAINER_CLASS_SWIMMER_F,259,,,,TRAINER_PIC_B2W2_SWIMMER_F,,"black2white2_trainer_index=318; source_rom_paths=a/0/9/1,a/0/9/2; battle_type=0; trainer_class_id=85; ai=1; healer=false; money=4; prize=0; location_reference=https://www.serebii.net/pokearth/unova/undellabay.shtml; matched_location=Undella Bay",14,6,
TRAINER_WORKER_MAYNARD,MAYNARD,TRAINER_CLASS_WORKER,,,,,TRAINER_PIC_B2W2_WORKER,,"black2white2_trainer_index=319; source_rom_paths=a/0/9/1,a/0/9/2; battle_type=0; trainer_class_id=26; ai=1; healer=false; money=10; prize=0; location_unpaired=true",14,6,
TRAINER_WORKER_PASQUAL,PASQUAL,TRAINER_CLASS_WORKER,,,,,TRAINER_PIC_B2W2_WORKER,,"black2white2_trainer_index=320; source_rom_paths=a/0/9/1,a/0/9/2; battle_type=0; trainer_class_id=26; ai=1; healer=false; money=10; prize=0; location_unpaired=true",14,6,
TRAINER_WORKER_TIBOR,TIBOR,TRAINER_CLASS_WORKER,,,,,TRAINER_PIC_B2W2_WORKER,,"black2white2_trainer_index=321; source_rom_paths=a/0/9/1,a/0/9/2; battle_type=0; trainer_class_id=26; ai=1; healer=false; money=10; prize=0; location_unpaired=true",14,6,
TRAINER_WORKER_NIEL,NIEL,TRAINER_CLASS_WORKER,,,,,TRAINER_PIC_B2W2_WORKER,,"black2white2_trainer_index=322; source_rom_paths=a/0/9/1,a/0/9/2; battle_type=0; trainer_class_id=26; ai=1; healer=false; money=10; prize=0; location_unpaired=true",14,6,
TRAINER_WORKER_TAVARIUS,TAVARIUS,TRAINER_CLASS_WORKER,,,,,TRAINER_PIC_B2W2_WORKER,,"black2white2_trainer_index=323; source_rom_paths=a/0/9/1,a/0/9/2; battle_type=0; trainer_class_id=26; ai=1; healer=false; money=10; prize=0; location_unpaired=true",14,6,
TRAINER_WORKER_NOEL,NOEL,TRAINER_CLASS_WORKER,,,,,TRAINER_PIC_B2W2_WORKER,,"black2white2_trainer_index=324; source_rom_paths=a/0/9/1,a/0/9/2; battle_type=0; trainer_class_id=26; ai=1; healer=false; money=10; prize=0; location_unpaired=true",14,6,
TRAINER_WORKER_FRIEDRICH,FRIEDRICH,TRAINER_CLASS_WORKER,,,,,TRAINER_PIC_B2W2_WORKER,,"black2white2_trainer_index=325; source_rom_paths=a/0/9/1,a/0/9/2; battle_type=0; trainer_class_id=26; ai=1; healer=false; money=10; prize=0; location_unpaired=true",14,6,
TRAINER_BLACK_BELT_KENNETH,KENNETH,TRAINER_CLASS_BLACK_BELT,46,,,,TRAINER_PIC_B2W2_BLACK_BELT,,"black2white2_trainer_index=326; source_rom_paths=a/0/9/1,a/0/9/2; battle_type=0; trainer_class_id=51; ai=3; healer=false; money=8; prize=0; location_reference=https://www.serebii.net/pokearth/unova/route21.shtml; matched_location=Route 21",14,6,
TRAINER_DOCTOR_BRAID,BRAID,TRAINER_CLASS_DOCTOR,46,,,"FULL_HEAL,HYPER_POTION",TRAINER_PIC_B2W2_DOCTOR,,"black2white2_trainer_index=327; source_rom_paths=a/0/9/1,a/0/9/2; battle_type=0; trainer_class_id=61; ai=7; healer=true; money=15; prize=0; location_reference=https://www.serebii.net/pokearth/unova/route21.shtml; matched_location=Route 21",14,6,
TRAINER_HOOLIGANS_JIM_CAS,JIM & CAS,TRAINER_CLASS_HOOLIGANS,19,,,,TRAINER_PIC_B2W2_HOOLIGANS,1,"black2white2_trainer_index=328; source_rom_paths=a/0/9/1,a/0/9/2; battle_type=1; trainer_class_id=63; ai=129; healer=false; money=16; prize=0; location_reference=https://www.serebii.net/pokearth/unova/route9.shtml; matched_location=Route 9",14,6,
TRAINER_ROUGHNECK_CHANCE,CHANCE,TRAINER_CLASS_ROUGHNECK,19,,,,TRAINER_PIC_B2W2_ROUGHNECK,,"black2white2_trainer_index=329; source_rom_paths=a/0/9/1,a/0/9/2; battle_type=0; trainer_class_id=57; ai=1; healer=false; money=6; prize=0; location_reference=https://www.serebii.net/pokearth/unova/route9.shtml; matched_location=Route 9",14,6,
TRAINER_ROUGHNECK_REESE,REESE,TRAINER_CLASS_ROUGHNECK,19,,,,TRAINER_PIC_B2W2_ROUGHNECK,,"black2white2_trainer_index=330; source_rom_paths=a/0/9/1,a/0/9/2; battle_type=0; trainer_class_id=57; ai=1; healer=false; money=6; prize=0; location_reference=https://www.serebii.net/pokearth/unova/route9.shtml; matched_location=Route 9",14,6,
TRAINER_BIKER_PHILLIP,PHILLIP,TRAINER_CLASS_BIKER,19,,,,TRAINER_PIC_B2W2_BIKER,,"black2white2_trainer_index=331; source_rom_paths=a/0/9/1,a/0/9/2; battle_type=0; trainer_class_id=72; ai=1; healer=false; money=8; prize=0; location_reference=https://www.serebii.net/pokearth/unova/route9.shtml; matched_location=Route 9",14,6,
TRAINER_PILOT_ELRON,ELRON,TRAINER_CLASS_PILOT,,,,,TRAINER_PIC_B2W2_PILOT,,"black2white2_trainer_index=332; source_rom_paths=a/0/9/1,a/0/9/2; battle_type=0; trainer_class_id=43; ai=1; healer=false; money=15; prize=0; location_unpaired=true",14,6,
TRAINER_PKMN_BREEDER_M_ADDISON,ADDISON,TRAINER_CLASS_PKMN_BREEDER_M,5,,,,TRAINER_PIC_B2W2_POKEMON_BREEDER_M,,"black2white2_trainer_index=333; source_rom_paths=a/0/9/1,a/0/9/2; battle_type=0; trainer_class_id=17; ai=5; healer=false; money=8; prize=0; location_reference=https://www.serebii.net/pokearth/unova/route22.shtml; matched_location=Route 22",14,6,
TRAINER_HIKER_JUSTIN,JUSTIN,TRAINER_CLASS_HIKER,5,,,,TRAINER_PIC_B2W2_HIKER,,"black2white2_trainer_index=334; source_rom_paths=a/0/9/1,a/0/9/2; battle_type=0; trainer_class_id=74; ai=1; healer=false; money=8; prize=0; location_reference=https://www.serebii.net/pokearth/unova/route22.shtml; matched_location=Route 22",14,6,
TRAINER_BAKER_CHRIS,CHRIS,TRAINER_CLASS_BAKER,251,,,,TRAINER_PIC_B2W2_BAKER,,"black2white2_trainer_index=335; source_rom_paths=a/0/9/1,a/0/9/2; battle_type=0; trainer_class_id=34; ai=1; healer=false; money=10; prize=0; location_reference=https://www.serebii.net/pokearth/unova/villagebridge.shtml; matched_location=Village Bridge",14,6,
TRAINER_YOUNGSTER_KARL,KARL,TRAINER_CLASS_YOUNGSTER,251,,,,TRAINER_PIC_B2W2_YOUNGSTER,,"black2white2_trainer_index=336; source_rom_paths=a/0/9/1,a/0/9/2; battle_type=0; trainer_class_id=2; ai=1; healer=false; money=4; prize=0; location_reference=https://www.serebii.net/pokearth/unova/villagebridge.shtml; matched_location=Village Bridge",14,6,
TRAINER_LASS_SHANNON,SHANNON,TRAINER_CLASS_LASS,8,,,,TRAINER_PIC_B2W2_LASS,,"black2white2_trainer_index=337; source_rom_paths=a/0/9/1,a/0/9/2; battle_type=0; trainer_class_id=3; ai=1; healer=false; money=4; prize=0; location_reference=https://www.serebii.net/pokearth/unova/route3.shtml; matched_location=Route 3",14,6,
TRAINER_ARTIST_GOUGH,GOUGH,TRAINER_CLASS_ARTIST,251,,,,TRAINER_PIC_B2W2_ARTIST,,"black2white2_trainer_index=338; source_rom_paths=a/0/9/1,a/0/9/2; battle_type=0; trainer_class_id=33; ai=1; healer=false; money=12; prize=0; location_reference=https://www.serebii.net/pokearth/unova/villagebridge.shtml; matched_location=Village Bridge",14,6,
TRAINER_MOTORCYCLIST_CHARLES,CHARLES,TRAINER_CLASS_MOTORCYCLIST,,,,,,,"black2white2_trainer_index=339; source_rom_paths=a/0/9/1,a/0/9/2; battle_type=3; trainer_class_id=92; ai=7; healer=false; money=8; prize=0; location_unpaired=true",14,6,
TRAINER_MOTORCYCLIST_CHARLES_2,CHARLES,TRAINER_CLASS_MOTORCYCLIST,,,,,,,"black2white2_trainer_index=340; source_rom_paths=a/0/9/1,a/0/9/2; battle_type=2; trainer_class_id=92; ai=135; healer=false; money=8; prize=0; location_unpaired=true",14,6,
TRAINER_CHAMPION_IRIS,IRIS,TRAINER_CLASS_CHAMPION,,,,"FULL_RESTORE,FULL_RESTORE,FULL_RESTORE",TRAINER_PIC_B2W2_IRIS,,"black2white2_trainer_index=341; source_rom_paths=a/0/9/1,a/0/9/2; battle_type=0; trainer_class_id=193; ai=7; healer=false; money=50; prize=0; location_unpaired=true",14,6,
TRAINER_TEAM_PLASMA_GRUNT,GRUNT,TRAINER_CLASS_TEAM_PLASMA,265,,,,TRAINER_PIC_B2W2_PLASMA_GRUNT_M,,"black2white2_trainer_index=342; source_rom_paths=a/0/9/1,a/0/9/2; battle_type=0; trainer_class_id=187; ai=129; healer=false; money=10; prize=0; location_reference=https://www.serebii.net/pokearth/unova/casteliasewers.shtml; matched_location=Castelia Sewers",14,6,
TRAINER_TEAM_PLASMA_GRUNT_2,GRUNT,TRAINER_CLASS_TEAM_PLASMA,,,,,TRAINER_PIC_B2W2_PLASMA_GRUNT_F,,"black2white2_trainer_index=343; source_rom_paths=a/0/9/1,a/0/9/2; battle_type=0; trainer_class_id=188; ai=1; healer=false; money=10; prize=0; location_unpaired=true",14,6,
TRAINER_TEAM_PLASMA_COLRESS,COLRESS,TRAINER_CLASS_TEAM_PLASMA,,,,FULL_RESTORE,TRAINER_PIC_B2W2_COLRESS,,"black2white2_trainer_index=344; source_rom_paths=a/0/9/1,a/0/9/2; battle_type=0; trainer_class_id=186; ai=7; healer=false; money=50; prize=0; location_unpaired=true",14,6,
TRAINER_TEAM_PLASMA_GHETSIS,GHETSIS,TRAINER_CLASS_TEAM_PLASMA,,,,FULL_RESTORE,TRAINER_PIC_B2W2_GHETSIS,,"black2white2_trainer_index=345; source_rom_paths=a/0/9/1,a/0/9/2; battle_type=0; trainer_class_id=189; ai=7; healer=false; money=45; prize=0; location_unpaired=true",14,6,
TRAINER_PKMN_TRAINER_ROOD,ROOD,TRAINER_CLASS_PKMN_TRAINER,,,,,TRAINER_PIC_B2W2_ROOD,,"black2white2_trainer_index=346; source_rom_paths=a/0/9/1,a/0/9/2; battle_type=0; trainer_class_id=190; ai=7; healer=false; money=25; prize=0; location_reference=https://www.serebii.net/pokearth/unova/driftveilcity.shtml; location_unpaired=true",14,6,
TRAINER_TEAM_PLASMA_ZINZOLIN,ZINZOLIN,TRAINER_CLASS_TEAM_PLASMA,,,,,TRAINER_PIC_B2W2_ZINZOLIN,,"black2white2_trainer_index=347; source_rom_paths=a/0/9/1,a/0/9/2; battle_type=0; trainer_class_id=191; ai=135; healer=false; money=45; prize=0; location_unpaired=true",14,6,
TRAINER_TEAM_PLASMA_SHADOW,SHADOW,TRAINER_CLASS_TEAM_PLASMA,,,,,TRAINER_PIC_B2W2_SHADOW_TRIAD,,"black2white2_trainer_index=348; source_rom_paths=a/0/9/1,a/0/9/2; battle_type=0; trainer_class_id=192; ai=7; healer=false; money=25; prize=0; location_unpaired=true",14,6,
TRAINER_FISHERMAN_DEAN,DEAN,TRAINER_CLASS_FISHERMAN,251,,,,TRAINER_PIC_B2W2_FISHERMAN,,"black2white2_trainer_index=349; source_rom_paths=a/0/9/1,a/0/9/2; battle_type=0; trainer_class_id=29; ai=1; healer=false; money=8; prize=0; location_reference=https://www.serebii.net/pokearth/unova/villagebridge.shtml; matched_location=Village Bridge",14,6,
TRAINER_ACE_TRAINER_M_DOYLE,DOYLE,TRAINER_CLASS_ACE_TRAINER_M,,,,,TRAINER_PIC_B2W2_ACE_TRAINER_M,,"black2white2_trainer_index=350; source_rom_paths=a/0/9/1,a/0/9/2; battle_type=0; trainer_class_id=50; ai=7; healer=false; money=15; prize=0; location_unpaired=true",14,6,
TRAINER_ACE_TRAINER_F_MELINA,MELINA,TRAINER_CLASS_ACE_TRAINER_F,,,,,TRAINER_PIC_B2W2_ACE_TRAINER_F,,"black2white2_trainer_index=351; source_rom_paths=a/0/9/1,a/0/9/2; battle_type=0; trainer_class_id=49; ai=7; healer=false; money=15; prize=0; location_unpaired=true",14,6,
TRAINER_ACE_TRAINER_M_ENZIO,ENZIO,TRAINER_CLASS_ACE_TRAINER_M,,,,,TRAINER_PIC_B2W2_ACE_TRAINER_M,,"black2white2_trainer_index=352; source_rom_paths=a/0/9/1,a/0/9/2; battle_type=0; trainer_class_id=50; ai=7; healer=false; money=15; prize=0; location_unpaired=true",14,6,
TRAINER_ACE_TRAINER_F_JEANNE,JEANNE,TRAINER_CLASS_ACE_TRAINER_F,,,,,TRAINER_PIC_B2W2_ACE_TRAINER_F,,"black2white2_trainer_index=353; source_rom_paths=a/0/9/1,a/0/9/2; battle_type=0; trainer_class_id=49; ai=7; healer=false; money=15; prize=0; location_unpaired=true",14,6,
TRAINER_ACE_TRAINER_M_SANTINO,SANTINO,TRAINER_CLASS_ACE_TRAINER_M,,,,,TRAINER_PIC_B2W2_ACE_TRAINER_M,,"black2white2_trainer_index=354; source_rom_paths=a/0/9/1,a/0/9/2; battle_type=0; trainer_class_id=50; ai=7; healer=false; money=15; prize=0; location_unpaired=true",14,6,
TRAINER_ACE_TRAINER_F_SABLE,SABLE,TRAINER_CLASS_ACE_TRAINER_F,,,,,TRAINER_PIC_B2W2_ACE_TRAINER_F,,"black2white2_trainer_index=355; source_rom_paths=a/0/9/1,a/0/9/2; battle_type=0; trainer_class_id=49; ai=7; healer=false; money=15; prize=0; location_unpaired=true",14,6,
TRAINER_TEAM_PLASMA_GRUNT_3,GRUNT,TRAINER_CLASS_TEAM_PLASMA,265,,,,TRAINER_PIC_B2W2_PLASMA_GRUNT_M,,"black2white2_trainer_index=356; source_rom_paths=a/0/9/1,a/0/9/2; battle_type=0; trainer_class_id=187; ai=129; healer=false; money=10; prize=0; location_reference=https://www.serebii.net/pokearth/unova/casteliasewers.shtml; matched_location=Castelia Sewers",14,6,
TRAINER_GAME_FREAK_NISHINO,NISHINO,TRAINER_CLASS_GAME_FREAK,,,,SUPER_POTION,,,"black2white2_trainer_index=357; source_rom_paths=a/0/9/1,a/0/9/2; battle_type=0; trainer_class_id=196; ai=7; healer=false; money=20; prize=0; location_unpaired=true",14,6,
TRAINER_PKMN_TRAINER_COLRESS,COLRESS,TRAINER_CLASS_PKMN_TRAINER,,,,SUPER_POTION,TRAINER_PIC_B2W2_COLRESS,,"black2white2_trainer_index=358; source_rom_paths=a/0/9/1,a/0/9/2; battle_type=0; trainer_class_id=195; ai=7; healer=false; money=25; prize=0; location_reference=https://www.serebii.net/pokearth/unova/route4.shtml; location_unpaired=true",14,6,
TRAINER_TEAM_PLASMA_GRUNT_4,GRUNT,TRAINER_CLASS_TEAM_PLASMA,,,,,TRAINER_PIC_B2W2_PLASMA_GRUNT_M,,"black2white2_trainer_index=359; source_rom_paths=a/0/9/1,a/0/9/2; battle_type=0; trainer_class_id=187; ai=1; healer=false; money=10; prize=0; location_reference=https://www.serebii.net/pokearth/unova/nimbasacity.shtml; location_unpaired=true",14,6,
TRAINER_PKMN_TRAINER_NATE,NATE,TRAINER_CLASS_PKMN_TRAINER,,,,,TRAINER_PIC_B2W2_NATE,,"black2white2_trainer_index=360; source_rom_paths=a/0/9/1,a/0/9/2; battle_type=0; trainer_class_id=0; ai=135; healer=false; money=50; prize=0; location_reference=https://www.serebii.net/pokearth/unova/nimbasacity.shtml; location_unpaired=true",14,6,
TRAINER_PKMN_TRAINER_NATE_2,NATE,TRAINER_CLASS_PKMN_TRAINER,,,,,TRAINER_PIC_B2W2_NATE,,"black2white2_trainer_index=361; source_rom_paths=a/0/9/1,a/0/9/2; battle_type=0; trainer_class_id=0; ai=135; healer=false; money=50; prize=0; location_reference=https://www.serebii.net/pokearth/unova/nimbasacity.shtml; location_unpaired=true",14,6,
TRAINER_PKMN_TRAINER_NATE_3,NATE,TRAINER_CLASS_PKMN_TRAINER,,,,,TRAINER_PIC_B2W2_NATE,,"black2white2_trainer_index=362; source_rom_paths=a/0/9/1,a/0/9/2; battle_type=0; trainer_class_id=0; ai=135; healer=false; money=50; prize=0; location_reference=https://www.serebii.net/pokearth/unova/nimbasacity.shtml; location_unpaired=true",14,6,
TRAINER_PKMN_TRAINER_ROSA,ROSA,TRAINER_CLASS_PKMN_TRAINER,,,,,TRAINER_PIC_B2W2_ROSA,,"black2white2_trainer_index=363; source_rom_paths=a/0/9/1,a/0/9/2; battle_type=0; trainer_class_id=1; ai=135; healer=false; money=50; prize=0; location_reference=https://www.serebii.net/pokearth/unova/nimbasacity.shtml; location_unpaired=true",14,6,
TRAINER_PKMN_TRAINER_ROSA_2,ROSA,TRAINER_CLASS_PKMN_TRAINER,,,,,TRAINER_PIC_B2W2_ROSA,,"black2white2_trainer_index=364; source_rom_paths=a/0/9/1,a/0/9/2; battle_type=0; trainer_class_id=1; ai=135; healer=false; money=50; prize=0; location_reference=https://www.serebii.net/pokearth/unova/nimbasacity.shtml; location_unpaired=true",14,6,
TRAINER_PKMN_TRAINER_ROSA_3,ROSA,TRAINER_CLASS_PKMN_TRAINER,,,,,TRAINER_PIC_B2W2_ROSA,,"black2white2_trainer_index=365; source_rom_paths=a/0/9/1,a/0/9/2; battle_type=0; trainer_class_id=1; ai=135; healer=false; money=50; prize=0; location_reference=https://www.serebii.net/pokearth/unova/nimbasacity.shtml; location_unpaired=true",14,6,
TRAINER_MOTORCYCLIST_CHARLES_3,CHARLES,TRAINER_CLASS_MOTORCYCLIST,,,,,,,"black2white2_trainer_index=366; source_rom_paths=a/0/9/1,a/0/9/2; battle_type=2; trainer_class_id=92; ai=135; healer=false; money=8; prize=0; location_unpaired=true",14,6,
TRAINER_MOTORCYCLIST_CHARLES_4,CHARLES,TRAINER_CLASS_MOTORCYCLIST,,,,,,,"black2white2_trainer_index=367; source_rom_paths=a/0/9/1,a/0/9/2; battle_type=3; trainer_class_id=92; ai=7; healer=false; money=8; prize=0; location_unpaired=true",14,6,
TRAINER_PKMN_TRAINER_RIVAL_7,RIVAL,TRAINER_CLASS_PKMN_TRAINER,,,,,TRAINER_PIC_B2W2_HUGH,,"black2white2_trainer_index=368; source_rom_paths=a/0/9/1,a/0/9/2; battle_type=0; trainer_class_id=145; ai=135; healer=false; money=25; prize=0; location_unpaired=true",14,6,
TRAINER_PKMN_TRAINER_RIVAL_8,RIVAL,TRAINER_CLASS_PKMN_TRAINER,,,,,TRAINER_PIC_B2W2_HUGH,,"black2white2_trainer_index=369; source_rom_paths=a/0/9/1,a/0/9/2; battle_type=0; trainer_class_id=145; ai=135; healer=false; money=25; prize=0; location_unpaired=true",14,6,
TRAINER_PKMN_TRAINER_RIVAL_9,RIVAL,TRAINER_CLASS_PKMN_TRAINER,,,,,TRAINER_PIC_B2W2_HUGH,,"black2white2_trainer_index=370; source_rom_paths=a/0/9/1,a/0/9/2; battle_type=0; trainer_class_id=145; ai=135; healer=false; money=25; prize=0; location_unpaired=true",14,6,
TRAINER_PKMN_TRAINER_CHEREN,CHEREN,TRAINER_CLASS_PKMN_TRAINER,,,,,TRAINER_PIC_B2W2_CHEREN,,"black2white2_trainer_index=371; source_rom_paths=a/0/9/1,a/0/9/2; battle_type=0; trainer_class_id=197; ai=135; healer=false; money=30; prize=0; location_unpaired=true",14,6,
TRAINER_TEAM_PLASMA_GRUNT_5,GRUNT,TRAINER_CLASS_TEAM_PLASMA,,,,,TRAINER_PIC_B2W2_PLASMA_GRUNT_M,,"black2white2_trainer_index=372; source_rom_paths=a/0/9/1,a/0/9/2; battle_type=0; trainer_class_id=187; ai=1; healer=false; money=10; prize=0; location_unpaired=true",14,6,
TRAINER_TEAM_PLASMA_GRUNT_6,GRUNT,TRAINER_CLASS_TEAM_PLASMA,,,,,TRAINER_PIC_B2W2_PLASMA_GRUNT_M,,"black2white2_trainer_index=373; source_rom_paths=a/0/9/1,a/0/9/2; battle_type=0; trainer_class_id=187; ai=1; healer=false; money=10; prize=0; location_unpaired=true",14,6,
TRAINER_TEAM_PLASMA_GRUNT_7,GRUNT,TRAINER_CLASS_TEAM_PLASMA,,,,,TRAINER_PIC_B2W2_PLASMA_GRUNT_M,,"black2white2_trainer_index=374; source_rom_paths=a/0/9/1,a/0/9/2; battle_type=0; trainer_class_id=187; ai=129; healer=false; money=10; prize=0; location_unpaired=true",14,6,
TRAINER_TEAM_PLASMA_GRUNT_8,GRUNT,TRAINER_CLASS_TEAM_PLASMA,,,,,TRAINER_PIC_B2W2_PLASMA_GRUNT_M,,"black2white2_trainer_index=375; source_rom_paths=a/0/9/1,a/0/9/2; battle_type=0; trainer_class_id=187; ai=129; healer=false; money=10; prize=0; location_unpaired=true",14,6,
TRAINER_TEAM_PLASMA_GRUNT_9,GRUNT,TRAINER_CLASS_TEAM_PLASMA,,,,,TRAINER_PIC_B2W2_PLASMA_GRUNT_M,,"black2white2_trainer_index=376; source_rom_paths=a/0/9/1,a/0/9/2; battle_type=0; trainer_class_id=187; ai=129; healer=false; money=10; prize=0; location_unpaired=true",14,6,
TRAINER_TEAM_PLASMA_GRUNT_10,GRUNT,TRAINER_CLASS_TEAM_PLASMA,,,,,TRAINER_PIC_B2W2_PLASMA_GRUNT_M,,"black2white2_trainer_index=377; source_rom_paths=a/0/9/1,a/0/9/2; battle_type=0; trainer_class_id=187; ai=129; healer=false; money=10; prize=0; location_unpaired=true",14,6,
TRAINER_PKMN_TRAINER_RIVAL_10,RIVAL,TRAINER_CLASS_PKMN_TRAINER,,,,HYPER_POTION,TRAINER_PIC_B2W2_HUGH,,"black2white2_trainer_index=378; source_rom_paths=a/0/9/1,a/0/9/2; battle_type=0; trainer_class_id=145; ai=7; healer=false; money=25; prize=0; location_reference=https://www.serebii.net/pokearth/unova/undellatown.shtml; location_unpaired=true",14,6,
TRAINER_PKMN_TRAINER_RIVAL_11,RIVAL,TRAINER_CLASS_PKMN_TRAINER,,,,HYPER_POTION,TRAINER_PIC_B2W2_HUGH,,"black2white2_trainer_index=379; source_rom_paths=a/0/9/1,a/0/9/2; battle_type=0; trainer_class_id=145; ai=7; healer=false; money=25; prize=0; location_reference=https://www.serebii.net/pokearth/unova/undellatown.shtml; location_unpaired=true",14,6,
TRAINER_PKMN_TRAINER_RIVAL_12,RIVAL,TRAINER_CLASS_PKMN_TRAINER,,,,HYPER_POTION,TRAINER_PIC_B2W2_HUGH,,"black2white2_trainer_index=380; source_rom_paths=a/0/9/1,a/0/9/2; battle_type=0; trainer_class_id=145; ai=7; healer=false; money=25; prize=0; location_reference=https://www.serebii.net/pokearth/unova/undellatown.shtml; location_unpaired=true",14,6,
TRAINER_VETERAN_M_LUCIUS,LUCIUS,TRAINER_CLASS_VETERAN_M,,,,,TRAINER_PIC_B2W2_VETERAN_M,,"black2white2_trainer_index=381; source_rom_paths=a/0/9/1,a/0/9/2; battle_type=0; trainer_class_id=70; ai=7; healer=false; money=20; prize=0; location_unpaired=true",14,6,
TRAINER_VETERAN_M_JERRY,JERRY,TRAINER_CLASS_VETERAN_M,,,,,TRAINER_PIC_B2W2_VETERAN_M,,"black2white2_trainer_index=382; source_rom_paths=a/0/9/1,a/0/9/2; battle_type=0; trainer_class_id=70; ai=7; healer=false; money=20; prize=0; location_unpaired=true",14,6,
TRAINER_VETERAN_F_RHONA,RHONA,TRAINER_CLASS_VETERAN_F,,,,,TRAINER_PIC_B2W2_VETERAN_F,,"black2white2_trainer_index=383; source_rom_paths=a/0/9/1,a/0/9/2; battle_type=0; trainer_class_id=71; ai=7; healer=false; money=20; prize=0; location_unpaired=true",14,6,
TRAINER_VETERAN_M_RON,RON,TRAINER_CLASS_VETERAN_M,,,,,TRAINER_PIC_B2W2_VETERAN_M,,"black2white2_trainer_index=384; source_rom_paths=a/0/9/1,a/0/9/2; battle_type=2; trainer_class_id=70; ai=135; healer=false; money=20; prize=0; location_unpaired=true",14,6,
TRAINER_VETERAN_F_DENAE,DENAE,TRAINER_CLASS_VETERAN_F,,,,,TRAINER_PIC_B2W2_VETERAN_F,,"black2white2_trainer_index=385; source_rom_paths=a/0/9/1,a/0/9/2; battle_type=3; trainer_class_id=71; ai=7; healer=false; money=20; prize=0; location_unpaired=true",14,6,
TRAINER_PKMN_RANGER_M_LEAF,LEAF,TRAINER_CLASS_PKMN_RANGER_M,39,,,,TRAINER_PIC_B2W2_POKEMON_RANGER_M,,"black2white2_trainer_index=386; source_rom_paths=a/0/9/1,a/0/9/2; battle_type=0; trainer_class_id=24; ai=7; healer=false; money=15; prize=158; location_reference=https://www.serebii.net/pokearth/unova/route20.shtml; matched_location=Route 20",14,6,
TRAINER_PKMN_RANGER_F_NAOKO,NAOKO,TRAINER_CLASS_PKMN_RANGER_F,39,,,,TRAINER_PIC_B2W2_POKEMON_RANGER_F,,"black2white2_trainer_index=387; source_rom_paths=a/0/9/1,a/0/9/2; battle_type=0; trainer_class_id=25; ai=7; healer=false; money=15; prize=158; location_reference=https://www.serebii.net/pokearth/unova/route20.shtml; matched_location=Route 20",14,6,
TRAINER_PKMN_RANGER_M_BRET,BRET,TRAINER_CLASS_PKMN_RANGER_M,39,,,,TRAINER_PIC_B2W2_POKEMON_RANGER_M,,"black2white2_trainer_index=388; source_rom_paths=a/0/9/1,a/0/9/2; battle_type=0; trainer_class_id=24; ai=7; healer=false; money=15; prize=154; location_reference=https://www.serebii.net/pokearth/unova/route20.shtml; matched_location=Route 20",14,6,
TRAINER_PKMN_RANGER_F_MALORY,MALORY,TRAINER_CLASS_PKMN_RANGER_F,39,,,,TRAINER_PIC_B2W2_POKEMON_RANGER_F,,"black2white2_trainer_index=389; source_rom_paths=a/0/9/1,a/0/9/2; battle_type=0; trainer_class_id=25; ai=7; healer=false; money=15; prize=154; location_reference=https://www.serebii.net/pokearth/unova/route20.shtml; matched_location=Route 20",14,6,
TRAINER_BACKPACKER_M_BOONE,BOONE,TRAINER_CLASS_BACKPACKER_M,,,,,TRAINER_PIC_B2W2_BACKPACKER_M,,"black2white2_trainer_index=390; source_rom_paths=a/0/9/1,a/0/9/2; battle_type=0; trainer_class_id=27; ai=1; healer=false; money=6; prize=0; location_unpaired=true",14,6,
TRAINER_PSYCHIC_F_LYNETTE,LYNETTE,TRAINER_CLASS_PSYCHIC_F,,,,,TRAINER_PIC_B2W2_PSYCHIC_F,,"black2white2_trainer_index=391; source_rom_paths=a/0/9/1,a/0/9/2; battle_type=0; trainer_class_id=36; ai=5; healer=false; money=8; prize=0; location_unpaired=true",14,6,
TRAINER_YOUNGSTER_PETEY,PETEY,TRAINER_CLASS_YOUNGSTER,39,,,,TRAINER_PIC_B2W2_YOUNGSTER,,"black2white2_trainer_index=392; source_rom_paths=a/0/9/1,a/0/9/2; battle_type=0; trainer_class_id=2; ai=1; healer=false; money=4; prize=0; location_reference=https://www.serebii.net/pokearth/unova/route20.shtml; matched_location=Route 20",14,6,
TRAINER_SCHOOL_KID_M_EDGAR,EDGAR,TRAINER_CLASS_SCHOOL_KID_M,8,,,,TRAINER_PIC_B2W2_SCHOOL_KID_M,,"black2white2_trainer_index=393; source_rom_paths=a/0/9/1,a/0/9/2; battle_type=2; trainer_class_id=4; ai=133; healer=false; money=5; prize=0; location_reference=https://www.serebii.net/pokearth/unova/route3.shtml; matched_location=Route 3",14,6,
TRAINER_SCHOOL_KID_F_MARSHA,MARSHA,TRAINER_CLASS_SCHOOL_KID_F,8,,,,TRAINER_PIC_B2W2_SCHOOL_KID_F,,"black2white2_trainer_index=394; source_rom_paths=a/0/9/1,a/0/9/2; battle_type=3; trainer_class_id=5; ai=5; healer=false; money=5; prize=0; location_reference=https://www.serebii.net/pokearth/unova/route3.shtml; matched_location=Route 3",14,6,
TRAINER_NURSERY_AIDE_AUTUMN,AUTUMN,TRAINER_CLASS_NURSERY_AIDE,8,,,,TRAINER_PIC_B2W2_NURSERY_AIDE,,"black2white2_trainer_index=395; source_rom_paths=a/0/9/1,a/0/9/2; battle_type=0; trainer_class_id=13; ai=1; healer=false; money=10; prize=0; location_reference=https://www.serebii.net/pokearth/unova/route3.shtml; matched_location=Route 3",14,6,
TRAINER_PRESCHOOLER_M_BUSTER,BUSTER,TRAINER_CLASS_PRESCHOOLER_M,8,,,,TRAINER_PIC_B2W2_PRESCHOOLER_M,,"black2white2_trainer_index=396; source_rom_paths=a/0/9/1,a/0/9/2; battle_type=0; trainer_class_id=15; ai=0; healer=false; money=1; prize=0; location_reference=https://www.serebii.net/pokearth/unova/route3.shtml; matched_location=Route 3",14,6,
TRAINER_PRESCHOOLER_F_EVA,EVA,TRAINER_CLASS_PRESCHOOLER_F,8,,,,TRAINER_PIC_B2W2_PRESCHOOLER_F,,"black2white2_trainer_index=397; source_rom_paths=a/0/9/1,a/0/9/2; battle_type=0; trainer_class_id=14; ai=0; healer=false; money=1; prize=0; location_reference=https://www.serebii.net/pokearth/unova/route3.shtml; matched_location=Route 3",14,6,
TRAINER_PRESCHOOLER_M_TYRONE,TYRONE,TRAINER_CLASS_PRESCHOOLER_M,8,,,,TRAINER_PIC_B2W2_PRESCHOOLER_M,,"black2white2_trainer_index=398; source_rom_paths=a/0/9/1,a/0/9/2; battle_type=0; trainer_class_id=15; ai=0; healer=false; money=1; prize=0; location_reference=https://www.serebii.net/pokearth/unova/route3.shtml; matched_location=Route 3",14,6,
TRAINER_FISHERMAN_BRUCE,BRUCE,TRAINER_CLASS_FISHERMAN,8,,,,TRAINER_PIC_B2W2_FISHERMAN,,"black2white2_trainer_index=399; source_rom_paths=a/0/9/1,a/0/9/2; battle_type=0; trainer_class_id=29; ai=1; healer=false; money=8; prize=0; location_reference=https://www.serebii.net/pokearth/unova/route3.shtml; matched_location=Route 3",14,6,
TRAINER_FISHERMAN_MACK,MACK,TRAINER_CLASS_FISHERMAN,8,,,,TRAINER_PIC_B2W2_FISHERMAN,,"black2white2_trainer_index=400; source_rom_paths=a/0/9/1,a/0/9/2; battle_type=0; trainer_class_id=29; ai=1; healer=false; money=8; prize=0; location_reference=https://www.serebii.net/pokearth/unova/route3.shtml; matched_location=Route 3",14,6,
TRAINER_YOUNGSTER_JIMMY,JIMMY,TRAINER_CLASS_YOUNGSTER,6,,,,TRAINER_PIC_B2W2_YOUNGSTER,,"black2white2_trainer_index=401; source_rom_paths=a/0/9/1,a/0/9/2; battle_type=0; trainer_class_id=2; ai=1; healer=false; money=4; prize=0; location_reference=https://www.serebii.net/pokearth/unova/route2.shtml; matched_location=Route 2",14,6,
TRAINER_LASS_MALI,MALI,TRAINER_CLASS_LASS,6,,,,TRAINER_PIC_B2W2_LASS,,"black2white2_trainer_index=402; source_rom_paths=a/0/9/1,a/0/9/2; battle_type=0; trainer_class_id=3; ai=1; healer=false; money=4; prize=0; location_reference=https://www.serebii.net/pokearth/unova/route2.shtml; matched_location=Route 2",14,6,
TRAINER_VETERAN_F_ORIANA,ORIANA,TRAINER_CLASS_VETERAN_F,6,,,,TRAINER_PIC_B2W2_VETERAN_F,,"black2white2_trainer_index=403; source_rom_paths=a/0/9/1,a/0/9/2; battle_type=0; trainer_class_id=71; ai=7; healer=false; money=20; prize=0; location_reference=https://www.serebii.net/pokearth/unova/route2.shtml; matched_location=Route 2",14,6,
TRAINER_VETERAN_M_RAYNE,RAYNE,TRAINER_CLASS_VETERAN_M,6,,,,TRAINER_PIC_B2W2_VETERAN_M,,"black2white2_trainer_index=404; source_rom_paths=a/0/9/1,a/0/9/2; battle_type=0; trainer_class_id=70; ai=7; healer=false; money=20; prize=0; location_reference=https://www.serebii.net/pokearth/unova/route2.shtml; matched_location=Route 2",14,6,
TRAINER_BACKPACKER_M_SHANE,SHANE,TRAINER_CLASS_BACKPACKER_M,3,,,,TRAINER_PIC_B2W2_BACKPACKER_M,,"black2white2_trainer_index=405; source_rom_paths=a/0/9/1,a/0/9/2; battle_type=0; trainer_class_id=27; ai=1; healer=false; money=6; prize=0; location_reference=https://www.serebii.net/pokearth/unova/route1.shtml; matched_location=Route 1",14,6,
TRAINER_BACKPACKER_F_JILL,JILL,TRAINER_CLASS_BACKPACKER_F,3,,,,TRAINER_PIC_B2W2_BACKPACKER_F,,"black2white2_trainer_index=406; source_rom_paths=a/0/9/1,a/0/9/2; battle_type=0; trainer_class_id=28; ai=1; healer=false; money=6; prize=0; location_reference=https://www.serebii.net/pokearth/unova/route1.shtml; matched_location=Route 1",14,6,
TRAINER_YOUNGSTER_MIKEY,MIKEY,TRAINER_CLASS_YOUNGSTER,6,,,,TRAINER_PIC_B2W2_YOUNGSTER,,"black2white2_trainer_index=407; source_rom_paths=a/0/9/1,a/0/9/2; battle_type=0; trainer_class_id=2; ai=1; healer=false; money=4; prize=0; location_reference=https://www.serebii.net/pokearth/unova/route2.shtml; matched_location=Route 2",14,6,
TRAINER_LASS_HENRIETTA,HENRIETTA,TRAINER_CLASS_LASS,6,,,,TRAINER_PIC_B2W2_LASS,,"black2white2_trainer_index=408; source_rom_paths=a/0/9/1,a/0/9/2; battle_type=0; trainer_class_id=3; ai=1; healer=false; money=4; prize=0; location_reference=https://www.serebii.net/pokearth/unova/route2.shtml; matched_location=Route 2",14,6,
TRAINER_PKMN_RANGER_M_RICK,RICK,TRAINER_CLASS_PKMN_RANGER_M,3,,,,TRAINER_PIC_B2W2_POKEMON_RANGER_M,,"black2white2_trainer_index=409; source_rom_paths=a/0/9/1,a/0/9/2; battle_type=0; trainer_class_id=24; ai=7; healer=false; money=15; prize=157; location_reference=https://www.serebii.net/pokearth/unova/route1.shtml; matched_location=Route 1",14,6,
TRAINER_PKMN_RANGER_F_AUDRA,AUDRA,TRAINER_CLASS_PKMN_RANGER_F,3,,,,TRAINER_PIC_B2W2_POKEMON_RANGER_F,,"black2white2_trainer_index=410; source_rom_paths=a/0/9/1,a/0/9/2; battle_type=0; trainer_class_id=25; ai=7; healer=false; money=15; prize=157; location_reference=https://www.serebii.net/pokearth/unova/route1.shtml; matched_location=Route 1",14,6,
TRAINER_ACE_TRAINER_M_SEAN,SEAN,TRAINER_CLASS_ACE_TRAINER_M,3,,,,TRAINER_PIC_B2W2_ACE_TRAINER_M,,"black2white2_trainer_index=411; source_rom_paths=a/0/9/1,a/0/9/2; battle_type=0; trainer_class_id=50; ai=7; healer=false; money=15; prize=0; location_reference=https://www.serebii.net/pokearth/unova/route1.shtml; matched_location=Route 1",14,6,
TRAINER_ACE_TRAINER_F_CHEYENNE,CHEYENNE,TRAINER_CLASS_ACE_TRAINER_F,3,,,,TRAINER_PIC_B2W2_ACE_TRAINER_F,,"black2white2_trainer_index=412; source_rom_paths=a/0/9/1,a/0/9/2; battle_type=0; trainer_class_id=49; ai=7; healer=false; money=15; prize=0; location_reference=https://www.serebii.net/pokearth/unova/route1.shtml; matched_location=Route 1",14,6,
TRAINER_FISHERMAN_LYDON,LYDON,TRAINER_CLASS_FISHERMAN,30,,,,TRAINER_PIC_B2W2_FISHERMAN,,"black2white2_trainer_index=413; source_rom_paths=a/0/9/1,a/0/9/2; battle_type=0; trainer_class_id=29; ai=1; healer=false; money=8; prize=0; location_reference=https://www.serebii.net/pokearth/unova/route17.shtml; matched_location=Route 17",14,6,
TRAINER_FISHERMAN_BUCKY,BUCKY,TRAINER_CLASS_FISHERMAN,30,,,,TRAINER_PIC_B2W2_FISHERMAN,,"black2white2_trainer_index=414; source_rom_paths=a/0/9/1,a/0/9/2; battle_type=0; trainer_class_id=29; ai=1; healer=false; money=8; prize=0; location_reference=https://www.serebii.net/pokearth/unova/route17.shtml; matched_location=Route 17",14,6,
TRAINER_SWIMMER_M_WRIGHT,WRIGHT,TRAINER_CLASS_SWIMMER_M,30,,,,TRAINER_PIC_B2W2_SWIMMER_M,,"black2white2_trainer_index=415; source_rom_paths=a/0/9/1,a/0/9/2; battle_type=0; trainer_class_id=84; ai=1; healer=false; money=4; prize=0; location_reference=https://www.serebii.net/pokearth/unova/route17.shtml; matched_location=Route 17",14,6,
TRAINER_SWIMMER_M_JEFFERY,JEFFERY,TRAINER_CLASS_SWIMMER_M,30,,,,TRAINER_PIC_B2W2_SWIMMER_M,,"black2white2_trainer_index=416; source_rom_paths=a/0/9/1,a/0/9/2; battle_type=0; trainer_class_id=84; ai=1; healer=false; money=4; prize=0; location_reference=https://www.serebii.net/pokearth/unova/route17.shtml; matched_location=Route 17",14,6,
TRAINER_SWIMMER_F_RUTH,RUTH,TRAINER_CLASS_SWIMMER_F,30,,,,TRAINER_PIC_B2W2_SWIMMER_F,,"black2white2_trainer_index=417; source_rom_paths=a/0/9/1,a/0/9/2; battle_type=0; trainer_class_id=85; ai=1; healer=false; money=4; prize=0; location_reference=https://www.serebii.net/pokearth/unova/route17.shtml; matched_location=Route 17",14,6,
TRAINER_SWIMMER_F_DARA,DARA,TRAINER_CLASS_SWIMMER_F,30,,,,TRAINER_PIC_B2W2_SWIMMER_F,,"black2white2_trainer_index=418; source_rom_paths=a/0/9/1,a/0/9/2; battle_type=0; trainer_class_id=85; ai=1; healer=false; money=4; prize=0; location_reference=https://www.serebii.net/pokearth/unova/route17.shtml; matched_location=Route 17",14,6,
TRAINER_HIKER_STEPHEN,STEPHEN,TRAINER_CLASS_HIKER,31,,,,TRAINER_PIC_B2W2_HIKER,,"black2white2_trainer_index=419; source_rom_paths=a/0/9/1,a/0/9/2; battle_type=0; trainer_class_id=74; ai=1; healer=false; money=8; prize=0; location_reference=https://www.serebii.net/pokearth/unova/route18.shtml; matched_location=Route 18",14,6,
TRAINER_VETERAN_M_VINCENT,VINCENT,TRAINER_CLASS_VETERAN_M,31,,,,TRAINER_PIC_B2W2_VETERAN_M,,"black2white2_trainer_index=420; source_rom_paths=a/0/9/1,a/0/9/2; battle_type=0; trainer_class_id=70; ai=7; healer=false; money=20; prize=0; location_reference=https://www.serebii.net/pokearth/unova/route18.shtml; matched_location=Route 18",14,6,
TRAINER_VETERAN_M_CHESTER,CHESTER,TRAINER_CLASS_VETERAN_M,31,,,,TRAINER_PIC_B2W2_VETERAN_M,,"black2white2_trainer_index=421; source_rom_paths=a/0/9/1,a/0/9/2; battle_type=3; trainer_class_id=70; ai=7; healer=false; money=20; prize=0; location_reference=https://www.serebii.net/pokearth/unova/route18.shtml; matched_location=Route 18",14,6,
TRAINER_VETERAN_F_MAYA,MAYA,TRAINER_CLASS_VETERAN_F,31,,,,TRAINER_PIC_B2W2_VETERAN_F,,"black2white2_trainer_index=422; source_rom_paths=a/0/9/1,a/0/9/2; battle_type=0; trainer_class_id=71; ai=7; healer=false; money=20; prize=0; location_reference=https://www.serebii.net/pokearth/unova/route18.shtml; matched_location=Route 18",14,6,
TRAINER_VETERAN_F_GINA,GINA,TRAINER_CLASS_VETERAN_F,31,,,,TRAINER_PIC_B2W2_VETERAN_F,,"black2white2_trainer_index=423; source_rom_paths=a/0/9/1,a/0/9/2; battle_type=2; trainer_class_id=71; ai=135; healer=false; money=20; prize=0; location_reference=https://www.serebii.net/pokearth/unova/route18.shtml; matched_location=Route 18",14,6,
TRAINER_BLACK_BELT_ZACHARY,ZACHARY,TRAINER_CLASS_BLACK_BELT,31,,,,TRAINER_PIC_B2W2_BLACK_BELT,,"black2white2_trainer_index=424; source_rom_paths=a/0/9/1,a/0/9/2; battle_type=0; trainer_class_id=51; ai=3; healer=false; money=8; prize=0; location_reference=https://www.serebii.net/pokearth/unova/route18.shtml; matched_location=Route 18",14,6,
TRAINER_BATTLE_GIRL_WENDY,WENDY,TRAINER_CLASS_BATTLE_GIRL,31,,,,TRAINER_PIC_B2W2_BATTLE_GIRL,,"black2white2_trainer_index=425; source_rom_paths=a/0/9/1,a/0/9/2; battle_type=0; trainer_class_id=64; ai=3; healer=false; money=8; prize=0; location_reference=https://www.serebii.net/pokearth/unova/route18.shtml; matched_location=Route 18",14,6,
TRAINER_TEAM_PLASMA_GRUNT_11,GRUNT,TRAINER_CLASS_TEAM_PLASMA,,,,,TRAINER_PIC_B2W2_PLASMA_GRUNT_M,,"black2white2_trainer_index=426; source_rom_paths=a/0/9/1,a/0/9/2; battle_type=0; trainer_class_id=187; ai=1; healer=false; money=10; prize=0; location_unpaired=true",14,6,
TRAINER_TEAM_PLASMA_GRUNT_12,GRUNT,TRAINER_CLASS_TEAM_PLASMA,,,,,TRAINER_PIC_B2W2_PLASMA_GRUNT_M,,"black2white2_trainer_index=427; source_rom_paths=a/0/9/1,a/0/9/2; battle_type=0; trainer_class_id=187; ai=1; healer=false; money=10; prize=0; location_unpaired=true",14,6,
TRAINER_TEAM_PLASMA_GRUNT_13,GRUNT,TRAINER_CLASS_TEAM_PLASMA,,,,,TRAINER_PIC_B2W2_PLASMA_GRUNT_M,,"black2white2_trainer_index=428; source_rom_paths=a/0/9/1,a/0/9/2; battle_type=0; trainer_class_id=187; ai=1; healer=false; money=10; prize=0; location_unpaired=true",14,6,
TRAINER_TEAM_PLASMA_GRUNT_14,GRUNT,TRAINER_CLASS_TEAM_PLASMA,,,,,TRAINER_PIC_B2W2_PLASMA_GRUNT_M,,"black2white2_trainer_index=429; source_rom_paths=a/0/9/1,a/0/9/2; battle_type=0; trainer_class_id=187; ai=1; healer=false; money=10; prize=0; location_unpaired=true",14,6,
TRAINER_TEAM_PLASMA_GRUNT_15,GRUNT,TRAINER_CLASS_TEAM_PLASMA,,,,,TRAINER_PIC_B2W2_PLASMA_GRUNT_M,,"black2white2_trainer_index=430; source_rom_paths=a/0/9/1,a/0/9/2; battle_type=0; trainer_class_id=187; ai=1; healer=false; money=10; prize=0; location_unpaired=true",14,6,
TRAINER_TEAM_PLASMA_GRUNT_16,GRUNT,TRAINER_CLASS_TEAM_PLASMA,,,,,TRAINER_PIC_B2W2_PLASMA_GRUNT_M,,"black2white2_trainer_index=431; source_rom_paths=a/0/9/1,a/0/9/2; battle_type=0; trainer_class_id=187; ai=1; healer=false; money=10; prize=0; location_unpaired=true",14,6,
TRAINER_TEAM_PLASMA_GRUNT_17,GRUNT,TRAINER_CLASS_TEAM_PLASMA,,,,,TRAINER_PIC_B2W2_PLASMA_GRUNT_M,,"black2white2_trainer_index=432; source_rom_paths=a/0/9/1,a/0/9/2; battle_type=0; trainer_class_id=187; ai=1; healer=false; money=10; prize=0; location_unpaired=true",14,6,
TRAINER_TEAM_PLASMA_GRUNT_18,GRUNT,TRAINER_CLASS_TEAM_PLASMA,,,,,TRAINER_PIC_B2W2_PLASMA_GRUNT_M,,"black2white2_trainer_index=433; source_rom_paths=a/0/9/1,a/0/9/2; battle_type=0; trainer_class_id=187; ai=1; healer=false; money=10; prize=0; location_unpaired=true",14,6,
TRAINER_TEAM_PLASMA_GRUNT_19,GRUNT,TRAINER_CLASS_TEAM_PLASMA,,,,,TRAINER_PIC_B2W2_PLASMA_GRUNT_M,,"black2white2_trainer_index=434; source_rom_paths=a/0/9/1,a/0/9/2; battle_type=0; trainer_class_id=187; ai=1; healer=false; money=10; prize=0; location_unpaired=true",14,6,
TRAINER_TEAM_PLASMA_GRUNT_20,GRUNT,TRAINER_CLASS_TEAM_PLASMA,,,,,TRAINER_PIC_B2W2_PLASMA_GRUNT_M,,"black2white2_trainer_index=435; source_rom_paths=a/0/9/1,a/0/9/2; battle_type=0; trainer_class_id=187; ai=1; healer=false; money=10; prize=0; location_unpaired=true",14,6,
TRAINER_TEAM_PLASMA_GRUNT_21,GRUNT,TRAINER_CLASS_TEAM_PLASMA,,,,,TRAINER_PIC_B2W2_PLASMA_GRUNT_F,,"black2white2_trainer_index=436; source_rom_paths=a/0/9/1,a/0/9/2; battle_type=0; trainer_class_id=188; ai=1; healer=false; money=10; prize=0; location_unpaired=true",14,6,
TRAINER_TEAM_PLASMA_GRUNT_22,GRUNT,TRAINER_CLASS_TEAM_PLASMA,,,,,TRAINER_PIC_B2W2_PLASMA_GRUNT_F,,"black2white2_trainer_index=437; source_rom_paths=a/0/9/1,a/0/9/2; battle_type=0; trainer_class_id=188; ai=1; healer=false; money=10; prize=0; location_unpaired=true",14,6,
TRAINER_TEAM_PLASMA_GRUNT_23,GRUNT,TRAINER_CLASS_TEAM_PLASMA,,,,,TRAINER_PIC_B2W2_PLASMA_GRUNT_F,,"black2white2_trainer_index=438; source_rom_paths=a/0/9/1,a/0/9/2; battle_type=0; trainer_class_id=188; ai=1; healer=false; money=10; prize=0; location_unpaired=true",14,6,
TRAINER_TEAM_PLASMA_GRUNT_24,GRUNT,TRAINER_CLASS_TEAM_PLASMA,,,,,TRAINER_PIC_B2W2_PLASMA_GRUNT_F,,"black2white2_trainer_index=439; source_rom_paths=a/0/9/1,a/0/9/2; battle_type=0; trainer_class_id=188; ai=1; healer=false; money=10; prize=0; location_unpaired=true",14,6,
TRAINER_TEAM_PLASMA_GRUNT_25,GRUNT,TRAINER_CLASS_TEAM_PLASMA,,,,,TRAINER_PIC_B2W2_PLASMA_GRUNT_M,,"black2white2_trainer_index=440; source_rom_paths=a/0/9/1,a/0/9/2; battle_type=0; trainer_class_id=187; ai=1; healer=false; money=10; prize=0; location_unpaired=true",14,6,
TRAINER_TEAM_PLASMA_GRUNT_26,GRUNT,TRAINER_CLASS_TEAM_PLASMA,,,,,TRAINER_PIC_B2W2_PLASMA_GRUNT_M,,"black2white2_trainer_index=441; source_rom_paths=a/0/9/1,a/0/9/2; battle_type=0; trainer_class_id=187; ai=1; healer=false; money=10; prize=0; location_unpaired=true",14,6,
TRAINER_TEAM_PLASMA_GRUNT_27,GRUNT,TRAINER_CLASS_TEAM_PLASMA,,,,,TRAINER_PIC_B2W2_PLASMA_GRUNT_M,,"black2white2_trainer_index=442; source_rom_paths=a/0/9/1,a/0/9/2; battle_type=0; trainer_class_id=187; ai=1; healer=false; money=10; prize=0; location_unpaired=true",14,6,
TRAINER_TEAM_PLASMA_GRUNT_28,GRUNT,TRAINER_CLASS_TEAM_PLASMA,,,,,TRAINER_PIC_B2W2_PLASMA_GRUNT_M,,"black2white2_trainer_index=443; source_rom_paths=a/0/9/1,a/0/9/2; battle_type=0; trainer_class_id=187; ai=1; healer=false; money=10; prize=0; location_unpaired=true",14,6,
TRAINER_TEAM_PLASMA_GRUNT_29,GRUNT,TRAINER_CLASS_TEAM_PLASMA,,,,,TRAINER_PIC_B2W2_PLASMA_GRUNT_M,,"black2white2_trainer_index=444; source_rom_paths=a/0/9/1,a/0/9/2; battle_type=0; trainer_class_id=187; ai=1; healer=false; money=10; prize=0; location_unpaired=true",14,6,
TRAINER_TEAM_PLASMA_GRUNT_30,GRUNT,TRAINER_CLASS_TEAM_PLASMA,,,,,TRAINER_PIC_B2W2_PLASMA_GRUNT_M,,"black2white2_trainer_index=445; source_rom_paths=a/0/9/1,a/0/9/2; battle_type=0; trainer_class_id=187; ai=1; healer=false; money=10; prize=0; location_unpaired=true",14,6,
TRAINER_TEAM_PLASMA_GRUNT_31,GRUNT,TRAINER_CLASS_TEAM_PLASMA,,,,,TRAINER_PIC_B2W2_PLASMA_GRUNT_M,,"black2white2_trainer_index=446; source_rom_paths=a/0/9/1,a/0/9/2; battle_type=0; trainer_class_id=187; ai=1; healer=false; money=10; prize=0; location_unpaired=true",14,6,
TRAINER_TEAM_PLASMA_GRUNT_32,GRUNT,TRAINER_CLASS_TEAM_PLASMA,,,,,TRAINER_PIC_B2W2_PLASMA_GRUNT_M,,"black2white2_trainer_index=447; source_rom_paths=a/0/9/1,a/0/9/2; battle_type=0; trainer_class_id=187; ai=1; healer=false; money=10; prize=0; location_unpaired=true",14,6,
TRAINER_TEAM_PLASMA_GRUNT_33,GRUNT,TRAINER_CLASS_TEAM_PLASMA,,,,,TRAINER_PIC_B2W2_PLASMA_GRUNT_M,,"black2white2_trainer_index=448; source_rom_paths=a/0/9/1,a/0/9/2; battle_type=0; trainer_class_id=187; ai=1; healer=false; money=10; prize=0; location_unpaired=true",14,6,
TRAINER_TEAM_PLASMA_GRUNT_34,GRUNT,TRAINER_CLASS_TEAM_PLASMA,,,,,TRAINER_PIC_B2W2_PLASMA_GRUNT_M,,"black2white2_trainer_index=449; source_rom_paths=a/0/9/1,a/0/9/2; battle_type=0; trainer_class_id=187; ai=1; healer=false; money=10; prize=0; location_unpaired=true",14,6,
TRAINER_TEAM_PLASMA_GRUNT_35,GRUNT,TRAINER_CLASS_TEAM_PLASMA,,,,,TRAINER_PIC_B2W2_PLASMA_GRUNT_F,,"black2white2_trainer_index=450; source_rom_paths=a/0/9/1,a/0/9/2; battle_type=0; trainer_class_id=188; ai=1; healer=false; money=10; prize=0; location_unpaired=true",14,6,
TRAINER_TEAM_PLASMA_GRUNT_36,GRUNT,TRAINER_CLASS_TEAM_PLASMA,,,,,TRAINER_PIC_B2W2_PLASMA_GRUNT_F,,"black2white2_trainer_index=451; source_rom_paths=a/0/9/1,a/0/9/2; battle_type=0; trainer_class_id=188; ai=1; healer=false; money=10; prize=0; location_unpaired=true",14,6,
TRAINER_TEAM_PLASMA_GRUNT_37,GRUNT,TRAINER_CLASS_TEAM_PLASMA,,,,,TRAINER_PIC_B2W2_PLASMA_GRUNT_F,,"black2white2_trainer_index=452; source_rom_paths=a/0/9/1,a/0/9/2; battle_type=0; trainer_class_id=188; ai=1; healer=false; money=10; prize=0; location_unpaired=true",14,6,
TRAINER_TEAM_PLASMA_GRUNT_38,GRUNT,TRAINER_CLASS_TEAM_PLASMA,,,,,TRAINER_PIC_B2W2_PLASMA_GRUNT_F,,"black2white2_trainer_index=453; source_rom_paths=a/0/9/1,a/0/9/2; battle_type=0; trainer_class_id=188; ai=1; healer=false; money=10; prize=0; location_unpaired=true",14,6,
TRAINER_TEAM_PLASMA_GRUNT_39,GRUNT,TRAINER_CLASS_TEAM_PLASMA,,,,,TRAINER_PIC_B2W2_PLASMA_GRUNT_F,,"black2white2_trainer_index=454; source_rom_paths=a/0/9/1,a/0/9/2; battle_type=0; trainer_class_id=188; ai=1; healer=false; money=10; prize=0; location_unpaired=true",14,6,
TRAINER_SCHOOL_KID_F_ALBERTA,ALBERTA,TRAINER_CLASS_SCHOOL_KID_F,,,,,TRAINER_PIC_B2W2_SCHOOL_KID_F,,"black2white2_trainer_index=455; source_rom_paths=a/0/9/1,a/0/9/2; battle_type=0; trainer_class_id=5; ai=5; healer=false; money=5; prize=0; location_unpaired=true",14,6,
TRAINER_PKMN_TRAINER_CYNTHIA,CYNTHIA,TRAINER_CLASS_PKMN_TRAINER,,,,FULL_RESTORE,TRAINER_PIC_B2W2_CYNTHIA,,"black2white2_trainer_index=456; source_rom_paths=a/0/9/1,a/0/9/2; battle_type=0; trainer_class_id=100; ai=7; healer=false; money=50; prize=0; location_reference=https://www.serebii.net/pokearth/unova/undellatown.shtml; location_unpaired=true",14,6,
TRAINER_WAITRESS_JAN,JAN,TRAINER_CLASS_WAITRESS,,,,,TRAINER_PIC_B2W2_WAITRESS,,"black2white2_trainer_index=457; source_rom_paths=a/0/9/1,a/0/9/2; battle_type=0; trainer_class_id=9; ai=7; healer=false; money=10; prize=0; location_unpaired=true",14,6,
TRAINER_NURSERY_AIDE_ILSE,ILSE,TRAINER_CLASS_NURSERY_AIDE,,,,,TRAINER_PIC_B2W2_NURSERY_AIDE,,"black2white2_trainer_index=458; source_rom_paths=a/0/9/1,a/0/9/2; battle_type=0; trainer_class_id=13; ai=7; healer=false; money=10; prize=0; location_unpaired=true",14,6,
TRAINER_CLERK_F_LANA,LANA,TRAINER_CLASS_CLERK_F,,,,,TRAINER_PIC_B2W2_CLERK_F,,"black2white2_trainer_index=459; source_rom_paths=a/0/9/1,a/0/9/2; battle_type=0; trainer_class_id=48; ai=7; healer=false; money=10; prize=0; location_unpaired=true",14,6,
TRAINER_MAID_TAMMY,TAMMY,TRAINER_CLASS_MAID,,,,,TRAINER_PIC_B2W2_MAID,,"black2white2_trainer_index=460; source_rom_paths=a/0/9/1,a/0/9/2; battle_type=0; trainer_class_id=87; ai=7; healer=false; money=10; prize=0; location_unpaired=true",14,6,
TRAINER_JANITOR_FELIX,FELIX,TRAINER_CLASS_JANITOR,265,,,,TRAINER_PIC_B2W2_JANITOR,,"black2white2_trainer_index=461; source_rom_paths=a/0/9/1,a/0/9/2; battle_type=0; trainer_class_id=58; ai=1; healer=false; money=10; prize=0; location_reference=https://www.serebii.net/pokearth/unova/casteliasewers.shtml; matched_location=Castelia Sewers",14,6,
TRAINER_JANITOR_BRADY,BRADY,TRAINER_CLASS_JANITOR,265,,,,TRAINER_PIC_B2W2_JANITOR,,"black2white2_trainer_index=462; source_rom_paths=a/0/9/1,a/0/9/2; battle_type=0; trainer_class_id=58; ai=1; healer=false; money=10; prize=0; location_reference=https://www.serebii.net/pokearth/unova/casteliasewers.shtml; matched_location=Castelia Sewers",14,6,
TRAINER_SCIENTIST_CLARKE,CLARKE,TRAINER_CLASS_SCIENTIST,265,,,X_DEFEND,TRAINER_PIC_B2W2_SCIENTIST_M,,"black2white2_trainer_index=463; source_rom_paths=a/0/9/1,a/0/9/2; battle_type=0; trainer_class_id=52; ai=5; healer=false; money=12; prize=0; location_reference=https://www.serebii.net/pokearth/unova/casteliasewers.shtml; matched_location=Castelia Sewers",14,6,
TRAINER_SCIENTIST_CAROLINE,CAROLINE,TRAINER_CLASS_SCIENTIST,265,,,X_SPECIAL,TRAINER_PIC_B2W2_SCIENTIST_F,,"black2white2_trainer_index=464; source_rom_paths=a/0/9/1,a/0/9/2; battle_type=0; trainer_class_id=46; ai=5; healer=false; money=12; prize=0; location_reference=https://www.serebii.net/pokearth/unova/casteliasewers.shtml; matched_location=Castelia Sewers",14,6,
TRAINER_WORKER_ZACK,ZACK,TRAINER_CLASS_WORKER,265,,,,TRAINER_PIC_B2W2_WORKER,,"black2white2_trainer_index=465; source_rom_paths=a/0/9/1,a/0/9/2; battle_type=0; trainer_class_id=26; ai=1; healer=false; money=10; prize=0; location_reference=https://www.serebii.net/pokearth/unova/casteliasewers.shtml; matched_location=Castelia Sewers",14,6,
TRAINER_WORKER_SCOTT,SCOTT,TRAINER_CLASS_WORKER,265,,,,TRAINER_PIC_B2W2_WORKER,,"black2white2_trainer_index=466; source_rom_paths=a/0/9/1,a/0/9/2; battle_type=0; trainer_class_id=26; ai=1; healer=false; money=10; prize=0; location_reference=https://www.serebii.net/pokearth/unova/casteliasewers.shtml; matched_location=Castelia Sewers",14,6,
TRAINER_CYCLIST_F_ADELAIDE,ADELAIDE,TRAINER_CLASS_CYCLIST_F,,,,,TRAINER_PIC_B2W2_CYCLIST_F,,"black2white2_trainer_index=467; source_rom_paths=a/0/9/1,a/0/9/2; battle_type=0; trainer_class_id=91; ai=1; healer=false; money=8; prize=0; location_unpaired=true",14,6,
TRAINER_CYCLIST_M_JEREMIAH,JEREMIAH,TRAINER_CLASS_CYCLIST_M,,,,,TRAINER_PIC_B2W2_CYCLIST_M,,"black2white2_trainer_index=468; source_rom_paths=a/0/9/1,a/0/9/2; battle_type=0; trainer_class_id=90; ai=1; healer=false; money=8; prize=0; location_unpaired=true",14,6,
TRAINER_BLACK_BELT_DRAGO,DRAGO,TRAINER_CLASS_BLACK_BELT,,,,,TRAINER_PIC_B2W2_BLACK_BELT,,"black2white2_trainer_index=469; source_rom_paths=a/0/9/1,a/0/9/2; battle_type=0; trainer_class_id=51; ai=3; healer=false; money=8; prize=0; location_unpaired=true",14,6,
TRAINER_BATTLE_GIRL_TIA,TIA,TRAINER_CLASS_BATTLE_GIRL,,,,,TRAINER_PIC_B2W2_BATTLE_GIRL,,"black2white2_trainer_index=470; source_rom_paths=a/0/9/1,a/0/9/2; battle_type=0; trainer_class_id=64; ai=3; healer=false; money=8; prize=0; location_unpaired=true",14,6,
TRAINER_BLACK_BELT_RICH,RICH,TRAINER_CLASS_BLACK_BELT,,,,,TRAINER_PIC_B2W2_BLACK_BELT,,"black2white2_trainer_index=471; source_rom_paths=a/0/9/1,a/0/9/2; battle_type=0; trainer_class_id=51; ai=3; healer=false; money=8; prize=0; location_unpaired=true",14,6,
TRAINER_BATTLE_GIRL_MAKI,MAKI,TRAINER_CLASS_BATTLE_GIRL,,,,,TRAINER_PIC_B2W2_BATTLE_GIRL,,"black2white2_trainer_index=472; source_rom_paths=a/0/9/1,a/0/9/2; battle_type=0; trainer_class_id=64; ai=3; healer=false; money=8; prize=0; location_unpaired=true",14,6,
TRAINER_PKMN_RANGER_M_JOHAN,JOHAN,TRAINER_CLASS_PKMN_RANGER_M,,,,,TRAINER_PIC_B2W2_POKEMON_RANGER_M,,"black2white2_trainer_index=473; source_rom_paths=a/0/9/1,a/0/9/2; battle_type=0; trainer_class_id=24; ai=7; healer=false; money=15; prize=156; location_unpaired=true",14,6,
TRAINER_PKMN_RANGER_F_MIKIKO,MIKIKO,TRAINER_CLASS_PKMN_RANGER_F,,,,,TRAINER_PIC_B2W2_POKEMON_RANGER_F,,"black2white2_trainer_index=474; source_rom_paths=a/0/9/1,a/0/9/2; battle_type=0; trainer_class_id=25; ai=7; healer=false; money=15; prize=156; location_unpaired=true",14,6,
TRAINER_HIKER_DON,DON,TRAINER_CLASS_HIKER,47,,,,TRAINER_PIC_B2W2_HIKER,,"black2white2_trainer_index=475; source_rom_paths=a/0/9/1,a/0/9/2; battle_type=0; trainer_class_id=74; ai=1; healer=false; money=8; prize=0; location_reference=https://www.serebii.net/pokearth/unova/route23.shtml; matched_location=Route 23",14,6,
TRAINER_HIKER_DOUG,DOUG,TRAINER_CLASS_HIKER,47,,,,TRAINER_PIC_B2W2_HIKER,,"black2white2_trainer_index=476; source_rom_paths=a/0/9/1,a/0/9/2; battle_type=0; trainer_class_id=74; ai=1; healer=false; money=8; prize=0; location_reference=https://www.serebii.net/pokearth/unova/route23.shtml; matched_location=Route 23",14,6,
TRAINER_BLACK_BELT_LUKE,LUKE,TRAINER_CLASS_BLACK_BELT,47,,,,TRAINER_PIC_B2W2_BLACK_BELT,,"black2white2_trainer_index=477; source_rom_paths=a/0/9/1,a/0/9/2; battle_type=0; trainer_class_id=51; ai=3; healer=false; money=8; prize=0; location_reference=https://www.serebii.net/pokearth/unova/route23.shtml; matched_location=Route 23",14,6,
TRAINER_BATTLE_GIRL_BRENDA,BRENDA,TRAINER_CLASS_BATTLE_GIRL,47,,,,TRAINER_PIC_B2W2_BATTLE_GIRL,,"black2white2_trainer_index=478; source_rom_paths=a/0/9/1,a/0/9/2; battle_type=0; trainer_class_id=64; ai=3; healer=false; money=8; prize=0; location_reference=https://www.serebii.net/pokearth/unova/route23.shtml; matched_location=Route 23",14,6,
TRAINER_ACE_TRAINER_F_JULIET,JULIET,TRAINER_CLASS_ACE_TRAINER_F,47,,,,TRAINER_PIC_B2W2_ACE_TRAINER_F,,"black2white2_trainer_index=479; source_rom_paths=a/0/9/1,a/0/9/2; battle_type=0; trainer_class_id=49; ai=7; healer=false; money=15; prize=0; location_reference=https://www.serebii.net/pokearth/unova/route23.shtml; matched_location=Route 23",14,6,
TRAINER_ACE_TRAINER_M_GRANT,GRANT,TRAINER_CLASS_ACE_TRAINER_M,47,,,,TRAINER_PIC_B2W2_ACE_TRAINER_M,,"black2white2_trainer_index=480; source_rom_paths=a/0/9/1,a/0/9/2; battle_type=0; trainer_class_id=50; ai=7; healer=false; money=15; prize=0; location_reference=https://www.serebii.net/pokearth/unova/route23.shtml; matched_location=Route 23",14,6,
TRAINER_BLACK_BELT_BENJAMIN,BENJAMIN,TRAINER_CLASS_BLACK_BELT,47,,,,TRAINER_PIC_B2W2_BLACK_BELT,,"black2white2_trainer_index=481; source_rom_paths=a/0/9/1,a/0/9/2; battle_type=0; trainer_class_id=51; ai=3; healer=false; money=8; prize=0; location_reference=https://www.serebii.net/pokearth/unova/route23.shtml; matched_location=Route 23",14,6,
TRAINER_BATTLE_GIRL_TIFFANY,TIFFANY,TRAINER_CLASS_BATTLE_GIRL,47,,,,TRAINER_PIC_B2W2_BATTLE_GIRL,,"black2white2_trainer_index=482; source_rom_paths=a/0/9/1,a/0/9/2; battle_type=0; trainer_class_id=64; ai=3; healer=false; money=8; prize=0; location_reference=https://www.serebii.net/pokearth/unova/route23.shtml; matched_location=Route 23",14,6,
TRAINER_PKMN_RANGER_F_LENA,LENA,TRAINER_CLASS_PKMN_RANGER_F,47,,,,TRAINER_PIC_B2W2_POKEMON_RANGER_F,,"black2white2_trainer_index=483; source_rom_paths=a/0/9/1,a/0/9/2; battle_type=0; trainer_class_id=25; ai=7; healer=false; money=15; prize=158; location_reference=https://www.serebii.net/pokearth/unova/route23.shtml; matched_location=Route 23",14,6,
TRAINER_PKMN_RANGER_M_STEVE,STEVE,TRAINER_CLASS_PKMN_RANGER_M,47,,,,TRAINER_PIC_B2W2_POKEMON_RANGER_M,,"black2white2_trainer_index=484; source_rom_paths=a/0/9/1,a/0/9/2; battle_type=0; trainer_class_id=24; ai=7; healer=false; money=15; prize=158; location_reference=https://www.serebii.net/pokearth/unova/route23.shtml; matched_location=Route 23",14,6,
TRAINER_ACE_TRAINER_M_TOM,TOM,TRAINER_CLASS_ACE_TRAINER_M,47,,,,TRAINER_PIC_B2W2_ACE_TRAINER_M,,"black2white2_trainer_index=485; source_rom_paths=a/0/9/1,a/0/9/2; battle_type=0; trainer_class_id=50; ai=7; healer=false; money=15; prize=0; location_reference=https://www.serebii.net/pokearth/unova/route23.shtml; matched_location=Route 23",14,6,
TRAINER_ACE_TRAINER_F_MIKI,MIKI,TRAINER_CLASS_ACE_TRAINER_F,47,,,,TRAINER_PIC_B2W2_ACE_TRAINER_F,,"black2white2_trainer_index=486; source_rom_paths=a/0/9/1,a/0/9/2; battle_type=0; trainer_class_id=49; ai=7; healer=false; money=15; prize=0; location_reference=https://www.serebii.net/pokearth/unova/route23.shtml; matched_location=Route 23",14,6,
TRAINER_HIKER_TEPPEI,TEPPEI,TRAINER_CLASS_HIKER,,,,,TRAINER_PIC_B2W2_HIKER,,"black2white2_trainer_index=487; source_rom_paths=a/0/9/1,a/0/9/2; battle_type=0; trainer_class_id=74; ai=1; healer=false; money=8; prize=0; location_unpaired=true",14,6,
TRAINER_HIKER_MANUEL,MANUEL,TRAINER_CLASS_HIKER,,,,,TRAINER_PIC_B2W2_HIKER,,"black2white2_trainer_index=488; source_rom_paths=a/0/9/1,a/0/9/2; battle_type=0; trainer_class_id=74; ai=1; healer=false; money=8; prize=0; location_unpaired=true",14,6,
TRAINER_WORKER_MORGANN,MORGANN,TRAINER_CLASS_WORKER,,,,,TRAINER_PIC_B2W2_WORKER,,"black2white2_trainer_index=489; source_rom_paths=a/0/9/1,a/0/9/2; battle_type=0; trainer_class_id=26; ai=1; healer=false; money=10; prize=0; location_unpaired=true",14,6,
TRAINER_WORKER_HERMAN,HERMAN,TRAINER_CLASS_WORKER,,,,,TRAINER_PIC_B2W2_WORKER,,"black2white2_trainer_index=490; source_rom_paths=a/0/9/1,a/0/9/2; battle_type=0; trainer_class_id=26; ai=1; healer=false; money=10; prize=0; location_unpaired=true",14,6,
TRAINER_WORKER_PAUL,PAUL,TRAINER_CLASS_WORKER,,,,,TRAINER_PIC_B2W2_WORKER,,"black2white2_trainer_index=491; source_rom_paths=a/0/9/1,a/0/9/2; battle_type=0; trainer_class_id=26; ai=1; healer=false; money=10; prize=0; location_unpaired=true",14,6,
TRAINER_WORKER_CLIFF,CLIFF,TRAINER_CLASS_WORKER,,,,,TRAINER_PIC_B2W2_WORKER,,"black2white2_trainer_index=492; source_rom_paths=a/0/9/1,a/0/9/2; battle_type=0; trainer_class_id=26; ai=1; healer=false; money=10; prize=0; location_unpaired=true",14,6,
TRAINER_ACE_TRAINER_M_DUSTY,DUSTY,TRAINER_CLASS_ACE_TRAINER_M,233,,,,TRAINER_PIC_B2W2_ACE_TRAINER_M,,"black2white2_trainer_index=493; source_rom_paths=a/0/9/1,a/0/9/2; battle_type=0; trainer_class_id=50; ai=7; healer=false; money=15; prize=0; location_reference=https://www.serebii.net/pokearth/unova/striatoncity.shtml; matched_location=Striaton City",14,6,
TRAINER_PKMN_TRAINER_CHILI,CHILI,TRAINER_CLASS_PKMN_TRAINER,,,,FULL_RESTORE,TRAINER_PIC_B2W2_CHILI,,"black2white2_trainer_index=494; source_rom_paths=a/0/9/1,a/0/9/2; battle_type=0; trainer_class_id=10; ai=135; healer=false; money=30; prize=0; location_unpaired=true",14,6,
TRAINER_PKMN_TRAINER_CRESS,CRESS,TRAINER_CLASS_PKMN_TRAINER,,,,FULL_RESTORE,TRAINER_PIC_B2W2_CRESS,,"black2white2_trainer_index=495; source_rom_paths=a/0/9/1,a/0/9/2; battle_type=0; trainer_class_id=12; ai=135; healer=false; money=30; prize=0; location_unpaired=true",14,6,
TRAINER_PKMN_TRAINER_CILAN,CILAN,TRAINER_CLASS_PKMN_TRAINER,,,,FULL_RESTORE,TRAINER_PIC_B2W2_CILAN,,"black2white2_trainer_index=496; source_rom_paths=a/0/9/1,a/0/9/2; battle_type=0; trainer_class_id=11; ai=135; healer=false; money=30; prize=0; location_unpaired=true",14,6,
TRAINER_TEAM_PLASMA_ZINZOLIN_2,ZINZOLIN,TRAINER_CLASS_TEAM_PLASMA,,,,,TRAINER_PIC_B2W2_ZINZOLIN,,"black2white2_trainer_index=497; source_rom_paths=a/0/9/1,a/0/9/2; battle_type=0; trainer_class_id=191; ai=7; healer=false; money=45; prize=0; location_unpaired=true",14,6,
TRAINER_TEAM_PLASMA_SHADOW_2,SHADOW,TRAINER_CLASS_TEAM_PLASMA,,,,,TRAINER_PIC_B2W2_SHADOW_TRIAD,,"black2white2_trainer_index=498; source_rom_paths=a/0/9/1,a/0/9/2; battle_type=0; trainer_class_id=192; ai=7; healer=false; money=45; prize=0; location_unpaired=true",14,6,
TRAINER_TEAM_PLASMA_SHADOW_3,SHADOW,TRAINER_CLASS_TEAM_PLASMA,,,,,TRAINER_PIC_B2W2_SHADOW_TRIAD,,"black2white2_trainer_index=499; source_rom_paths=a/0/9/1,a/0/9/2; battle_type=0; trainer_class_id=192; ai=7; healer=false; money=45; prize=0; location_unpaired=true",14,6,
TRAINER_TEAM_PLASMA_GRUNT_40,GRUNT,TRAINER_CLASS_TEAM_PLASMA,,,,,TRAINER_PIC_B2W2_PLASMA_GRUNT_M,,"black2white2_trainer_index=500; source_rom_paths=a/0/9/1,a/0/9/2; battle_type=0; trainer_class_id=187; ai=1; healer=false; money=10; prize=0; location_unpaired=true",14,6,
TRAINER_CLERK_M_CLEMENS,CLEMENS,TRAINER_CLASS_CLERK_M,,,,,TRAINER_PIC_B2W2_CLERK_M,,"black2white2_trainer_index=501; source_rom_paths=a/0/9/1,a/0/9/2; battle_type=0; trainer_class_id=66; ai=1; healer=false; money=10; prize=0; location_unpaired=true",14,6,
TRAINER_CLERK_M_WARREN,WARREN,TRAINER_CLASS_CLERK_M,,,,,TRAINER_PIC_B2W2_CLERK_M,,"black2white2_trainer_index=502; source_rom_paths=a/0/9/1,a/0/9/2; battle_type=0; trainer_class_id=66; ai=1; healer=false; money=10; prize=0; location_unpaired=true",14,6,
TRAINER_SCHOOL_KID_M_NEIL,NEIL,TRAINER_CLASS_SCHOOL_KID_M,,,,,TRAINER_PIC_B2W2_SCHOOL_KID_M,,"black2white2_trainer_index=503; source_rom_paths=a/0/9/1,a/0/9/2; battle_type=0; trainer_class_id=4; ai=5; healer=false; money=5; prize=0; location_unpaired=true",14,6,
TRAINER_BOSS_TRAINER_JARIEL,JARIEL,TRAINER_CLASS_BOSS_TRAINER,,,,,,,"black2white2_trainer_index=504; source_rom_paths=a/0/9/1,a/0/9/2; battle_type=0; trainer_class_id=161; ai=7; healer=false; money=50; prize=0; location_reference=https://www.serebii.net/pokearth/unova/whiteforest.shtml; location_unpaired=true",14,6,
TRAINER_BOSS_TRAINER_JANNA,JANNA,TRAINER_CLASS_BOSS_TRAINER,,,,,,,"black2white2_trainer_index=505; source_rom_paths=a/0/9/1,a/0/9/2; battle_type=0; trainer_class_id=164; ai=7; healer=false; money=50; prize=0; location_reference=https://www.serebii.net/pokearth/unova/blackcity.shtml; location_unpaired=true",14,6,
TRAINER_WORKER_LEO,LEO,TRAINER_CLASS_WORKER,,,,,TRAINER_PIC_B2W2_WORKER,,"black2white2_trainer_index=506; source_rom_paths=a/0/9/1,a/0/9/2; battle_type=0; trainer_class_id=26; ai=1; healer=false; money=10; prize=0; location_unpaired=true",14,6,
TRAINER_WORKER_BRAND,BRAND,TRAINER_CLASS_WORKER,,,,,TRAINER_PIC_B2W2_WORKER,,"black2white2_trainer_index=507; source_rom_paths=a/0/9/1,a/0/9/2; battle_type=0; trainer_class_id=26; ai=1; healer=false; money=10; prize=0; location_unpaired=true",14,6,
TRAINER_PKMN_RANGER_M_MAXWELL,MAXWELL,TRAINER_CLASS_PKMN_RANGER_M,,,,,TRAINER_PIC_B2W2_POKEMON_RANGER_M,,"black2white2_trainer_index=508; source_rom_paths=a/0/9/1,a/0/9/2; battle_type=0; trainer_class_id=24; ai=7; healer=false; money=15; prize=157; location_unpaired=true",14,6,
TRAINER_PKMN_RANGER_F_KATIE,KATIE,TRAINER_CLASS_PKMN_RANGER_F,,,,,TRAINER_PIC_B2W2_POKEMON_RANGER_F,,"black2white2_trainer_index=509; source_rom_paths=a/0/9/1,a/0/9/2; battle_type=0; trainer_class_id=25; ai=7; healer=false; money=15; prize=157; location_unpaired=true",14,6,
TRAINER_PSYCHIC_F_DUA,DUA,TRAINER_CLASS_PSYCHIC_F,,,,,TRAINER_PIC_B2W2_PSYCHIC_F,,"black2white2_trainer_index=510; source_rom_paths=a/0/9/1,a/0/9/2; battle_type=0; trainer_class_id=36; ai=5; healer=false; money=8; prize=0; location_unpaired=true",14,6,
TRAINER_PSYCHIC_M_PERRY,PERRY,TRAINER_CLASS_PSYCHIC_M,,,,,TRAINER_PIC_B2W2_PSYCHIC_M,,"black2white2_trainer_index=511; source_rom_paths=a/0/9/1,a/0/9/2; battle_type=0; trainer_class_id=35; ai=5; healer=false; money=8; prize=0; location_unpaired=true",14,6,
TRAINER_PSYCHIC_M_LOW,LOW,TRAINER_CLASS_PSYCHIC_M,,,,,TRAINER_PIC_B2W2_PSYCHIC_M,,"black2white2_trainer_index=512; source_rom_paths=a/0/9/1,a/0/9/2; battle_type=0; trainer_class_id=35; ai=5; healer=false; money=8; prize=0; location_unpaired=true",14,6,
TRAINER_BACKPACKER_M_KIYO,KIYO,TRAINER_CLASS_BACKPACKER_M,,,,,TRAINER_PIC_B2W2_BACKPACKER_M,,"black2white2_trainer_index=513; source_rom_paths=a/0/9/1,a/0/9/2; battle_type=0; trainer_class_id=27; ai=129; healer=false; money=6; prize=0; location_unpaired=true",14,6,
TRAINER_BACKPACKER_F_KUMIKO,KUMIKO,TRAINER_CLASS_BACKPACKER_F,,,,,TRAINER_PIC_B2W2_BACKPACKER_F,,"black2white2_trainer_index=514; source_rom_paths=a/0/9/1,a/0/9/2; battle_type=0; trainer_class_id=28; ai=129; healer=false; money=6; prize=0; location_unpaired=true",14,6,
TRAINER_PKMN_RANGER_M_LEWIS,LEWIS,TRAINER_CLASS_PKMN_RANGER_M,,,,,TRAINER_PIC_B2W2_POKEMON_RANGER_M,,"black2white2_trainer_index=515; source_rom_paths=a/0/9/1,a/0/9/2; battle_type=0; trainer_class_id=24; ai=7; healer=false; money=15; prize=156; location_unpaired=true",14,6,
TRAINER_PKMN_RANGER_M_LEWIS_2,LEWIS,TRAINER_CLASS_PKMN_RANGER_M,,,,,TRAINER_PIC_B2W2_POKEMON_RANGER_M,,"black2white2_trainer_index=516; source_rom_paths=a/0/9/1,a/0/9/2; battle_type=0; trainer_class_id=24; ai=7; healer=false; money=15; prize=152; location_unpaired=true",14,6,
TRAINER_PKMN_RANGER_F_ELIZA,ELIZA,TRAINER_CLASS_PKMN_RANGER_F,,,,,TRAINER_PIC_B2W2_POKEMON_RANGER_F,,"black2white2_trainer_index=517; source_rom_paths=a/0/9/1,a/0/9/2; battle_type=0; trainer_class_id=25; ai=7; healer=false; money=15; prize=156; location_unpaired=true",14,6,
TRAINER_PKMN_RANGER_F_ELIZA_2,ELIZA,TRAINER_CLASS_PKMN_RANGER_F,,,,,TRAINER_PIC_B2W2_POKEMON_RANGER_F,,"black2white2_trainer_index=518; source_rom_paths=a/0/9/1,a/0/9/2; battle_type=0; trainer_class_id=25; ai=7; healer=false; money=15; prize=152; location_unpaired=true",14,6,
TRAINER_ACE_TRAINER_M_RAY,RAY,TRAINER_CLASS_ACE_TRAINER_M,,,,,TRAINER_PIC_B2W2_ACE_TRAINER_M,,"black2white2_trainer_index=519; source_rom_paths=a/0/9/1,a/0/9/2; battle_type=0; trainer_class_id=50; ai=135; healer=false; money=15; prize=0; location_unpaired=true",14,6,
TRAINER_ACE_TRAINER_F_CORA,CORA,TRAINER_CLASS_ACE_TRAINER_F,,,,,TRAINER_PIC_B2W2_ACE_TRAINER_F,,"black2white2_trainer_index=520; source_rom_paths=a/0/9/1,a/0/9/2; battle_type=0; trainer_class_id=49; ai=135; healer=false; money=15; prize=0; location_unpaired=true",14,6,
TRAINER_HIKER_JARED,JARED,TRAINER_CLASS_HIKER,,,,,TRAINER_PIC_B2W2_HIKER,,"black2white2_trainer_index=521; source_rom_paths=a/0/9/1,a/0/9/2; battle_type=0; trainer_class_id=74; ai=129; healer=false; money=8; prize=0; location_unpaired=true",14,6,
TRAINER_HIKER_MARKUS,MARKUS,TRAINER_CLASS_HIKER,,,,,TRAINER_PIC_B2W2_HIKER,,"black2white2_trainer_index=522; source_rom_paths=a/0/9/1,a/0/9/2; battle_type=0; trainer_class_id=74; ai=129; healer=false; money=8; prize=0; location_unpaired=true",14,6,
TRAINER_BLACK_BELT_COREY,COREY,TRAINER_CLASS_BLACK_BELT,,,,,TRAINER_PIC_B2W2_BLACK_BELT,,"black2white2_trainer_index=523; source_rom_paths=a/0/9/1,a/0/9/2; battle_type=3; trainer_class_id=51; ai=3; healer=false; money=8; prize=0; location_unpaired=true",14,6,
TRAINER_BATTLE_GIRL_CHAN,CHAN,TRAINER_CLASS_BATTLE_GIRL,,,,,TRAINER_PIC_B2W2_BATTLE_GIRL,,"black2white2_trainer_index=524; source_rom_paths=a/0/9/1,a/0/9/2; battle_type=2; trainer_class_id=64; ai=131; healer=false; money=8; prize=0; location_unpaired=true",14,6,
TRAINER_WORKER_CAIRN,CAIRN,TRAINER_CLASS_WORKER,,,,,TRAINER_PIC_B2W2_WORKER,,"black2white2_trainer_index=525; source_rom_paths=a/0/9/1,a/0/9/2; battle_type=0; trainer_class_id=26; ai=1; healer=false; money=10; prize=0; location_unpaired=true",14,6,
TRAINER_WORKER_GUS,GUS,TRAINER_CLASS_WORKER,,,,,TRAINER_PIC_B2W2_WORKER,,"black2white2_trainer_index=526; source_rom_paths=a/0/9/1,a/0/9/2; battle_type=0; trainer_class_id=26; ai=1; healer=false; money=10; prize=0; location_unpaired=true",14,6,
TRAINER_WORKER_VICTOR,VICTOR,TRAINER_CLASS_WORKER,,,,,TRAINER_PIC_B2W2_WORKERICE,,"black2white2_trainer_index=527; source_rom_paths=a/0/9/1,a/0/9/2; battle_type=0; trainer_class_id=44; ai=1; healer=false; money=10; prize=0; location_unpaired=true",14,6,
TRAINER_WORKER_PATTON,PATTON,TRAINER_CLASS_WORKER,,,,,TRAINER_PIC_B2W2_WORKERICE,,"black2white2_trainer_index=528; source_rom_paths=a/0/9/1,a/0/9/2; battle_type=0; trainer_class_id=44; ai=1; healer=false; money=10; prize=0; location_unpaired=true",14,6,
TRAINER_WORKER_RYAN,RYAN,TRAINER_CLASS_WORKER,,,,,TRAINER_PIC_B2W2_WORKERICE,,"black2white2_trainer_index=529; source_rom_paths=a/0/9/1,a/0/9/2; battle_type=0; trainer_class_id=44; ai=1; healer=false; money=10; prize=0; location_unpaired=true",14,6,
TRAINER_HIKER_HUNTER,HUNTER,TRAINER_CLASS_HIKER,,,,,TRAINER_PIC_B2W2_HIKER,,"black2white2_trainer_index=530; source_rom_paths=a/0/9/1,a/0/9/2; battle_type=0; trainer_class_id=74; ai=1; healer=false; money=8; prize=0; location_unpaired=true",14,6,
TRAINER_HIKER_WADE,WADE,TRAINER_CLASS_HIKER,,,,,TRAINER_PIC_B2W2_HIKER,,"black2white2_trainer_index=531; source_rom_paths=a/0/9/1,a/0/9/2; battle_type=0; trainer_class_id=74; ai=1; healer=false; money=8; prize=0; location_unpaired=true",14,6,
TRAINER_VETERAN_M_ZACH,ZACH,TRAINER_CLASS_VETERAN_M,,,,,TRAINER_PIC_B2W2_VETERAN_M,,"black2white2_trainer_index=532; source_rom_paths=a/0/9/1,a/0/9/2; battle_type=0; trainer_class_id=70; ai=7; healer=false; money=20; prize=0; location_unpaired=true",14,6,
TRAINER_VETERAN_F_JULIA,JULIA,TRAINER_CLASS_VETERAN_F,,,,,TRAINER_PIC_B2W2_VETERAN_F,,"black2white2_trainer_index=533; source_rom_paths=a/0/9/1,a/0/9/2; battle_type=0; trainer_class_id=71; ai=7; healer=false; money=20; prize=0; location_unpaired=true",14,6,
TRAINER_VETERAN_M_CARTER,CARTER,TRAINER_CLASS_VETERAN_M,,,,,TRAINER_PIC_B2W2_VETERAN_M,,"black2white2_trainer_index=534; source_rom_paths=a/0/9/1,a/0/9/2; battle_type=2; trainer_class_id=70; ai=135; healer=false; money=20; prize=0; location_unpaired=true",14,6,
TRAINER_VETERAN_F_CHLORIS,CHLORIS,TRAINER_CLASS_VETERAN_F,,,,,TRAINER_PIC_B2W2_VETERAN_F,,"black2white2_trainer_index=535; source_rom_paths=a/0/9/1,a/0/9/2; battle_type=3; trainer_class_id=71; ai=7; healer=false; money=20; prize=0; location_unpaired=true",14,6,
TRAINER_CHAMPION_IRIS_2,IRIS,TRAINER_CLASS_CHAMPION,,,,"FULL_RESTORE,FULL_RESTORE,FULL_RESTORE,FULL_RESTORE",TRAINER_PIC_B2W2_IRIS,,"black2white2_trainer_index=536; source_rom_paths=a/0/9/1,a/0/9/2; battle_type=0; trainer_class_id=193; ai=7; healer=false; money=50; prize=0; location_unpaired=true",14,6,
TRAINER_GUITARIST_ANNA,ANNA,TRAINER_CLASS_GUITARIST,,,,,TRAINER_PIC_B2W2_GUITARIST,,"black2white2_trainer_index=537; source_rom_paths=a/0/9/1,a/0/9/2; battle_type=0; trainer_class_id=146; ai=1; healer=false; money=8; prize=0; location_unpaired=true",14,6,
TRAINER_GUITARIST_BEVERLY,BEVERLY,TRAINER_CLASS_GUITARIST,,,,,TRAINER_PIC_B2W2_GUITARIST,,"black2white2_trainer_index=538; source_rom_paths=a/0/9/1,a/0/9/2; battle_type=0; trainer_class_id=146; ai=1; healer=false; money=8; prize=0; location_unpaired=true",14,6,
TRAINER_HIKER_OTTO,OTTO,TRAINER_CLASS_HIKER,,,,,TRAINER_PIC_B2W2_HIKER,,"black2white2_trainer_index=539; source_rom_paths=a/0/9/1,a/0/9/2; battle_type=0; trainer_class_id=74; ai=1; healer=false; money=8; prize=0; location_unpaired=true",14,6,
TRAINER_HIKER_JEREMY,JEREMY,TRAINER_CLASS_HIKER,,,,,TRAINER_PIC_B2W2_HIKER,,"black2white2_trainer_index=540; source_rom_paths=a/0/9/1,a/0/9/2; battle_type=0; trainer_class_id=74; ai=1; healer=false; money=8; prize=0; location_unpaired=true",14,6,
TRAINER_SCIENTIST_RONALD,RONALD,TRAINER_CLASS_SCIENTIST,,,,X_ATTACK,TRAINER_PIC_B2W2_SCIENTIST_M,,"black2white2_trainer_index=541; source_rom_paths=a/0/9/1,a/0/9/2; battle_type=0; trainer_class_id=52; ai=5; healer=false; money=12; prize=0; location_unpaired=true",14,6,
TRAINER_SCIENTIST_LUMI,LUMI,TRAINER_CLASS_SCIENTIST,,,,X_SPECIAL,TRAINER_PIC_B2W2_SCIENTIST_F,,"black2white2_trainer_index=542; source_rom_paths=a/0/9/1,a/0/9/2; battle_type=0; trainer_class_id=46; ai=5; healer=false; money=12; prize=0; location_unpaired=true",14,6,
TRAINER_PKMN_RANGER_F_BRIANA,BRIANA,TRAINER_CLASS_PKMN_RANGER_F,,,,,TRAINER_PIC_B2W2_POKEMON_RANGER_F,,"black2white2_trainer_index=543; source_rom_paths=a/0/9/1,a/0/9/2; battle_type=0; trainer_class_id=25; ai=7; healer=false; money=15; prize=150; location_unpaired=true",14,6,
TRAINER_PKMN_RANGER_M_LOUIS,LOUIS,TRAINER_CLASS_PKMN_RANGER_M,,,,,TRAINER_PIC_B2W2_POKEMON_RANGER_M,,"black2white2_trainer_index=544; source_rom_paths=a/0/9/1,a/0/9/2; battle_type=0; trainer_class_id=24; ai=7; healer=false; money=15; prize=150; location_unpaired=true",14,6,
TRAINER_ACE_TRAINER_F_VICKI,VICKI,TRAINER_CLASS_ACE_TRAINER_F,,,,,TRAINER_PIC_B2W2_ACE_TRAINER_F,,"black2white2_trainer_index=545; source_rom_paths=a/0/9/1,a/0/9/2; battle_type=3; trainer_class_id=49; ai=7; healer=false; money=15; prize=0; location_unpaired=true",14,6,
TRAINER_ACE_TRAINER_M_CORKY,CORKY,TRAINER_CLASS_ACE_TRAINER_M,,,,,TRAINER_PIC_B2W2_ACE_TRAINER_M,,"black2white2_trainer_index=546; source_rom_paths=a/0/9/1,a/0/9/2; battle_type=2; trainer_class_id=50; ai=135; healer=false; money=15; prize=0; location_unpaired=true",14,6,
TRAINER_ACE_TRAINER_M_SHAYE,SHAYE,TRAINER_CLASS_ACE_TRAINER_M,,,,,TRAINER_PIC_B2W2_ACE_TRAINER_M,,"black2white2_trainer_index=547; source_rom_paths=a/0/9/1,a/0/9/2; battle_type=0; trainer_class_id=50; ai=7; healer=false; money=15; prize=0; location_unpaired=true",14,6,
TRAINER_ACE_TRAINER_F_MARY,MARY,TRAINER_CLASS_ACE_TRAINER_F,,,,,TRAINER_PIC_B2W2_ACE_TRAINER_F,,"black2white2_trainer_index=548; source_rom_paths=a/0/9/1,a/0/9/2; battle_type=0; trainer_class_id=49; ai=7; healer=false; money=15; prize=0; location_unpaired=true",14,6,
TRAINER_POKEFAN_M_JUDE,JUDE,TRAINER_CLASS_POKEFAN_M,,,,HYPER_POTION,TRAINER_PIC_B2W2_POKEFAN_M,,"black2white2_trainer_index=549; source_rom_paths=a/0/9/1,a/0/9/2; battle_type=0; trainer_class_id=59; ai=1; healer=false; money=16; prize=0; location_unpaired=true",14,6,
TRAINER_POKEFAN_F_GEORGIA,GEORGIA,TRAINER_CLASS_POKEFAN_F,,,,HYPER_POTION,TRAINER_PIC_B2W2_POKEFAN_F,,"black2white2_trainer_index=550; source_rom_paths=a/0/9/1,a/0/9/2; battle_type=0; trainer_class_id=60; ai=1; healer=false; money=16; prize=0; location_unpaired=true",14,6,
TRAINER_GENTLEMAN_DANIEL,DANIEL,TRAINER_CLASS_GENTLEMAN,,,,,TRAINER_PIC_B2W2_GENTLEMAN,,"black2white2_trainer_index=551; source_rom_paths=a/0/9/1,a/0/9/2; battle_type=0; trainer_class_id=76; ai=1; healer=false; money=50; prize=0; location_unpaired=true",14,6,
TRAINER_SOCIALITE_GRACE,GRACE,TRAINER_CLASS_SOCIALITE,,,,,TRAINER_PIC_B2W2_SOCIALITE,,"black2white2_trainer_index=552; source_rom_paths=a/0/9/1,a/0/9/2; battle_type=0; trainer_class_id=75; ai=1; healer=false; money=50; prize=0; location_unpaired=true",14,6,
TRAINER_PSYCHIC_M_MICKI,MICKI,TRAINER_CLASS_PSYCHIC_M,,,,,TRAINER_PIC_B2W2_PSYCHIC_M,,"black2white2_trainer_index=553; source_rom_paths=a/0/9/1,a/0/9/2; battle_type=0; trainer_class_id=35; ai=5; healer=false; money=8; prize=0; location_unpaired=true",14,6,
TRAINER_PSYCHIC_F_JOYCE,JOYCE,TRAINER_CLASS_PSYCHIC_F,,,,,TRAINER_PIC_B2W2_PSYCHIC_F,,"black2white2_trainer_index=554; source_rom_paths=a/0/9/1,a/0/9/2; battle_type=0; trainer_class_id=36; ai=5; healer=false; money=8; prize=0; location_unpaired=true",14,6,
TRAINER_PSYCHIC_M_BRYCE,BRYCE,TRAINER_CLASS_PSYCHIC_M,,,,,TRAINER_PIC_B2W2_PSYCHIC_M,,"black2white2_trainer_index=555; source_rom_paths=a/0/9/1,a/0/9/2; battle_type=0; trainer_class_id=35; ai=5; healer=false; money=8; prize=0; location_unpaired=true",14,6,
TRAINER_PSYCHIC_F_SARAH,SARAH,TRAINER_CLASS_PSYCHIC_F,,,,,TRAINER_PIC_B2W2_PSYCHIC_F,,"black2white2_trainer_index=556; source_rom_paths=a/0/9/1,a/0/9/2; battle_type=0; trainer_class_id=36; ai=5; healer=false; money=8; prize=0; location_unpaired=true",14,6,
TRAINER_YOUNGSTER_JAYE,JAYE,TRAINER_CLASS_YOUNGSTER,253,,,,TRAINER_PIC_B2W2_YOUNGSTER,,"black2white2_trainer_index=557; source_rom_paths=a/0/9/1,a/0/9/2; battle_type=0; trainer_class_id=2; ai=1; healer=false; money=4; prize=0; location_reference=https://www.serebii.net/pokearth/unova/abundantshrine.shtml; matched_location=Abundant Shrine",14,6,
TRAINER_LASS_LURLEEN,LURLEEN,TRAINER_CLASS_LASS,253,,,,TRAINER_PIC_B2W2_LASS,,"black2white2_trainer_index=558; source_rom_paths=a/0/9/1,a/0/9/2; battle_type=0; trainer_class_id=3; ai=1; healer=false; money=4; prize=0; location_reference=https://www.serebii.net/pokearth/unova/abundantshrine.shtml; matched_location=Abundant Shrine",14,6,
TRAINER_YOUNGSTER_WES,WES,TRAINER_CLASS_YOUNGSTER,253,,,,TRAINER_PIC_B2W2_YOUNGSTER,,"black2white2_trainer_index=559; source_rom_paths=a/0/9/1,a/0/9/2; battle_type=0; trainer_class_id=2; ai=1; healer=false; money=4; prize=0; location_reference=https://www.serebii.net/pokearth/unova/abundantshrine.shtml; matched_location=Abundant Shrine",14,6,
TRAINER_TWINS_RAE_ULA,RAE & ULA,TRAINER_CLASS_TWINS,253,,,,TRAINER_PIC_B2W2_TWINS,1,"black2white2_trainer_index=560; source_rom_paths=a/0/9/1,a/0/9/2; battle_type=1; trainer_class_id=16; ai=128; healer=false; money=4; prize=0; location_reference=https://www.serebii.net/pokearth/unova/abundantshrine.shtml; matched_location=Abundant Shrine",14,6,
TRAINER_HIKER_TOBIAS,TOBIAS,TRAINER_CLASS_HIKER,,,,,TRAINER_PIC_B2W2_HIKER,,"black2white2_trainer_index=561; source_rom_paths=a/0/9/1,a/0/9/2; battle_type=0; trainer_class_id=74; ai=1; healer=false; money=8; prize=0; location_unpaired=true",14,6,
TRAINER_HIKER_KEITH,KEITH,TRAINER_CLASS_HIKER,,,,,TRAINER_PIC_B2W2_HIKER,,"black2white2_trainer_index=562; source_rom_paths=a/0/9/1,a/0/9/2; battle_type=0; trainer_class_id=74; ai=1; healer=false; money=8; prize=0; location_unpaired=true",14,6,
TRAINER_BACKPACKER_M_KENDALL,KENDALL,TRAINER_CLASS_BACKPACKER_M,,,,,TRAINER_PIC_B2W2_BACKPACKER_M,,"black2white2_trainer_index=563; source_rom_paths=a/0/9/1,a/0/9/2; battle_type=0; trainer_class_id=27; ai=1; healer=false; money=6; prize=0; location_unpaired=true",14,6,
TRAINER_BACKPACKER_M_RANDALL,RANDALL,TRAINER_CLASS_BACKPACKER_M,,,,,TRAINER_PIC_B2W2_BACKPACKER_M,,"black2white2_trainer_index=564; source_rom_paths=a/0/9/1,a/0/9/2; battle_type=0; trainer_class_id=27; ai=1; healer=false; money=6; prize=0; location_unpaired=true",14,6,
TRAINER_BACKPACKER_F_ANNIE,ANNIE,TRAINER_CLASS_BACKPACKER_F,,,,,TRAINER_PIC_B2W2_BACKPACKER_F,,"black2white2_trainer_index=565; source_rom_paths=a/0/9/1,a/0/9/2; battle_type=0; trainer_class_id=28; ai=1; healer=false; money=6; prize=0; location_unpaired=true",14,6,
TRAINER_BACKPACKER_F_EILEEN,EILEEN,TRAINER_CLASS_BACKPACKER_F,,,,,TRAINER_PIC_B2W2_BACKPACKER_F,,"black2white2_trainer_index=566; source_rom_paths=a/0/9/1,a/0/9/2; battle_type=0; trainer_class_id=28; ai=1; healer=false; money=6; prize=0; location_unpaired=true",14,6,
TRAINER_SCIENTIST_TERRANCE,TERRANCE,TRAINER_CLASS_SCIENTIST,,,,X_SP_DEF,TRAINER_PIC_B2W2_SCIENTIST_M,,"black2white2_trainer_index=567; source_rom_paths=a/0/9/1,a/0/9/2; battle_type=0; trainer_class_id=52; ai=5; healer=false; money=12; prize=0; location_unpaired=true",14,6,
TRAINER_SCIENTIST_LUMINA,LUMINA,TRAINER_CLASS_SCIENTIST,,,,X_DEFEND,TRAINER_PIC_B2W2_SCIENTIST_F,,"black2white2_trainer_index=568; source_rom_paths=a/0/9/1,a/0/9/2; battle_type=0; trainer_class_id=46; ai=5; healer=false; money=12; prize=0; location_unpaired=true",14,6,
TRAINER_PSYCHIC_M_TULLY,TULLY,TRAINER_CLASS_PSYCHIC_M,,,,,TRAINER_PIC_B2W2_PSYCHIC_M,,"black2white2_trainer_index=569; source_rom_paths=a/0/9/1,a/0/9/2; battle_type=0; trainer_class_id=35; ai=5; healer=false; money=8; prize=0; location_unpaired=true",14,6,
TRAINER_PSYCHIC_F_ENA,ENA,TRAINER_CLASS_PSYCHIC_F,,,,,TRAINER_PIC_B2W2_PSYCHIC_F,,"black2white2_trainer_index=570; source_rom_paths=a/0/9/1,a/0/9/2; battle_type=0; trainer_class_id=36; ai=5; healer=false; money=8; prize=0; location_unpaired=true",14,6,
TRAINER_YOUNGSTER_ASTOR,ASTOR,TRAINER_CLASS_YOUNGSTER,,,,,TRAINER_PIC_B2W2_YOUNGSTER,,"black2white2_trainer_index=571; source_rom_paths=a/0/9/1,a/0/9/2; battle_type=0; trainer_class_id=2; ai=1; healer=false; money=4; prize=0; location_reference=https://www.serebii.net/pokearth/unova/route8.shtml; location_unpaired=true",14,6,
TRAINER_LASS_MAI,MAI,TRAINER_CLASS_LASS,,,,,TRAINER_PIC_B2W2_LASS,,"black2white2_trainer_index=572; source_rom_paths=a/0/9/1,a/0/9/2; battle_type=0; trainer_class_id=3; ai=1; healer=false; money=4; prize=0; location_reference=https://www.serebii.net/pokearth/unova/route8.shtml; location_unpaired=true",14,6,
TRAINER_PARASOL_LADY_INGRID,INGRID,TRAINER_CLASS_PARASOL_LADY,,,,,TRAINER_PIC_B2W2_PARASOL_LADY,,"black2white2_trainer_index=573; source_rom_paths=a/0/9/1,a/0/9/2; battle_type=3; trainer_class_id=65; ai=1; healer=false; money=8; prize=0; location_reference=https://www.serebii.net/pokearth/unova/route8.shtml; location_unpaired=true",14,6,
TRAINER_PARASOL_LADY_TYRA,TYRA,TRAINER_CLASS_PARASOL_LADY,,,,,TRAINER_PIC_B2W2_PARASOL_LADY,,"black2white2_trainer_index=574; source_rom_paths=a/0/9/1,a/0/9/2; battle_type=2; trainer_class_id=65; ai=129; healer=false; money=8; prize=0; location_reference=https://www.serebii.net/pokearth/unova/route8.shtml; location_unpaired=true",14,6,
TRAINER_FISHERMAN_RYDER,RYDER,TRAINER_CLASS_FISHERMAN,,,,,TRAINER_PIC_B2W2_FISHERMAN,,"black2white2_trainer_index=575; source_rom_paths=a/0/9/1,a/0/9/2; battle_type=0; trainer_class_id=29; ai=1; healer=false; money=8; prize=0; location_reference=https://www.serebii.net/pokearth/unova/route8.shtml; location_unpaired=true",14,6,
TRAINER_FISHERMAN_EUSTACE,EUSTACE,TRAINER_CLASS_FISHERMAN,250,,,,TRAINER_PIC_B2W2_FISHERMAN,,"black2white2_trainer_index=576; source_rom_paths=a/0/9/1,a/0/9/2; battle_type=0; trainer_class_id=29; ai=1; healer=false; money=8; prize=0; location_reference=https://www.serebii.net/pokearth/unova/mooroficirrus.shtml; matched_location=Moor of Icarus",14,6,
TRAINER_FISHERMAN_ARNOLD,ARNOLD,TRAINER_CLASS_FISHERMAN,250,,,,TRAINER_PIC_B2W2_FISHERMAN,,"black2white2_trainer_index=577; source_rom_paths=a/0/9/1,a/0/9/2; battle_type=0; trainer_class_id=29; ai=1; healer=false; money=8; prize=0; location_reference=https://www.serebii.net/pokearth/unova/mooroficirrus.shtml; matched_location=Moor of Icarus",14,6,
TRAINER_PKMN_RANGER_M_PARKER,PARKER,TRAINER_CLASS_PKMN_RANGER_M,250,,,,TRAINER_PIC_B2W2_POKEMON_RANGER_M,,"black2white2_trainer_index=578; source_rom_paths=a/0/9/1,a/0/9/2; battle_type=0; trainer_class_id=24; ai=7; healer=false; money=15; prize=157; location_reference=https://www.serebii.net/pokearth/unova/mooroficirrus.shtml; matched_location=Moor of Icarus",14,6,
TRAINER_PKMN_RANGER_F_ELAINE,ELAINE,TRAINER_CLASS_PKMN_RANGER_F,250,,,,TRAINER_PIC_B2W2_POKEMON_RANGER_F,,"black2white2_trainer_index=579; source_rom_paths=a/0/9/1,a/0/9/2; battle_type=0; trainer_class_id=25; ai=7; healer=false; money=15; prize=157; location_reference=https://www.serebii.net/pokearth/unova/mooroficirrus.shtml; matched_location=Moor of Icarus",14,6,
TRAINER_BLACK_BELT_ROCKY,ROCKY,TRAINER_CLASS_BLACK_BELT,,,,,TRAINER_PIC_B2W2_BLACK_BELT,,"black2white2_trainer_index=580; source_rom_paths=a/0/9/1,a/0/9/2; battle_type=0; trainer_class_id=51; ai=3; healer=false; money=8; prize=0; location_unpaired=true",14,6,
TRAINER_TEAM_PLASMA_COLRESS_2,COLRESS,TRAINER_CLASS_TEAM_PLASMA,,,,,TRAINER_PIC_B2W2_COLRESS,,"black2white2_trainer_index=581; source_rom_paths=a/0/9/1,a/0/9/2; battle_type=0; trainer_class_id=186; ai=7; healer=false; money=50; prize=0; location_unpaired=true",14,6,
TRAINER_PKMN_TRAINER_ALDER,ALDER,TRAINER_CLASS_PKMN_TRAINER,,,,"FULL_RESTORE,FULL_RESTORE",TRAINER_PIC_B2W2_ALDER,,"black2white2_trainer_index=582; source_rom_paths=a/0/9/1,a/0/9/2; battle_type=0; trainer_class_id=89; ai=7; healer=false; money=50; prize=0; location_reference=https://www.serebii.net/pokearth/unova/floccesytown.shtml; location_unpaired=true",14,6,
TRAINER_TEAM_PLASMA_SHADOW_4,SHADOW,TRAINER_CLASS_TEAM_PLASMA,,,,,TRAINER_PIC_B2W2_SHADOW_TRIAD,,"black2white2_trainer_index=583; source_rom_paths=a/0/9/1,a/0/9/2; battle_type=0; trainer_class_id=192; ai=7; healer=false; money=45; prize=0; location_reference=https://www.serebii.net/pokearth/unova/opelucidcity.shtml; location_unpaired=true",14,6,
TRAINER_TEAM_PLASMA_ZINZOLIN_3,ZINZOLIN,TRAINER_CLASS_TEAM_PLASMA,,,,,TRAINER_PIC_B2W2_ZINZOLIN,,"black2white2_trainer_index=584; source_rom_paths=a/0/9/1,a/0/9/2; battle_type=0; trainer_class_id=191; ai=7; healer=false; money=45; prize=0; location_reference=https://www.serebii.net/pokearth/unova/opelucidcity.shtml; location_unpaired=true",14,6,
TRAINER_TEAM_PLASMA_GRUNT_41,GRUNT,TRAINER_CLASS_TEAM_PLASMA,,,,,TRAINER_PIC_B2W2_PLASMA_GRUNT_M,,"black2white2_trainer_index=585; source_rom_paths=a/0/9/1,a/0/9/2; battle_type=0; trainer_class_id=187; ai=1; healer=false; money=10; prize=0; location_reference=https://www.serebii.net/pokearth/unova/opelucidcity.shtml; location_unpaired=true",14,6,
TRAINER_TEAM_PLASMA_GRUNT_42,GRUNT,TRAINER_CLASS_TEAM_PLASMA,,,,,TRAINER_PIC_B2W2_PLASMA_GRUNT_M,,"black2white2_trainer_index=586; source_rom_paths=a/0/9/1,a/0/9/2; battle_type=0; trainer_class_id=187; ai=1; healer=false; money=10; prize=0; location_reference=https://www.serebii.net/pokearth/unova/opelucidcity.shtml; location_unpaired=true",14,6,
TRAINER_TEAM_PLASMA_GRUNT_43,GRUNT,TRAINER_CLASS_TEAM_PLASMA,,,,,TRAINER_PIC_B2W2_PLASMA_GRUNT_F,,"black2white2_trainer_index=587; source_rom_paths=a/0/9/1,a/0/9/2; battle_type=0; trainer_class_id=188; ai=1; healer=false; money=10; prize=0; location_unpaired=true",14,6,
TRAINER_PKMN_TRAINER_RIVAL_13,RIVAL,TRAINER_CLASS_PKMN_TRAINER,,,,,TRAINER_PIC_B2W2_HUGH,,"black2white2_trainer_index=588; source_rom_paths=a/0/9/1,a/0/9/2; battle_type=0; trainer_class_id=145; ai=135; healer=false; money=25; prize=0; location_reference=https://www.serebii.net/pokearth/unova/casteliasewers.shtml; location_unpaired=true",14,6,
TRAINER_PKMN_TRAINER_RIVAL_14,RIVAL,TRAINER_CLASS_PKMN_TRAINER,,,,,TRAINER_PIC_B2W2_HUGH,,"black2white2_trainer_index=589; source_rom_paths=a/0/9/1,a/0/9/2; battle_type=0; trainer_class_id=145; ai=135; healer=false; money=25; prize=0; location_reference=https://www.serebii.net/pokearth/unova/casteliasewers.shtml; location_unpaired=true",14,6,
TRAINER_PKMN_TRAINER_RIVAL_15,RIVAL,TRAINER_CLASS_PKMN_TRAINER,,,,,TRAINER_PIC_B2W2_HUGH,,"black2white2_trainer_index=590; source_rom_paths=a/0/9/1,a/0/9/2; battle_type=0; trainer_class_id=145; ai=135; healer=false; money=25; prize=0; location_reference=https://www.serebii.net/pokearth/unova/casteliasewers.shtml; location_unpaired=true",14,6,
TRAINER_GAME_FREAK_NISHINO_2,NISHINO,TRAINER_CLASS_GAME_FREAK,,,,"FULL_RESTORE,FULL_RESTORE,FULL_RESTORE,FULL_RESTORE",,,"black2white2_trainer_index=591; source_rom_paths=a/0/9/1,a/0/9/2; battle_type=0; trainer_class_id=196; ai=7; healer=false; money=20; prize=0; location_unpaired=true",14,6,
TRAINER_GAME_FREAK_MORIMOTO_2,MORIMOTO,TRAINER_CLASS_GAME_FREAK,,,,SUPER_POTION,,,"black2white2_trainer_index=592; source_rom_paths=a/0/9/1,a/0/9/2; battle_type=0; trainer_class_id=97; ai=7; healer=false; money=20; prize=0; location_unpaired=true",14,6,
TRAINER_YOUNGSTER_KEITA,KEITA,TRAINER_CLASS_YOUNGSTER,,,,,TRAINER_PIC_B2W2_YOUNGSTER,,"black2white2_trainer_index=593; source_rom_paths=a/0/9/1,a/0/9/2; battle_type=0; trainer_class_id=2; ai=1; healer=false; money=4; prize=0; location_unpaired=true",14,6,
TRAINER_ACE_TRAINER_M_BILLY,BILLY,TRAINER_CLASS_ACE_TRAINER_M,,,,,TRAINER_PIC_B2W2_ACE_TRAINER_M,,"black2white2_trainer_index=594; source_rom_paths=a/0/9/1,a/0/9/2; battle_type=0; trainer_class_id=50; ai=7; healer=false; money=15; prize=0; location_unpaired=true",14,6,
TRAINER_PSYCHIC_F_ALIA,ALIA,TRAINER_CLASS_PSYCHIC_F,,,,,TRAINER_PIC_B2W2_PSYCHIC_F,,"black2white2_trainer_index=595; source_rom_paths=a/0/9/1,a/0/9/2; battle_type=0; trainer_class_id=36; ai=5; healer=false; money=8; prize=0; location_unpaired=true",14,6,
TRAINER_ACE_TRAINER_F_JAMIE,JAMIE,TRAINER_CLASS_ACE_TRAINER_F,,,,,TRAINER_PIC_B2W2_ACE_TRAINER_F,,"black2white2_trainer_index=596; source_rom_paths=a/0/9/1,a/0/9/2; battle_type=0; trainer_class_id=49; ai=7; healer=false; money=15; prize=0; location_unpaired=true",14,6,
TRAINER_PSYCHIC_M_AL,AL,TRAINER_CLASS_PSYCHIC_M,,,,,TRAINER_PIC_B2W2_PSYCHIC_M,,"black2white2_trainer_index=597; source_rom_paths=a/0/9/1,a/0/9/2; battle_type=0; trainer_class_id=35; ai=5; healer=false; money=8; prize=0; location_unpaired=true",14,6,
TRAINER_ACE_TRAINER_M_BECKETT,BECKETT,TRAINER_CLASS_ACE_TRAINER_M,,,,,TRAINER_PIC_B2W2_ACE_TRAINER_M,,"black2white2_trainer_index=598; source_rom_paths=a/0/9/1,a/0/9/2; battle_type=0; trainer_class_id=50; ai=7; healer=false; money=15; prize=0; location_unpaired=true",14,6,
TRAINER_ACE_TRAINER_F_SHELLY,SHELLY,TRAINER_CLASS_ACE_TRAINER_F,,,,,TRAINER_PIC_B2W2_ACE_TRAINER_F,,"black2white2_trainer_index=599; source_rom_paths=a/0/9/1,a/0/9/2; battle_type=0; trainer_class_id=49; ai=7; healer=false; money=15; prize=0; location_unpaired=true",14,6,
TRAINER_VETERAN_F_CATHY,CATHY,TRAINER_CLASS_VETERAN_F,,,,,TRAINER_PIC_B2W2_VETERAN_F,,"black2white2_trainer_index=600; source_rom_paths=a/0/9/1,a/0/9/2; battle_type=0; trainer_class_id=71; ai=7; healer=false; money=20; prize=0; location_unpaired=true",14,6,
TRAINER_DOCTOR_LOGAN,LOGAN,TRAINER_CLASS_DOCTOR,,,,"FULL_HEAL,MAX_POTION",TRAINER_PIC_B2W2_DOCTOR,,"black2white2_trainer_index=601; source_rom_paths=a/0/9/1,a/0/9/2; battle_type=0; trainer_class_id=61; ai=7; healer=true; money=15; prize=0; location_unpaired=true",14,6,
TRAINER_ACE_TRAINER_M_WEBSTER,WEBSTER,TRAINER_CLASS_ACE_TRAINER_M,,,,,TRAINER_PIC_B2W2_ACE_TRAINER_M,,"black2white2_trainer_index=602; source_rom_paths=a/0/9/1,a/0/9/2; battle_type=0; trainer_class_id=50; ai=135; healer=false; money=15; prize=0; location_unpaired=true",14,6,
TRAINER_ACE_TRAINER_F_SHANTA,SHANTA,TRAINER_CLASS_ACE_TRAINER_F,,,,,TRAINER_PIC_B2W2_ACE_TRAINER_F,,"black2white2_trainer_index=603; source_rom_paths=a/0/9/1,a/0/9/2; battle_type=0; trainer_class_id=49; ai=135; healer=false; money=15; prize=0; location_unpaired=true",14,6,
TRAINER_VETERAN_M_STERLING,STERLING,TRAINER_CLASS_VETERAN_M,,,,,TRAINER_PIC_B2W2_VETERAN_M,,"black2white2_trainer_index=604; source_rom_paths=a/0/9/1,a/0/9/2; battle_type=0; trainer_class_id=70; ai=7; healer=false; money=20; prize=0; location_unpaired=true",14,6,
TRAINER_VETERAN_F_PORTIA,PORTIA,TRAINER_CLASS_VETERAN_F,,,,,TRAINER_PIC_B2W2_VETERAN_F,,"black2white2_trainer_index=605; source_rom_paths=a/0/9/1,a/0/9/2; battle_type=0; trainer_class_id=71; ai=7; healer=false; money=20; prize=0; location_unpaired=true",14,6,
TRAINER_ACE_TRAINER_F_CAROLL,CAROLL,TRAINER_CLASS_ACE_TRAINER_F,,,,,TRAINER_PIC_B2W2_ACE_TRAINER_F,,"black2white2_trainer_index=606; source_rom_paths=a/0/9/1,a/0/9/2; battle_type=0; trainer_class_id=49; ai=7; healer=false; money=15; prize=0; location_unpaired=true",14,6,
TRAINER_BLACK_BELT_MARTELL,MARTELL,TRAINER_CLASS_BLACK_BELT,,,,,TRAINER_PIC_B2W2_BLACK_BELT,,"black2white2_trainer_index=607; source_rom_paths=a/0/9/1,a/0/9/2; battle_type=0; trainer_class_id=51; ai=3; healer=false; money=8; prize=0; location_unpaired=true",14,6,
TRAINER_ACE_TRAINER_M_ELMER,ELMER,TRAINER_CLASS_ACE_TRAINER_M,,,,,TRAINER_PIC_B2W2_ACE_TRAINER_M,,"black2white2_trainer_index=608; source_rom_paths=a/0/9/1,a/0/9/2; battle_type=0; trainer_class_id=50; ai=7; healer=false; money=15; prize=0; location_unpaired=true",14,6,
TRAINER_BATTLE_GIRL_CHALINA,CHALINA,TRAINER_CLASS_BATTLE_GIRL,,,,,TRAINER_PIC_B2W2_BATTLE_GIRL,,"black2white2_trainer_index=609; source_rom_paths=a/0/9/1,a/0/9/2; battle_type=0; trainer_class_id=64; ai=3; healer=false; money=8; prize=0; location_unpaired=true",14,6,
TRAINER_ACE_TRAINER_M_PIERCE,PIERCE,TRAINER_CLASS_ACE_TRAINER_M,,,,,TRAINER_PIC_B2W2_ACE_TRAINER_M,,"black2white2_trainer_index=610; source_rom_paths=a/0/9/1,a/0/9/2; battle_type=0; trainer_class_id=50; ai=7; healer=false; money=15; prize=0; location_unpaired=true",14,6,
TRAINER_ACE_TRAINER_F_CHANDRA,CHANDRA,TRAINER_CLASS_ACE_TRAINER_F,,,,,TRAINER_PIC_B2W2_ACE_TRAINER_F,,"black2white2_trainer_index=611; source_rom_paths=a/0/9/1,a/0/9/2; battle_type=0; trainer_class_id=49; ai=7; healer=false; money=15; prize=0; location_unpaired=true",14,6,
TRAINER_VETERAN_M_HUGO,HUGO,TRAINER_CLASS_VETERAN_M,,,,,TRAINER_PIC_B2W2_VETERAN_M,,"black2white2_trainer_index=612; source_rom_paths=a/0/9/1,a/0/9/2; battle_type=0; trainer_class_id=70; ai=7; healer=false; money=20; prize=0; location_unpaired=true",14,6,
TRAINER_BACKPACKER_F_MAE,MAE,TRAINER_CLASS_BACKPACKER_F,,,,,TRAINER_PIC_B2W2_BACKPACKER_F,,"black2white2_trainer_index=613; source_rom_paths=a/0/9/1,a/0/9/2; battle_type=0; trainer_class_id=28; ai=1; healer=false; money=6; prize=0; location_unpaired=true",14,6,
TRAINER_VETERAN_M_CLAUDE,CLAUDE,TRAINER_CLASS_VETERAN_M,,,,,TRAINER_PIC_B2W2_VETERAN_M,,"black2white2_trainer_index=614; source_rom_paths=a/0/9/1,a/0/9/2; battle_type=0; trainer_class_id=70; ai=135; healer=false; money=20; prize=0; location_unpaired=true",14,6,
TRAINER_VETERAN_F_CECILE,CECILE,TRAINER_CLASS_VETERAN_F,,,,,TRAINER_PIC_B2W2_VETERAN_F,,"black2white2_trainer_index=615; source_rom_paths=a/0/9/1,a/0/9/2; battle_type=0; trainer_class_id=71; ai=135; healer=false; money=20; prize=0; location_unpaired=true",14,6,
TRAINER_NO_DATA_TRAINER_616,    ,TRAINER_CLASS_NO_DATA,,,,,,,"black2white2_trainer_index=616; source_rom_paths=a/0/9/1,a/0/9/2; battle_type=0; trainer_class_id=231; ai=1; healer=false; money=15; prize=0; location_unpaired=true",14,6,
TRAINER_NO_DATA_TRAINER_617,    ,TRAINER_CLASS_NO_DATA,,,,,,,"black2white2_trainer_index=617; source_rom_paths=a/0/9/1,a/0/9/2; battle_type=0; trainer_class_id=231; ai=1; healer=false; money=15; prize=0; location_unpaired=true",14,6,
TRAINER_NO_DATA_TRAINER_618,    ,TRAINER_CLASS_NO_DATA,,,,,,,"black2white2_trainer_index=618; source_rom_paths=a/0/9/1,a/0/9/2; battle_type=0; trainer_class_id=231; ai=1; healer=false; money=15; prize=0; location_unpaired=true",14,6,
TRAINER_NO_DATA_TRAINER_619,    ,TRAINER_CLASS_NO_DATA,,,,,,,"black2white2_trainer_index=619; source_rom_paths=a/0/9/1,a/0/9/2; battle_type=0; trainer_class_id=231; ai=1; healer=false; money=15; prize=0; location_unpaired=true",14,6,
TRAINER_NO_DATA_TRAINER_620,    ,TRAINER_CLASS_NO_DATA,,,,,,,"black2white2_trainer_index=620; source_rom_paths=a/0/9/1,a/0/9/2; battle_type=0; trainer_class_id=231; ai=1; healer=false; money=15; prize=0; location_unpaired=true",14,6,
TRAINER_RICH_BOY_ROLAN,ROLAN,TRAINER_CLASS_RICH_BOY,,,,,TRAINER_PIC_B2W2_RICH_BOY,,"black2white2_trainer_index=621; source_rom_paths=a/0/9/1,a/0/9/2; battle_type=0; trainer_class_id=41; ai=1; healer=false; money=40; prize=0; location_reference=https://www.serebii.net/pokearth/unova/nimbasacity.shtml; location_unpaired=true",14,6,
TRAINER_YOUNGSTER_ABE_2,ABE,TRAINER_CLASS_YOUNGSTER,,,,,TRAINER_PIC_B2W2_YOUNGSTER,,"black2white2_trainer_index=622; source_rom_paths=a/0/9/1,a/0/9/2; battle_type=0; trainer_class_id=2; ai=1; healer=false; money=4; prize=0; location_unpaired=true",14,6,
TRAINER_CLERK_M_CHAZ_2,CHAZ,TRAINER_CLASS_CLERK_M,,,,,TRAINER_PIC_B2W2_CLERK_M,,"black2white2_trainer_index=623; source_rom_paths=a/0/9/1,a/0/9/2; battle_type=0; trainer_class_id=66; ai=1; healer=false; money=10; prize=0; location_unpaired=true",14,6,
TRAINER_ACE_TRAINER_F_MARIANA_2,MARIANA,TRAINER_CLASS_ACE_TRAINER_F,,,,,TRAINER_PIC_B2W2_ACE_TRAINER_F,,"black2white2_trainer_index=624; source_rom_paths=a/0/9/1,a/0/9/2; battle_type=0; trainer_class_id=49; ai=7; healer=false; money=15; prize=0; location_unpaired=true",14,6,
TRAINER_ACE_TRAINER_M_HENRY_2,HENRY,TRAINER_CLASS_ACE_TRAINER_M,,,,,TRAINER_PIC_B2W2_ACE_TRAINER_M,,"black2white2_trainer_index=625; source_rom_paths=a/0/9/1,a/0/9/2; battle_type=0; trainer_class_id=50; ai=7; healer=false; money=15; prize=0; location_unpaired=true",14,6,
TRAINER_LASS_SIBYL_2,SIBYL,TRAINER_CLASS_LASS,,,,,TRAINER_PIC_B2W2_LASS,,"black2white2_trainer_index=626; source_rom_paths=a/0/9/1,a/0/9/2; battle_type=0; trainer_class_id=3; ai=1; healer=false; money=4; prize=0; location_unpaired=true",14,6,
TRAINER_RICH_BOY_BRAD_2,BRAD,TRAINER_CLASS_RICH_BOY,,,,,TRAINER_PIC_B2W2_RICH_BOY,,"black2white2_trainer_index=627; source_rom_paths=a/0/9/1,a/0/9/2; battle_type=0; trainer_class_id=41; ai=1; healer=false; money=40; prize=0; location_unpaired=true",14,6,
TRAINER_LADY_ELIZANDRA_2,ELIZANDRA,TRAINER_CLASS_LADY,,,,,TRAINER_PIC_B2W2_LADY,,"black2white2_trainer_index=628; source_rom_paths=a/0/9/1,a/0/9/2; battle_type=0; trainer_class_id=42; ai=1; healer=false; money=40; prize=0; location_unpaired=true",14,6,
TRAINER_SOCIALITE_CASSANDRA_2,CASSANDRA,TRAINER_CLASS_SOCIALITE,,,,HYPER_POTION,TRAINER_PIC_B2W2_SOCIALITE,,"black2white2_trainer_index=629; source_rom_paths=a/0/9/1,a/0/9/2; battle_type=0; trainer_class_id=75; ai=1; healer=false; money=50; prize=0; location_unpaired=true",14,6,
TRAINER_GENTLEMAN_ROBERT_2,ROBERT,TRAINER_CLASS_GENTLEMAN,,,,HYPER_POTION,TRAINER_PIC_B2W2_GENTLEMAN,,"black2white2_trainer_index=630; source_rom_paths=a/0/9/1,a/0/9/2; battle_type=0; trainer_class_id=76; ai=1; healer=false; money=50; prize=0; location_unpaired=true",14,6,
TRAINER_MAID_TANYA_2,TANYA,TRAINER_CLASS_MAID,,,,,TRAINER_PIC_B2W2_MAID,,"black2white2_trainer_index=631; source_rom_paths=a/0/9/1,a/0/9/2; battle_type=0; trainer_class_id=87; ai=1; healer=false; money=10; prize=0; location_unpaired=true",14,6,
TRAINER_PKMN_TRAINER_CHEREN_2,CHEREN,TRAINER_CLASS_PKMN_TRAINER,,,,,TRAINER_PIC_B2W2_CHEREN,,"black2white2_trainer_index=632; source_rom_paths=a/0/9/1,a/0/9/2; battle_type=0; trainer_class_id=197; ai=135; healer=false; money=30; prize=0; location_unpaired=true",14,6,
TRAINER_SCHOOL_KID_M_KESTON,KESTON,TRAINER_CLASS_SCHOOL_KID_M,,,,,TRAINER_PIC_B2W2_SCHOOL_KID_M,,"black2white2_trainer_index=633; source_rom_paths=a/0/9/1,a/0/9/2; battle_type=0; trainer_class_id=4; ai=5; healer=false; money=5; prize=0; location_unpaired=true",14,6,
TRAINER_SCHOOL_KID_F_MILLIE,MILLIE,TRAINER_CLASS_SCHOOL_KID_F,,,,,TRAINER_PIC_B2W2_SCHOOL_KID_F,,"black2white2_trainer_index=634; source_rom_paths=a/0/9/1,a/0/9/2; battle_type=0; trainer_class_id=5; ai=5; healer=false; money=5; prize=0; location_unpaired=true",14,6,
TRAINER_ACE_TRAINER_M_KELSEY,KELSEY,TRAINER_CLASS_ACE_TRAINER_M,,,,,TRAINER_PIC_B2W2_ACE_TRAINER_M,,"black2white2_trainer_index=635; source_rom_paths=a/0/9/1,a/0/9/2; battle_type=0; trainer_class_id=50; ai=7; healer=false; money=15; prize=0; location_unpaired=true",14,6,
TRAINER_ACE_TRAINER_F_KATHRINE,KATHRINE,TRAINER_CLASS_ACE_TRAINER_F,,,,,TRAINER_PIC_B2W2_ACE_TRAINER_F,,"black2white2_trainer_index=636; source_rom_paths=a/0/9/1,a/0/9/2; battle_type=0; trainer_class_id=49; ai=7; healer=false; money=15; prize=0; location_unpaired=true",14,6,
TRAINER_BLACK_BELT_KENTARO,KENTARO,TRAINER_CLASS_BLACK_BELT,,,,,TRAINER_PIC_B2W2_BLACK_BELT,,"black2white2_trainer_index=637; source_rom_paths=a/0/9/1,a/0/9/2; battle_type=0; trainer_class_id=51; ai=3; healer=false; money=8; prize=0; location_unpaired=true",14,6,
TRAINER_BATTLE_GIRL_LEE,LEE,TRAINER_CLASS_BATTLE_GIRL,,,,,TRAINER_PIC_B2W2_BATTLE_GIRL,,"black2white2_trainer_index=638; source_rom_paths=a/0/9/1,a/0/9/2; battle_type=0; trainer_class_id=64; ai=3; healer=false; money=8; prize=0; location_unpaired=true",14,6,
TRAINER_PKMN_RANGER_M_RALPH,RALPH,TRAINER_CLASS_PKMN_RANGER_M,,,,,TRAINER_PIC_B2W2_POKEMON_RANGER_M,,"black2white2_trainer_index=639; source_rom_paths=a/0/9/1,a/0/9/2; battle_type=0; trainer_class_id=24; ai=7; healer=false; money=15; prize=157; location_unpaired=true",14,6,
TRAINER_PKMN_RANGER_M_DWAYNE,DWAYNE,TRAINER_CLASS_PKMN_RANGER_M,,,,,TRAINER_PIC_B2W2_POKEMON_RANGER_M,,"black2white2_trainer_index=640; source_rom_paths=a/0/9/1,a/0/9/2; battle_type=0; trainer_class_id=24; ai=7; healer=false; money=15; prize=158; location_unpaired=true",14,6,
TRAINER_PKMN_RANGER_F_MELITA,MELITA,TRAINER_CLASS_PKMN_RANGER_F,,,,,TRAINER_PIC_B2W2_POKEMON_RANGER_F,,"black2white2_trainer_index=641; source_rom_paths=a/0/9/1,a/0/9/2; battle_type=0; trainer_class_id=25; ai=7; healer=false; money=15; prize=157; location_unpaired=true",14,6,
TRAINER_PKMN_RANGER_F_HILLARY,HILLARY,TRAINER_CLASS_PKMN_RANGER_F,,,,,TRAINER_PIC_B2W2_POKEMON_RANGER_F,,"black2white2_trainer_index=642; source_rom_paths=a/0/9/1,a/0/9/2; battle_type=0; trainer_class_id=25; ai=7; healer=false; money=15; prize=158; location_unpaired=true",14,6,
TRAINER_VETERAN_M_SINAN,SINAN,TRAINER_CLASS_VETERAN_M,,,,,TRAINER_PIC_B2W2_VETERAN_M,,"black2white2_trainer_index=643; source_rom_paths=a/0/9/1,a/0/9/2; battle_type=0; trainer_class_id=70; ai=135; healer=false; money=20; prize=0; location_unpaired=true",14,6,
TRAINER_VETERAN_F_ROSALINE,ROSALINE,TRAINER_CLASS_VETERAN_F,,,,,TRAINER_PIC_B2W2_VETERAN_F,,"black2white2_trainer_index=644; source_rom_paths=a/0/9/1,a/0/9/2; battle_type=0; trainer_class_id=71; ai=135; healer=false; money=20; prize=0; location_unpaired=true",14,6,
TRAINER_YOUNGSTER_KEITA_2,KEITA,TRAINER_CLASS_YOUNGSTER,,,,,TRAINER_PIC_B2W2_YOUNGSTER,,"black2white2_trainer_index=645; source_rom_paths=a/0/9/1,a/0/9/2; battle_type=0; trainer_class_id=2; ai=1; healer=false; money=4; prize=0; location_unpaired=true",14,6,
TRAINER_YOUNGSTER_NICHOLAS,NICHOLAS,TRAINER_CLASS_YOUNGSTER,,,,,TRAINER_PIC_B2W2_YOUNGSTER,,"black2white2_trainer_index=646; source_rom_paths=a/0/9/1,a/0/9/2; battle_type=0; trainer_class_id=2; ai=1; healer=false; money=4; prize=0; location_unpaired=true",14,6,
TRAINER_NURSERY_AIDE_ETHEL,ETHEL,TRAINER_CLASS_NURSERY_AIDE,,,,,TRAINER_PIC_B2W2_NURSERY_AIDE,,"black2white2_trainer_index=647; source_rom_paths=a/0/9/1,a/0/9/2; battle_type=0; trainer_class_id=13; ai=1; healer=false; money=10; prize=0; location_unpaired=true",14,6,
TRAINER_PRESCHOOLER_M_JOJO,JOJO,TRAINER_CLASS_PRESCHOOLER_M,,,,,TRAINER_PIC_B2W2_PRESCHOOLER_M,,"black2white2_trainer_index=648; source_rom_paths=a/0/9/1,a/0/9/2; battle_type=0; trainer_class_id=15; ai=0; healer=false; money=1; prize=0; location_unpaired=true",14,6,
TRAINER_PRESCHOOLER_M_JOS,JOSÉ,TRAINER_CLASS_PRESCHOOLER_M,,,,,TRAINER_PIC_B2W2_PRESCHOOLER_M,,"black2white2_trainer_index=649; source_rom_paths=a/0/9/1,a/0/9/2; battle_type=0; trainer_class_id=15; ai=0; healer=false; money=1; prize=0; location_unpaired=true",14,6,
TRAINER_PRESCHOOLER_F_SAMANTHA,SAMANTHA,TRAINER_CLASS_PRESCHOOLER_F,,,,,TRAINER_PIC_B2W2_PRESCHOOLER_F,,"black2white2_trainer_index=650; source_rom_paths=a/0/9/1,a/0/9/2; battle_type=0; trainer_class_id=14; ai=0; healer=false; money=1; prize=0; location_unpaired=true",14,6,
TRAINER_TWINS_ALLY_AMY,ALLY & AMY,TRAINER_CLASS_TWINS,,,,,TRAINER_PIC_B2W2_TWINS,1,"black2white2_trainer_index=651; source_rom_paths=a/0/9/1,a/0/9/2; battle_type=1; trainer_class_id=16; ai=128; healer=false; money=4; prize=0; location_unpaired=true",14,6,
TRAINER_POKEFAN_M_ELLIOT,ELLIOT,TRAINER_CLASS_POKEFAN_M,34,,,FULL_RESTORE,TRAINER_PIC_B2W2_POKEFAN_M,,"black2white2_trainer_index=652; source_rom_paths=a/0/9/1,a/0/9/2; battle_type=0; trainer_class_id=59; ai=1; healer=false; money=16; prize=0; location_reference=https://www.serebii.net/pokearth/unova/route15.shtml; matched_location=Route 15",14,6,
TRAINER_POKEFAN_F_LYDIA,LYDIA,TRAINER_CLASS_POKEFAN_F,34,,,FULL_RESTORE,TRAINER_PIC_B2W2_POKEFAN_F,,"black2white2_trainer_index=653; source_rom_paths=a/0/9/1,a/0/9/2; battle_type=0; trainer_class_id=60; ai=1; healer=false; money=16; prize=0; location_reference=https://www.serebii.net/pokearth/unova/route15.shtml; matched_location=Route 15",14,6,
TRAINER_SCIENTIST_MARIE,MARIE,TRAINER_CLASS_SCIENTIST,34,,,X_DEFEND,TRAINER_PIC_B2W2_SCIENTIST_F,,"black2white2_trainer_index=654; source_rom_paths=a/0/9/1,a/0/9/2; battle_type=0; trainer_class_id=46; ai=5; healer=false; money=12; prize=0; location_reference=https://www.serebii.net/pokearth/unova/route15.shtml; matched_location=Route 15",14,6,
TRAINER_BACKPACKER_M_TALON,TALON,TRAINER_CLASS_BACKPACKER_M,34,,,,TRAINER_PIC_B2W2_BACKPACKER_M,,"black2white2_trainer_index=655; source_rom_paths=a/0/9/1,a/0/9/2; battle_type=0; trainer_class_id=27; ai=1; healer=false; money=6; prize=0; location_reference=https://www.serebii.net/pokearth/unova/route15.shtml; matched_location=Route 15",14,6,
TRAINER_BACKPACKER_F_CORIN,CORIN,TRAINER_CLASS_BACKPACKER_F,34,,,,TRAINER_PIC_B2W2_BACKPACKER_F,,"black2white2_trainer_index=656; source_rom_paths=a/0/9/1,a/0/9/2; battle_type=0; trainer_class_id=28; ai=1; healer=false; money=6; prize=0; location_reference=https://www.serebii.net/pokearth/unova/route15.shtml; matched_location=Route 15",14,6,
TRAINER_VETERAN_M_ABRAHAM,ABRAHAM,TRAINER_CLASS_VETERAN_M,,,,,TRAINER_PIC_B2W2_VETERAN_M,,"black2white2_trainer_index=657; source_rom_paths=a/0/9/1,a/0/9/2; battle_type=0; trainer_class_id=70; ai=7; healer=false; money=20; prize=0; location_unpaired=true",14,6,
TRAINER_PKMN_RANGER_M_EDDIE,EDDIE,TRAINER_CLASS_PKMN_RANGER_M,,,,,TRAINER_PIC_B2W2_POKEMON_RANGER_M,,"black2white2_trainer_index=658; source_rom_paths=a/0/9/1,a/0/9/2; battle_type=0; trainer_class_id=24; ai=7; healer=false; money=15; prize=149; location_unpaired=true",14,6,
TRAINER_PKMN_RANGER_F_ELLE,ELLE,TRAINER_CLASS_PKMN_RANGER_F,,,,,TRAINER_PIC_B2W2_POKEMON_RANGER_F,,"black2white2_trainer_index=659; source_rom_paths=a/0/9/1,a/0/9/2; battle_type=0; trainer_class_id=25; ai=7; healer=false; money=15; prize=152; location_unpaired=true",14,6,
TRAINER_NURSERY_AIDE_NAOISE,NAOISE,TRAINER_CLASS_NURSERY_AIDE,,,,,TRAINER_PIC_B2W2_NURSERY_AIDE,,"black2white2_trainer_index=660; source_rom_paths=a/0/9/1,a/0/9/2; battle_type=0; trainer_class_id=13; ai=1; healer=false; money=10; prize=0; location_unpaired=true",14,6,
TRAINER_GENTLEMAN_RICH,RICH,TRAINER_CLASS_GENTLEMAN,,,,,TRAINER_PIC_B2W2_GENTLEMAN,,"black2white2_trainer_index=661; source_rom_paths=a/0/9/1,a/0/9/2; battle_type=0; trainer_class_id=76; ai=1; healer=false; money=50; prize=0; location_unpaired=true",14,6,
TRAINER_BACKPACKER_M_WALT,WALT,TRAINER_CLASS_BACKPACKER_M,,,,,TRAINER_PIC_B2W2_BACKPACKER_M,,"black2white2_trainer_index=662; source_rom_paths=a/0/9/1,a/0/9/2; battle_type=0; trainer_class_id=27; ai=1; healer=false; money=6; prize=0; location_unpaired=true",14,6,
TRAINER_BACKPACKER_M_SAM,SAM,TRAINER_CLASS_BACKPACKER_M,,,,,TRAINER_PIC_B2W2_BACKPACKER_M,,"black2white2_trainer_index=663; source_rom_paths=a/0/9/1,a/0/9/2; battle_type=0; trainer_class_id=27; ai=1; healer=false; money=6; prize=0; location_unpaired=true",14,6,
TRAINER_BACKPACKER_F_TAMI,TAMI,TRAINER_CLASS_BACKPACKER_F,,,,,TRAINER_PIC_B2W2_BACKPACKER_F,,"black2white2_trainer_index=664; source_rom_paths=a/0/9/1,a/0/9/2; battle_type=0; trainer_class_id=28; ai=1; healer=false; money=6; prize=0; location_unpaired=true",14,6,
TRAINER_BACKPACKER_F_CLARA,CLARA,TRAINER_CLASS_BACKPACKER_F,,,,,TRAINER_PIC_B2W2_BACKPACKER_F,,"black2white2_trainer_index=665; source_rom_paths=a/0/9/1,a/0/9/2; battle_type=0; trainer_class_id=28; ai=1; healer=false; money=6; prize=0; location_unpaired=true",14,6,
TRAINER_PKMN_RANGER_M_JADEN,JADEN,TRAINER_CLASS_PKMN_RANGER_M,,,,,TRAINER_PIC_B2W2_POKEMON_RANGER_M,,"black2white2_trainer_index=666; source_rom_paths=a/0/9/1,a/0/9/2; battle_type=0; trainer_class_id=24; ai=7; healer=false; money=15; prize=152; location_unpaired=true",14,6,
TRAINER_PKMN_RANGER_F_ANJA,ANJA,TRAINER_CLASS_PKMN_RANGER_F,,,,,TRAINER_PIC_B2W2_POKEMON_RANGER_F,,"black2white2_trainer_index=667; source_rom_paths=a/0/9/1,a/0/9/2; battle_type=0; trainer_class_id=25; ai=7; healer=false; money=15; prize=152; location_unpaired=true",14,6,
TRAINER_PSYCHIC_M_TOMMY,TOMMY,TRAINER_CLASS_PSYCHIC_M,,,,,TRAINER_PIC_B2W2_PSYCHIC_M,,"black2white2_trainer_index=668; source_rom_paths=a/0/9/1,a/0/9/2; battle_type=0; trainer_class_id=35; ai=5; healer=false; money=8; prize=0; location_unpaired=true",14,6,
TRAINER_PSYCHIC_F_FUTURE,FUTURE,TRAINER_CLASS_PSYCHIC_F,,,,,TRAINER_PIC_B2W2_PSYCHIC_F,,"black2white2_trainer_index=669; source_rom_paths=a/0/9/1,a/0/9/2; battle_type=0; trainer_class_id=36; ai=5; healer=false; money=8; prize=0; location_unpaired=true",14,6,
TRAINER_NURSE_MARIAH,MARIAH,TRAINER_CLASS_NURSE,,,,FULL_HEAL,TRAINER_PIC_B2W2_NURSE,,"black2white2_trainer_index=670; source_rom_paths=a/0/9/1,a/0/9/2; battle_type=0; trainer_class_id=62; ai=7; healer=true; money=10; prize=0; location_unpaired=true",14,6,
TRAINER_DOCTOR_KIT,KIT,TRAINER_CLASS_DOCTOR,,,,"FULL_HEAL,HYPER_POTION",TRAINER_PIC_B2W2_DOCTOR,,"black2white2_trainer_index=671; source_rom_paths=a/0/9/1,a/0/9/2; battle_type=0; trainer_class_id=61; ai=7; healer=true; money=15; prize=0; location_unpaired=true",14,6,
TRAINER_DOCTOR_DEREK,DEREK,TRAINER_CLASS_DOCTOR,,,,"FULL_HEAL,HYPER_POTION",TRAINER_PIC_B2W2_DOCTOR,,"black2white2_trainer_index=672; source_rom_paths=a/0/9/1,a/0/9/2; battle_type=0; trainer_class_id=61; ai=7; healer=true; money=15; prize=0; location_unpaired=true",14,6,
TRAINER_NURSE_DIXIE,DIXIE,TRAINER_CLASS_NURSE,,,,FULL_HEAL,TRAINER_PIC_B2W2_NURSE,,"black2white2_trainer_index=673; source_rom_paths=a/0/9/1,a/0/9/2; battle_type=0; trainer_class_id=62; ai=7; healer=true; money=10; prize=0; location_unpaired=true",14,6,
TRAINER_HIKER_ZAIEM,ZAIEM,TRAINER_CLASS_HIKER,,,,,TRAINER_PIC_B2W2_HIKER,,"black2white2_trainer_index=674; source_rom_paths=a/0/9/1,a/0/9/2; battle_type=0; trainer_class_id=74; ai=1; healer=false; money=8; prize=0; location_unpaired=true",14,6,
TRAINER_BATTLE_GIRL_MAGGIE,MAGGIE,TRAINER_CLASS_BATTLE_GIRL,,,,,TRAINER_PIC_B2W2_BATTLE_GIRL,,"black2white2_trainer_index=675; source_rom_paths=a/0/9/1,a/0/9/2; battle_type=0; trainer_class_id=64; ai=3; healer=false; money=8; prize=0; location_unpaired=true",14,6,
TRAINER_BATTLE_GIRL_XIAO,XIAO,TRAINER_CLASS_BATTLE_GIRL,,,,,TRAINER_PIC_B2W2_BATTLE_GIRL,,"black2white2_trainer_index=676; source_rom_paths=a/0/9/1,a/0/9/2; battle_type=0; trainer_class_id=64; ai=3; healer=false; money=8; prize=0; location_unpaired=true",14,6,
TRAINER_BLACK_BELT_EDWARD,EDWARD,TRAINER_CLASS_BLACK_BELT,,,,,TRAINER_PIC_B2W2_BLACK_BELT,,"black2white2_trainer_index=677; source_rom_paths=a/0/9/1,a/0/9/2; battle_type=0; trainer_class_id=51; ai=3; healer=false; money=8; prize=0; location_unpaired=true",14,6,
TRAINER_BLACK_BELT_THOMAS,THOMAS,TRAINER_CLASS_BLACK_BELT,,,,,TRAINER_PIC_B2W2_BLACK_BELT,,"black2white2_trainer_index=678; source_rom_paths=a/0/9/1,a/0/9/2; battle_type=0; trainer_class_id=51; ai=3; healer=false; money=8; prize=0; location_unpaired=true",14,6,
TRAINER_DOCTOR_HEATH,HEATH,TRAINER_CLASS_DOCTOR,265,,,"FULL_HEAL,HYPER_POTION",TRAINER_PIC_B2W2_DOCTOR,,"black2white2_trainer_index=679; source_rom_paths=a/0/9/1,a/0/9/2; battle_type=0; trainer_class_id=61; ai=7; healer=true; money=15; prize=0; location_reference=https://www.serebii.net/pokearth/unova/casteliasewers.shtml; matched_location=Castelia Sewers",14,6,
TRAINER_HIKER_JEBEDIAH,JEBEDIAH,TRAINER_CLASS_HIKER,,,,,TRAINER_PIC_B2W2_HIKER,,"black2white2_trainer_index=680; source_rom_paths=a/0/9/1,a/0/9/2; battle_type=0; trainer_class_id=74; ai=1; healer=false; money=8; prize=0; location_unpaired=true",14,6,
TRAINER_HIKER_SHELBY,SHELBY,TRAINER_CLASS_HIKER,,,,,TRAINER_PIC_B2W2_HIKER,,"black2white2_trainer_index=681; source_rom_paths=a/0/9/1,a/0/9/2; battle_type=0; trainer_class_id=74; ai=1; healer=false; money=8; prize=0; location_unpaired=true",14,6,
TRAINER_ACE_TRAINER_M_GEOFF,GEOFF,TRAINER_CLASS_ACE_TRAINER_M,,,,,TRAINER_PIC_B2W2_ACE_TRAINER_M,,"black2white2_trainer_index=682; source_rom_paths=a/0/9/1,a/0/9/2; battle_type=0; trainer_class_id=50; ai=7; healer=false; money=15; prize=0; location_unpaired=true",14,6,
TRAINER_ACE_TRAINER_F_BELLE,BELLE,TRAINER_CLASS_ACE_TRAINER_F,,,,,TRAINER_PIC_B2W2_ACE_TRAINER_F,,"black2white2_trainer_index=683; source_rom_paths=a/0/9/1,a/0/9/2; battle_type=0; trainer_class_id=49; ai=7; healer=false; money=15; prize=0; location_unpaired=true",14,6,
TRAINER_PKMN_TRAINER_RIVAL_16,RIVAL,TRAINER_CLASS_PKMN_TRAINER,,,,MAX_POTION,TRAINER_PIC_B2W2_HUGH,,"black2white2_trainer_index=684; source_rom_paths=a/0/9/1,a/0/9/2; battle_type=0; trainer_class_id=145; ai=7; healer=false; money=25; prize=0; location_unpaired=true",14,6,
TRAINER_PKMN_TRAINER_RIVAL_17,RIVAL,TRAINER_CLASS_PKMN_TRAINER,,,,MAX_POTION,TRAINER_PIC_B2W2_HUGH,,"black2white2_trainer_index=685; source_rom_paths=a/0/9/1,a/0/9/2; battle_type=0; trainer_class_id=145; ai=7; healer=false; money=25; prize=0; location_unpaired=true",14,6,
TRAINER_PKMN_TRAINER_RIVAL_18,RIVAL,TRAINER_CLASS_PKMN_TRAINER,,,,MAX_POTION,TRAINER_PIC_B2W2_HUGH,,"black2white2_trainer_index=686; source_rom_paths=a/0/9/1,a/0/9/2; battle_type=0; trainer_class_id=145; ai=7; healer=false; money=25; prize=0; location_unpaired=true",14,6,
TRAINER_TEAM_PLASMA_SHADOW_5,SHADOW,TRAINER_CLASS_TEAM_PLASMA,,,,,TRAINER_PIC_B2W2_SHADOW_TRIAD,,"black2white2_trainer_index=687; source_rom_paths=a/0/9/1,a/0/9/2; battle_type=0; trainer_class_id=192; ai=7; healer=false; money=45; prize=0; location_reference=https://www.serebii.net/pokearth/unova/icirruscity.shtml; location_unpaired=true",14,6,
TRAINER_TEAM_PLASMA_SHADOW_6,SHADOW,TRAINER_CLASS_TEAM_PLASMA,,,,,TRAINER_PIC_B2W2_SHADOW_TRIAD,,"black2white2_trainer_index=688; source_rom_paths=a/0/9/1,a/0/9/2; battle_type=2; trainer_class_id=192; ai=135; healer=false; money=45; prize=0; location_reference=https://www.serebii.net/pokearth/unova/icirruscity.shtml; location_unpaired=true",14,6,
TRAINER_TEAM_PLASMA_SHADOW_7,SHADOW,TRAINER_CLASS_TEAM_PLASMA,,,,,TRAINER_PIC_B2W2_SHADOW_TRIAD,,"black2white2_trainer_index=689; source_rom_paths=a/0/9/1,a/0/9/2; battle_type=3; trainer_class_id=192; ai=135; healer=false; money=45; prize=0; location_reference=https://www.serebii.net/pokearth/unova/icirruscity.shtml; location_unpaired=true",14,6,
TRAINER_TEAM_PLASMA_GRUNT_44,GRUNT,TRAINER_CLASS_TEAM_PLASMA,263,,,,TRAINER_PIC_B2W2_PLASMA_GRUNT_M,,"black2white2_trainer_index=690; source_rom_paths=a/0/9/1,a/0/9/2; battle_type=0; trainer_class_id=187; ai=1; healer=false; money=10; prize=0; location_reference=https://www.serebii.net/pokearth/unova/virbankcity.shtml; matched_location=Virbank City",14,6,
TRAINER_CLERK_F_BRITNEY,BRITNEY,TRAINER_CLASS_CLERK_F,,,,,TRAINER_PIC_B2W2_CLERK_F,,"black2white2_trainer_index=691; source_rom_paths=a/0/9/1,a/0/9/2; battle_type=0; trainer_class_id=48; ai=1; healer=false; money=10; prize=0; location_unpaired=true",14,6,
TRAINER_CLERK_M_GILLIGAN,GILLIGAN,TRAINER_CLASS_CLERK_M,,,,,TRAINER_PIC_B2W2_CLERK_M_B,,"black2white2_trainer_index=692; source_rom_paths=a/0/9/1,a/0/9/2; battle_type=0; trainer_class_id=67; ai=5; healer=false; money=20; prize=0; location_unpaired=true",14,6,
TRAINER_PKMN_TRAINER_RIVAL_19,RIVAL,TRAINER_CLASS_PKMN_TRAINER,,,,"FULL_RESTORE,FULL_RESTORE",TRAINER_PIC_B2W2_HUGH,,"black2white2_trainer_index=693; source_rom_paths=a/0/9/1,a/0/9/2; battle_type=0; trainer_class_id=145; ai=7; healer=false; money=25; prize=0; location_reference=https://www.serebii.net/pokearth/unova/undellatown.shtml; location_unpaired=true",14,6,
TRAINER_PKMN_TRAINER_RIVAL_20,RIVAL,TRAINER_CLASS_PKMN_TRAINER,,,,"FULL_RESTORE,FULL_RESTORE",TRAINER_PIC_B2W2_HUGH,,"black2white2_trainer_index=694; source_rom_paths=a/0/9/1,a/0/9/2; battle_type=0; trainer_class_id=145; ai=7; healer=false; money=25; prize=0; location_reference=https://www.serebii.net/pokearth/unova/undellatown.shtml; location_unpaired=true",14,6,
TRAINER_PKMN_TRAINER_RIVAL_21,RIVAL,TRAINER_CLASS_PKMN_TRAINER,,,,"FULL_RESTORE,FULL_RESTORE",TRAINER_PIC_B2W2_HUGH,,"black2white2_trainer_index=695; source_rom_paths=a/0/9/1,a/0/9/2; battle_type=0; trainer_class_id=145; ai=7; healer=false; money=25; prize=0; location_reference=https://www.serebii.net/pokearth/unova/undellatown.shtml; location_unpaired=true",14,6,
TRAINER_PKMN_TRAINER_RIVAL_22,RIVAL,TRAINER_CLASS_PKMN_TRAINER,,,,"FULL_RESTORE,FULL_RESTORE,FULL_RESTORE",TRAINER_PIC_B2W2_HUGH,,"black2white2_trainer_index=696; source_rom_paths=a/0/9/1,a/0/9/2; battle_type=0; trainer_class_id=145; ai=7; healer=false; money=25; prize=0; location_reference=https://www.serebii.net/pokearth/unova/driftveilcity.shtml; location_unpaired=true",14,6,
TRAINER_PKMN_TRAINER_RIVAL_23,RIVAL,TRAINER_CLASS_PKMN_TRAINER,,,,"FULL_RESTORE,FULL_RESTORE,FULL_RESTORE",TRAINER_PIC_B2W2_HUGH,,"black2white2_trainer_index=697; source_rom_paths=a/0/9/1,a/0/9/2; battle_type=0; trainer_class_id=145; ai=7; healer=false; money=25; prize=0; location_reference=https://www.serebii.net/pokearth/unova/driftveilcity.shtml; location_unpaired=true",14,6,
TRAINER_PKMN_TRAINER_RIVAL_24,RIVAL,TRAINER_CLASS_PKMN_TRAINER,,,,"FULL_RESTORE,FULL_RESTORE,FULL_RESTORE",TRAINER_PIC_B2W2_HUGH,,"black2white2_trainer_index=698; source_rom_paths=a/0/9/1,a/0/9/2; battle_type=0; trainer_class_id=145; ai=7; healer=false; money=25; prize=0; location_reference=https://www.serebii.net/pokearth/unova/driftveilcity.shtml; location_unpaired=true",14,6,
TRAINER_LASS_DIANA,DIANA,TRAINER_CLASS_LASS,,,,,TRAINER_PIC_B2W2_LASS,,"black2white2_trainer_index=699; source_rom_paths=a/0/9/1,a/0/9/2; battle_type=0; trainer_class_id=3; ai=1; healer=false; money=4; prize=0; location_unpaired=true",14,6,
TRAINER_LASS_DIANA_2,DIANA,TRAINER_CLASS_LASS,,,,,TRAINER_PIC_B2W2_LASS,,"black2white2_trainer_index=700; source_rom_paths=a/0/9/1,a/0/9/2; battle_type=0; trainer_class_id=3; ai=1; healer=false; money=4; prize=0; location_unpaired=true",14,6,
TRAINER_PKMN_TRAINER_RIVAL_25,RIVAL,TRAINER_CLASS_PKMN_TRAINER,,,,HYPER_POTION,TRAINER_PIC_B2W2_HUGH,,"black2white2_trainer_index=701; source_rom_paths=a/0/9/1,a/0/9/2; battle_type=0; trainer_class_id=145; ai=135; healer=false; money=25; prize=0; location_reference=https://www.serebii.net/pokearth/unova/lacunosatown.shtml; location_unpaired=true",14,6,
TRAINER_PKMN_TRAINER_RIVAL_26,RIVAL,TRAINER_CLASS_PKMN_TRAINER,,,,HYPER_POTION,TRAINER_PIC_B2W2_HUGH,,"black2white2_trainer_index=702; source_rom_paths=a/0/9/1,a/0/9/2; battle_type=0; trainer_class_id=145; ai=135; healer=false; money=25; prize=0; location_reference=https://www.serebii.net/pokearth/unova/lacunosatown.shtml; location_unpaired=true",14,6,
TRAINER_PKMN_TRAINER_RIVAL_27,RIVAL,TRAINER_CLASS_PKMN_TRAINER,,,,HYPER_POTION,TRAINER_PIC_B2W2_HUGH,,"black2white2_trainer_index=703; source_rom_paths=a/0/9/1,a/0/9/2; battle_type=0; trainer_class_id=145; ai=135; healer=false; money=25; prize=0; location_reference=https://www.serebii.net/pokearth/unova/lacunosatown.shtml; location_unpaired=true",14,6,
TRAINER_TEAM_PLASMA_ZINZOLIN_4,ZINZOLIN,TRAINER_CLASS_TEAM_PLASMA,,,,,TRAINER_PIC_B2W2_ZINZOLIN,,"black2white2_trainer_index=704; source_rom_paths=a/0/9/1,a/0/9/2; battle_type=0; trainer_class_id=191; ai=135; healer=false; money=45; prize=0; location_reference=https://www.serebii.net/pokearth/unova/lacunosatown.shtml; location_unpaired=true",14,6,
TRAINER_TEAM_PLASMA_GRUNT_45,GRUNT,TRAINER_CLASS_TEAM_PLASMA,,,,,TRAINER_PIC_B2W2_PLASMA_GRUNT_M,,"black2white2_trainer_index=705; source_rom_paths=a/0/9/1,a/0/9/2; battle_type=0; trainer_class_id=187; ai=129; healer=false; money=10; prize=0; location_unpaired=true",14,6,
TRAINER_PKMN_TRAINER_BIANCA_2,BIANCA,TRAINER_CLASS_PKMN_TRAINER,,,,"FULL_RESTORE,FULL_RESTORE",TRAINER_PIC_B2W2_BIANCA,,"black2white2_trainer_index=706; source_rom_paths=a/0/9/1,a/0/9/2; battle_type=0; trainer_class_id=38; ai=7; healer=false; money=30; prize=0; location_reference=https://www.serebii.net/pokearth/unova/nuvematown.shtml; location_unpaired=true",14,6,
TRAINER_PKMN_TRAINER_BIANCA_3,BIANCA,TRAINER_CLASS_PKMN_TRAINER,,,,"FULL_RESTORE,FULL_RESTORE",TRAINER_PIC_B2W2_BIANCA,,"black2white2_trainer_index=707; source_rom_paths=a/0/9/1,a/0/9/2; battle_type=0; trainer_class_id=38; ai=7; healer=false; money=30; prize=0; location_reference=https://www.serebii.net/pokearth/unova/nuvematown.shtml; location_unpaired=true",14,6,
TRAINER_PKMN_TRAINER_BIANCA_4,BIANCA,TRAINER_CLASS_PKMN_TRAINER,,,,"FULL_RESTORE,FULL_RESTORE",TRAINER_PIC_B2W2_BIANCA,,"black2white2_trainer_index=708; source_rom_paths=a/0/9/1,a/0/9/2; battle_type=0; trainer_class_id=38; ai=7; healer=false; money=30; prize=0; location_reference=https://www.serebii.net/pokearth/unova/nuvematown.shtml; location_unpaired=true",14,6,
TRAINER_PKMN_TRAINER_CHEREN_3,CHEREN,TRAINER_CLASS_PKMN_TRAINER,,,,"FULL_RESTORE,FULL_RESTORE",TRAINER_PIC_B2W2_CHEREN,,"black2white2_trainer_index=709; source_rom_paths=a/0/9/1,a/0/9/2; battle_type=0; trainer_class_id=197; ai=7; healer=false; money=30; prize=0; location_reference=https://www.serebii.net/pokearth/unova/route5.shtml; location_unpaired=true",14,6,
TRAINER_PKMN_TRAINER_CHEREN_4,CHEREN,TRAINER_CLASS_PKMN_TRAINER,,,,"FULL_RESTORE,FULL_RESTORE",TRAINER_PIC_B2W2_CHEREN,,"black2white2_trainer_index=710; source_rom_paths=a/0/9/1,a/0/9/2; battle_type=0; trainer_class_id=197; ai=7; healer=false; money=30; prize=0; location_reference=https://www.serebii.net/pokearth/unova/route5.shtml; location_unpaired=true",14,6,
TRAINER_PKMN_TRAINER_CHEREN_5,CHEREN,TRAINER_CLASS_PKMN_TRAINER,,,,"FULL_RESTORE,FULL_RESTORE",TRAINER_PIC_B2W2_CHEREN,,"black2white2_trainer_index=711; source_rom_paths=a/0/9/1,a/0/9/2; battle_type=0; trainer_class_id=197; ai=7; healer=false; money=30; prize=0; location_reference=https://www.serebii.net/pokearth/unova/route5.shtml; location_unpaired=true",14,6,
TRAINER_BLACK_BELT_RODRIGO,RODRIGO,TRAINER_CLASS_BLACK_BELT,,,,,TRAINER_PIC_B2W2_BLACK_BELT,,"black2white2_trainer_index=712; source_rom_paths=a/0/9/1,a/0/9/2; battle_type=0; trainer_class_id=51; ai=3; healer=false; money=8; prize=0; location_unpaired=true",14,6,
TRAINER_BLACK_BELT_GORDON,GORDON,TRAINER_CLASS_BLACK_BELT,,,,,TRAINER_PIC_B2W2_BLACK_BELT,,"black2white2_trainer_index=713; source_rom_paths=a/0/9/1,a/0/9/2; battle_type=0; trainer_class_id=51; ai=3; healer=false; money=8; prize=0; location_unpaired=true",14,6,
TRAINER_BLACK_BELT_ANDREY,ANDREY,TRAINER_CLASS_BLACK_BELT,,,,,TRAINER_PIC_B2W2_BLACK_BELT,,"black2white2_trainer_index=714; source_rom_paths=a/0/9/1,a/0/9/2; battle_type=0; trainer_class_id=51; ai=3; healer=false; money=8; prize=0; location_unpaired=true",14,6,
TRAINER_BLACK_BELT_GRIGOR,GRIGOR,TRAINER_CLASS_BLACK_BELT,,,,,TRAINER_PIC_B2W2_BLACK_BELT,,"black2white2_trainer_index=715; source_rom_paths=a/0/9/1,a/0/9/2; battle_type=0; trainer_class_id=51; ai=3; healer=false; money=8; prize=0; location_unpaired=true",14,6,
TRAINER_BLACK_BELT_DONNY,DONNY,TRAINER_CLASS_BLACK_BELT,,,,,TRAINER_PIC_B2W2_BLACK_BELT,,"black2white2_trainer_index=716; source_rom_paths=a/0/9/1,a/0/9/2; battle_type=0; trainer_class_id=51; ai=3; healer=false; money=8; prize=0; location_unpaired=true",14,6,
TRAINER_BLACK_BELT_MATHIS,MATHIS,TRAINER_CLASS_BLACK_BELT,,,,,TRAINER_PIC_B2W2_BLACK_BELT,,"black2white2_trainer_index=717; source_rom_paths=a/0/9/1,a/0/9/2; battle_type=0; trainer_class_id=51; ai=3; healer=false; money=8; prize=0; location_unpaired=true",14,6,
TRAINER_ACE_TRAINER_F_NATASHA,NATASHA,TRAINER_CLASS_ACE_TRAINER_F,,,,,TRAINER_PIC_B2W2_ACE_TRAINER_F,,"black2white2_trainer_index=718; source_rom_paths=a/0/9/1,a/0/9/2; battle_type=0; trainer_class_id=49; ai=7; healer=false; money=15; prize=0; location_unpaired=true",14,6,
TRAINER_ACE_TRAINER_F_NINA,NINA,TRAINER_CLASS_ACE_TRAINER_F,,,,,TRAINER_PIC_B2W2_ACE_TRAINER_F,,"black2white2_trainer_index=719; source_rom_paths=a/0/9/1,a/0/9/2; battle_type=0; trainer_class_id=49; ai=7; healer=false; money=15; prize=0; location_unpaired=true",14,6,
TRAINER_ACE_TRAINER_F_EVE,EVE,TRAINER_CLASS_ACE_TRAINER_F,,,,,TRAINER_PIC_B2W2_ACE_TRAINER_F,,"black2white2_trainer_index=720; source_rom_paths=a/0/9/1,a/0/9/2; battle_type=0; trainer_class_id=49; ai=7; healer=false; money=15; prize=0; location_unpaired=true",14,6,
TRAINER_ACE_TRAINER_F_TRISH,TRISH,TRAINER_CLASS_ACE_TRAINER_F,,,,,TRAINER_PIC_B2W2_ACE_TRAINER_F,,"black2white2_trainer_index=721; source_rom_paths=a/0/9/1,a/0/9/2; battle_type=0; trainer_class_id=49; ai=7; healer=false; money=15; prize=0; location_unpaired=true",14,6,
TRAINER_ACE_TRAINER_F_JACQUELINE,JACQUELINE,TRAINER_CLASS_ACE_TRAINER_F,,,,,TRAINER_PIC_B2W2_ACE_TRAINER_F,,"black2white2_trainer_index=722; source_rom_paths=a/0/9/1,a/0/9/2; battle_type=0; trainer_class_id=49; ai=7; healer=false; money=15; prize=0; location_unpaired=true",14,6,
TRAINER_ACE_TRAINER_F_LAYLA,LAYLA,TRAINER_CLASS_ACE_TRAINER_F,,,,,TRAINER_PIC_B2W2_ACE_TRAINER_F,,"black2white2_trainer_index=723; source_rom_paths=a/0/9/1,a/0/9/2; battle_type=0; trainer_class_id=49; ai=7; healer=false; money=15; prize=0; location_unpaired=true",14,6,
TRAINER_TEAM_PLASMA_GRUNT_46,GRUNT,TRAINER_CLASS_TEAM_PLASMA,,,,,TRAINER_PIC_B2W2_PLASMA_GRUNT_M,,"black2white2_trainer_index=724; source_rom_paths=a/0/9/1,a/0/9/2; battle_type=0; trainer_class_id=187; ai=1; healer=false; money=10; prize=0; location_unpaired=true",14,6,
TRAINER_NURSE_CAROL,CAROL,TRAINER_CLASS_NURSE,,,,"FULL_HEAL,FULL_RESTORE",TRAINER_PIC_B2W2_NURSE,,"black2white2_trainer_index=725; source_rom_paths=a/0/9/1,a/0/9/2; battle_type=0; trainer_class_id=62; ai=7; healer=true; money=10; prize=0; location_unpaired=true",14,6,
TRAINER_HOOPSTER_DERRICK,DERRICK,TRAINER_CLASS_HOOPSTER,251,,,,TRAINER_PIC_B2W2_HOOPSTER,,"black2white2_trainer_index=726; source_rom_paths=a/0/9/1,a/0/9/2; battle_type=2; trainer_class_id=45; ai=135; healer=false; money=25; prize=0; location_reference=https://www.serebii.net/pokearth/unova/villagebridge.shtml; matched_location=Village Bridge",14,6,
TRAINER_SMASHER_LIZZY,LIZZY,TRAINER_CLASS_SMASHER,251,,,,TRAINER_PIC_B2W2_SMASHER,,"black2white2_trainer_index=727; source_rom_paths=a/0/9/1,a/0/9/2; battle_type=0; trainer_class_id=6; ai=135; healer=false; money=25; prize=0; location_reference=https://www.serebii.net/pokearth/unova/villagebridge.shtml; matched_location=Village Bridge",14,6,
TRAINER_SMASHER_AMY,AMY,TRAINER_CLASS_SMASHER,251,,,,TRAINER_PIC_B2W2_SMASHER,,"black2white2_trainer_index=728; source_rom_paths=a/0/9/1,a/0/9/2; battle_type=0; trainer_class_id=6; ai=135; healer=false; money=25; prize=0; location_reference=https://www.serebii.net/pokearth/unova/villagebridge.shtml; matched_location=Village Bridge",14,6,
TRAINER_HOOPSTER_NICOLAS,NICOLAS,TRAINER_CLASS_HOOPSTER,251,,,,TRAINER_PIC_B2W2_HOOPSTER,,"black2white2_trainer_index=729; source_rom_paths=a/0/9/1,a/0/9/2; battle_type=2; trainer_class_id=45; ai=135; healer=false; money=25; prize=0; location_reference=https://www.serebii.net/pokearth/unova/villagebridge.shtml; matched_location=Village Bridge",14,6,
TRAINER_BLACK_BELT_WESLEY,WESLEY,TRAINER_CLASS_BLACK_BELT,36,,,,TRAINER_PIC_B2W2_BLACK_BELT,,"black2white2_trainer_index=730; source_rom_paths=a/0/9/1,a/0/9/2; battle_type=0; trainer_class_id=51; ai=3; healer=false; money=8; prize=0; location_reference=https://www.serebii.net/pokearth/unova/route13.shtml; matched_location=Route 13",14,6,
TRAINER_BATTLE_GIRL_ALIZE,ALIZE,TRAINER_CLASS_BATTLE_GIRL,36,,,,TRAINER_PIC_B2W2_BATTLE_GIRL,,"black2white2_trainer_index=731; source_rom_paths=a/0/9/1,a/0/9/2; battle_type=0; trainer_class_id=64; ai=3; healer=false; money=8; prize=0; location_reference=https://www.serebii.net/pokearth/unova/route13.shtml; matched_location=Route 13",14,6,
TRAINER_SUBWAY_BOSS_INGO,INGO,TRAINER_CLASS_SUBWAY_BOSS,,,,,TRAINER_PIC_B2W2_INGO,,"black2white2_trainer_index=732; source_rom_paths=a/0/9/1,a/0/9/2; battle_type=0; trainer_class_id=155; ai=135; healer=false; money=25; prize=0; location_reference=https://www.serebii.net/pokearth/unova/nimbasacity.shtml; location_unpaired=true",14,6,
TRAINER_SUBWAY_BOSS_EMMET,EMMET,TRAINER_CLASS_SUBWAY_BOSS,,,,,TRAINER_PIC_B2W2_EMMET,,"black2white2_trainer_index=733; source_rom_paths=a/0/9/1,a/0/9/2; battle_type=0; trainer_class_id=165; ai=135; healer=false; money=25; prize=0; location_reference=https://www.serebii.net/pokearth/unova/nimbasacity.shtml; location_unpaired=true",14,6,
TRAINER_HARLEQUIN_CLARENCE,CLARENCE,TRAINER_CLASS_HARLEQUIN,,,,,TRAINER_PIC_B2W2_HARLEQUIN,,"black2white2_trainer_index=734; source_rom_paths=a/0/9/1,a/0/9/2; battle_type=0; trainer_class_id=233; ai=1; healer=false; money=8; prize=0; location_unpaired=true",14,6,
TRAINER_HARLEQUIN_JACK,JACK,TRAINER_CLASS_HARLEQUIN,,,,,TRAINER_PIC_B2W2_HARLEQUIN,,"black2white2_trainer_index=735; source_rom_paths=a/0/9/1,a/0/9/2; battle_type=0; trainer_class_id=233; ai=1; healer=false; money=8; prize=0; location_unpaired=true",14,6,
TRAINER_HARLEQUIN_GARY,GARY,TRAINER_CLASS_HARLEQUIN,,,,,TRAINER_PIC_B2W2_HARLEQUIN,,"black2white2_trainer_index=736; source_rom_paths=a/0/9/1,a/0/9/2; battle_type=0; trainer_class_id=233; ai=1; healer=false; money=8; prize=0; location_unpaired=true",14,6,
TRAINER_HARLEQUIN_ANDERS,ANDERS,TRAINER_CLASS_HARLEQUIN,,,,,TRAINER_PIC_B2W2_HARLEQUIN,,"black2white2_trainer_index=737; source_rom_paths=a/0/9/1,a/0/9/2; battle_type=0; trainer_class_id=233; ai=1; healer=false; money=8; prize=0; location_unpaired=true",14,6,
TRAINER_LASS_DAYA,DAYA,TRAINER_CLASS_LASS,,,,,TRAINER_PIC_B2W2_LASS,,"black2white2_trainer_index=738; source_rom_paths=a/0/9/1,a/0/9/2; battle_type=0; trainer_class_id=3; ai=1; healer=false; money=4; prize=0; location_unpaired=true",14,6,
TRAINER_SCHOOL_KID_M_WILLIAM,WILLIAM,TRAINER_CLASS_SCHOOL_KID_M,,,,,TRAINER_PIC_B2W2_SCHOOL_KID_M,,"black2white2_trainer_index=739; source_rom_paths=a/0/9/1,a/0/9/2; battle_type=0; trainer_class_id=4; ai=5; healer=false; money=5; prize=0; location_unpaired=true",14,6,
TRAINER_SCHOOL_KID_F_RITA,RITA,TRAINER_CLASS_SCHOOL_KID_F,,,,,TRAINER_PIC_B2W2_SCHOOL_KID_F,,"black2white2_trainer_index=740; source_rom_paths=a/0/9/1,a/0/9/2; battle_type=0; trainer_class_id=5; ai=5; healer=false; money=5; prize=0; location_unpaired=true",14,6,
TRAINER_PSYCHIC_F_OLESIA,OLESIA,TRAINER_CLASS_PSYCHIC_F,,,,,TRAINER_PIC_B2W2_PSYCHIC_F,,"black2white2_trainer_index=741; source_rom_paths=a/0/9/1,a/0/9/2; battle_type=0; trainer_class_id=36; ai=5; healer=false; money=8; prize=0; location_unpaired=true",14,6,
TRAINER_PSYCHIC_M_NANDOR,NANDOR,TRAINER_CLASS_PSYCHIC_M,,,,,TRAINER_PIC_B2W2_PSYCHIC_M,,"black2white2_trainer_index=742; source_rom_paths=a/0/9/1,a/0/9/2; battle_type=0; trainer_class_id=35; ai=5; healer=false; money=8; prize=0; location_unpaired=true",14,6,
TRAINER_SCIENTIST_ATHENA,ATHENA,TRAINER_CLASS_SCIENTIST,,,,X_SPECIAL,TRAINER_PIC_B2W2_SCIENTIST_F,,"black2white2_trainer_index=743; source_rom_paths=a/0/9/1,a/0/9/2; battle_type=0; trainer_class_id=46; ai=5; healer=false; money=12; prize=0; location_unpaired=true",14,6,
TRAINER_SCIENTIST_FRANKLIN,FRANKLIN,TRAINER_CLASS_SCIENTIST,,,,X_ATTACK,TRAINER_PIC_B2W2_SCIENTIST_M,,"black2white2_trainer_index=744; source_rom_paths=a/0/9/1,a/0/9/2; battle_type=0; trainer_class_id=52; ai=5; healer=false; money=12; prize=0; location_unpaired=true",14,6,
TRAINER_YOUNGSTER_MASAHIRO,MASAHIRO,TRAINER_CLASS_YOUNGSTER,,,,,TRAINER_PIC_B2W2_YOUNGSTER,,"black2white2_trainer_index=745; source_rom_paths=a/0/9/1,a/0/9/2; battle_type=0; trainer_class_id=2; ai=1; healer=false; money=4; prize=0; location_unpaired=true",14,6,
TRAINER_YOUNGSTER_WAYLON,WAYLON,TRAINER_CLASS_YOUNGSTER,,,,,TRAINER_PIC_B2W2_YOUNGSTER,,"black2white2_trainer_index=746; source_rom_paths=a/0/9/1,a/0/9/2; battle_type=0; trainer_class_id=2; ai=1; healer=false; money=4; prize=0; location_unpaired=true",14,6,
TRAINER_SCHOOL_KID_M_SEYMOUR_2,SEYMOUR,TRAINER_CLASS_SCHOOL_KID_M,261,,,,TRAINER_PIC_B2W2_SCHOOL_KID_M,,"black2white2_trainer_index=747; source_rom_paths=a/0/9/1,a/0/9/2; battle_type=0; trainer_class_id=4; ai=5; healer=false; money=5; prize=0; location_reference=https://www.serebii.net/pokearth/unova/floccesytown.shtml; matched_location=Floccesy Town",14,6,
TRAINER_SCHOOL_KID_F_CASSIE_2,CASSIE,TRAINER_CLASS_SCHOOL_KID_F,261,,,,TRAINER_PIC_B2W2_SCHOOL_KID_F,,"black2white2_trainer_index=748; source_rom_paths=a/0/9/1,a/0/9/2; battle_type=0; trainer_class_id=5; ai=5; healer=false; money=5; prize=0; location_reference=https://www.serebii.net/pokearth/unova/floccesytown.shtml; matched_location=Floccesy Town",14,6,
TRAINER_SCHOOL_KID_M_SEYMOUR_3,SEYMOUR,TRAINER_CLASS_SCHOOL_KID_M,261,,,,TRAINER_PIC_B2W2_SCHOOL_KID_M,,"black2white2_trainer_index=749; source_rom_paths=a/0/9/1,a/0/9/2; battle_type=0; trainer_class_id=4; ai=5; healer=false; money=5; prize=0; location_reference=https://www.serebii.net/pokearth/unova/floccesytown.shtml; matched_location=Floccesy Town",14,6,
TRAINER_SCHOOL_KID_F_CASSIE_3,CASSIE,TRAINER_CLASS_SCHOOL_KID_F,261,,,,TRAINER_PIC_B2W2_SCHOOL_KID_F,,"black2white2_trainer_index=750; source_rom_paths=a/0/9/1,a/0/9/2; battle_type=0; trainer_class_id=5; ai=5; healer=false; money=5; prize=0; location_reference=https://www.serebii.net/pokearth/unova/floccesytown.shtml; matched_location=Floccesy Town",14,6,
TRAINER_TEAM_PLASMA_GRUNT_47,GRUNT,TRAINER_CLASS_TEAM_PLASMA,,,,,TRAINER_PIC_B2W2_PLASMA_GRUNT_F,,"black2white2_trainer_index=751; source_rom_paths=a/0/9/1,a/0/9/2; battle_type=0; trainer_class_id=188; ai=1; healer=false; money=10; prize=0; location_reference=https://www.serebii.net/pokearth/unova/nimbasacity.shtml; location_unpaired=true",14,6,
TRAINER_PKMN_BREEDER_F_APRIL,APRIL,TRAINER_CLASS_PKMN_BREEDER_F,15,,,,TRAINER_PIC_B2W2_POKEMON_BREEDER_F,,"black2white2_trainer_index=752; source_rom_paths=a/0/9/1,a/0/9/2; battle_type=0; trainer_class_id=18; ai=5; healer=false; money=8; prize=0; location_reference=https://www.serebii.net/pokearth/unova/route6.shtml; matched_location=Route 6",14,6,
TRAINER_BACKERS_MAY_MAL,MAY & MAL,TRAINER_CLASS_BACKERS,8,,,,TRAINER_PIC_B2W2_BACKERS_F,1,"black2white2_trainer_index=753; source_rom_paths=a/0/9/1,a/0/9/2; battle_type=1; trainer_class_id=69; ai=129; healer=false; money=12; prize=0; location_reference=https://www.serebii.net/pokearth/unova/route3.shtml; matched_location=Route 3",14,6,
TRAINER_ROUGHNECK_RICKY,RICKY,TRAINER_CLASS_ROUGHNECK,,,,,TRAINER_PIC_B2W2_ROUGHNECK,,"black2white2_trainer_index=754; source_rom_paths=a/0/9/1,a/0/9/2; battle_type=0; trainer_class_id=57; ai=1; healer=false; money=6; prize=0; location_unpaired=true",14,6,
TRAINER_DANCER_JEAN_PAUL,JEAN-PAUL,TRAINER_CLASS_DANCER,,,,,TRAINER_PIC_B2W2_DANCER,,"black2white2_trainer_index=755; source_rom_paths=a/0/9/1,a/0/9/2; battle_type=0; trainer_class_id=31; ai=1; healer=false; money=8; prize=0; location_unpaired=true",14,6,
TRAINER_GUITARIST_TINA,TINA,TRAINER_CLASS_GUITARIST,,,,,TRAINER_PIC_B2W2_GUITARIST,,"black2white2_trainer_index=756; source_rom_paths=a/0/9/1,a/0/9/2; battle_type=0; trainer_class_id=146; ai=1; healer=false; money=8; prize=0; location_unpaired=true",14,6,
TRAINER_VETERAN_M_ERNEST,ERNEST,TRAINER_CLASS_VETERAN_M,,,,,TRAINER_PIC_B2W2_VETERAN_M,,"black2white2_trainer_index=757; source_rom_paths=a/0/9/1,a/0/9/2; battle_type=0; trainer_class_id=70; ai=7; healer=false; money=15; prize=0; location_unpaired=true",14,6,
TRAINER_VETERAN_M_ELI,ELI,TRAINER_CLASS_VETERAN_M,,,,,TRAINER_PIC_B2W2_VETERAN_M,,"black2white2_trainer_index=758; source_rom_paths=a/0/9/1,a/0/9/2; battle_type=0; trainer_class_id=70; ai=7; healer=false; money=15; prize=0; location_unpaired=true",14,6,
TRAINER_VETERAN_M_DONNAVEN,DONNAVEN,TRAINER_CLASS_VETERAN_M,,,,,TRAINER_PIC_B2W2_VETERAN_M,,"black2white2_trainer_index=759; source_rom_paths=a/0/9/1,a/0/9/2; battle_type=0; trainer_class_id=70; ai=7; healer=false; money=15; prize=0; location_unpaired=true",14,6,
TRAINER_VETERAN_M_CRISPIN,CRISPIN,TRAINER_CLASS_VETERAN_M,,,,,TRAINER_PIC_B2W2_VETERAN_M,,"black2white2_trainer_index=760; source_rom_paths=a/0/9/1,a/0/9/2; battle_type=0; trainer_class_id=70; ai=7; healer=false; money=15; prize=0; location_unpaired=true",14,6,
TRAINER_VETERAN_M_JOSEPH,JOSEPH,TRAINER_CLASS_VETERAN_M,,,,,TRAINER_PIC_B2W2_VETERAN_M,,"black2white2_trainer_index=761; source_rom_paths=a/0/9/1,a/0/9/2; battle_type=0; trainer_class_id=70; ai=7; healer=false; money=15; prize=0; location_unpaired=true",14,6,
TRAINER_VETERAN_M_WAIN,WAIN,TRAINER_CLASS_VETERAN_M,,,,,TRAINER_PIC_B2W2_VETERAN_M,,"black2white2_trainer_index=762; source_rom_paths=a/0/9/1,a/0/9/2; battle_type=0; trainer_class_id=70; ai=7; healer=false; money=15; prize=0; location_unpaired=true",14,6,
TRAINER_TEAM_PLASMA_GRUNT_48,GRUNT,TRAINER_CLASS_TEAM_PLASMA,39,,,,TRAINER_PIC_B2W2_PLASMA_GRUNT_F,,"black2white2_trainer_index=763; source_rom_paths=a/0/9/1,a/0/9/2; battle_type=0; trainer_class_id=188; ai=1; healer=false; money=10; prize=0; location_reference=https://www.serebii.net/pokearth/unova/route20.shtml; matched_location=Route 20",14,6,
TRAINER_LEADER_CHEREN_2,CHEREN,TRAINER_CLASS_LEADER,,,,POTION,TRAINER_PIC_B2W2_CHEREN,,"black2white2_trainer_index=764; source_rom_paths=a/0/9/1,a/0/9/2; battle_type=0; trainer_class_id=115; ai=7; healer=false; money=30; prize=0; location_unpaired=true",14,6,
TRAINER_LEADER_ROXIE_2,ROXIE,TRAINER_CLASS_LEADER,,,,SUPER_POTION,TRAINER_PIC_B2W2_ROXIE,,"black2white2_trainer_index=765; source_rom_paths=a/0/9/1,a/0/9/2; battle_type=0; trainer_class_id=116; ai=7; healer=false; money=30; prize=0; location_unpaired=true",14,6,
TRAINER_LEADER_BURGH_2,BURGH,TRAINER_CLASS_LEADER,,,,HYPER_POTION,TRAINER_PIC_B2W2_BURGH,,"black2white2_trainer_index=766; source_rom_paths=a/0/9/1,a/0/9/2; battle_type=0; trainer_class_id=113; ai=7; healer=false; money=30; prize=0; location_unpaired=true",14,6,
TRAINER_LEADER_ELESA_2,ELESA,TRAINER_CLASS_LEADER,,,,HYPER_POTION,TRAINER_PIC_B2W2_ELESA,,"black2white2_trainer_index=767; source_rom_paths=a/0/9/1,a/0/9/2; battle_type=0; trainer_class_id=112; ai=7; healer=false; money=30; prize=0; location_unpaired=true",14,6,
TRAINER_LEADER_CLAY_2,CLAY,TRAINER_CLASS_LEADER,,,,HYPER_POTION,TRAINER_PIC_B2W2_CLAY,,"black2white2_trainer_index=768; source_rom_paths=a/0/9/1,a/0/9/2; battle_type=0; trainer_class_id=117; ai=7; healer=false; money=30; prize=0; location_unpaired=true",14,6,
TRAINER_LEADER_SKYLA_2,SKYLA,TRAINER_CLASS_LEADER,,,,HYPER_POTION,TRAINER_PIC_B2W2_SKYLA,,"black2white2_trainer_index=769; source_rom_paths=a/0/9/1,a/0/9/2; battle_type=0; trainer_class_id=114; ai=7; healer=false; money=30; prize=0; location_unpaired=true",14,6,
TRAINER_LEADER_DRAYDEN_2,DRAYDEN,TRAINER_CLASS_LEADER,,,,HYPER_POTION,TRAINER_PIC_B2W2_DRAYDEN,,"black2white2_trainer_index=770; source_rom_paths=a/0/9/1,a/0/9/2; battle_type=0; trainer_class_id=118; ai=7; healer=false; money=30; prize=0; location_unpaired=true",14,6,
TRAINER_LEADER_MARLON_2,MARLON,TRAINER_CLASS_LEADER,,,,HYPER_POTION,TRAINER_PIC_B2W2_MARLON,,"black2white2_trainer_index=771; source_rom_paths=a/0/9/1,a/0/9/2; battle_type=0; trainer_class_id=119; ai=7; healer=false; money=30; prize=0; location_unpaired=true",14,6,
TRAINER_ELITE_FOUR_SHAUNTAL_3,SHAUNTAL,TRAINER_CLASS_ELITE_FOUR,,,,FULL_RESTORE,TRAINER_PIC_B2W2_SHAUNTAL,,"black2white2_trainer_index=772; source_rom_paths=a/0/9/1,a/0/9/2; battle_type=0; trainer_class_id=78; ai=7; healer=false; money=30; prize=0; location_unpaired=true",14,6,
TRAINER_ELITE_FOUR_GRIMSLEY_3,GRIMSLEY,TRAINER_CLASS_ELITE_FOUR,,,,FULL_RESTORE,TRAINER_PIC_B2W2_GRIMSLEY,,"black2white2_trainer_index=773; source_rom_paths=a/0/9/1,a/0/9/2; battle_type=0; trainer_class_id=80; ai=7; healer=false; money=30; prize=0; location_unpaired=true",14,6,
TRAINER_ELITE_FOUR_MARSHAL_3,MARSHAL,TRAINER_CLASS_ELITE_FOUR,,,,FULL_RESTORE,TRAINER_PIC_B2W2_MARSHAL,,"black2white2_trainer_index=774; source_rom_paths=a/0/9/1,a/0/9/2; battle_type=0; trainer_class_id=79; ai=7; healer=false; money=30; prize=0; location_unpaired=true",14,6,
TRAINER_ELITE_FOUR_CAITLIN_3,CAITLIN,TRAINER_CLASS_ELITE_FOUR,,,,FULL_RESTORE,TRAINER_PIC_B2W2_CAITLIN,,"black2white2_trainer_index=775; source_rom_paths=a/0/9/1,a/0/9/2; battle_type=0; trainer_class_id=81; ai=7; healer=false; money=30; prize=0; location_unpaired=true",14,6,
TRAINER_CHAMPION_IRIS_3,IRIS,TRAINER_CLASS_CHAMPION,,,,"FULL_RESTORE,FULL_RESTORE,FULL_RESTORE",TRAINER_PIC_B2W2_IRIS,,"black2white2_trainer_index=776; source_rom_paths=a/0/9/1,a/0/9/2; battle_type=0; trainer_class_id=193; ai=7; healer=false; money=50; prize=0; location_unpaired=true",14,6,
TRAINER_ELITE_FOUR_SHAUNTAL_4,SHAUNTAL,TRAINER_CLASS_ELITE_FOUR,,,,"FULL_RESTORE,FULL_RESTORE,FULL_RESTORE",TRAINER_PIC_B2W2_SHAUNTAL,,"black2white2_trainer_index=777; source_rom_paths=a/0/9/1,a/0/9/2; battle_type=0; trainer_class_id=78; ai=7; healer=false; money=30; prize=0; location_unpaired=true",14,6,
TRAINER_ELITE_FOUR_GRIMSLEY_4,GRIMSLEY,TRAINER_CLASS_ELITE_FOUR,,,,"FULL_RESTORE,FULL_RESTORE,FULL_RESTORE",TRAINER_PIC_B2W2_GRIMSLEY,,"black2white2_trainer_index=778; source_rom_paths=a/0/9/1,a/0/9/2; battle_type=0; trainer_class_id=80; ai=7; healer=false; money=30; prize=0; location_unpaired=true",14,6,
TRAINER_ELITE_FOUR_MARSHAL_4,MARSHAL,TRAINER_CLASS_ELITE_FOUR,,,,FULL_RESTORE,TRAINER_PIC_B2W2_MARSHAL,,"black2white2_trainer_index=779; source_rom_paths=a/0/9/1,a/0/9/2; battle_type=0; trainer_class_id=79; ai=7; healer=false; money=30; prize=0; location_unpaired=true",14,6,
TRAINER_ELITE_FOUR_CAITLIN_4,CAITLIN,TRAINER_CLASS_ELITE_FOUR,,,,"FULL_RESTORE,FULL_RESTORE,FULL_RESTORE",TRAINER_PIC_B2W2_CAITLIN,,"black2white2_trainer_index=780; source_rom_paths=a/0/9/1,a/0/9/2; battle_type=0; trainer_class_id=81; ai=7; healer=false; money=30; prize=0; location_unpaired=true",14,6,
TRAINER_CHAMPION_IRIS_4,IRIS,TRAINER_CLASS_CHAMPION,,,,"FULL_RESTORE,FULL_RESTORE,FULL_RESTORE,FULL_RESTORE",TRAINER_PIC_B2W2_IRIS,,"black2white2_trainer_index=781; source_rom_paths=a/0/9/1,a/0/9/2; battle_type=0; trainer_class_id=193; ai=7; healer=false; money=50; prize=0; location_unpaired=true",14,6,
TRAINER_PKMN_TRAINER_N_3,N,TRAINER_CLASS_PKMN_TRAINER,,,,"FULL_RESTORE,FULL_RESTORE,FULL_RESTORE,FULL_RESTORE",TRAINER_PIC_B2W2_N,,"black2white2_trainer_index=782; source_rom_paths=a/0/9/1,a/0/9/2; battle_type=0; trainer_class_id=40; ai=7; healer=false; money=50; prize=0; location_unpaired=true",14,6,
TRAINER_PKMN_TRAINER_N_4,N,TRAINER_CLASS_PKMN_TRAINER,,,,"FULL_RESTORE,FULL_RESTORE,FULL_RESTORE,FULL_RESTORE",TRAINER_PIC_B2W2_N,,"black2white2_trainer_index=783; source_rom_paths=a/0/9/1,a/0/9/2; battle_type=0; trainer_class_id=40; ai=7; healer=false; money=50; prize=0; location_unpaired=true",14,6,
TRAINER_PKMN_TRAINER_N_5,N,TRAINER_CLASS_PKMN_TRAINER,,,,"FULL_RESTORE,FULL_RESTORE,FULL_RESTORE,FULL_RESTORE",TRAINER_PIC_B2W2_N,,"black2white2_trainer_index=784; source_rom_paths=a/0/9/1,a/0/9/2; battle_type=0; trainer_class_id=40; ai=7; healer=false; money=50; prize=0; location_unpaired=true",14,6,
TRAINER_PKMN_TRAINER_N_6,N,TRAINER_CLASS_PKMN_TRAINER,,,,"FULL_RESTORE,FULL_RESTORE,FULL_RESTORE,FULL_RESTORE",TRAINER_PIC_B2W2_N,,"black2white2_trainer_index=785; source_rom_paths=a/0/9/1,a/0/9/2; battle_type=0; trainer_class_id=40; ai=7; healer=false; money=50; prize=0; location_unpaired=true",14,6,
TRAINER_ACE_TRAINER_M_RAY_2,RAY,TRAINER_CLASS_ACE_TRAINER_M,,,,,TRAINER_PIC_B2W2_ACE_TRAINER_M,,"black2white2_trainer_index=786; source_rom_paths=a/0/9/1,a/0/9/2; battle_type=0; trainer_class_id=50; ai=135; healer=false; money=15; prize=0; location_unpaired=true",14,6,
TRAINER_ACE_TRAINER_F_CORA_2,CORA,TRAINER_CLASS_ACE_TRAINER_F,,,,,TRAINER_PIC_B2W2_ACE_TRAINER_F,,"black2white2_trainer_index=787; source_rom_paths=a/0/9/1,a/0/9/2; battle_type=0; trainer_class_id=49; ai=135; healer=false; money=15; prize=0; location_unpaired=true",14,6,
TRAINER_BACKPACKER_M_KIYO_2,KIYO,TRAINER_CLASS_BACKPACKER_M,,,,,TRAINER_PIC_B2W2_BACKPACKER_M,,"black2white2_trainer_index=788; source_rom_paths=a/0/9/1,a/0/9/2; battle_type=0; trainer_class_id=27; ai=129; healer=false; money=6; prize=0; location_unpaired=true",14,6,
TRAINER_BACKPACKER_F_KUMIKO_2,KUMIKO,TRAINER_CLASS_BACKPACKER_F,,,,,TRAINER_PIC_B2W2_BACKPACKER_F,,"black2white2_trainer_index=789; source_rom_paths=a/0/9/1,a/0/9/2; battle_type=0; trainer_class_id=28; ai=129; healer=false; money=6; prize=0; location_unpaired=true",14,6,
TRAINER_NURSERY_AIDE_ROSALYN,ROSALYN,TRAINER_CLASS_NURSERY_AIDE,,,,,TRAINER_PIC_B2W2_NURSERY_AIDE,,"black2white2_trainer_index=790; source_rom_paths=a/0/9/1,a/0/9/2; battle_type=0; trainer_class_id=13; ai=129; healer=false; money=10; prize=0; location_unpaired=true",14,6,
TRAINER_PRESCHOOLER_M_IKE,IKE,TRAINER_CLASS_PRESCHOOLER_M,,,,,TRAINER_PIC_B2W2_PRESCHOOLER_M,,"black2white2_trainer_index=791; source_rom_paths=a/0/9/1,a/0/9/2; battle_type=0; trainer_class_id=15; ai=128; healer=false; money=1; prize=0; location_unpaired=true",14,6,
TRAINER_YOUNGSTER_HENLEY,HENLEY,TRAINER_CLASS_YOUNGSTER,,,,,TRAINER_PIC_B2W2_YOUNGSTER,,"black2white2_trainer_index=792; source_rom_paths=a/0/9/1,a/0/9/2; battle_type=0; trainer_class_id=2; ai=129; healer=false; money=4; prize=0; location_unpaired=true",14,6,
TRAINER_LASS_HELIA,HELIA,TRAINER_CLASS_LASS,,,,,TRAINER_PIC_B2W2_LASS,,"black2white2_trainer_index=793; source_rom_paths=a/0/9/1,a/0/9/2; battle_type=0; trainer_class_id=3; ai=129; healer=false; money=4; prize=0; location_unpaired=true",14,6,
TRAINER_PKMN_TRAINER_RIVAL_28,RIVAL,TRAINER_CLASS_PKMN_TRAINER,,,,HYPER_POTION,TRAINER_PIC_B2W2_HUGH,,"black2white2_trainer_index=794; source_rom_paths=a/0/9/1,a/0/9/2; battle_type=0; trainer_class_id=145; ai=135; healer=false; money=25; prize=0; location_unpaired=true",14,6,
TRAINER_PKMN_TRAINER_RIVAL_29,RIVAL,TRAINER_CLASS_PKMN_TRAINER,,,,HYPER_POTION,TRAINER_PIC_B2W2_HUGH,,"black2white2_trainer_index=795; source_rom_paths=a/0/9/1,a/0/9/2; battle_type=0; trainer_class_id=145; ai=135; healer=false; money=25; prize=0; location_unpaired=true",14,6,
TRAINER_PKMN_TRAINER_RIVAL_30,RIVAL,TRAINER_CLASS_PKMN_TRAINER,,,,HYPER_POTION,TRAINER_PIC_B2W2_HUGH,,"black2white2_trainer_index=796; source_rom_paths=a/0/9/1,a/0/9/2; battle_type=0; trainer_class_id=145; ai=135; healer=false; money=25; prize=0; location_unpaired=true",14,6,
TRAINER_TEAM_PLASMA_GRUNT_49,GRUNT,TRAINER_CLASS_TEAM_PLASMA,,,,,TRAINER_PIC_B2W2_PLASMA_GRUNT_M,,"black2white2_trainer_index=797; source_rom_paths=a/0/9/1,a/0/9/2; battle_type=0; trainer_class_id=187; ai=129; healer=false; money=10; prize=0; location_unpaired=true",14,6,
TRAINER_TEAM_PLASMA_GRUNT_50,GRUNT,TRAINER_CLASS_TEAM_PLASMA,,,,,TRAINER_PIC_B2W2_PLASMA_GRUNT_M,,"black2white2_trainer_index=798; source_rom_paths=a/0/9/1,a/0/9/2; battle_type=0; trainer_class_id=187; ai=129; healer=false; money=10; prize=0; location_unpaired=true",14,6,
TRAINER_TEAM_PLASMA_GRUNT_51,GRUNT,TRAINER_CLASS_TEAM_PLASMA,,,,,TRAINER_PIC_B2W2_PLASMA_GRUNT_F,,"black2white2_trainer_index=799; source_rom_paths=a/0/9/1,a/0/9/2; battle_type=0; trainer_class_id=188; ai=129; healer=false; money=10; prize=0; location_unpaired=true",14,6,
TRAINER_TEAM_PLASMA_GRUNT_52,GRUNT,TRAINER_CLASS_TEAM_PLASMA,,,,,TRAINER_PIC_B2W2_PLASMA_GRUNT_M,,"black2white2_trainer_index=800; source_rom_paths=a/0/9/1,a/0/9/2; battle_type=0; trainer_class_id=187; ai=1; healer=false; money=10; prize=0; location_unpaired=true",14,6,
TRAINER_TEAM_PLASMA_GRUNT_53,GRUNT,TRAINER_CLASS_TEAM_PLASMA,,,,,TRAINER_PIC_B2W2_PLASMA_GRUNT_F,,"black2white2_trainer_index=801; source_rom_paths=a/0/9/1,a/0/9/2; battle_type=0; trainer_class_id=188; ai=1; healer=false; money=10; prize=0; location_unpaired=true",14,6,
TRAINER_TEAM_PLASMA_GRUNT_54,GRUNT,TRAINER_CLASS_TEAM_PLASMA,,,,,TRAINER_PIC_B2W2_PLASMA_GRUNT_F,,"black2white2_trainer_index=802; source_rom_paths=a/0/9/1,a/0/9/2; battle_type=0; trainer_class_id=188; ai=1; healer=false; money=10; prize=0; location_unpaired=true",14,6,
TRAINER_NURSERY_AIDE_JUNE,JUNE,TRAINER_CLASS_NURSERY_AIDE,,,,,TRAINER_PIC_B2W2_NURSERY_AIDE,,"black2white2_trainer_index=803; source_rom_paths=a/0/9/1,a/0/9/2; battle_type=0; trainer_class_id=13; ai=1; healer=false; money=10; prize=0; location_reference=https://www.serebii.net/pokearth/unova/nimbasacity.shtml; location_unpaired=true",14,6,
TRAINER_BEAUTY_DECEMBER,DECEMBER,TRAINER_CLASS_BEAUTY,,,,,TRAINER_PIC_B2W2_BEAUTY,,"black2white2_trainer_index=804; source_rom_paths=a/0/9/1,a/0/9/2; battle_type=0; trainer_class_id=179; ai=1; healer=false; money=14; prize=0; location_reference=https://www.serebii.net/pokearth/unova/nimbasacity.shtml; location_unpaired=true",14,6,
TRAINER_CLERK_M_AUGUSTIN,AUGUSTIN,TRAINER_CLASS_CLERK_M,,,,,TRAINER_PIC_B2W2_CLERK_M,,"black2white2_trainer_index=805; source_rom_paths=a/0/9/1,a/0/9/2; battle_type=0; trainer_class_id=66; ai=1; healer=false; money=10; prize=0; location_reference=https://www.serebii.net/pokearth/unova/nimbasacity.shtml; location_unpaired=true",14,6,
TRAINER_GUITARIST_JANUARY,JANUARY,TRAINER_CLASS_GUITARIST,,,,,TRAINER_PIC_B2W2_GUITARIST,,"black2white2_trainer_index=806; source_rom_paths=a/0/9/1,a/0/9/2; battle_type=0; trainer_class_id=146; ai=1; healer=false; money=8; prize=0; location_reference=https://www.serebii.net/pokearth/unova/nimbasacity.shtml; location_unpaired=true",14,6,
TRAINER_TEAM_PLASMA_GRUNT_55,GRUNT,TRAINER_CLASS_TEAM_PLASMA,,,,,TRAINER_PIC_B2W2_PLASMA_GRUNT_M,,"black2white2_trainer_index=807; source_rom_paths=a/0/9/1,a/0/9/2; battle_type=0; trainer_class_id=187; ai=129; healer=false; money=10; prize=0; location_unpaired=true",14,6,
TRAINER_TEAM_PLASMA_GRUNT_56,GRUNT,TRAINER_CLASS_TEAM_PLASMA,,,,,TRAINER_PIC_B2W2_PLASMA_GRUNT_M,,"black2white2_trainer_index=808; source_rom_paths=a/0/9/1,a/0/9/2; battle_type=0; trainer_class_id=187; ai=1; healer=false; money=10; prize=0; location_unpaired=true",14,6,
TRAINER_TEAM_PLASMA_GRUNT_57,GRUNT,TRAINER_CLASS_TEAM_PLASMA,,,,,TRAINER_PIC_B2W2_PLASMA_GRUNT_F,,"black2white2_trainer_index=809; source_rom_paths=a/0/9/1,a/0/9/2; battle_type=0; trainer_class_id=188; ai=129; healer=false; money=10; prize=0; location_unpaired=true",14,6,
TRAINER_TEAM_PLASMA_GRUNT_58,GRUNT,TRAINER_CLASS_TEAM_PLASMA,,,,,TRAINER_PIC_B2W2_PLASMA_GRUNT_F,,"black2white2_trainer_index=810; source_rom_paths=a/0/9/1,a/0/9/2; battle_type=0; trainer_class_id=188; ai=1; healer=false; money=10; prize=0; location_unpaired=true",14,6,
TRAINER_DOCTOR_JULIUS,JULIUS,TRAINER_CLASS_DOCTOR,,,,"FULL_HEAL,HYPER_POTION",TRAINER_PIC_B2W2_DOCTOR,,"black2white2_trainer_index=811; source_rom_paths=a/0/9/1,a/0/9/2; battle_type=0; trainer_class_id=61; ai=7; healer=true; money=15; prize=0; location_unpaired=true",14,6,
TRAINER_TEAM_PLASMA_GRUNT_59,GRUNT,TRAINER_CLASS_TEAM_PLASMA,,,,,TRAINER_PIC_B2W2_PLASMA_GRUNT_M,,"black2white2_trainer_index=812; source_rom_paths=a/0/9/1,a/0/9/2; battle_type=0; trainer_class_id=187; ai=1; healer=false; money=10; prize=0; location_unpaired=true",14,6,
TRAINER_PKMN_TRAINER_COLRESS_2,COLRESS,TRAINER_CLASS_PKMN_TRAINER,,,,"FULL_RESTORE,FULL_RESTORE,FULL_RESTORE",TRAINER_PIC_B2W2_COLRESS,,"black2white2_trainer_index=813; source_rom_paths=a/0/9/1,a/0/9/2; battle_type=0; trainer_class_id=235; ai=7; healer=false; money=50; prize=0; location_unpaired=true",14,6,
