encounter_name,species_name,lvl,moves,held_item,iv,version_group_id,load_build,slot
TRAINER_SMASHER_ELENA,BLITZLE,26,,,100,14,6,1
TRAINER_LINEBACKER_DAN,DARUMAKA,25,,,100,14,6,1
TRAINER_LINEBACKER_DAN,TIMBURR,25,,,100,14,6,2
TRAINER_SMASHER_ASPEN,WHIMSICOTT,47,,,100,14,6,1
TRAINER_SMASHER_ASPEN,LILLIGANT,47,,,100,14,6,2
TRAINER_PKMN_TRAINER_BIANCA,MUSHARNA,40,"PSYCHIC,ENERGY_BALL,HYPNOSIS,SHADOW_BALL",,250,14,6,1
TRAINER_PKMN_TRAINER_BIANCA,STOUTLAND,38,"ICE_FANG,FIRE_FANG,THUNDER_FANG,RETURN",,250,14,6,2
TRAINER_PKMN_TRAINER_BIANCA,MIENFOO,38,"DRAIN_PUNCH,FAKE_OUT,U_TURN,ACROBATICS",,250,14,6,3
TRAINER_PKMN_TRAINER_N,ZEKROM,70,,,250,14,6,1
TRAINER_PKMN_TRAINER_N_2,RESHIRAM,70,,,250,14,6,1
TRAINER_WORKER_MATTHEW,SEALEO,61,,,0,14,6,1
TRAINER_WORKER_MATTHEW,GLALIE,61,,,0,14,6,2
TRAINER_HOOPSTER_BOBBY,WHIRLIPEDE,26,,,100,14,6,1
TRAINER_HOOPSTER_JOHN,STOUTLAND,47,,,100,14,6,1
TRAINER_HOOPSTER_JOHN,BOLDORE,47,,,100,14,6,2
TRAINER_CLERK_F_TRISHA,MINCCINO,24,,,0,14,6,1
TRAINER_WAITER_LOU,LIEPARD,43,,,0,14,6,1
TRAINER_WAITRESS_OLWEN,MINCCINO,43,,,0,14,6,1
TRAINER_STRIKER_TONY,TRANQUILL,26,,,100,14,6,1
TRAINER_STRIKER_ROBERTO,LIEPARD,48,,,100,14,6,1
TRAINER_ROUGHNECK_FLETCHER,MIGHTYENA,60,,,0,14,6,1
TRAINER_ROUGHNECK_FLETCHER,SKUNTANK,60,,,0,14,6,2
TRAINER_ROUGHNECK_FLETCHER,CRAWDAUNT,60,,,0,14,6,3
TRAINER_YOUNGSTER_ABE,SPEAROW,60,,,0,14,6,1
TRAINER_YOUNGSTER_ABE,LINOONE,60,,,0,14,6,2
TRAINER_YOUNGSTER_ABE,FEAROW,60,,,0,14,6,3
TRAINER_YOUNGSTER_KEVIN,VENONAT,60,,,0,14,6,1
TRAINER_YOUNGSTER_KEVIN,RATICATE,60,,,0,14,6,2
TRAINER_YOUNGSTER_KEVIN,VENOMOTH,60,,,0,14,6,3
TRAINER_FISHERMAN_DEVON,FINNEON,59,,,0,14,6,1
TRAINER_FISHERMAN_DEVON,GOREBYSS,59,,,0,14,6,2
TRAINER_FISHERMAN_DEVON,HUNTAIL,59,,,0,14,6,3
TRAINER_FISHERMAN_DEVON,LUMINEON,59,,,0,14,6,4
TRAINER_CLERK_M_CHAZ,ARIADOS,61,,,0,14,6,1
TRAINER_CLERK_M_CHAZ,FLOATZEL,61,,,0,14,6,2
TRAINER_CLERK_M_FREDRIC,PERSIAN,62,,,50,14,6,1
TRAINER_CLERK_M_FREDRIC,HONCHKROW,62,,,50,14,6,2
TRAINER_BACKERS_HAWK_DAR,DARUMAKA,31,,,0,14,6,1
TRAINER_BACKERS_HAWK_DAR,DARUMAKA,31,,,0,14,6,2
TRAINER_BACKERS_JOE_ROSS,ZEBSTRIKA,31,,,0,14,6,1
TRAINER_BACKERS_JOE_ROSS,ZEBSTRIKA,31,,,0,14,6,2
TRAINER_BACKERS_MASA_YAS,SCOLIPEDE,31,,,0,14,6,1
TRAINER_BACKERS_MASA_YAS,SCOLIPEDE,31,,,0,14,6,2
TRAINER_BACKERS_KAY_ALI,DUCKLETT,31,,,0,14,6,1
TRAINER_BACKERS_KAY_ALI,DUCKLETT,31,,,0,14,6,2
TRAINER_BACKERS_AMI_EIRA,PANPOUR,31,,,0,14,6,1
TRAINER_BACKERS_AMI_EIRA,PANSEAR,31,,,0,14,6,2
TRAINER_LINEBACKER_BOB,GURDURR,47,,,100,14,6,1
TRAINER_LINEBACKER_BOB,GURDURR,47,,,100,14,6,2
TRAINER_PKMN_RANGER_M_ALAIN,AMBIPOM,61,,,50,14,6,1
TRAINER_PKMN_RANGER_M_ALAIN,CARNIVINE,61,,,50,14,6,2
TRAINER_PKMN_RANGER_M_ALAIN,STEELIX,61,,,50,14,6,3
TRAINER_PKMN_RANGER_F_HEIDI,MUSHARNA,61,,,50,14,6,1
TRAINER_PKMN_RANGER_F_HEIDI,DRIFBLIM,61,,,50,14,6,2
TRAINER_PKMN_RANGER_F_HEIDI,UMBREON,61,,,50,14,6,3
TRAINER_INFIELDER_ALEX,PANSEAR,24,,,100,14,6,1
TRAINER_INFIELDER_ALEX,PANPOUR,24,,,100,14,6,2
TRAINER_INFIELDER_ALEX,PANSAGE,24,,,100,14,6,3
TRAINER_INFIELDER_CONNOR,KROKOROK,47,,,100,14,6,1
TRAINER_INFIELDER_CONNOR,UNFEZANT,47,,,100,14,6,2
TRAINER_ACE_TRAINER_F_MARIANA,ROTOM,62,,,100,14,6,1
TRAINER_ACE_TRAINER_F_MARIANA,BUTTERFREE,62,,,100,14,6,2
TRAINER_ACE_TRAINER_F_MARIANA,ALOMOMOLA,62,,,100,14,6,3
TRAINER_ACE_TRAINER_M_HENRY,TAUROS,63,,,100,14,6,1
TRAINER_ACE_TRAINER_M_HENRY,WAILORD,63,,,100,14,6,2
TRAINER_LASS_SIBYL,CHINGLING,61,,,0,14,6,1
TRAINER_LASS_SIBYL,WORMADAM,61,,,0,14,6,2
TRAINER_RICH_BOY_BRAD,AIPOM,61,,,0,14,6,1
TRAINER_RICH_BOY_BRAD,MURKROW,61,,,0,14,6,2
TRAINER_LADY_ELIZANDRA,MEOWTH,60,,,0,14,6,1
TRAINER_LADY_ELIZANDRA,VULPIX,60,,,0,14,6,2
TRAINER_LADY_ELIZANDRA,EEVEE,60,,,0,14,6,3
TRAINER_SOCIALITE_CASSANDRA,LIEPARD,61,,,0,14,6,1
TRAINER_SOCIALITE_CASSANDRA,ARBOK,61,,,0,14,6,2
TRAINER_GENTLEMAN_ROBERT,HOUNDOUR,60,,,0,14,6,1
TRAINER_GENTLEMAN_ROBERT,NOCTOWL,60,,,0,14,6,2
TRAINER_GENTLEMAN_ROBERT,HOUNDOOM,60,,,0,14,6,3
TRAINER_ELITE_FOUR_SHAUNTAL,COFAGRIGUS,56,"WILL_O_WISP,GRASS_KNOT,PSYCHIC,SHADOW_BALL",,200,14,6,1
TRAINER_ELITE_FOUR_SHAUNTAL,DRIFBLIM,56,"PSYCHIC,THUNDERBOLT,ACROBATICS,SHADOW_BALL",,200,14,6,2
TRAINER_ELITE_FOUR_SHAUNTAL,GOLURK,56,"HEAVY_SLAM,EARTHQUAKE,BRICK_BREAK,SHADOW_PUNCH",,200,14,6,3
TRAINER_ELITE_FOUR_SHAUNTAL,CHANDELURE,58,"ENERGY_BALL,FIRE_BLAST,PSYCHIC,SHADOW_BALL",SITRUS_BERRY,250,14,6,4
TRAINER_ELITE_FOUR_MARSHAL,THROH,56,"STORM_THROW,BULLDOZE,ROCK_TOMB,PAYBACK",,200,14,6,1
TRAINER_ELITE_FOUR_MARSHAL,SAWK,56,"BRICK_BREAK,RETALIATE,ROCK_SLIDE,PAYBACK",,200,14,6,2
TRAINER_ELITE_FOUR_MARSHAL,MIENSHAO,56,"HI_JUMP_KICK,U_TURN,BOUNCE,RETALIATE",,200,14,6,3
TRAINER_ELITE_FOUR_MARSHAL,CONKELDURR,58,"HAMMER_ARM,BULK_UP,STONE_EDGE,RETALIATE",SITRUS_BERRY,250,14,6,4
TRAINER_ELITE_FOUR_GRIMSLEY,LIEPARD,56,"NIGHT_SLASH,FAKE_OUT,AERIAL_ACE,ATTRACT",,200,14,6,1
TRAINER_ELITE_FOUR_GRIMSLEY,SCRAFTY,56,"CRUNCH,BRICK_BREAK,POISON_JAB,ROCK_TOMB",,200,14,6,2
TRAINER_ELITE_FOUR_GRIMSLEY,KROOKODILE,56,"CRUNCH,DRAGON_CLAW,EARTHQUAKE,ROCK_TOMB",,200,14,6,3
TRAINER_ELITE_FOUR_GRIMSLEY,BISHARP,58,"NIGHT_SLASH,X_SCISSOR,METAL_CLAW,AERIAL_ACE",SITRUS_BERRY,250,14,6,4
TRAINER_ELITE_FOUR_CAITLIN,MUSHARNA,56,"CHARGE_BEAM,DREAM_EATER,YAWN,REFLECT",,200,14,6,1
TRAINER_ELITE_FOUR_CAITLIN,REUNICLUS,56,"PSYCHIC,ENERGY_BALL,FOCUS_BLAST,RECOVER",,200,14,6,2
TRAINER_ELITE_FOUR_CAITLIN,SIGILYPH,56,"PSYCHIC,SHADOW_BALL,ICE_BEAM,AIR_SLASH",,200,14,6,3
TRAINER_ELITE_FOUR_CAITLIN,GOTHITELLE,58,"PSYCHIC,SHADOW_BALL,THUNDERBOLT,CALM_MIND",SITRUS_BERRY,250,14,6,4
TRAINER_VETERAN_M_SHAUN,GYARADOS,62,"WATERFALL,STONE_EDGE,BLIZZARD,FIRE_BLAST",,200,14,6,1
TRAINER_VETERAN_M_SHAUN,EXCADRILL,62,"DRILL_RUN,ROCK_SLIDE,SLUDGE_BOMB,TOXIC",,200,14,6,2
TRAINER_VETERAN_M_SHAUN,CROBAT,62,"AIR_SLASH,POISON_FANG,U_TURN,RETURN",,200,14,6,3
TRAINER_VETERAN_M_SHAUN,DRUDDIGON,62,"OUTRAGE,NIGHT_SLASH,SURF,FLAMETHROWER",,200,14,6,4
TRAINER_VETERAN_M_SHAUN,GIGALITH,62,"STONE_EDGE,EARTHQUAKE,FLASH_CANNON,RETURN",,200,14,6,5
TRAINER_VETERAN_M_SHAUN,SNORLAX,62,"HEAVY_SLAM,BODY_SLAM,WILD_CHARGE,CRUNCH",,200,14,6,6
TRAINER_ACE_TRAINER_F_LUCCA,ARCANINE,47,,,100,14,6,1
TRAINER_ACE_TRAINER_F_LUCCA,EXCADRILL,47,,,100,14,6,2
TRAINER_ACE_TRAINER_M_SHEL,STARMIE,47,,,100,14,6,1
TRAINER_ACE_TRAINER_M_SHEL,DRAPION,47,,,100,14,6,2
TRAINER_ACE_TRAINER_M_AUSTIN,SWOOBAT,26,,,100,14,6,1
TRAINER_RICH_BOY_MARTIN,TRANQUILL,23,,,0,14,6,1
TRAINER_LASS_PERSEPHONE,LIEPARD,24,,,0,14,6,1
TRAINER_SMASHER_MARI,VOLTORB,63,,,100,14,6,1
TRAINER_SMASHER_MARI,JELLICENT,63,,,100,14,6,2
TRAINER_SMASHER_ELENA_2,ZEBSTRIKA,34,,,100,14,6,1
TRAINER_SMASHER_ELENA_3,ZEBSTRIKA,48,,,100,14,6,1
TRAINER_SMASHER_ELENA_4,BALTOY,63,,,100,14,6,1
TRAINER_SMASHER_ELENA_4,ZEBSTRIKA,63,,,100,14,6,2
TRAINER_SMASHER_ASPEN_2,WHIMSICOTT,63,,,100,14,6,1
TRAINER_SMASHER_ASPEN_2,LILLIGANT,63,,,100,14,6,2
TRAINER_INFIELDER_TODD,CUBONE,63,,,100,14,6,1
TRAINER_INFIELDER_TODD,BISHARP,63,,,100,14,6,2
TRAINER_INFIELDER_ALEX_2,PANSAGE,32,,,100,14,6,1
TRAINER_INFIELDER_ALEX_2,PANSEAR,32,,,100,14,6,2
TRAINER_INFIELDER_ALEX_2,PANPOUR,32,,,100,14,6,3
TRAINER_INFIELDER_ALEX_3,SIMIPOUR,46,,,100,14,6,1
TRAINER_INFIELDER_ALEX_3,SIMISAGE,46,,,100,14,6,2
TRAINER_INFIELDER_ALEX_3,SIMISEAR,46,,,100,14,6,3
TRAINER_INFIELDER_ALEX_4,SIMIPOUR,62,,,100,14,6,1
TRAINER_INFIELDER_ALEX_4,SIMISAGE,62,,,100,14,6,2
TRAINER_INFIELDER_ALEX_4,SIMISEAR,62,,,100,14,6,3
TRAINER_INFIELDER_CONNOR_2,UNFEZANT,63,,,100,14,6,1
TRAINER_INFIELDER_CONNOR_2,KROOKODILE,63,,,100,14,6,2
TRAINER_STRIKER_MARCO,GRAVELER,63,,,100,14,6,1
TRAINER_STRIKER_MARCO,HITMONLEE,63,,,100,14,6,2
TRAINER_STRIKER_TONY_2,DUCKLETT,34,,,100,14,6,1
TRAINER_STRIKER_TONY_3,SWANNA,48,,,100,14,6,1
TRAINER_STRIKER_TONY_4,SWANNA,63,,,100,14,6,1
TRAINER_STRIKER_TONY_4,KECLEON,63,,,100,14,6,2
TRAINER_STRIKER_ROBERTO_2,TAILLOW,62,,,100,14,6,1
TRAINER_STRIKER_ROBERTO_2,SNEASEL,62,,,100,14,6,2
TRAINER_STRIKER_ROBERTO_2,LIEPARD,62,,,100,14,6,3
TRAINER_LINEBACKER_JONAH,FORRETRESS,64,,,100,14,6,1
TRAINER_LINEBACKER_DAN_2,DARUMAKA,33,,,100,14,6,1
TRAINER_LINEBACKER_DAN_2,GURDURR,33,,,100,14,6,2
TRAINER_LINEBACKER_DAN_3,GURDURR,47,,,100,14,6,1
TRAINER_LINEBACKER_DAN_3,DARMANITAN,47,,,100,14,6,2
TRAINER_LINEBACKER_DAN_4,LICKITUNG,62,,,100,14,6,1
TRAINER_LINEBACKER_DAN_4,DARMANITAN,62,,,100,14,6,2
TRAINER_LINEBACKER_DAN_4,CONKELDURR,62,,,100,14,6,3
TRAINER_LINEBACKER_BOB_2,SAWK,62,,,100,14,6,1
TRAINER_LINEBACKER_BOB_2,THROH,62,,,100,14,6,2
TRAINER_LINEBACKER_BOB_2,HARIYAMA,62,,,100,14,6,3
TRAINER_HOOPSTER_LAMARCUS,MASQUERAIN,63,,,100,14,6,1
TRAINER_HOOPSTER_LAMARCUS,BOUFFALANT,63,,,100,14,6,2
TRAINER_HOOPSTER_BOBBY_2,SCOLIPEDE,34,,,100,14,6,1
TRAINER_HOOPSTER_BOBBY_3,SCOLIPEDE,48,,,100,14,6,1
TRAINER_HOOPSTER_BOBBY_4,MANTYKE,63,,,100,14,6,1
TRAINER_HOOPSTER_BOBBY_4,SCOLIPEDE,63,,,100,14,6,2
TRAINER_HOOPSTER_JOHN_2,STOUTLAND,63,,,100,14,6,1
TRAINER_HOOPSTER_JOHN_2,GIGALITH,63,,,100,14,6,2
TRAINER_BACKERS_HAWK_DAR_2,DARMANITAN,45,,,0,14,6,1
TRAINER_BACKERS_HAWK_DAR_2,DARMANITAN,45,,,0,14,6,2
TRAINER_BACKERS_HAWK_DAR_3,DARMANITAN,61,,,0,14,6,1
TRAINER_BACKERS_HAWK_DAR_3,DARMANITAN,61,,,0,14,6,2
TRAINER_BACKERS_JOE_ROSS_2,ZEBSTRIKA,45,,,0,14,6,1
TRAINER_BACKERS_JOE_ROSS_2,ZEBSTRIKA,45,,,0,14,6,2
TRAINER_BACKERS_JOE_ROSS_3,JELLICENT,61,,,0,14,6,1
TRAINER_BACKERS_JOE_ROSS_3,ZEBSTRIKA,61,,,0,14,6,2
TRAINER_BACKERS_MASA_YAS_2,SCOLIPEDE,45,,,0,14,6,1
TRAINER_BACKERS_MASA_YAS_2,BOLDORE,45,,,0,14,6,2
TRAINER_BACKERS_MASA_YAS_3,SCOLIPEDE,61,,,0,14,6,1
TRAINER_BACKERS_MASA_YAS_3,GIGALITH,61,,,0,14,6,2
TRAINER_BACKERS_LES_WEB,LIEPARD,61,,,0,14,6,1
TRAINER_BACKERS_LES_WEB,LIEPARD,61,,,0,14,6,2
TRAINER_BACKERS_ALF_FRED,SIMISAGE,61,,,0,14,6,1
TRAINER_BACKERS_ALF_FRED,BISHARP,61,,,0,14,6,2
TRAINER_BACKERS_KAY_ALI_2,SWANNA,45,,,0,14,6,1
TRAINER_BACKERS_KAY_ALI_2,SWANNA,45,,,0,14,6,2
TRAINER_BACKERS_KAY_ALI_3,SWANNA,61,,,0,14,6,1
TRAINER_BACKERS_KAY_ALI_3,SWANNA,61,,,0,14,6,2
TRAINER_BACKERS_AMI_EIRA_2,SIMIPOUR,45,,,0,14,6,1
TRAINER_BACKERS_AMI_EIRA_2,SIMISEAR,45,,,0,14,6,2
TRAINER_BACKERS_AMI_EIRA_3,SIMIPOUR,61,,,0,14,6,1
TRAINER_BACKERS_AMI_EIRA_3,SIMISEAR,61,,,0,14,6,2
TRAINER_BACKERS_CAM_ABBY,SAWK,61,,,0,14,6,1
TRAINER_BACKERS_CAM_ABBY,THROH,61,,,0,14,6,2
TRAINER_BACKERS_AI_CIEL,WHIMSICOTT,61,,,0,14,6,1
TRAINER_BACKERS_AI_CIEL,LILLIGANT,61,,,0,14,6,2
TRAINER_BACKERS_KAT_PHAE,STOUTLAND,61,,,0,14,6,1
TRAINER_BACKERS_KAT_PHAE,BOUFFALANT,61,,,0,14,6,2
TRAINER_LASS_DANA,MISDREAVUS,60,,,0,14,6,1
TRAINER_LASS_DANA,PACHIRISU,60,,,0,14,6,2
TRAINER_LASS_DANA,DELCATTY,60,,,0,14,6,3
TRAINER_SCHOOL_KID_M_ALAN,SEADRA,60,,,0,14,6,1
TRAINER_SCHOOL_KID_M_ALAN,SHELGON,60,,,0,14,6,2
TRAINER_SCHOOL_KID_M_ALAN,DRAGONAIR,60,,,0,14,6,3
TRAINER_SCHOOL_KID_F_SALLY,LUVDISC,60,,,0,14,6,1
TRAINER_SCHOOL_KID_F_SALLY,FARFETCH_D,60,,,0,14,6,2
TRAINER_SCHOOL_KID_F_SALLY,LICKITUNG,60,,,0,14,6,3
TRAINER_ACE_TRAINER_F_LUCILLE,JYNX,63,,,100,14,6,1
TRAINER_ACE_TRAINER_F_LUCILLE,VAPOREON,63,,,100,14,6,2
TRAINER_ACE_TRAINER_F_LUCILLE,AERODACTYL,63,,,100,14,6,3
TRAINER_ACE_TRAINER_M_CHARLIE,GALVANTULA,63,,,100,14,6,1
TRAINER_ACE_TRAINER_M_CHARLIE,TROPIUS,63,,,100,14,6,2
TRAINER_ACE_TRAINER_M_CHARLIE,MAMOSWINE,63,,,100,14,6,3
TRAINER_VETERAN_M_ARLEN,JOLTEON,63,"SHADOW_BALL,RETURN,PIN_MISSILE,THUNDER",,200,14,6,1
TRAINER_VETERAN_M_ARLEN,SANDSLASH,63,"SLASH,EARTHQUAKE,AERIAL_ACE,TOXIC",,200,14,6,2
TRAINER_VETERAN_M_ARLEN,SKARMORY,63,"AIR_SLASH,SLASH,NIGHT_SLASH,STEEL_WING",,200,14,6,3
TRAINER_VETERAN_M_ARLEN,TYRANITAR,63,"STONE_EDGE,PAYBACK,THUNDERBOLT,ICE_BEAM",,200,14,6,4
TRAINER_VETERAN_F_SAYURI,RELICANTH,63,"DOUBLE_EDGE,ANCIENTPOWER,WATERFALL,BLIZZARD",,200,14,6,1
TRAINER_VETERAN_F_SAYURI,MAGCARGO,63,"FIRE_BLAST,STONE_EDGE,GYRO_BALL,EARTHQUAKE",,200,14,6,2
TRAINER_VETERAN_F_SAYURI,GLACEON,63,"BLIZZARD,RETURN,ICE_SHARD,SHADOW_BALL",,200,14,6,3
TRAINER_VETERAN_F_SAYURI,DRAGONITE,63,"OUTRAGE,WING_ATTACK,WATERFALL,FIRE_PUNCH",,200,14,6,4
TRAINER_PKMN_BREEDER_M_OWEN,BONSLY,57,,,0,14,6,1
TRAINER_PKMN_BREEDER_M_OWEN,WOOPER,57,,,0,14,6,2
TRAINER_PKMN_BREEDER_M_OWEN,MUNCHLAX,57,,,0,14,6,3
TRAINER_PKMN_BREEDER_M_OWEN,SANDSHREW,57,,,0,14,6,4
TRAINER_PKMN_BREEDER_M_OWEN,WYNAUT,57,,,0,14,6,5
TRAINER_PKMN_BREEDER_M_OWEN,SPOINK,57,,,0,14,6,6
TRAINER_PKMN_BREEDER_F_BROOKE,SWINUB,57,,,0,14,6,1
TRAINER_PKMN_BREEDER_F_BROOKE,POLIWAG,57,,,0,14,6,2
TRAINER_PKMN_BREEDER_F_BROOKE,CLEFFA,57,,,0,14,6,3
TRAINER_PKMN_BREEDER_F_BROOKE,GIBLE,57,,,0,14,6,4
TRAINER_PKMN_BREEDER_F_BROOKE,IGGLYBUFF,57,,,0,14,6,5
TRAINER_PKMN_BREEDER_F_BROOKE,LARVITAR,57,,,0,14,6,6
TRAINER_WAITER_CLINT,CLAMPERL,60,,,0,14,6,1
TRAINER_WAITER_CLINT,GLAMEOW,60,,,0,14,6,2
TRAINER_WAITER_CLINT,UNFEZANT,60,,,0,14,6,3
TRAINER_WAITRESS_BONITA,PSYDUCK,61,,,0,14,6,1
TRAINER_WAITRESS_BONITA,LEAFEON,61,,,0,14,6,2
TRAINER_SCIENTIST_SIMON,STUNKY,61,,,0,14,6,1
TRAINER_SCIENTIST_SIMON,MUK,61,,,0,14,6,2
TRAINER_SCIENTIST_BLYTHE,SKORUPI,61,,,0,14,6,1
TRAINER_SCIENTIST_BLYTHE,SWALOT,61,,,0,14,6,2
TRAINER_LADY_SOPHIE,ILLUMISE,62,,,0,14,6,1
TRAINER_RICH_BOY_ANTHONY,VOLBEAT,62,,,0,14,6,1
TRAINER_SOCIALITE_EMILIA,SABLEYE,61,,,0,14,6,1
TRAINER_SOCIALITE_EMILIA,LIEPARD,61,,,0,14,6,2
TRAINER_GENTLEMAN_RENAUD,SLOWKING,62,,,0,14,6,1
TRAINER_BLACK_BELT_LAO,MANKEY,61,,,50,14,6,1
TRAINER_BLACK_BELT_LAO,HERACROSS,61,,,50,14,6,2
TRAINER_BLACK_BELT_LAO,CONKELDURR,61,,,50,14,6,3
TRAINER_BATTLE_GIRL_JANIE,HITMONCHAN,63,,,50,14,6,1
TRAINER_POKEFAN_M_COLIN,SLOWPOKE,61,,,0,14,6,1
TRAINER_POKEFAN_M_COLIN,SLOWBRO,61,,,0,14,6,2
TRAINER_POKEFAN_F_DARCY,RATTATA,58,,,0,14,6,1
TRAINER_POKEFAN_F_DARCY,SENTRET,58,,,0,14,6,2
TRAINER_POKEFAN_F_DARCY,ZIGZAGOON,58,,,0,14,6,3
TRAINER_POKEFAN_F_DARCY,BIDOOF,58,,,0,14,6,4
TRAINER_POKEFAN_F_DARCY,PATRAT,58,,,0,14,6,5
TRAINER_PILOT_LEONARD,HOOTHOOT,60,,,0,14,6,1
TRAINER_PILOT_LEONARD,SWELLOW,60,,,0,14,6,2
TRAINER_PILOT_LEONARD,UNFEZANT,60,,,0,14,6,3
TRAINER_WORKER_TYLER,MAWILE,61,,,0,14,6,1
TRAINER_WORKER_TYLER,EXCADRILL,61,,,0,14,6,2
TRAINER_BAKER_LILLY,TORKOAL,61,,,0,14,6,1
TRAINER_BAKER_LILLY,MILTANK,61,,,0,14,6,2
TRAINER_NURSERY_AIDE_LEAH,CLEFAIRY,61,,,0,14,6,1
TRAINER_NURSERY_AIDE_LEAH,CLEFABLE,61,,,0,14,6,2
TRAINER_CLERK_M_NELSON,YANMA,58,,,0,14,6,1
TRAINER_CLERK_M_NELSON,LEDIAN,58,,,0,14,6,2
TRAINER_CLERK_M_NELSON,KRICKETUNE,58,,,0,14,6,3
TRAINER_CLERK_M_NELSON,SCIZOR,58,,,0,14,6,4
TRAINER_CLERK_M_NELSON,SCOLIPEDE,58,,,0,14,6,5
TRAINER_CLERK_F_WREN,CHERUBI,60,,,0,14,6,1
TRAINER_CLERK_F_WREN,SUNFLORA,60,,,0,14,6,2
TRAINER_CLERK_F_WREN,CHERRIM,60,,,0,14,6,3
TRAINER_JANITOR_CALEB,KOFFING,61,,,0,14,6,1
TRAINER_JANITOR_CALEB,WEEZING,61,,,0,14,6,2
TRAINER_BACKPACKER_F_PATTY,FLAREON,62,,,0,14,6,1
TRAINER_BACKPACKER_M_ALEXANDER,ZANGOOSE,62,,,0,14,6,1
TRAINER_DOCTOR_JULES,CHANSEY,62,,,0,14,6,1
TRAINER_NURSE_KIRSTEN,CHANSEY,62,,,0,14,6,1
TRAINER_PSYCHIC_M_GERARD,GIRAFARIG,61,,,50,14,6,1
TRAINER_PSYCHIC_M_GERARD,SIGILYPH,61,,,50,14,6,2
TRAINER_PSYCHIC_M_GERARD,CLAYDOL,61,,,50,14,6,3
TRAINER_PSYCHIC_F_MADHU,MISMAGIUS,62,,,50,14,6,1
TRAINER_PSYCHIC_F_MADHU,GOTHITELLE,62,,,50,14,6,2
TRAINER_DEPOT_AGENT_JOSH,DIGLETT,61,,,0,14,6,1
TRAINER_DEPOT_AGENT_JOSH,DUGTRIO,61,,,0,14,6,2
TRAINER_DANCER_DAVEY,MR_MIME,61,,,0,14,6,1
TRAINER_DANCER_DAVEY,MR_MIME,61,,,0,14,6,2
TRAINER_MUSICIAN_BORIS,CHATOT,61,,,0,14,6,1
TRAINER_MUSICIAN_BORIS,WIGGLYTUFF,61,,,0,14,6,2
TRAINER_HARLEQUIN_CHARLEY,EXEGGCUTE,61,,,0,14,6,1
TRAINER_HARLEQUIN_CHARLEY,ELECTRODE,61,,,0,14,6,2
TRAINER_ARTIST_PIERRE,SMEARGLE,62,"FIRE_BLAST,BLIZZARD,THUNDER,HURRICANE",,0,14,6,1
TRAINER_POLICEMAN_JEFF,ARCANINE,61,,,0,14,6,1
TRAINER_POLICEMAN_JEFF,MIENSHAO,61,,,0,14,6,2
TRAINER_MAID_ALICA,GROWLITHE,61,,,0,14,6,1
TRAINER_MAID_ALICA,CINCCINO,61,,,0,14,6,2
TRAINER_PARASOL_LADY_GWYNETH,CASTFORM,62,"WEATHER_BALL,SUNNY_DAY,RAIN_DANCE,HAIL",,0,14,6,1
TRAINER_HIKER_RUSSEL,GEODUDE,60,,,0,14,6,1
TRAINER_HIKER_RUSSEL,GRAVELER,60,,,0,14,6,2
TRAINER_HIKER_RUSSEL,GOLEM,60,,,0,14,6,3
TRAINER_PRESCHOOLER_F_MIA,SMOOCHUM,61,,,0,14,6,1
TRAINER_PRESCHOOLER_M_EVAN,MIME_JR,61,,,0,14,6,1
TRAINER_ACE_TRAINER_F_ANGI,LOPUNNY,41,,,100,14,6,1
TRAINER_ACE_TRAINER_F_ANGI,LAMPENT,41,,,100,14,6,2
TRAINER_ACE_TRAINER_M_MIGUEL,DELCATTY,41,,,100,14,6,1
TRAINER_ACE_TRAINER_M_MIGUEL,EELEKTRIK,41,,,100,14,6,2
TRAINER_SCIENTIST_DUDLEY,KLINK,34,,,100,14,6,1
TRAINER_SCIENTIST_DUDLEY,KLANG,34,,,100,14,6,2
TRAINER_HIKER_ANDY,BOLDORE,24,,,0,14,6,1
TRAINER_PRESCHOOLER_F_WINTER,SOLOSIS,23,,,0,14,6,1
TRAINER_DANCER_DIRK,DARUMAKA,24,,,0,14,6,1
TRAINER_WAITRESS_AURORA,SWADLOON,24,,,0,14,6,1
TRAINER_GAME_FREAK_MORIMOTO,LIEPARD,76,"SUCKER_PUNCH,NIGHT_SLASH,FAKE_OUT,GRASS_KNOT",,250,14,6,1
TRAINER_GAME_FREAK_MORIMOTO,SIMIPOUR,76,"SURF,PAYBACK,ACROBATICS,CRUNCH",PETAYA_BERRY,250,14,6,2
TRAINER_GAME_FREAK_MORIMOTO,SIMISEAR,76,"FLAMETHROWER,PAYBACK,ACROBATICS,CRUNCH",PETAYA_BERRY,250,14,6,3
TRAINER_GAME_FREAK_MORIMOTO,SIMISAGE,76,"ENERGY_BALL,PAYBACK,ACROBATICS,CRUNCH",PETAYA_BERRY,250,14,6,4
TRAINER_GAME_FREAK_MORIMOTO,SWOOBAT,76,"PSYCHIC,ENDEAVOR,AIR_SLASH,PSYSHOCK",,250,14,6,5
TRAINER_GAME_FREAK_MORIMOTO,ZEBSTRIKA,78,"WILD_CHARGE,PURSUIT,GIGA_IMPACT,FLAME_CHARGE",,250,14,6,6
TRAINER_MAID_TANYA,EMOLGA,61,,,0,14,6,1
TRAINER_MAID_TANYA,RAICHU,61,,,0,14,6,2
TRAINER_VETERAN_M_MURPHY,LARVESTA,51,"FLAME_CHARGE,DOUBLE_EDGE,WILD_CHARGE,ACROBATICS",,150,14,6,1
TRAINER_VETERAN_M_MURPHY,PINSIR,51,"X_SCISSOR,BRICK_BREAK,BULLDOZE,BULK_UP",,150,14,6,2
TRAINER_VETERAN_M_MURPHY,HERACROSS,51,"AERIAL_ACE,BRICK_BREAK,ROCK_SLIDE,SWORDS_DANCE",,150,14,6,3
TRAINER_VETERAN_M_MURPHY,LEAVANNY,51,"X_SCISSOR,LEAF_BLADE,SHADOW_CLAW,SWORDS_DANCE",,150,14,6,4
TRAINER_VETERAN_M_MURPHY,SCOLIPEDE,51,"X_SCISSOR,POISON_JAB,ROCK_SLIDE,SWORDS_DANCE",,150,14,6,5
TRAINER_ELITE_FOUR_SHAUNTAL_2,COFAGRIGUS,72,"SHADOW_BALL,PSYCHIC,WILL_O_WISP,ENERGY_BALL",,250,14,6,1
TRAINER_ELITE_FOUR_SHAUNTAL_2,MISMAGIUS,72,"SHADOW_BALL,PSYCHIC,POWER_GEM,PERISH_SONG",,250,14,6,2
TRAINER_ELITE_FOUR_SHAUNTAL_2,FROSLASS,72,"SHADOW_BALL,PSYCHIC,BLIZZARD,ICE_SHARD",,250,14,6,3
TRAINER_ELITE_FOUR_SHAUNTAL_2,DRIFBLIM,72,"SHADOW_BALL,PSYCHIC,ACROBATICS,THUNDER",FLYING_GEM,250,14,6,4
TRAINER_ELITE_FOUR_SHAUNTAL_2,GOLURK,72,"SHADOW_PUNCH,EARTHQUAKE,HAMMER_ARM,STONE_EDGE",,250,14,6,5
TRAINER_ELITE_FOUR_SHAUNTAL_2,CHANDELURE,74,"SHADOW_BALL,PSYCHIC,FIRE_BLAST,ENERGY_BALL",SITRUS_BERRY,250,14,6,6
TRAINER_ELITE_FOUR_MARSHAL_2,THROH,72,"SUPERPOWER,EARTHQUAKE,STONE_EDGE,PAYBACK",,250,14,6,1
TRAINER_ELITE_FOUR_MARSHAL_2,SAWK,72,"CLOSE_COMBAT,RETALIATE,STONE_EDGE,POISON_JAB",MUSCLE_BAND,250,14,6,2
TRAINER_ELITE_FOUR_MARSHAL_2,MEDICHAM,72,"HI_JUMP_KICK,FIRE_PUNCH,ICE_PUNCH,THUNDERPUNCH",,250,14,6,3
TRAINER_ELITE_FOUR_MARSHAL_2,LUCARIO,72,"AURA_SPHERE,DRAGON_PULSE,EXTREMESPEED,SHADOW_BALL",,250,14,6,4
TRAINER_ELITE_FOUR_MARSHAL_2,MIENSHAO,72,"HI_JUMP_KICK,U_TURN,ACROBATICS,FAKE_OUT",,250,14,6,5
TRAINER_ELITE_FOUR_MARSHAL_2,CONKELDURR,74,"HAMMER_ARM,BULK_UP,STONE_EDGE,EARTHQUAKE",SITRUS_BERRY,250,14,6,6
TRAINER_ELITE_FOUR_GRIMSLEY_2,LIEPARD,72,"SUCKER_PUNCH,FAKE_OUT,AERIAL_ACE,ATTRACT",NORMAL_GEM,250,14,6,1
TRAINER_ELITE_FOUR_GRIMSLEY_2,HONCHKROW,72,"NIGHT_SLASH,PSYCHIC,AERIAL_ACE,HAZE",,250,14,6,2
TRAINER_ELITE_FOUR_GRIMSLEY_2,SCRAFTY,72,"HEAD_SMASH,CRUNCH,HI_JUMP_KICK,POISON_JAB",,250,14,6,3
TRAINER_ELITE_FOUR_GRIMSLEY_2,HOUNDOOM,72,"THUNDER_FANG,FIRE_BLAST,SLUDGE_BOMB,CRUNCH",,250,14,6,4
TRAINER_ELITE_FOUR_GRIMSLEY_2,KROOKODILE,72,"ROCK_SLIDE,EARTHQUAKE,CRUNCH,OUTRAGE",,250,14,6,5
TRAINER_ELITE_FOUR_GRIMSLEY_2,BISHARP,74,"GUILLOTINE,NIGHT_SLASH,X_SCISSOR,AERIAL_ACE",SITRUS_BERRY,250,14,6,6
TRAINER_ELITE_FOUR_CAITLIN_2,MUSHARNA,72,"CHARGE_BEAM,DREAM_EATER,YAWN,REFLECT",,250,14,6,1
TRAINER_ELITE_FOUR_CAITLIN_2,SIGILYPH,72,"AIR_SLASH,PSYCHIC,FLASH_CANNON,ICE_BEAM",,250,14,6,2
TRAINER_ELITE_FOUR_CAITLIN_2,GALLADE,72,"CLOSE_COMBAT,LEAF_BLADE,PSYCHO_CUT,NIGHT_SLASH",,250,14,6,3
TRAINER_ELITE_FOUR_CAITLIN_2,REUNICLUS,72,"PSYCHIC,THUNDER,RECOVER,FOCUS_BLAST",LEFTOVERS,250,14,6,4
TRAINER_ELITE_FOUR_CAITLIN_2,GOTHITELLE,72,"PSYCHIC,SHADOW_BALL,FLATTER,THUNDERBOLT",,250,14,6,5
TRAINER_ELITE_FOUR_CAITLIN_2,METAGROSS,74,"ZEN_HEADBUTT,BULLET_PUNCH,EARTHQUAKE,HAMMER_ARM",SITRUS_BERRY,250,14,6,6
TRAINER_LADY_LINA,LIEPARD,22,,,0,14,6,1
TRAINER_LADY_COLETTE,FLAAFFY,24,,,0,14,6,1
TRAINER_PILOT_FLYNN,SWOOBAT,37,,,0,14,6,1
TRAINER_PILOT_WINSLOW,SIGILYPH,37,,,0,14,6,1
TRAINER_PILOT_EWING,UNFEZANT,37,,,0,14,6,1
TRAINER_PILOT_CHASE,DUCKLETT,36,,,0,14,6,1
TRAINER_PILOT_CHASE,SWOOBAT,36,,,0,14,6,2
TRAINER_LEADER_ELESA,EMOLGA,28,"VOLT_SWITCH,QUICK_ATTACK,PURSUIT",,100,14,6,1
TRAINER_LEADER_ELESA,FLAAFFY,28,"VOLT_SWITCH,TAKE_DOWN,THUNDER_WAVE",,100,14,6,2
TRAINER_LEADER_ELESA,ZEBSTRIKA,30,"VOLT_SWITCH,FLAME_CHARGE,QUICK_ATTACK,PURSUIT",SITRUS_BERRY,100,14,6,3
TRAINER_LEADER_BURGH,SWADLOON,22,"STRUGGLE_BUG,RAZOR_LEAF,STRING_SHOT",,50,14,6,1
TRAINER_LEADER_BURGH,DWEBBLE,22,"STRUGGLE_BUG,SMACK_DOWN,FAINT_ATTACK,ROCK_POLISH",,50,14,6,2
TRAINER_LEADER_BURGH,LEAVANNY,24,"STRUGGLE_BUG,RAZOR_LEAF,CUT,STRING_SHOT",SITRUS_BERRY,100,14,6,3
TRAINER_LEADER_SKYLA,SWOOBAT,37,"ACROBATICS,HEART_STAMP,ASSURANCE,ATTRACT",,150,14,6,1
TRAINER_LEADER_SKYLA,SKARMORY,37,"AIR_CUTTER,STEEL_WING,FURY_ATTACK,AGILITY",,150,14,6,2
TRAINER_LEADER_SKYLA,SWANNA,39,"AIR_SLASH,BUBBLEBEAM,ROOST,FEATHERDANCE",SITRUS_BERRY,150,14,6,3
TRAINER_LEADER_CHEREN,PATRAT,11,"WORK_UP,BITE,TACKLE",,50,14,6,1
TRAINER_LEADER_CHEREN,LILLIPUP,13,"WORK_UP,BITE,TACKLE",,50,14,6,2
TRAINER_LEADER_ROXIE,KOFFING,16,"SMOG,ASSURANCE,TACKLE",,50,14,6,1
TRAINER_LEADER_ROXIE,WHIRLIPEDE,18,"VENOSHOCK,POISON_STING,PROTECT,PURSUIT",,100,14,6,2
TRAINER_LEADER_CLAY,KROKOROK,31,"BULLDOZE,CRUNCH,SAND_TOMB,TORMENT",,100,14,6,1
TRAINER_LEADER_CLAY,SANDSLASH,31,"BULLDOZE,CRUSH_CLAW,ROLLOUT,FURY_CUTTER",,100,14,6,2
TRAINER_LEADER_CLAY,EXCADRILL,33,"BULLDOZE,METAL_CLAW,SLASH,ROCK_SLIDE",SITRUS_BERRY,150,14,6,3
TRAINER_LEADER_DRAYDEN,DRUDDIGON,46,"DRAGON_TAIL,REVENGE,SLASH,CRUNCH",,150,14,6,1
TRAINER_LEADER_DRAYDEN,FLYGON,46,"DRAGON_TAIL,CRUNCH,EARTH_POWER,ROCK_SLIDE",,150,14,6,2
TRAINER_LEADER_DRAYDEN,HAXORUS,48,"DRAGON_TAIL,SLASH,ASSURANCE,DRAGON_DANCE",SITRUS_BERRY,200,14,6,3
TRAINER_LEADER_MARLON,CARRACOSTA,49,"SCALD,SMACK_DOWN,CRUNCH,SHELL_SMASH",,200,14,6,1
TRAINER_LEADER_MARLON,WAILORD,49,"SCALD,ROLLOUT,BOUNCE,AMNESIA",,200,14,6,2
TRAINER_LEADER_MARLON,JELLICENT,51,"SCALD,OMINOUS_WIND,BRINE,RECOVER",SITRUS_BERRY,250,14,6,3
TRAINER_PKMN_TRAINER_RIVAL,TEPIG,5,,,0,14,6,1
TRAINER_PKMN_TRAINER_RIVAL_2,OSHAWOTT,5,,,0,14,6,1
TRAINER_PKMN_TRAINER_RIVAL_3,SNIVY,5,,,0,14,6,1
TRAINER_YOUNGSTER_TERRELL,PATRAT,4,,,0,14,6,1
TRAINER_LASS_ISABEL,PURRLOIN,4,,,0,14,6,1
TRAINER_PKMN_TRAINER_RIVAL_4,TEPIG,8,"TACKLE,TAIL_WHIP",,0,14,6,1
TRAINER_PKMN_TRAINER_RIVAL_5,OSHAWOTT,8,"TACKLE,TAIL_WHIP",,0,14,6,1
TRAINER_PKMN_TRAINER_RIVAL_6,SNIVY,8,"TACKLE,LEER",,0,14,6,1
TRAINER_SCHOOL_KID_M_SEYMOUR,PANPOUR,9,,,0,14,6,1
TRAINER_SCHOOL_KID_F_CASSIE,PANSEAR,9,,,0,14,6,1
TRAINER_YOUNGSTER_PEDRO,PATRAT,9,,,0,14,6,1
TRAINER_YOUNGSTER_PEDRO,LILLIPUP,9,,,0,14,6,2
TRAINER_LASS_SERENA,LILLIPUP,9,,,0,14,6,1
TRAINER_LASS_SERENA,PATRAT,9,,,0,14,6,2
TRAINER_PRESCHOOLER_M_ALBERT,PSYDUCK,10,,,0,14,6,1
TRAINER_PRESCHOOLER_F_LIN,LILLIPUP,10,,,0,14,6,1
TRAINER_TWINS_LIA_LILY,SUNKERN,9,,,0,14,6,1
TRAINER_TWINS_LIA_LILY,SUNKERN,9,,,0,14,6,2
TRAINER_NURSERY_AIDE_KIMYA,DUNSPARCE,11,,,0,14,6,1
TRAINER_GENTLEMAN_STONEWALL,DURANT,43,,,100,14,6,1
TRAINER_GENTLEMAN_STONEWALL,LUCARIO,43,,,100,14,6,2
TRAINER_ROUGHNECK_NICKY,GRIMER,14,"POUND,POISON_GAS,DISABLE",,0,14,6,1
TRAINER_ROUGHNECK_NICKY,KOFFING,14,"TACKLE,ASSURANCE,POISON_GAS",,0,14,6,2
TRAINER_GUITARIST_BILLY_JO,VENIPEDE,14,"POISON_STING,ROLLOUT,PURSUIT,SCREECH",,0,14,6,1
TRAINER_GUITARIST_BILLY_JO,KOFFING,14,"TACKLE,ASSURANCE,POISON_GAS",,0,14,6,2
TRAINER_YOUNGSTER_KENNY,PATRAT,6,,,0,14,6,1
TRAINER_YOUNGSTER_KENNY,PSYDUCK,6,,,0,14,6,2
TRAINER_LASS_MOLLY,PURRLOIN,6,,,0,14,6,1
TRAINER_LASS_MOLLY,SEWADDLE,6,,,0,14,6,2
TRAINER_JANITOR_ORVILLE,LILLIPUP,6,,,0,14,6,1
TRAINER_JANITOR_ORVILLE,MAREEP,6,,,0,14,6,2
TRAINER_BOSS_TRAINER_ABIGAIL,WATCHOG,53,"CRUNCH,HYPER_FANG,LOW_KICK,HYPNOSIS",SHELL_BELL,32,14,6,1
TRAINER_BOSS_TRAINER_ABIGAIL,WHIRLIPEDE,53,"STEAMROLLER,TOXIC_SPIKES,IRON_DEFENSE,PROTECT",BLACK_SLUDGE,32,14,6,2
TRAINER_BOSS_TRAINER_ABIGAIL,GOLETT,53,"MAGNITUDE,ROCK_SLIDE,SHADOW_PUNCH,IRON_DEFENSE",MUSCLE_BAND,32,14,6,3
TRAINER_BOSS_TRAINER_ABED,UNFEZANT,53,"AIR_CUTTER,STEEL_WING,QUICK_ATTACK,HYPNOSIS",SCOPE_LENS,32,14,6,1
TRAINER_BOSS_TRAINER_ABED,BOLDORE,53,"ROCK_BLAST,STEALTH_ROCK,IRON_DEFENSE,PROTECT",QUICK_CLAW,32,14,6,2
TRAINER_BOSS_TRAINER_ABED,PAWNIARD,53,"METAL_CLAW,NIGHT_SLASH,PSYCHO_CUT,ROCK_POLISH",MUSCLE_BAND,32,14,6,3
TRAINER_BOSS_TRAINER_BRENT,UNFEZANT,56,"AIR_CUTTER,STEEL_WING,QUICK_ATTACK,HYPNOSIS",SCOPE_LENS,64,14,6,1
TRAINER_BOSS_TRAINER_BRENT,EELEKTRIK,56,"DISCHARGE,CRUNCH,SIGNAL_BEAM,THUNDER_WAVE",WISE_GLASSES,64,14,6,2
TRAINER_BOSS_TRAINER_BRENT,AUDINO,56,"ICE_BEAM,THUNDERBOLT,FLAMETHROWER,ATTRACT",EXPERT_BELT,64,14,6,3
TRAINER_BOSS_TRAINER_BESS,WATCHOG,56,"CRUNCH,HYPER_FANG,LOW_KICK,HYPNOSIS",SHELL_BELL,64,14,6,1
TRAINER_BOSS_TRAINER_BESS,SWOOBAT,56,"PSYCHIC,AIR_SLASH,U_TURN,THUNDER_WAVE",WISE_GLASSES,64,14,6,2
TRAINER_BOSS_TRAINER_BESS,BASCULIN,56,"AQUA_JET,DOUBLE_EDGE,ICE_BEAM,SWAGGER",MYSTIC_WATER,64,14,6,3
TRAINER_BOSS_TRAINER_CARLEIGH,STOUTLAND,59,"FIRE_FANG,WILD_CHARGE,TAKE_DOWN,WORK_UP",MUSCLE_BAND,96,14,6,1
TRAINER_BOSS_TRAINER_CARLEIGH,EMOLGA,59,"THUNDER,AIR_SLASH,IRON_TAIL,CHARM",WIDE_LENS,96,14,6,2
TRAINER_BOSS_TRAINER_CARLEIGH,LEAVANNY,59,"LEAF_STORM,X_SCISSOR,AERIAL_ACE,SWORDS_DANCE",LIFE_ORB,96,14,6,3
TRAINER_BOSS_TRAINER_CARLEN,BOUFFALANT,59,"HEAD_CHARGE,MEGAHORN,WILD_CHARGE,SCARY_FACE",MUSCLE_BAND,96,14,6,1
TRAINER_BOSS_TRAINER_CARLEN,SWANNA,59,"SCALD,BRAVE_BIRD,ICE_BEAM,FEATHERDANCE",WACAN_BERRY,96,14,6,2
TRAINER_BOSS_TRAINER_CARLEN,SCOLIPEDE,59,"MEGAHORN,EARTHQUAKE,ROCK_SLIDE,SWORDS_DANCE",LIFE_ORB,96,14,6,3
TRAINER_BOSS_TRAINER_DANEIL,SCRAFTY,62,"HI_JUMP_KICK,HEAD_SMASH,BULK_UP,SCARY_FACE",LEFTOVERS,128,14,6,1
TRAINER_BOSS_TRAINER_DANEIL,ZANGOOSE,62,"CLOSE_COMBAT,CRUSH_CLAW,X_SCISSOR,SWORDS_DANCE",MUSCLE_BAND,128,14,6,2
TRAINER_BOSS_TRAINER_DANEIL,HEATMOR,62,"HONE_CLAWS,INFERNO,FOCUS_BLAST,SUCKER_PUNCH",ZOOM_LENS,128,14,6,3
TRAINER_BOSS_TRAINER_DANELLE,GIGALITH,62,"ROCK_BLAST,BULLDOZE,STEALTH_ROCK,IRON_DEFENSE",QUICK_CLAW,128,14,6,1
TRAINER_BOSS_TRAINER_DANELLE,SEVIPER,62,"POISON_FANG,VENOSHOCK,DRAGON_TAIL,COIL",BLACK_SLUDGE,128,14,6,2
TRAINER_BOSS_TRAINER_DANELLE,DURANT,62,"HONE_CLAWS,IRON_HEAD,ROCK_SLIDE,X_SCISSOR",OCCA_BERRY,128,14,6,3
TRAINER_BOSS_TRAINER_ELIE,CLAYDOL,65,"RAIN_DANCE,EARTHQUAKE,PSYCHIC,EXPLOSION",QUICK_CLAW,160,14,6,1
TRAINER_BOSS_TRAINER_ELIE,OMASTAR,65,"HYDRO_PUMP,ANCIENTPOWER,ICE_BEAM,EARTH_POWER",CHOICE_SPECS,160,14,6,2
TRAINER_BOSS_TRAINER_ELIE,JELLICENT,65,"WATER_SPOUT,SHADOW_BALL,ENERGY_BALL,ICE_BEAM",CHOICE_SCARF,160,14,6,3
TRAINER_BOSS_TRAINER_ELLAS,BRONZONG,65,"SANDSTORM,GYRO_BALL,PSYCHIC,EXPLOSION",QUICK_CLAW,160,14,6,1
TRAINER_BOSS_TRAINER_ELLAS,KABUTOPS,65,"AQUA_TAIL,STONE_EDGE,SUPERPOWER,X_SCISSOR",CHOICE_BAND,160,14,6,2
TRAINER_BOSS_TRAINER_ELLAS,GOLURK,65,"EARTHQUAKE,THUNDERPUNCH,SHADOW_PUNCH,DRAIN_PUNCH",CHOICE_SCARF,160,14,6,3
TRAINER_BOSS_TRAINER_FREDERICK,TOGEKISS,68,"AIR_SLASH,AURA_SPHERE,EXTREMESPEED,ENCORE",SALAC_BERRY,192,14,6,1
TRAINER_BOSS_TRAINER_FREDERICK,HERACROSS,68,"MEGAHORN,CLOSE_COMBAT,AERIAL_ACE,NIGHT_SLASH",FLAME_ORB,192,14,6,2
TRAINER_BOSS_TRAINER_FREDERICK,RAMPARDOS,68,"HEAD_SMASH,EARTHQUAKE,ZEN_HEADBUTT,OUTRAGE",CHOICE_SCARF,192,14,6,3
TRAINER_BOSS_TRAINER_FREIRA,PORYGON_Z,68,"PSYCHIC,THUNDERBOLT,ICE_BEAM,CONVERSION",PETAYA_BERRY,192,14,6,1
TRAINER_BOSS_TRAINER_FREIRA,BRELOOM,68,"MACH_PUNCH,STONE_EDGE,FOCUS_PUNCH,SPORE",TOXIC_ORB,192,14,6,2
TRAINER_BOSS_TRAINER_FREIRA,ARMALDO,68,"X_SCISSOR,AQUA_TAIL,EARTHQUAKE,STONE_EDGE",CHOICE_BAND,192,14,6,3
TRAINER_BOSS_TRAINER_GAIL,MILOTIC,71,"HYDRO_PUMP,DRAGON_TAIL,RECOVER,HYPNOSIS",LEFTOVERS,192,14,6,1
TRAINER_BOSS_TRAINER_GAIL,MAMOSWINE,71,"EARTHQUAKE,ICE_SHARD,SUPERPOWER,STONE_EDGE",LIFE_ORB,192,14,6,2
TRAINER_BOSS_TRAINER_GAIL,LUCARIO,71,"EXTREMESPEED,AURA_SPHERE,DRAGON_PULSE,SWORDS_DANCE",FOCUS_SASH,192,14,6,3
TRAINER_BOSS_TRAINER_GAIUS,GYARADOS,71,"AQUA_TAIL,OUTRAGE,EARTHQUAKE,DRAGON_DANCE",WACAN_BERRY,192,14,6,1
TRAINER_BOSS_TRAINER_GAIUS,DUSKNOIR,71,"ICE_PUNCH,PAIN_SPLIT,TOXIC,WILL_O_WISP",LEFTOVERS,192,14,6,2
TRAINER_BOSS_TRAINER_GAIUS,WEAVILE,71,"ICE_PUNCH,FAKE_OUT,LOW_KICK,ICE_SHARD",FOCUS_SASH,192,14,6,3
TRAINER_BOSS_TRAINER_HARMON,TORTERRA,74,"WOOD_HAMMER,EARTHQUAKE,OUTRAGE,CURSE",YACHE_BERRY,224,14,6,1
TRAINER_BOSS_TRAINER_HARMON,ARCANINE,74,"FLARE_BLITZ,WILD_CHARGE,CLOSE_COMBAT,EXTREMESPEED",LIECHI_BERRY,224,14,6,2
TRAINER_BOSS_TRAINER_HARMON,THUNDURUS,74,"THUNDER,SUPERPOWER,RAIN_DANCE,THUNDER_WAVE",RED_CARD,224,14,6,3
TRAINER_BOSS_TRAINER_HARMONY,INFERNAPE,74,"MACH_PUNCH,FIRE_BLAST,THUNDERPUNCH,WORK_UP",LIFE_ORB,224,14,6,1
TRAINER_BOSS_TRAINER_HARMONY,ARCHEOPS,74,"STONE_EDGE,U_TURN,EARTHQUAKE,FOCUS_BLAST",LIECHI_BERRY,224,14,6,2
TRAINER_BOSS_TRAINER_HARMONY,TORNADUS,74,"HURRICANE,SUPERPOWER,RAIN_DANCE,TAUNT",MENTAL_HERB,224,14,6,3
TRAINER_BOSS_TRAINER_IRIA,SALAMENCE,77,"OUTRAGE,EARTHQUAKE,HEAT_WAVE,ZEN_HEADBUTT",YACHE_BERRY,224,14,6,1
TRAINER_BOSS_TRAINER_IRIA,MOLTRES,77,"HEAT_WAVE,SKY_ATTACK,SOLARBEAM,ROOST",POWER_HERB,224,14,6,2
TRAINER_BOSS_TRAINER_IRIA,RAIKOU,77,"THUNDER,EXTRASENSORY,SHADOW_BALL,MAGNET_RISE",AIR_BALLOON,224,14,6,3
TRAINER_BOSS_TRAINER_IRA,HYDREIGON,77,"OUTRAGE,DARK_PULSE,FIRE_BLAST,EARTHQUAKE",CHOPLE_BERRY,224,14,6,1
TRAINER_BOSS_TRAINER_IRA,ARTICUNO,77,"FROST_BREATH,ICE_SHARD,SIGNAL_BEAM,ROOST",ICE_GEM,224,14,6,2
TRAINER_BOSS_TRAINER_IRA,ENTEI,77,"OVERHEAT,STONE_EDGE,IRON_TAIL,ROAR",LIFE_ORB,224,14,6,3
TRAINER_BOSS_TRAINER_BENGA,LATIAS,80,"DRACO_METEOR,PSYCHIC,ICY_WIND,THUNDERBOLT",WHITE_HERB,0,14,6,1
TRAINER_BOSS_TRAINER_BENGA,DRAGONITE,80,"OUTRAGE,FOCUS_BLAST,FIRE_BLAST,DRAGON_DANCE",LIFE_ORB,0,14,6,2
TRAINER_BOSS_TRAINER_BENGA,VOLCARONA,80,"FIRE_BLAST,BUG_BUZZ,PSYCHIC,QUIVER_DANCE",FOCUS_SASH,0,14,6,3
TRAINER_BOSS_TRAINER_BENGA_2,LATIOS,80,"DRACO_METEOR,PSYCHIC,ICY_WIND,THUNDERBOLT",WHITE_HERB,0,14,6,1
TRAINER_BOSS_TRAINER_BENGA_2,GARCHOMP,80,"OUTRAGE,EARTHQUAKE,FIRE_BLAST,STONE_EDGE",LIFE_ORB,0,14,6,2
TRAINER_BOSS_TRAINER_BENGA_2,VOLCARONA,80,"FIRE_BLAST,BUG_BUZZ,PSYCHIC,QUIVER_DANCE",FOCUS_SASH,0,14,6,3
TRAINER_WORKER_ISAAC,MAGBY,12,"SMOG,EMBER,LEER",,0,14,6,1
TRAINER_WORKER_ISAAC,KOFFING,12,"ASSURANCE,TACKLE,POISON_GAS",,0,14,6,2
TRAINER_WORKER_MITCHELL,PATRAT,12,,,0,14,6,1
TRAINER_WORKER_MITCHELL,ELEKID,12,,,0,14,6,2
TRAINER_WORKER_NATHAN,RIOLU,12,,,0,14,6,1
TRAINER_WORKER_NATHAN,LILLIPUP,12,,,0,14,6,2
TRAINER_HIKER_JEROME,RIOLU,11,"QUICK_ATTACK,FORESIGHT,ENDURE",,0,14,6,1
TRAINER_BEAUTY_NIKOLA,ELEKID,27,,,0,14,6,1
TRAINER_BEAUTY_NIKOLA,FLAAFFY,27,,,0,14,6,2
TRAINER_BEAUTY_FLEMING,FLAAFFY,27,,,0,14,6,1
TRAINER_BEAUTY_FLEMING,BLITZLE,27,,,0,14,6,2
TRAINER_BEAUTY_AMP_RE,BLITZLE,27,,,0,14,6,1
TRAINER_BEAUTY_AMP_RE,ELEKID,27,,,0,14,6,2
TRAINER_FISHERMAN_HUBERT,BASCULIN,17,,,0,14,6,1
TRAINER_FISHERMAN_ANDREW,PSYDUCK,16,,,0,14,6,1
TRAINER_FISHERMAN_ANDREW,BASCULIN_BLUE_STRIPED,16,,,0,14,6,2
TRAINER_POLICEMAN_BRAVEN,GROWLITHE,16,"EMBER,BITE,ODOR_SLEUTH,LEER",,0,14,6,1
TRAINER_POLICEMAN_BRAVEN,HERDIER,16,"TACKLE,BITE,ODOR_SLEUTH,WORK_UP",,0,14,6,2
TRAINER_BACKPACKER_M_CLIFFORD,SANDILE,16,"BITE,SAND_TOMB,TORMENT,RAGE",,0,14,6,1
TRAINER_BACKPACKER_M_CLIFFORD,HERDIER,16,"TACKLE,BITE,ODOR_SLEUTH,WORK_UP",,0,14,6,2
TRAINER_POLICEMAN_DELL,RIOLU,21,,,0,14,6,1
TRAINER_POLICEMAN_DELL,GROWLITHE,21,,,0,14,6,2
TRAINER_POLICEMAN_NEAGLE,HERDIER,22,"TACKLE,BITE,ODOR_SLEUTH,WORK_UP",,0,14,6,1
TRAINER_ROUGHNECK_JOEY,VENIPEDE,21,,,0,14,6,1
TRAINER_ROUGHNECK_JOEY,SANDILE,21,,,0,14,6,2
TRAINER_ROUGHNECK_SILVESTER,DARUMAKA,22,,,0,14,6,1
TRAINER_BIKER_STANLEY,ZUBAT,21,,,0,14,6,1
TRAINER_BIKER_STANLEY,TIMBURR,21,,,0,14,6,2
TRAINER_BIKER_ZEKE,PAWNIARD,43,,,0,14,6,1
TRAINER_HOOLIGANS_ROB_SAL,COTTONEE,21,,,0,14,6,1
TRAINER_HOOLIGANS_ROB_SAL,PETILIL,21,,,0,14,6,2
TRAINER_RICH_BOY_KEENAN,HERDIER,22,,,0,14,6,1
TRAINER_BACKPACKER_M_ROLAND,RIOLU,21,,,0,14,6,1
TRAINER_BACKPACKER_M_ROLAND,TIMBURR,21,,,0,14,6,2
TRAINER_BACKPACKER_F_RACHEL,WOOBAT,21,,,0,14,6,1
TRAINER_BACKPACKER_F_RACHEL,PIDOVE,21,,,0,14,6,2
TRAINER_POKEFAN_M_NORBERT,GROWLITHE,21,,,0,14,6,1
TRAINER_POKEFAN_M_NORBERT,SANDSHREW,21,,,0,14,6,2
TRAINER_POKEFAN_F_SACHIKO,DARUMAKA,22,,,0,14,6,1
TRAINER_TWINS_TARA_VAL,COTTONEE,20,,,0,14,6,1
TRAINER_TWINS_TARA_VAL,PETILIL,20,,,0,14,6,2
TRAINER_LINEBACKER_BOB_3,TIMBURR,25,,,100,14,6,1
TRAINER_LINEBACKER_BOB_3,TIMBURR,25,,,100,14,6,2
TRAINER_LINEBACKER_JONAH_2,DWEBBLE,26,,,100,14,6,1
TRAINER_LINEBACKER_BOB_4,GURDURR,33,,,100,14,6,1
TRAINER_LINEBACKER_BOB_4,GURDURR,33,,,100,14,6,2
TRAINER_LINEBACKER_JONAH_3,DWEBBLE,34,,,100,14,6,1
TRAINER_LINEBACKER_JONAH_4,CRUSTLE,48,,,100,14,6,1
TRAINER_INFIELDER_CONNOR_3,TRANQUILL,25,,,100,14,6,1
TRAINER_INFIELDER_CONNOR_3,SANDILE,25,,,100,14,6,2
TRAINER_INFIELDER_TODD_2,TIMBURR,26,,,100,14,6,1
TRAINER_INFIELDER_CONNOR_4,SANDILE,33,,,100,14,6,1
TRAINER_INFIELDER_CONNOR_4,UNFEZANT,33,,,100,14,6,2
TRAINER_INFIELDER_TODD_3,GURDURR,34,,,100,14,6,1
TRAINER_INFIELDER_TODD_4,GURDURR,47,,,100,14,6,1
TRAINER_INFIELDER_TODD_4,PAWNIARD,47,,,100,14,6,2
TRAINER_STRIKER_ROBERTO_3,LIEPARD,26,,,100,14,6,1
TRAINER_STRIKER_MARCO_2,ROGGENROLA,26,,,100,14,6,1
TRAINER_STRIKER_ROBERTO_4,LIEPARD,34,,,100,14,6,1
TRAINER_STRIKER_MARCO_3,BOLDORE,34,,,100,14,6,1
TRAINER_STRIKER_MARCO_4,BOLDORE,47,,,100,14,6,1
TRAINER_STRIKER_MARCO_4,BOLDORE,47,,,100,14,6,2
TRAINER_HOOPSTER_JOHN_3,HERDIER,25,,,100,14,6,1
TRAINER_HOOPSTER_JOHN_3,ROGGENROLA,25,,,100,14,6,2
TRAINER_HOOPSTER_LAMARCUS_2,SWADLOON,25,,,100,14,6,1
TRAINER_HOOPSTER_LAMARCUS_2,HERDIER,25,,,100,14,6,2
TRAINER_HOOPSTER_JOHN_4,STOUTLAND,33,,,100,14,6,1
TRAINER_HOOPSTER_JOHN_4,BOLDORE,33,,,100,14,6,2
TRAINER_HOOPSTER_LAMARCUS_3,LEAVANNY,33,,,100,14,6,1
TRAINER_HOOPSTER_LAMARCUS_3,HERDIER,33,,,100,14,6,2
TRAINER_HOOPSTER_LAMARCUS_4,LEAVANNY,47,,,100,14,6,1
TRAINER_HOOPSTER_LAMARCUS_4,STOUTLAND,47,,,100,14,6,2
TRAINER_SMASHER_ASPEN_3,COTTONEE,25,,,100,14,6,1
TRAINER_SMASHER_ASPEN_3,PETILIL,25,,,100,14,6,2
TRAINER_SMASHER_MARI_2,MARILL,26,,,100,14,6,1
TRAINER_SMASHER_ASPEN_4,WHIMSICOTT,33,,,100,14,6,1
TRAINER_SMASHER_ASPEN_4,LILLIGANT,33,,,100,14,6,2
TRAINER_SMASHER_MARI_3,FRILLISH,34,,,100,14,6,1
TRAINER_SMASHER_MARI_4,JELLICENT,48,,,100,14,6,1
TRAINER_BACKERS_AVA_AYA,MINCCINO,24,,,0,14,6,1
TRAINER_BACKERS_AVA_AYA,MINCCINO,24,,,0,14,6,2
TRAINER_BAKER_JENN,SUNKERN,24,,,0,14,6,1
TRAINER_BAKER_JENN,COMBEE,24,,,0,14,6,2
TRAINER_ARTIST_HORTON,SIGILYPH,25,,,0,14,6,1
TRAINER_DANCER_BRIAN,SCRAGGY,25,,,0,14,6,1
TRAINER_MUSICIAN_PRESTON,MARACTUS,25,,,0,14,6,1
TRAINER_BACKERS_STU_ART,SCRAGGY,24,,,0,14,6,1
TRAINER_BACKERS_STU_ART,SCRAGGY,24,,,0,14,6,2
TRAINER_BACKPACKER_M_IVAN,WATCHOG,25,,,0,14,6,1
TRAINER_BACKPACKER_F_BLOSSOM,LIEPARD,25,,,0,14,6,1
TRAINER_CYCLIST_M_HECTOR,TRANQUILL,25,,,0,14,6,1
TRAINER_CYCLIST_F_KRISSA,WHIRLIPEDE,25,,,0,14,6,1
TRAINER_DEPOT_AGENT_HANK,DRILBUR,25,,,0,14,6,1
TRAINER_SCIENTIST_JACQUES,DEERLING,28,,,0,14,6,1
TRAINER_SCIENTIST_MARISSA,SHELMET,27,,,0,14,6,1
TRAINER_SCIENTIST_MARISSA,KARRABLAST,27,,,0,14,6,2
TRAINER_SCHOOL_KID_M_ALVIN,FOONGUS,27,,,0,14,6,1
TRAINER_SCHOOL_KID_M_ALVIN,KARRABLAST,27,,,0,14,6,2
TRAINER_SCHOOL_KID_F_MARA,DEERLING,27,,,0,14,6,1
TRAINER_SCHOOL_KID_F_MARA,SHELMET,27,,,0,14,6,2
TRAINER_PARASOL_LADY_NICOLE,CASTFORM,28,"RAIN_DANCE,POWDER_SNOW,EMBER,WATER_GUN",,0,14,6,1
TRAINER_PARASOL_LADY_TIHANA,CASTFORM,28,"HAIL,POWDER_SNOW,EMBER,WATER_GUN",,0,14,6,1
TRAINER_LASS_FLO,DUCKLETT,33,,,0,14,6,1
TRAINER_LASS_FLO,UNFEZANT,33,,,0,14,6,2
TRAINER_LASS_FLO,DUCKLETT,33,,,0,14,6,3
TRAINER_YOUNGSTER_CODY,STOUTLAND,33,,,0,14,6,1
TRAINER_YOUNGSTER_CODY,DEERLING,33,,,0,14,6,2
TRAINER_YOUNGSTER_CODY,DEERLING,33,,,0,14,6,3
TRAINER_NURSERY_AIDE_HOLLIE,CLEFFA,34,,,0,14,6,1
TRAINER_NURSERY_AIDE_HOLLIE,CINCCINO,34,,,0,14,6,2
TRAINER_PRESCHOOLER_M_GREG,SUNFLORA,34,,,0,14,6,1
TRAINER_PRESCHOOLER_F_CHRISSY,DARUMAKA,34,,,0,14,6,1
TRAINER_TWINS_SOLA_ANA,ZANGOOSE,33,,,0,14,6,1
TRAINER_TWINS_SOLA_ANA,SEVIPER,33,,,0,14,6,2
TRAINER_HARLEQUIN_PAT,BALTOY,35,,,0,14,6,1
TRAINER_HARLEQUIN_IAN,BALTOY,35,,,0,14,6,1
TRAINER_GENTLEMAN_SHELDON,DELCATTY,39,,,0,14,6,1
TRAINER_SOCIALITE_MARIAN,LOPUNNY,39,,,0,14,6,1
TRAINER_ACE_TRAINER_M_KIPP,ZEBSTRIKA,39,,,100,14,6,1
TRAINER_ACE_TRAINER_M_KIPP,SKARMORY,39,,,100,14,6,2
TRAINER_ACE_TRAINER_M_KIPP,TANGELA,39,,,100,14,6,3
TRAINER_ACE_TRAINER_F_JUNKO,BASCULIN,39,,,100,14,6,1
TRAINER_ACE_TRAINER_F_JUNKO,LILLIGANT,39,,,100,14,6,2
TRAINER_ACE_TRAINER_F_JUNKO,GLIGAR,39,,,100,14,6,3
TRAINER_BLACK_BELT_JAY,HERACROSS,52,,,50,14,6,1
TRAINER_BLACK_BELT_JAY,GIGALITH,52,,,50,14,6,2
TRAINER_BLACK_BELT_JAY,CONKELDURR,52,,,50,14,6,3
TRAINER_BATTLE_GIRL_GLINDA,GURDURR,40,,,50,14,6,1
TRAINER_FISHERMAN_SID,STARYU,38,,,0,14,6,1
TRAINER_FISHERMAN_SID,BUIZEL,38,,,0,14,6,2
TRAINER_YOUNGSTER_SINCLAIR,PIDOVE,22,,,0,14,6,1
TRAINER_BACKPACKER_M_REECE,SKORUPI,38,,,0,14,6,1
TRAINER_BACKPACKER_M_REECE,PINSIR,38,,,0,14,6,2
TRAINER_FISHERMAN_JONES,ALOMOMOLA,40,,,0,14,6,1
TRAINER_FISHERMAN_DAMON,BASCULIN,39,,,0,14,6,1
TRAINER_FISHERMAN_DAMON,STARYU,39,,,0,14,6,2
TRAINER_FISHERMAN_LEROY,VAPOREON,40,,,0,14,6,1
TRAINER_FISHERMAN_VINCE,GOLDUCK,40,,,0,14,6,1
TRAINER_PARASOL_LADY_LAURA,CASTFORM,40,"SUNNY_DAY,HYDRO_PUMP,FIRE_BLAST,BLIZZARD",,0,14,6,1
TRAINER_BACKERS_CLEO_RIO,ROSELIA,40,,,0,14,6,1
TRAINER_BACKERS_CLEO_RIO,ROSELIA,40,,,0,14,6,2
TRAINER_PKMN_RANGER_M_RICHARD,WHIRLIPEDE,28,,,50,14,6,1
TRAINER_PKMN_RANGER_M_RICHARD,FOONGUS,28,,,50,14,6,2
TRAINER_PKMN_RANGER_F_LOIS,BUDEW,25,,,50,14,6,1
TRAINER_PKMN_RANGER_F_LOIS,ROSELIA,25,,,50,14,6,2
TRAINER_PKMN_RANGER_M_DARYL,JOLTEON,39,,,50,14,6,1
TRAINER_PKMN_RANGER_M_DARYL,GALVANTULA,39,,,50,14,6,2
TRAINER_PKMN_RANGER_M_DARYL,NOSEPASS,39,,,50,14,6,3
TRAINER_PKMN_RANGER_F_DIANNE,LARVESTA,39,,,50,14,6,1
TRAINER_PKMN_RANGER_F_DIANNE,FLAREON,39,,,50,14,6,2
TRAINER_PKMN_RANGER_F_DIANNE,VIBRAVA,39,,,50,14,6,3
TRAINER_PKMN_BREEDER_F_IRENE,DRILBUR,16,,,0,14,6,1
TRAINER_PKMN_BREEDER_F_IRENE,MARILL,16,,,0,14,6,2
TRAINER_PKMN_RANGER_F_SERENITY,TRUBBISH,26,,,50,14,6,1
TRAINER_PKMN_RANGER_M_FORREST,EMOLGA,26,,,50,14,6,1
TRAINER_PKMN_BREEDER_M_GALEN,TRANQUILL,24,,,0,14,6,1
TRAINER_PKMN_BREEDER_M_GALEN,LIEPARD,24,,,0,14,6,2
TRAINER_BLACK_BELT_JERIEL,HERACROSS,42,,,50,14,6,1
TRAINER_BATTLE_GIRL_AZRA,GURDURR,41,,,50,14,6,1
TRAINER_BATTLE_GIRL_AZRA,MIENFOO,41,,,50,14,6,2
TRAINER_PKMN_BREEDER_M_MARCUS,DUCKLETT,34,,,0,14,6,1
TRAINER_PKMN_BREEDER_M_MARCUS,TRANQUILL,34,,,0,14,6,2
TRAINER_PKMN_BREEDER_F_MAGNOLIA,EMOLGA,41,,,0,14,6,1
TRAINER_PKMN_BREEDER_F_MAGNOLIA,ALTARIA,41,,,0,14,6,2
TRAINER_PKMN_RANGER_F_THALIA,SIMISAGE,52,,,50,14,6,1
TRAINER_PKMN_RANGER_F_THALIA,SIMISEAR,52,,,50,14,6,2
TRAINER_PKMN_RANGER_F_THALIA,SIMIPOUR,52,,,50,14,6,3
TRAINER_PKMN_RANGER_M_CROFTON,TYMPOLE,42,,,50,14,6,1
TRAINER_PKMN_RANGER_M_CROFTON,PALPITOAD,42,,,50,14,6,2
TRAINER_BACKPACKER_F_MYRA,VANILLITE,45,,,0,14,6,1
TRAINER_BACKPACKER_F_MYRA,BOUFFALANT,45,,,0,14,6,2
TRAINER_BACKPACKER_M_LOWELL,SWINUB,45,,,0,14,6,1
TRAINER_BACKPACKER_M_LOWELL,DARMANITAN,45,,,0,14,6,2
TRAINER_SWIMMER_M_KYLE,WINGULL,45,,,0,14,6,1
TRAINER_SWIMMER_M_KYLE,WINGULL,45,,,0,14,6,2
TRAINER_SWIMMER_F_KAORU,REMORAID,45,,,0,14,6,1
TRAINER_SWIMMER_F_KAORU,REMORAID,45,,,0,14,6,2
TRAINER_SWIMMER_M_HAROLD,OCTILLERY,46,,,0,14,6,1
TRAINER_SWIMMER_F_DESIREE,WAILORD,46,,,0,14,6,1
TRAINER_FISHERMAN_KENZO,FRILLISH,44,,,0,14,6,1
TRAINER_FISHERMAN_KENZO,FRILLISH,44,,,0,14,6,2
TRAINER_FISHERMAN_KENZO,FRILLISH,44,,,0,14,6,3
TRAINER_ACE_TRAINER_F_SUMMER,PELIPPER,40,,,100,14,6,1
TRAINER_ACE_TRAINER_F_SUMMER,STARMIE,40,,,100,14,6,2
TRAINER_SWIMMER_M_MATT,MANTYKE,39,,,0,14,6,1
TRAINER_SWIMMER_M_BART,BASCULIN,39,,,0,14,6,1
TRAINER_SWIMMER_M_TIM,SEALEO,39,,,0,14,6,1
TRAINER_SWIMMER_F_ARISSA,ALOMOMOLA,39,,,0,14,6,1
TRAINER_SWIMMER_F_MITZI,SPHEAL,38,,,0,14,6,1
TRAINER_SWIMMER_F_MITZI,WAILMER,38,,,0,14,6,2
TRAINER_WORKER_MAYNARD,DRILBUR,31,,,0,14,6,1
TRAINER_WORKER_PASQUAL,DRILBUR,30,,,0,14,6,1
TRAINER_WORKER_PASQUAL,BALTOY,30,,,0,14,6,2
TRAINER_WORKER_TIBOR,SANDILE,30,,,0,14,6,1
TRAINER_WORKER_TIBOR,DRILBUR,30,,,0,14,6,2
TRAINER_WORKER_NIEL,BALTOY,30,,,0,14,6,1
TRAINER_WORKER_NIEL,SANDILE,30,,,0,14,6,2
TRAINER_WORKER_TAVARIUS,DRILBUR,29,,,0,14,6,1
TRAINER_WORKER_TAVARIUS,SANDILE,29,,,0,14,6,2
TRAINER_WORKER_TAVARIUS,BALTOY,29,,,0,14,6,3
TRAINER_WORKER_NOEL,BALTOY,31,,,0,14,6,1
TRAINER_WORKER_FRIEDRICH,SANDILE,31,,,0,14,6,1
TRAINER_BLACK_BELT_KENNETH,CRUSTLE,47,,,50,14,6,1
TRAINER_DOCTOR_BRAID,ALOMOMOLA,46,,,0,14,6,1
TRAINER_HOOLIGANS_JIM_CAS,KROOKODILE,42,,,0,14,6,1
TRAINER_HOOLIGANS_JIM_CAS,DRAPION,42,,,0,14,6,2
TRAINER_ROUGHNECK_CHANCE,SCRAGGY,43,,,0,14,6,1
TRAINER_ROUGHNECK_REESE,KROKOROK,43,,,0,14,6,1
TRAINER_BIKER_PHILLIP,SKORUPI,43,,,0,14,6,1
TRAINER_PILOT_ELRON,ARCHEN,36,,,0,14,6,1
TRAINER_PILOT_ELRON,UNFEZANT,36,,,0,14,6,2
TRAINER_PKMN_BREEDER_M_ADDISON,CAMERUPT,45,,,0,14,6,1
TRAINER_PKMN_BREEDER_M_ADDISON,GRUMPIG,45,,,0,14,6,2
TRAINER_HIKER_JUSTIN,NOSEPASS,45,,,0,14,6,1
TRAINER_HIKER_JUSTIN,STEELIX,45,,,0,14,6,2
TRAINER_BAKER_CHRIS,HEATMOR,42,,SITRUS_BERRY,0,14,6,1
TRAINER_YOUNGSTER_KARL,SANDSLASH,42,,,0,14,6,1
TRAINER_LASS_SHANNON,VULPIX,62,,,0,14,6,1
TRAINER_LASS_SHANNON,FLAREON,62,,,0,14,6,2
TRAINER_ARTIST_GOUGH,SUNFLORA,42,,,0,14,6,1
TRAINER_MOTORCYCLIST_CHARLES,SIGILYPH,26,,,0,14,6,1
TRAINER_MOTORCYCLIST_CHARLES,TIRTOUGA,26,,,0,14,6,2
TRAINER_MOTORCYCLIST_CHARLES,ARCHEN,26,,,0,14,6,3
TRAINER_MOTORCYCLIST_CHARLES_2,TIRTOUGA,26,,,0,14,6,1
TRAINER_MOTORCYCLIST_CHARLES_2,SIGILYPH,26,,,0,14,6,2
TRAINER_MOTORCYCLIST_CHARLES_2,ARCHEN,26,,,0,14,6,3
TRAINER_CHAMPION_IRIS,HYDREIGON,57,"FLAMETHROWER,CHARGE_BEAM,DRAGON_PULSE,SURF",,250,14,6,1
TRAINER_CHAMPION_IRIS,DRUDDIGON,57,"ROCK_SLIDE,FLAMETHROWER,DRAGON_TAIL,FOCUS_BLAST",LIFE_ORB,250,14,6,2
TRAINER_CHAMPION_IRIS,ARCHEOPS,57,"ACROBATICS,ROCK_SLIDE,DRAGON_CLAW,ENDEAVOR",,250,14,6,3
TRAINER_CHAMPION_IRIS,AGGRON,57,"EARTHQUAKE,DOUBLE_EDGE,ROCK_SLIDE,AUTOTOMIZE",,250,14,6,4
TRAINER_CHAMPION_IRIS,LAPRAS,57,"SURF,ICE_BEAM,THUNDERBOLT,SING",,250,14,6,5
TRAINER_CHAMPION_IRIS,HAXORUS,59,"EARTHQUAKE,X_SCISSOR,DUAL_CHOP,DRAGON_DANCE",FOCUS_SASH,250,14,6,6
TRAINER_TEAM_PLASMA_GRUNT,SCRAGGY,16,,,0,14,6,1
TRAINER_TEAM_PLASMA_GRUNT_2,SCRAGGY,46,,,0,14,6,1
TRAINER_TEAM_PLASMA_GRUNT_2,LIEPARD,46,,,0,14,6,2
TRAINER_TEAM_PLASMA_COLRESS,MAGNETON,50,"VOLT_SWITCH,FLASH_CANNON,TRI_ATTACK,THUNDER_WAVE",EVIOLITE,200,14,6,1
TRAINER_TEAM_PLASMA_COLRESS,METANG,50,"METEOR_MASH,ZEN_HEADBUTT,ROCK_SLIDE,AGILITY",,200,14,6,2
TRAINER_TEAM_PLASMA_COLRESS,BEHEEYEM,50,"PSYCHIC,ENERGY_BALL,CALM_MIND,RECOVER",,200,14,6,3
TRAINER_TEAM_PLASMA_COLRESS,MAGNEZONE,50,"DISCHARGE,FLASH_CANNON,EXPLOSION,THUNDER_WAVE",,200,14,6,4
TRAINER_TEAM_PLASMA_COLRESS,KLINKLANG,52,"GEAR_GRIND,THUNDERBOLT,GIGA_IMPACT,SHIFT_GEAR",AIR_BALLOON,250,14,6,5
TRAINER_TEAM_PLASMA_GHETSIS,COFAGRIGUS,50,"PROTECT,SHADOW_BALL,TOXIC,PSYCHIC",LEFTOVERS,200,14,6,1
TRAINER_TEAM_PLASMA_GHETSIS,SEISMITOAD,50,"MUDDY_WATER,SLUDGE_WAVE,EARTHQUAKE,DRAIN_PUNCH",,200,14,6,2
TRAINER_TEAM_PLASMA_GHETSIS,EELEKTROSS,50,"THUNDERBOLT,CRUNCH,FLAMETHROWER,ACROBATICS",,200,14,6,3
TRAINER_TEAM_PLASMA_GHETSIS,DRAPION,50,"NIGHT_SLASH,EARTHQUAKE,POISON_FANG,X_SCISSOR",,250,14,6,4
TRAINER_TEAM_PLASMA_GHETSIS,TOXICROAK,50,"POISON_JAB,SUCKER_PUNCH,SHADOW_BALL,BRICK_BREAK",,250,14,6,5
TRAINER_TEAM_PLASMA_GHETSIS,HYDREIGON,52,"DRAGON_RUSH,CRUNCH,ROCK_SLIDE,FRUSTRATION",LIFE_ORB,250,14,6,6
TRAINER_PKMN_TRAINER_ROOD,HERDIER,27,,,100,14,6,1
TRAINER_PKMN_TRAINER_ROOD,SWOOBAT,27,,,100,14,6,2
TRAINER_TEAM_PLASMA_ZINZOLIN,CRYOGONAL,48,"ICE_BEAM,REFLECT,SLASH,CONFUSE_RAY",,150,14,6,1
TRAINER_TEAM_PLASMA_ZINZOLIN,CRYOGONAL,48,"ICE_BEAM,LIGHT_SCREEN,SLASH,CONFUSE_RAY",,150,14,6,2
TRAINER_TEAM_PLASMA_ZINZOLIN,WEAVILE,50,"NIGHT_SLASH,SLASH,ICE_SHARD,METAL_CLAW",,150,14,6,3
TRAINER_TEAM_PLASMA_SHADOW,PAWNIARD,49,"METAL_CLAW,FAINT_ATTACK,SLASH,SCARY_FACE",,100,14,6,1
TRAINER_TEAM_PLASMA_SHADOW,PAWNIARD,49,"METAL_CLAW,FAINT_ATTACK,SLASH,HONE_CLAWS",,100,14,6,2
TRAINER_TEAM_PLASMA_SHADOW,ABSOL,51,"NIGHT_SLASH,SLASH,FUTURE_SIGHT,SWORDS_DANCE",,100,14,6,3
TRAINER_FISHERMAN_DEAN,BASCULIN,42,,,0,14,6,1
TRAINER_ACE_TRAINER_M_DOYLE,FLOATZEL,47,,,100,14,6,1
TRAINER_ACE_TRAINER_M_DOYLE,MANTINE,47,,,100,14,6,2
TRAINER_ACE_TRAINER_F_MELINA,ALOMOMOLA,48,,,100,14,6,1
TRAINER_ACE_TRAINER_M_ENZIO,BASCULIN,46,,,100,14,6,1
TRAINER_ACE_TRAINER_M_ENZIO,BASCULIN_BLUE_STRIPED,46,,,100,14,6,2
TRAINER_ACE_TRAINER_M_ENZIO,AZUMARILL,46,,,100,14,6,3
TRAINER_ACE_TRAINER_F_JEANNE,PELIPPER,47,,,100,14,6,1
TRAINER_ACE_TRAINER_F_JEANNE,WAILORD,47,,,100,14,6,2
TRAINER_ACE_TRAINER_M_SANTINO,WALREIN,48,,,100,14,6,1
TRAINER_ACE_TRAINER_F_SABLE,GOLDUCK,47,,,100,14,6,1
TRAINER_ACE_TRAINER_F_SABLE,STARMIE,47,,,100,14,6,2
TRAINER_TEAM_PLASMA_GRUNT_3,SANDILE,16,,,0,14,6,1
TRAINER_GAME_FREAK_NISHINO,CLEFAIRY,16,"DOUBLESLAP,GROWL,ENCORE",LEFTOVERS,0,14,6,1
TRAINER_PKMN_TRAINER_COLRESS,MAGNEMITE,21,,,50,14,6,1
TRAINER_PKMN_TRAINER_COLRESS,KLINK,23,,,100,14,6,2
TRAINER_TEAM_PLASMA_GRUNT_4,TRUBBISH,27,,,0,14,6,1
TRAINER_PKMN_TRAINER_NATE,DEWOTT,25,,,250,14,6,1
TRAINER_PKMN_TRAINER_NATE,PANSEAR,23,,,250,14,6,2
TRAINER_PKMN_TRAINER_NATE_2,SERVINE,25,,,250,14,6,1
TRAINER_PKMN_TRAINER_NATE_2,PANPOUR,23,,,250,14,6,2
TRAINER_PKMN_TRAINER_NATE_3,PIGNITE,25,,,250,14,6,1
TRAINER_PKMN_TRAINER_NATE_3,PANSAGE,23,,,250,14,6,2
TRAINER_PKMN_TRAINER_ROSA,DEWOTT,25,,,250,14,6,1
TRAINER_PKMN_TRAINER_ROSA,PANSEAR,23,,,250,14,6,2
TRAINER_PKMN_TRAINER_ROSA_2,SERVINE,25,,,250,14,6,1
TRAINER_PKMN_TRAINER_ROSA_2,PANPOUR,23,,,250,14,6,2
TRAINER_PKMN_TRAINER_ROSA_3,PIGNITE,25,,,250,14,6,1
TRAINER_PKMN_TRAINER_ROSA_3,PANSAGE,23,,,250,14,6,2
TRAINER_MOTORCYCLIST_CHARLES_3,TIRTOUGA,26,,,0,14,6,1
TRAINER_MOTORCYCLIST_CHARLES_3,SIGILYPH,26,,,0,14,6,2
TRAINER_MOTORCYCLIST_CHARLES_3,ARCHEN,26,,,0,14,6,3
TRAINER_MOTORCYCLIST_CHARLES_4,SIGILYPH,26,,,0,14,6,1
TRAINER_MOTORCYCLIST_CHARLES_4,TIRTOUGA,26,,,0,14,6,2
TRAINER_MOTORCYCLIST_CHARLES_4,ARCHEN,26,,,0,14,6,3
TRAINER_PKMN_TRAINER_RIVAL_7,PIGNITE,33,,,250,14,6,1
TRAINER_PKMN_TRAINER_RIVAL_7,SIMIPOUR,31,,,250,14,6,2
TRAINER_PKMN_TRAINER_RIVAL_7,TRANQUILL,31,,,250,14,6,3
TRAINER_PKMN_TRAINER_RIVAL_8,DEWOTT,33,,,250,14,6,1
TRAINER_PKMN_TRAINER_RIVAL_8,SIMISAGE,31,,,250,14,6,2
TRAINER_PKMN_TRAINER_RIVAL_8,TRANQUILL,31,,,250,14,6,3
TRAINER_PKMN_TRAINER_RIVAL_9,SERVINE,33,,,250,14,6,1
TRAINER_PKMN_TRAINER_RIVAL_9,SIMISEAR,31,,,250,14,6,2
TRAINER_PKMN_TRAINER_RIVAL_9,TRANQUILL,31,,,250,14,6,3
TRAINER_PKMN_TRAINER_CHEREN,STOUTLAND,33,"STRENGTH,CRUNCH,THUNDER_FANG,ODOR_SLEUTH",,250,14,6,1
TRAINER_PKMN_TRAINER_CHEREN,WATCHOG,31,"HYPER_FANG,LOW_KICK,CRUNCH,HYPNOSIS",,250,14,6,2
TRAINER_PKMN_TRAINER_CHEREN,CINCCINO,31,"TAIL_SLAP,ROCK_BLAST,BULLET_SEED,WAKE_UP_SLAP",,250,14,6,3
TRAINER_TEAM_PLASMA_GRUNT_5,KOFFING,30,,,0,14,6,1
TRAINER_TEAM_PLASMA_GRUNT_6,TRUBBISH,30,,,0,14,6,1
TRAINER_TEAM_PLASMA_GRUNT_7,GRIMER,29,,,0,14,6,1
TRAINER_TEAM_PLASMA_GRUNT_7,KROKOROK,29,,,0,14,6,2
TRAINER_TEAM_PLASMA_GRUNT_8,GOLBAT,29,,,0,14,6,1
TRAINER_TEAM_PLASMA_GRUNT_8,LIEPARD,29,,,0,14,6,2
TRAINER_TEAM_PLASMA_GRUNT_9,GRIMER,29,,,0,14,6,1
TRAINER_TEAM_PLASMA_GRUNT_9,RATICATE,29,,,0,14,6,2
TRAINER_TEAM_PLASMA_GRUNT_10,KOFFING,29,,,0,14,6,1
TRAINER_TEAM_PLASMA_GRUNT_10,WATCHOG,29,,,0,14,6,2
TRAINER_PKMN_TRAINER_RIVAL_10,UNFEZANT,39,,SCOPE_LENS,100,14,6,1
TRAINER_PKMN_TRAINER_RIVAL_10,SIMIPOUR,39,,MYSTIC_WATER,100,14,6,2
TRAINER_PKMN_TRAINER_RIVAL_10,EMBOAR,41,,CHARCOAL,150,14,6,3
TRAINER_PKMN_TRAINER_RIVAL_11,UNFEZANT,39,,SCOPE_LENS,100,14,6,1
TRAINER_PKMN_TRAINER_RIVAL_11,SIMISAGE,39,,MIRACLE_SEED,100,14,6,2
TRAINER_PKMN_TRAINER_RIVAL_11,SAMUROTT,41,,MYSTIC_WATER,150,14,6,3
TRAINER_PKMN_TRAINER_RIVAL_12,UNFEZANT,39,,SCOPE_LENS,100,14,6,1
TRAINER_PKMN_TRAINER_RIVAL_12,SIMISEAR,39,,CHARCOAL,100,14,6,2
TRAINER_PKMN_TRAINER_RIVAL_12,SERPERIOR,41,,MIRACLE_SEED,150,14,6,3
TRAINER_VETERAN_M_LUCIUS,FRAXURE,46,,,150,14,6,1
TRAINER_VETERAN_M_JERRY,FRAXURE,45,"DUAL_CHOP,SHADOW_CLAW,X_SCISSOR,DRAGON_DANCE",DRAGON_FANG,150,14,6,1
TRAINER_VETERAN_M_JERRY,DRUDDIGON,45,"DRAGON_CLAW,FLAMETHROWER,ROCK_SLIDE,CRUNCH",DRAGON_GEM,150,14,6,2
TRAINER_VETERAN_F_RHONA,FRAXURE,45,"DUAL_CHOP,SWAGGER,SUBSTITUTE,PROTECT",HABAN_BERRY,150,14,6,1
TRAINER_VETERAN_F_RHONA,DRUDDIGON,45,"DRAGON_CLAW,SWAGGER,SUBSTITUTE,PROTECT",ROCKY_HELMET,150,14,6,2
TRAINER_VETERAN_M_RON,FRAXURE,44,,,150,14,6,1
TRAINER_VETERAN_M_RON,DRUDDIGON,44,,,150,14,6,2
TRAINER_VETERAN_M_RON,AXEW,44,,,150,14,6,3
TRAINER_VETERAN_F_DENAE,DRUDDIGON,44,,,150,14,6,1
TRAINER_VETERAN_F_DENAE,FRAXURE,44,,,150,14,6,2
TRAINER_VETERAN_F_DENAE,AXEW,44,,,150,14,6,3
TRAINER_PKMN_RANGER_M_LEAF,DEERLING,32,,,50,14,6,1
TRAINER_PKMN_RANGER_M_LEAF,SCOLIPEDE,32,,,50,14,6,2
TRAINER_PKMN_RANGER_F_NAOKO,FOONGUS,32,,,50,14,6,1
TRAINER_PKMN_RANGER_F_NAOKO,LEAVANNY,32,,,50,14,6,2
TRAINER_PKMN_RANGER_M_BRET,STOUTLAND,33,,,50,14,6,1
TRAINER_PKMN_RANGER_F_MALORY,ARCANINE,33,,,50,14,6,1
TRAINER_BACKPACKER_M_BOONE,NUMEL,36,,,0,14,6,1
TRAINER_BACKPACKER_M_BOONE,SIGILYPH,36,,,0,14,6,2
TRAINER_PSYCHIC_F_LYNETTE,DRIFLOON,36,,,50,14,6,1
TRAINER_PSYCHIC_F_LYNETTE,SPOINK,36,,,50,14,6,2
TRAINER_PSYCHIC_F_LYNETTE,DRIFBLIM,36,,,50,14,6,3
TRAINER_YOUNGSTER_PETEY,PATRAT,4,,,0,14,6,1
TRAINER_SCHOOL_KID_M_EDGAR,NATU,61,,,0,14,6,1
TRAINER_SCHOOL_KID_M_EDGAR,XATU,61,,,0,14,6,2
TRAINER_SCHOOL_KID_M_EDGAR,FEAROW,61,,,0,14,6,3
TRAINER_SCHOOL_KID_F_MARSHA,SKIPLOOM,61,,,0,14,6,1
TRAINER_SCHOOL_KID_F_MARSHA,JUMPLUFF,61,,,0,14,6,2
TRAINER_SCHOOL_KID_F_MARSHA,BELLOSSOM,61,,,0,14,6,3
TRAINER_NURSERY_AIDE_AUTUMN,JIGGLYPUFF,61,,,0,14,6,1
TRAINER_NURSERY_AIDE_AUTUMN,PURUGLY,61,,,0,14,6,2
TRAINER_NURSERY_AIDE_AUTUMN,LICKITUNG,61,,,0,14,6,3
TRAINER_PRESCHOOLER_M_BUSTER,RIOLU,61,,,0,14,6,1
TRAINER_PRESCHOOLER_M_BUSTER,LEDIAN,61,,,0,14,6,2
TRAINER_PRESCHOOLER_F_EVA,KIRLIA,61,,,0,14,6,1
TRAINER_PRESCHOOLER_F_EVA,PIKACHU,61,,,0,14,6,2
TRAINER_PRESCHOOLER_M_TYRONE,BELDUM,61,,,0,14,6,1
TRAINER_PRESCHOOLER_M_TYRONE,DEINO,61,,,0,14,6,2
TRAINER_FISHERMAN_BRUCE,SLOWPOKE,61,,,0,14,6,1
TRAINER_FISHERMAN_BRUCE,GOLDEEN,61,,,0,14,6,2
TRAINER_FISHERMAN_BRUCE,SEAKING,61,,,0,14,6,3
TRAINER_FISHERMAN_MACK,MAGIKARP,58,,,0,14,6,1
TRAINER_FISHERMAN_MACK,MAGIKARP,58,,,0,14,6,2
TRAINER_FISHERMAN_MACK,MAGIKARP,58,,,0,14,6,3
TRAINER_FISHERMAN_MACK,MAGIKARP,58,,,0,14,6,4
TRAINER_FISHERMAN_MACK,MAGIKARP,58,,,0,14,6,5
TRAINER_FISHERMAN_MACK,MAGIKARP,58,,,0,14,6,6
TRAINER_YOUNGSTER_JIMMY,RATTATA,61,,,0,14,6,1
TRAINER_YOUNGSTER_JIMMY,SENTRET,61,,,0,14,6,2
TRAINER_YOUNGSTER_JIMMY,ZIGZAGOON,61,,,0,14,6,3
TRAINER_YOUNGSTER_JIMMY,BIDOOF,61,,,0,14,6,4
TRAINER_YOUNGSTER_JIMMY,WATCHOG,61,,,0,14,6,5
TRAINER_LASS_MALI,PIDGEY,61,,,0,14,6,1
TRAINER_LASS_MALI,HOOTHOOT,61,,,0,14,6,2
TRAINER_LASS_MALI,TAILLOW,61,,,0,14,6,3
TRAINER_LASS_MALI,STARLY,61,,,0,14,6,4
TRAINER_LASS_MALI,UNFEZANT,61,,,0,14,6,5
TRAINER_VETERAN_F_ORIANA,WORMADAM_SANDY_CLOAK,66,"BUG_BITE,ROCK_BLAST,EARTHQUAKE,SUNNY_DAY",,200,14,6,1
TRAINER_VETERAN_F_ORIANA,MAGCARGO,66,"FIRE_BLAST,SOLARBEAM,ANCIENTPOWER,SHELL_SMASH",,200,14,6,2
TRAINER_VETERAN_F_ORIANA,EXPLOUD,66,"FIRE_BLAST,HYPER_VOICE,EARTHQUAKE,SUNNY_DAY",,200,14,6,3
TRAINER_VETERAN_F_ORIANA,JUMPLUFF,66,"SOLARBEAM,ACROBATICS,LEECH_SEED,MEMENTO",,200,14,6,4
TRAINER_VETERAN_M_RAYNE,MASQUERAIN,66,"HYDRO_PUMP,BUG_BUZZ,ICE_BEAM,RAIN_DANCE",,200,14,6,1
TRAINER_VETERAN_M_RAYNE,DRAGONAIR,66,"SURF,THUNDER,DRAGON_RUSH,DRAGON_DANCE",,200,14,6,2
TRAINER_VETERAN_M_RAYNE,SLOWBRO,66,"PSYSHOCK,SURF,GRASS_KNOT,RAIN_DANCE",,200,14,6,3
TRAINER_VETERAN_M_RAYNE,MAGNEZONE,66,"THUNDER,FLASH_CANNON,EXPLOSION,THUNDER_WAVE",,200,14,6,4
TRAINER_BACKPACKER_M_SHANE,KABUTO,62,,,0,14,6,1
TRAINER_BACKPACKER_M_SHANE,LILEEP,62,,,0,14,6,2
TRAINER_BACKPACKER_M_SHANE,CRANIDOS,62,,,0,14,6,3
TRAINER_BACKPACKER_M_SHANE,CARRACOSTA,62,,,0,14,6,4
TRAINER_BACKPACKER_F_JILL,OMANYTE,62,,,0,14,6,1
TRAINER_BACKPACKER_F_JILL,ANORITH,62,,,0,14,6,2
TRAINER_BACKPACKER_F_JILL,SHIELDON,62,,,0,14,6,3
TRAINER_BACKPACKER_F_JILL,ARCHEOPS,62,,,0,14,6,4
TRAINER_YOUNGSTER_MIKEY,BEEDRILL,61,,,0,14,6,1
TRAINER_YOUNGSTER_MIKEY,VOLBEAT,61,,,0,14,6,2
TRAINER_YOUNGSTER_MIKEY,DUSTOX,61,,,0,14,6,3
TRAINER_YOUNGSTER_MIKEY,MOTHIM,61,,,0,14,6,4
TRAINER_YOUNGSTER_MIKEY,SCOLIPEDE,61,,,0,14,6,5
TRAINER_LASS_HENRIETTA,BUTTERFREE,61,,,0,14,6,1
TRAINER_LASS_HENRIETTA,ILLUMISE,61,,,0,14,6,2
TRAINER_LASS_HENRIETTA,BEAUTIFLY,61,,,0,14,6,3
TRAINER_LASS_HENRIETTA,WORMADAM,61,,,0,14,6,4
TRAINER_LASS_HENRIETTA,LEAVANNY,61,,,0,14,6,5
TRAINER_PKMN_RANGER_M_RICK,VIGOROTH,64,,,50,14,6,1
TRAINER_PKMN_RANGER_M_RICK,STANTLER,64,,,50,14,6,2
TRAINER_PKMN_RANGER_M_RICK,VICTREEBEL,64,,,50,14,6,3
TRAINER_PKMN_RANGER_F_AUDRA,WIGGLYTUFF,64,,,50,14,6,1
TRAINER_PKMN_RANGER_F_AUDRA,GIRAFARIG,64,,,50,14,6,2
TRAINER_PKMN_RANGER_F_AUDRA,VILEPLUME,64,,,50,14,6,3
TRAINER_ACE_TRAINER_M_SEAN,DURANT,66,,,100,14,6,1
TRAINER_ACE_TRAINER_M_SEAN,ESPEON,66,,,100,14,6,2
TRAINER_ACE_TRAINER_M_SEAN,HONCHKROW,66,,,100,14,6,3
TRAINER_ACE_TRAINER_F_CHEYENNE,HEATMOR,66,,,100,14,6,1
TRAINER_ACE_TRAINER_F_CHEYENNE,UMBREON,66,,,100,14,6,2
TRAINER_ACE_TRAINER_F_CHEYENNE,MISMAGIUS,66,,,100,14,6,3
TRAINER_FISHERMAN_LYDON,FEEBAS,64,,,0,14,6,1
TRAINER_FISHERMAN_LYDON,FINNEON,64,,,0,14,6,2
TRAINER_FISHERMAN_LYDON,LUMINEON,64,,,0,14,6,3
TRAINER_FISHERMAN_BUCKY,KRABBY,64,,,0,14,6,1
TRAINER_FISHERMAN_BUCKY,QWILFISH,64,,,0,14,6,2
TRAINER_FISHERMAN_BUCKY,KINGLER,64,,,0,14,6,3
TRAINER_SWIMMER_M_WRIGHT,CARVANHA,65,,,0,14,6,1
TRAINER_SWIMMER_M_WRIGHT,SHARPEDO,65,,,0,14,6,2
TRAINER_SWIMMER_M_JEFFERY,TENTACOOL,65,,,0,14,6,1
TRAINER_SWIMMER_M_JEFFERY,HUNTAIL,65,,,0,14,6,2
TRAINER_SWIMMER_F_RUTH,CLAMPERL,65,,,0,14,6,1
TRAINER_SWIMMER_F_RUTH,SHELLDER,65,,,0,14,6,2
TRAINER_SWIMMER_F_DARA,CHINCHOU,65,,,0,14,6,1
TRAINER_SWIMMER_F_DARA,GOREBYSS,65,,,0,14,6,2
TRAINER_HIKER_STEPHEN,HIPPOPOTAS,64,,,0,14,6,1
TRAINER_HIKER_STEPHEN,CRUSTLE,64,,,0,14,6,2
TRAINER_HIKER_STEPHEN,HIPPOWDON,64,,,0,14,6,3
TRAINER_VETERAN_M_VINCENT,TYRANITAR,70,"STONE_EDGE,FOCUS_BLAST,ICE_BEAM,FIRE_BLAST",,200,14,6,1
TRAINER_VETERAN_M_CHESTER,STARAPTOR,68,"CLOSE_COMBAT,BRAVE_BIRD,ENDEAVOR,WHIRLWIND",,200,14,6,1
TRAINER_VETERAN_M_CHESTER,RELICANTH,68,"STONE_EDGE,WATERFALL,EARTHQUAKE,AMNESIA",,200,14,6,2
TRAINER_VETERAN_M_CHESTER,KROOKODILE,68,"EARTHQUAKE,OUTRAGE,STONE_EDGE,CRUNCH",,200,14,6,3
TRAINER_VETERAN_F_MAYA,SALAMENCE,70,"DRACO_METEOR,EARTHQUAKE,FIRE_BLAST,STONE_EDGE",,200,14,6,1
TRAINER_VETERAN_F_GINA,KINGDRA,68,"DRAGON_PULSE,HYDRO_PUMP,ICE_BEAM,AGILITY",,200,14,6,1
TRAINER_VETERAN_F_GINA,SKARMORY,68,"NIGHT_SLASH,STEEL_WING,ROCK_SLIDE,SWORDS_DANCE",,200,14,6,2
TRAINER_VETERAN_F_GINA,DONPHAN,68,"EARTHQUAKE,STONE_EDGE,POISON_JAB,SCARY_FACE",,200,14,6,3
TRAINER_BLACK_BELT_ZACHARY,HARIYAMA,65,,,50,14,6,1
TRAINER_BLACK_BELT_ZACHARY,THROH,65,,,50,14,6,2
TRAINER_BLACK_BELT_ZACHARY,HITMONTOP,65,,,50,14,6,3
TRAINER_BATTLE_GIRL_WENDY,POLIWRATH,65,,,50,14,6,1
TRAINER_BATTLE_GIRL_WENDY,SAWK,65,,,50,14,6,2
TRAINER_BATTLE_GIRL_WENDY,MEDICHAM,65,,,50,14,6,3
TRAINER_TEAM_PLASMA_GRUNT_11,WHIRLIPEDE,46,,,0,14,6,1
TRAINER_TEAM_PLASMA_GRUNT_11,WATCHOG,46,,,0,14,6,2
TRAINER_TEAM_PLASMA_GRUNT_12,GARBODOR,47,,,0,14,6,1
TRAINER_TEAM_PLASMA_GRUNT_13,WEEZING,47,"SLUDGE_BOMB,DOUBLE_HIT,EXPLOSION,HAZE",,0,14,6,1
TRAINER_TEAM_PLASMA_GRUNT_14,KROKOROK,46,,,0,14,6,1
TRAINER_TEAM_PLASMA_GRUNT_14,RATICATE,46,,,0,14,6,2
TRAINER_TEAM_PLASMA_GRUNT_15,SKORUPI,45,,,0,14,6,1
TRAINER_TEAM_PLASMA_GRUNT_15,FOONGUS,45,,,0,14,6,2
TRAINER_TEAM_PLASMA_GRUNT_15,GOLBAT,45,,,0,14,6,3
TRAINER_TEAM_PLASMA_GRUNT_16,KROOKODILE,47,,,0,14,6,1
TRAINER_TEAM_PLASMA_GRUNT_17,SCRAFTY,47,,,0,14,6,1
TRAINER_TEAM_PLASMA_GRUNT_18,KOFFING,46,,,0,14,6,1
TRAINER_TEAM_PLASMA_GRUNT_18,AMOONGUSS,46,,,0,14,6,2
TRAINER_TEAM_PLASMA_GRUNT_19,GRIMER,46,,,0,14,6,1
TRAINER_TEAM_PLASMA_GRUNT_19,SEVIPER,46,,,0,14,6,2
TRAINER_TEAM_PLASMA_GRUNT_20,DRAPION,47,,,0,14,6,1
TRAINER_TEAM_PLASMA_GRUNT_21,PAWNIARD,45,,,0,14,6,1
TRAINER_TEAM_PLASMA_GRUNT_21,PAWNIARD,45,,,0,14,6,2
TRAINER_TEAM_PLASMA_GRUNT_21,PAWNIARD,45,,,0,14,6,3
TRAINER_TEAM_PLASMA_GRUNT_22,DEINO,45,,,0,14,6,1
TRAINER_TEAM_PLASMA_GRUNT_22,DEINO,45,,,0,14,6,2
TRAINER_TEAM_PLASMA_GRUNT_22,SNEASEL,45,,,0,14,6,3
TRAINER_TEAM_PLASMA_GRUNT_23,SCOLIPEDE,47,,,0,14,6,1
TRAINER_TEAM_PLASMA_GRUNT_24,TRUBBISH,46,,,0,14,6,1
TRAINER_TEAM_PLASMA_GRUNT_24,ZANGOOSE,46,,,0,14,6,2
TRAINER_TEAM_PLASMA_GRUNT_25,SCRAGGY,46,,,0,14,6,1
TRAINER_TEAM_PLASMA_GRUNT_25,LIEPARD,46,,,0,14,6,2
TRAINER_TEAM_PLASMA_GRUNT_26,WHIRLIPEDE,46,,,0,14,6,1
TRAINER_TEAM_PLASMA_GRUNT_26,WATCHOG,46,,,0,14,6,2
TRAINER_TEAM_PLASMA_GRUNT_27,GARBODOR,47,,,0,14,6,1
TRAINER_TEAM_PLASMA_GRUNT_28,WEEZING,47,"SLUDGE_BOMB,DOUBLE_HIT,EXPLOSION,HAZE",,0,14,6,1
TRAINER_TEAM_PLASMA_GRUNT_29,KROKOROK,46,,,0,14,6,1
TRAINER_TEAM_PLASMA_GRUNT_29,RATICATE,46,,,0,14,6,2
TRAINER_TEAM_PLASMA_GRUNT_30,SKORUPI,45,,,0,14,6,1
TRAINER_TEAM_PLASMA_GRUNT_30,FOONGUS,45,,,0,14,6,2
TRAINER_TEAM_PLASMA_GRUNT_30,GOLBAT,45,,,0,14,6,3
TRAINER_TEAM_PLASMA_GRUNT_31,KROOKODILE,47,,,0,14,6,1
TRAINER_TEAM_PLASMA_GRUNT_32,SCRAFTY,47,,,0,14,6,1
TRAINER_TEAM_PLASMA_GRUNT_33,KOFFING,46,,,0,14,6,1
TRAINER_TEAM_PLASMA_GRUNT_33,AMOONGUSS,46,,,0,14,6,2
TRAINER_TEAM_PLASMA_GRUNT_34,GRIMER,46,,,0,14,6,1
TRAINER_TEAM_PLASMA_GRUNT_34,SEVIPER,46,,,0,14,6,2
TRAINER_TEAM_PLASMA_GRUNT_35,DRAPION,47,,,0,14,6,1
TRAINER_TEAM_PLASMA_GRUNT_36,PAWNIARD,45,,,0,14,6,1
TRAINER_TEAM_PLASMA_GRUNT_36,PAWNIARD,45,,,0,14,6,2
TRAINER_TEAM_PLASMA_GRUNT_36,PAWNIARD,45,,,0,14,6,3
TRAINER_TEAM_PLASMA_GRUNT_37,DEINO,45,,,0,14,6,1
TRAINER_TEAM_PLASMA_GRUNT_37,DEINO,45,,,0,14,6,2
TRAINER_TEAM_PLASMA_GRUNT_37,SNEASEL,45,,,0,14,6,3
TRAINER_TEAM_PLASMA_GRUNT_38,SCOLIPEDE,47,,,0,14,6,1
TRAINER_TEAM_PLASMA_GRUNT_39,TRUBBISH,46,,,0,14,6,1
TRAINER_TEAM_PLASMA_GRUNT_39,ZANGOOSE,46,,,0,14,6,2
TRAINER_SCHOOL_KID_F_ALBERTA,LITWICK,35,"FLAME_BURST,NIGHT_SHADE,CONFUSE_RAY,WILL_O_WISP",,0,14,6,1
TRAINER_PKMN_TRAINER_CYNTHIA,SPIRITOMB,76,"SHADOW_BALL,DOUBLE_TEAM,DREAM_EATER,HYPNOSIS",,250,14,6,1
TRAINER_PKMN_TRAINER_CYNTHIA,MILOTIC,76,"BLIZZARD,HYDRO_PUMP,ATTRACT,REST",,250,14,6,2
TRAINER_PKMN_TRAINER_CYNTHIA,TOGEKISS,76,"EXTREMESPEED,AURA_SPHERE,AIR_SLASH,THUNDER_WAVE",,250,14,6,3
TRAINER_PKMN_TRAINER_CYNTHIA,LUCARIO,76,"EXTREMESPEED,CLOSE_COMBAT,FLASH_CANNON,PSYCHIC",,250,14,6,4
TRAINER_PKMN_TRAINER_CYNTHIA,GLACEON,76,"ICE_BEAM,SHADOW_BALL,SIGNAL_BEAM,BARRIER",,250,14,6,5
TRAINER_PKMN_TRAINER_CYNTHIA,GARCHOMP,78,"DRAGON_RUSH,EARTHQUAKE,STONE_EDGE,FIRE_BLAST",,250,14,6,6
TRAINER_WAITRESS_JAN,MAGMORTAR,60,"FIRE_BLAST,FOCUS_BLAST,EARTHQUAKE,SUNNY_DAY",,0,14,6,1
TRAINER_WAITRESS_JAN,ARCANINE,60,"FLARE_BLITZ,EXTREMESPEED,WILD_CHARGE,REVERSAL",,0,14,6,2
TRAINER_WAITRESS_JAN,CHANDELURE,60,"FIRE_BLAST,SHADOW_BALL,SOLARBEAM,WILL_O_WISP",,0,14,6,3
TRAINER_NURSERY_AIDE_ILSE,LOPUNNY,62,"RETURN,JUMP_KICK,THUNDER_WAVE,CHARM",,100,14,6,1
TRAINER_NURSERY_AIDE_ILSE,BOUFFALANT,62,"HEAD_CHARGE,MEGAHORN,WILD_CHARGE,STONE_EDGE",,100,14,6,2
TRAINER_NURSERY_AIDE_ILSE,MILTANK,62,"BODY_SLAM,BRICK_BREAK,ROLLOUT,MILK_DRINK",,100,14,6,3
TRAINER_NURSERY_AIDE_ILSE,KANGASKHAN,62,"RETALIATE,OUTRAGE,HAMMER_ARM,EARTHQUAKE",,100,14,6,4
TRAINER_CLERK_F_LANA,WEAVILE,64,"NIGHT_SLASH,BRICK_BREAK,SWORDS_DANCE,ICE_SHARD",,200,14,6,1
TRAINER_CLERK_F_LANA,CRYOGONAL,64,"BLIZZARD,SHEER_COLD,CONFUSE_RAY,ACID_ARMOR",,200,14,6,2
TRAINER_CLERK_F_LANA,VANILLUXE,64,"BLIZZARD,SHEER_COLD,HAIL,EXPLOSION",,200,14,6,3
TRAINER_CLERK_F_LANA,MAMOSWINE,64,"BLIZZARD,EARTHQUAKE,STONE_EDGE,ICE_SHARD",,200,14,6,4
TRAINER_CLERK_F_LANA,LAPRAS,64,"BLIZZARD,SURF,HYDRO_PUMP,ICE_SHARD",,200,14,6,5
TRAINER_MAID_TAMMY,SKARMORY,66,"STEEL_WING,AERIAL_ACE,X_SCISSOR,SWORDS_DANCE",,250,14,6,1
TRAINER_MAID_TAMMY,STEELIX,66,"STONE_EDGE,GYRO_BALL,EARTHQUAKE,CURSE",,250,14,6,2
TRAINER_MAID_TAMMY,FERROTHORN,66,"POWER_WHIP,GYRO_BALL,EXPLOSION,CURSE",,250,14,6,3
TRAINER_MAID_TAMMY,ESCAVALIER,66,"X_SCISSOR,IRON_HEAD,REVERSAL,SWORDS_DANCE",,250,14,6,4
TRAINER_MAID_TAMMY,BISHARP,66,"IRON_HEAD,NIGHT_SLASH,STONE_EDGE,LOW_SWEEP",,250,14,6,5
TRAINER_MAID_TAMMY,METAGROSS,66,"ZEN_HEADBUTT,METEOR_MASH,EARTHQUAKE,BULLET_PUNCH",,250,14,6,6
TRAINER_JANITOR_FELIX,LILLIPUP,16,,,0,14,6,1
TRAINER_JANITOR_FELIX,TRUBBISH,16,,,0,14,6,2
TRAINER_JANITOR_BRADY,MARILL,31,,,0,14,6,1
TRAINER_JANITOR_BRADY,CINCCINO,31,,,0,14,6,2
TRAINER_SCIENTIST_CLARKE,MAGNEMITE,17,,,0,14,6,1
TRAINER_SCIENTIST_CAROLINE,GRIMER,17,,,0,14,6,1
TRAINER_WORKER_ZACK,DRILBUR,17,,,0,14,6,1
TRAINER_WORKER_SCOTT,TIMBURR,17,,,0,14,6,1
TRAINER_CYCLIST_F_ADELAIDE,UNFEZANT,37,,,0,14,6,1
TRAINER_CYCLIST_M_JEREMIAH,ZEBSTRIKA,37,,,0,14,6,1
TRAINER_BLACK_BELT_DRAGO,SCRAFTY,47,,,50,14,6,1
TRAINER_BATTLE_GIRL_TIA,HERACROSS,47,,,50,14,6,1
TRAINER_BLACK_BELT_RICH,GURDURR,47,,,50,14,6,1
TRAINER_BATTLE_GIRL_MAKI,MIENFOO,47,,,50,14,6,1
TRAINER_PKMN_RANGER_M_JOHAN,ONIX,46,,,50,14,6,1
TRAINER_PKMN_RANGER_M_JOHAN,LAIRON,46,,,50,14,6,2
TRAINER_PKMN_RANGER_F_MIKIKO,VIBRAVA,46,,,50,14,6,1
TRAINER_PKMN_RANGER_F_MIKIKO,GLIGAR,46,,,50,14,6,2
TRAINER_HIKER_DON,PILOSWINE,51,,,0,14,6,1
TRAINER_HIKER_DON,PROBOPASS,51,,,0,14,6,2
TRAINER_HIKER_DOUG,BOLDORE,53,,,0,14,6,1
TRAINER_HIKER_DOUG,AGGRON,53,,,0,14,6,2
TRAINER_BLACK_BELT_LUKE,SAWK,53,,,50,14,6,1
TRAINER_BATTLE_GIRL_BRENDA,THROH,53,,,50,14,6,1
TRAINER_ACE_TRAINER_F_JULIET,SWANNA,53,,,100,14,6,1
TRAINER_ACE_TRAINER_F_JULIET,GALVANTULA,53,,,100,14,6,2
TRAINER_ACE_TRAINER_M_GRANT,EMOLGA,53,,,100,14,6,1
TRAINER_ACE_TRAINER_M_GRANT,JELLICENT,53,,,100,14,6,2
TRAINER_BLACK_BELT_BENJAMIN,GURDURR,53,,,50,14,6,1
TRAINER_BLACK_BELT_BENJAMIN,SCRAFTY,53,,,50,14,6,2
TRAINER_BATTLE_GIRL_TIFFANY,GURDURR,53,,,50,14,6,1
TRAINER_BATTLE_GIRL_TIFFANY,MIENSHAO,53,,,50,14,6,2
TRAINER_PKMN_RANGER_F_LENA,FLOATZEL,53,,,50,14,6,1
TRAINER_PKMN_RANGER_F_LENA,LUCARIO,53,,,50,14,6,2
TRAINER_PKMN_RANGER_M_STEVE,STUNFISK,52,,,50,14,6,1
TRAINER_PKMN_RANGER_M_STEVE,AMOONGUSS,52,,,50,14,6,2
TRAINER_ACE_TRAINER_M_TOM,MAGMAR,54,,,100,14,6,1
TRAINER_ACE_TRAINER_M_TOM,MAMOSWINE,54,,,100,14,6,2
TRAINER_ACE_TRAINER_F_MIKI,SCOLIPEDE,54,,,100,14,6,1
TRAINER_ACE_TRAINER_F_MIKI,ARCANINE,54,,,100,14,6,2
TRAINER_HIKER_TEPPEI,ARON,61,,,0,14,6,1
TRAINER_HIKER_TEPPEI,MAWILE,61,,,0,14,6,2
TRAINER_HIKER_MANUEL,SWOOBAT,61,,,0,14,6,1
TRAINER_HIKER_MANUEL,GOLEM,61,,,0,14,6,2
TRAINER_WORKER_MORGANN,SABLEYE,61,,,0,14,6,1
TRAINER_WORKER_MORGANN,DUGTRIO,61,,,0,14,6,2
TRAINER_WORKER_HERMAN,DIGLETT,61,,,0,14,6,1
TRAINER_WORKER_HERMAN,MACHAMP,61,,,0,14,6,2
TRAINER_WORKER_PAUL,EXCADRILL,60,,,0,14,6,1
TRAINER_WORKER_PAUL,NIDOKING,60,,,0,14,6,2
TRAINER_WORKER_PAUL,RHYDON,60,,,0,14,6,3
TRAINER_WORKER_CLIFF,SIGILYPH,62,,,0,14,6,1
TRAINER_ACE_TRAINER_M_DUSTY,ROTOM,64,"DISCHARGE,SHADOW_BALL,THUNDER_WAVE,REFLECT",,100,14,6,1
TRAINER_ACE_TRAINER_M_DUSTY,WEEZING,64,"SLUDGE_BOMB,FIRE_BLAST,MEMENTO,WILL_O_WISP",,100,14,6,2
TRAINER_ACE_TRAINER_M_DUSTY,GENGAR,64,"SHADOW_BALL,DARK_PULSE,FOCUS_BLAST,WILL_O_WISP",,100,14,6,3
TRAINER_ACE_TRAINER_M_DUSTY,EELEKTROSS,64,"WILD_CHARGE,DRAGON_CLAW,GASTRO_ACID,COIL",,100,14,6,4
TRAINER_PKMN_TRAINER_CHILI,HEATMOR,65,"FIRE_BLAST,SUCKER_PUNCH,FOCUS_BLAST,STOCKPILE",LEFTOVERS,200,14,6,1
TRAINER_PKMN_TRAINER_CHILI,DARMANITAN,65,"FLARE_BLITZ,ROCK_SLIDE,HAMMER_ARM,BULK_UP",MUSCLE_BAND,200,14,6,2
TRAINER_PKMN_TRAINER_CHILI,SIMISEAR,67,"FLAMETHROWER,GRASS_KNOT,CRUNCH,WORK_UP",LIFE_ORB,250,14,6,3
TRAINER_PKMN_TRAINER_CRESS,BASCULIN,65,"AQUA_TAIL,DOUBLE_EDGE,ICE_BEAM,SWAGGER",MUSCLE_BAND,200,14,6,1
TRAINER_PKMN_TRAINER_CRESS,SLOWKING,65,"SCALD,PSYCHIC,FLAMETHROWER,CALM_MIND",LEFTOVERS,200,14,6,2
TRAINER_PKMN_TRAINER_CRESS,SIMIPOUR,67,"SCALD,ICE_BEAM,CRUNCH,WORK_UP",LIFE_ORB,250,14,6,3
TRAINER_PKMN_TRAINER_CILAN,MARACTUS,65,"PETAL_DANCE,SUCKER_PUNCH,POISON_JAB,COTTON_GUARD",MUSCLE_BAND,200,14,6,1
TRAINER_PKMN_TRAINER_CILAN,FERROTHORN,65,"POWER_WHIP,LEECH_SEED,GYRO_BALL,CURSE",LEFTOVERS,200,14,6,2
TRAINER_PKMN_TRAINER_CILAN,SIMISAGE,67,"ENERGY_BALL,ROCK_SLIDE,CRUNCH,WORK_UP",LIFE_ORB,250,14,6,3
TRAINER_TEAM_PLASMA_ZINZOLIN_2,CRYOGONAL,49,"ICE_BEAM,REFLECT,SLASH,CONFUSE_RAY",,150,14,6,1
TRAINER_TEAM_PLASMA_ZINZOLIN_2,CRYOGONAL,49,"ICE_BEAM,LIGHT_SCREEN,SLASH,CONFUSE_RAY",,150,14,6,2
TRAINER_TEAM_PLASMA_ZINZOLIN_2,WEAVILE,51,"NIGHT_SLASH,SLASH,ICE_SHARD,METAL_CLAW",,150,14,6,3
TRAINER_TEAM_PLASMA_SHADOW_2,PAWNIARD,49,"METAL_CLAW,FAINT_ATTACK,SLASH,SCARY_FACE",,100,14,6,1
TRAINER_TEAM_PLASMA_SHADOW_2,PAWNIARD,49,"METAL_CLAW,FAINT_ATTACK,SLASH,HONE_CLAWS",,100,14,6,2
TRAINER_TEAM_PLASMA_SHADOW_2,ACCELGOR,51,"BUG_BUZZ,GIGA_DRAIN,SWIFT,ME_FIRST",,100,14,6,3
TRAINER_TEAM_PLASMA_SHADOW_3,PAWNIARD,49,"METAL_CLAW,FAINT_ATTACK,SLASH,SCARY_FACE",,100,14,6,1
TRAINER_TEAM_PLASMA_SHADOW_3,PAWNIARD,49,"METAL_CLAW,FAINT_ATTACK,SLASH,HONE_CLAWS",,100,14,6,2
TRAINER_TEAM_PLASMA_SHADOW_3,BANETTE,51,"SHADOW_CLAW,SUCKER_PUNCH,PSYCHIC,WILL_O_WISP",,100,14,6,3
TRAINER_TEAM_PLASMA_GRUNT_40,WATCHOG,46,,,0,14,6,1
TRAINER_TEAM_PLASMA_GRUNT_40,GARBODOR,46,,,0,14,6,2
TRAINER_CLERK_M_CLEMENS,GROWLITHE,16,,,0,14,6,1
TRAINER_CLERK_M_WARREN,MARILL,16,,,0,14,6,1
TRAINER_SCHOOL_KID_M_NEIL,EEVEE,17,"QUICK_ATTACK,GROWL,TAIL_WHIP",,100,14,6,1
TRAINER_SCHOOL_KID_M_NEIL,HERDIER,17,"TACKLE,BITE,LEER,ODOR_SLEUTH",,100,14,6,2
TRAINER_BOSS_TRAINER_JARIEL,ZAPDOS,80,"THUNDER,HEAT_WAVE,DISCHARGE,ROOST",LIFE_ORB,0,14,6,1
TRAINER_BOSS_TRAINER_JARIEL,CRESSELIA,80,"PSYCHIC,SUBSTITUTE,MOONLIGHT,CALM_MIND",GANLON_BERRY,0,14,6,2
TRAINER_BOSS_TRAINER_JARIEL,LATIAS,80,"DRACO_METEOR,PSYCHIC,ICY_WIND,THUNDERBOLT",WHITE_HERB,0,14,6,3
TRAINER_BOSS_TRAINER_JANNA,SUICUNE,80,"HYDRO_PUMP,ICY_WIND,MIRROR_COAT,CALM_MIND",GANLON_BERRY,0,14,6,1
TRAINER_BOSS_TRAINER_JANNA,HEATRAN,80,"OVERHEAT,EARTHQUAKE,STONE_EDGE,SCARY_FACE",AIR_BALLOON,0,14,6,2
TRAINER_BOSS_TRAINER_JANNA,LATIOS,80,"DRACO_METEOR,PSYCHIC,ICY_WIND,THUNDERBOLT",WHITE_HERB,0,14,6,3
TRAINER_WORKER_LEO,ONIX,60,,,0,14,6,1
TRAINER_WORKER_LEO,GRAVELER,60,,,0,14,6,2
TRAINER_WORKER_LEO,STEELIX,60,,,0,14,6,3
TRAINER_WORKER_BRAND,GRAVELER,60,,,0,14,6,1
TRAINER_WORKER_BRAND,ONIX,60,,,0,14,6,2
TRAINER_WORKER_BRAND,GOLEM,60,,,0,14,6,3
TRAINER_PKMN_RANGER_M_MAXWELL,FORRETRESS,62,,,50,14,6,1
TRAINER_PKMN_RANGER_M_MAXWELL,CRUSTLE,62,,,50,14,6,2
TRAINER_PKMN_RANGER_M_MAXWELL,ARMALDO,62,,,50,14,6,3
TRAINER_PKMN_RANGER_F_KATIE,FERROTHORN,62,,,50,14,6,1
TRAINER_PKMN_RANGER_F_KATIE,CARNIVINE,62,,,50,14,6,2
TRAINER_PKMN_RANGER_F_KATIE,CRADILY,62,,,50,14,6,3
TRAINER_PSYCHIC_F_DUA,GOTHITA,23,,,50,14,6,1
TRAINER_PSYCHIC_M_PERRY,SIGILYPH,23,,,50,14,6,1
TRAINER_PSYCHIC_M_LOW,SOLOSIS,23,,,50,14,6,1
TRAINER_BACKPACKER_M_KIYO,GOLBAT,37,,,0,14,6,1
TRAINER_BACKPACKER_M_KIYO,SWANNA,37,,,0,14,6,2
TRAINER_BACKPACKER_F_KUMIKO,GOLBAT,37,,,0,14,6,1
TRAINER_BACKPACKER_F_KUMIKO,DARMANITAN,37,,,0,14,6,2
TRAINER_PKMN_RANGER_M_LEWIS,WATCHOG,38,,,50,14,6,1
TRAINER_PKMN_RANGER_M_LEWIS,GRUMPIG,38,,,50,14,6,2
TRAINER_PKMN_RANGER_M_LEWIS_2,WATCHOG,38,,,50,14,6,1
TRAINER_PKMN_RANGER_M_LEWIS_2,CAMERUPT,38,,,50,14,6,2
TRAINER_PKMN_RANGER_F_ELIZA,BANETTE,38,,,50,14,6,1
TRAINER_PKMN_RANGER_F_ELIZA,GOLDUCK,38,,,50,14,6,2
TRAINER_PKMN_RANGER_F_ELIZA_2,KROKOROK,38,,,50,14,6,1
TRAINER_PKMN_RANGER_F_ELIZA_2,ARCANINE,38,,,50,14,6,2
TRAINER_ACE_TRAINER_M_RAY,VIBRAVA,39,,,100,14,6,1
TRAINER_ACE_TRAINER_M_RAY,CAMERUPT,39,,,100,14,6,2
TRAINER_ACE_TRAINER_F_CORA,GRUMPIG,39,,,100,14,6,1
TRAINER_ACE_TRAINER_F_CORA,DRIFBLIM,39,,,100,14,6,2
TRAINER_HIKER_JARED,BOLDORE,37,,,0,14,6,1
TRAINER_HIKER_JARED,EXCADRILL,37,,,0,14,6,2
TRAINER_HIKER_MARKUS,GURDURR,37,,,0,14,6,1
TRAINER_HIKER_MARKUS,CRUSTLE,37,,,0,14,6,2
TRAINER_BLACK_BELT_COREY,GURDURR,37,,,50,14,6,1
TRAINER_BLACK_BELT_COREY,SCRAGGY,37,,,50,14,6,2
TRAINER_BLACK_BELT_COREY,SCRAGGY,37,,,50,14,6,3
TRAINER_BATTLE_GIRL_CHAN,RIOLU,37,,,50,14,6,1
TRAINER_BATTLE_GIRL_CHAN,GURDURR,37,,,50,14,6,2
TRAINER_BATTLE_GIRL_CHAN,RIOLU,37,,,50,14,6,3
TRAINER_WORKER_CAIRN,ROGGENROLA,60,,,0,14,6,1
TRAINER_WORKER_CAIRN,GRAVELER,60,,,0,14,6,2
TRAINER_WORKER_CAIRN,EXCADRILL,60,,,0,14,6,3
TRAINER_WORKER_GUS,GEODUDE,60,,,0,14,6,1
TRAINER_WORKER_GUS,BOLDORE,60,,,0,14,6,2
TRAINER_WORKER_GUS,STEELIX,60,,,0,14,6,3
TRAINER_WORKER_VICTOR,GLALIE,61,,,0,14,6,1
TRAINER_WORKER_VICTOR,BEARTIC,61,,,0,14,6,2
TRAINER_WORKER_PATTON,MACHOKE,61,,,0,14,6,1
TRAINER_WORKER_PATTON,ABOMASNOW,61,,,0,14,6,2
TRAINER_WORKER_RYAN,SMOOCHUM,60,,,0,14,6,1
TRAINER_WORKER_RYAN,KADABRA,60,,,0,14,6,2
TRAINER_WORKER_RYAN,CLAYDOL,60,,,0,14,6,3
TRAINER_HIKER_HUNTER,LARVITAR,61,,,0,14,6,1
TRAINER_HIKER_HUNTER,PROBOPASS,61,,,0,14,6,2
TRAINER_HIKER_WADE,GOLETT,61,,,0,14,6,1
TRAINER_HIKER_WADE,MAMOSWINE,61,,,0,14,6,2
TRAINER_VETERAN_M_ZACH,WEAVILE,63,"NIGHT_SLASH,ICE_SHARD,SHADOW_CLAW,SWORDS_DANCE",,200,14,6,1
TRAINER_VETERAN_M_ZACH,TOXICROAK,63,"POISON_JAB,BRICK_BREAK,STONE_EDGE,BULK_UP",,200,14,6,2
TRAINER_VETERAN_M_ZACH,AGGRON,63,"EARTHQUAKE,IRON_TAIL,STONE_EDGE,IRON_DEFENSE",,200,14,6,3
TRAINER_VETERAN_M_ZACH,RAMPARDOS,63,"EARTHQUAKE,ZEN_HEADBUTT,HEAD_SMASH,DRAGON_TAIL",,200,14,6,4
TRAINER_VETERAN_F_JULIA,GLACEON,63,"ICE_BEAM,ICE_SHARD,SHADOW_BALL,BARRIER",,200,14,6,1
TRAINER_VETERAN_F_JULIA,DRAPION,63,"EARTHQUAKE,CRUNCH,POISON_JAB,ACUPRESSURE",,200,14,6,2
TRAINER_VETERAN_F_JULIA,RHYPERIOR,63,"EARTHQUAKE,STONE_EDGE,HAMMER_ARM,DRAGON_TAIL",,200,14,6,3
TRAINER_VETERAN_F_JULIA,BASTIODON,63,"METAL_BURST,STONE_EDGE,THUNDER,FIRE_BLAST",,200,14,6,4
TRAINER_VETERAN_M_CARTER,CARRACOSTA,64,"STONE_EDGE,HYDRO_PUMP,AQUA_JET,SHELL_SMASH",,200,14,6,1
TRAINER_VETERAN_M_CARTER,CROBAT,64,"ACROBATICS,POISON_FANG,X_SCISSOR,CONFUSE_RAY",,200,14,6,2
TRAINER_VETERAN_M_CARTER,TAUROS,64,"THRASH,ZEN_HEADBUTT,EARTHQUAKE,STONE_EDGE",,200,14,6,3
TRAINER_VETERAN_F_CHLORIS,GYARADOS,64,"AQUA_TAIL,EARTHQUAKE,ICE_FANG,DRAGON_DANCE",,200,14,6,1
TRAINER_VETERAN_F_CHLORIS,ARCHEOPS,64,"ACROBATICS,STONE_EDGE,FOCUS_BLAST,ENDEAVOR",,200,14,6,2
TRAINER_VETERAN_F_CHLORIS,KANGASKHAN,64,"OUTRAGE,EARTHQUAKE,SUCKER_PUNCH,RETALIATE",,200,14,6,3
TRAINER_CHAMPION_IRIS_2,HYDREIGON,76,"FIRE_BLAST,FOCUS_BLAST,DRAGON_PULSE,SURF",,250,14,6,1
TRAINER_CHAMPION_IRIS_2,DRUDDIGON,76,"FIRE_PUNCH,THUNDERPUNCH,OUTRAGE,FOCUS_BLAST",LIFE_ORB,250,14,6,2
TRAINER_CHAMPION_IRIS_2,ARCHEOPS,76,"ACROBATICS,STONE_EDGE,DRAGON_CLAW,ENDEAVOR",,250,14,6,3
TRAINER_CHAMPION_IRIS_2,AGGRON,76,"EARTHQUAKE,DOUBLE_EDGE,STONE_EDGE,AUTOTOMIZE",,250,14,6,4
TRAINER_CHAMPION_IRIS_2,LAPRAS,76,"HYDRO_PUMP,BLIZZARD,THUNDER,SING",,250,14,6,5
TRAINER_CHAMPION_IRIS_2,HAXORUS,78,"EARTHQUAKE,GUILLOTINE,OUTRAGE,DRAGON_DANCE",FOCUS_SASH,250,14,6,6
TRAINER_GUITARIST_ANNA,EMOLGA,30,,,0,14,6,1
TRAINER_GUITARIST_BEVERLY,ZEBSTRIKA,33,,,0,14,6,1
TRAINER_HIKER_OTTO,ARON,32,,,0,14,6,1
TRAINER_HIKER_OTTO,NOSEPASS,32,,,0,14,6,2
TRAINER_HIKER_JEREMY,ONIX,32,,,0,14,6,1
TRAINER_HIKER_JEREMY,BOLDORE,32,,,0,14,6,2
TRAINER_SCIENTIST_RONALD,MAGNETON,30,,,0,14,6,1
TRAINER_SCIENTIST_LUMI,JOLTIK,32,,,0,14,6,1
TRAINER_SCIENTIST_LUMI,GOLBAT,32,,,0,14,6,2
TRAINER_PKMN_RANGER_F_BRIANA,MINCCINO,33,,,50,14,6,1
TRAINER_PKMN_RANGER_F_BRIANA,EXCADRILL,33,,,50,14,6,2
TRAINER_PKMN_RANGER_M_LOUIS,AMPHAROS,34,,,50,14,6,1
TRAINER_ACE_TRAINER_F_VICKI,STOUTLAND,33,,,100,14,6,1
TRAINER_ACE_TRAINER_F_VICKI,KROKOROK,33,,,100,14,6,2
TRAINER_ACE_TRAINER_F_VICKI,FERROSEED,33,,,100,14,6,3
TRAINER_ACE_TRAINER_M_CORKY,SANDSLASH,33,,,100,14,6,1
TRAINER_ACE_TRAINER_M_CORKY,UNFEZANT,33,,,100,14,6,2
TRAINER_ACE_TRAINER_M_CORKY,KLINK,33,,,100,14,6,3
TRAINER_ACE_TRAINER_M_SHAYE,ARCHEN,34,,,100,14,6,1
TRAINER_ACE_TRAINER_M_SHAYE,ELECTABUZZ,34,,,100,14,6,2
TRAINER_ACE_TRAINER_F_MARY,TIRTOUGA,34,,,100,14,6,1
TRAINER_ACE_TRAINER_F_MARY,MAGMAR,34,,,100,14,6,2
TRAINER_POKEFAN_M_JUDE,CLEFAIRY,35,,,0,14,6,1
TRAINER_POKEFAN_F_GEORGIA,CUBCHOO,35,,,0,14,6,1
TRAINER_GENTLEMAN_DANIEL,UMBREON,35,,,0,14,6,1
TRAINER_SOCIALITE_GRACE,ROSELIA,35,,,0,14,6,1
TRAINER_PSYCHIC_M_MICKI,ESPEON,36,,,50,14,6,1
TRAINER_PSYCHIC_F_JOYCE,MUSHARNA,36,,,50,14,6,1
TRAINER_PSYCHIC_M_BRYCE,ELGYEM,35,,,50,14,6,1
TRAINER_PSYCHIC_M_BRYCE,DUOSION,35,,,50,14,6,2
TRAINER_PSYCHIC_F_SARAH,YAMASK,35,,,50,14,6,1
TRAINER_PSYCHIC_F_SARAH,GOTHORITA,35,,,50,14,6,2
TRAINER_YOUNGSTER_JAYE,KARRABLAST,37,,,0,14,6,1
TRAINER_YOUNGSTER_JAYE,SHELMET,37,,,0,14,6,2
TRAINER_YOUNGSTER_JAYE,JOLTIK,37,,,0,14,6,3
TRAINER_YOUNGSTER_JAYE,SCOLIPEDE,37,,,0,14,6,4
TRAINER_LASS_LURLEEN,DEERLING,39,,,0,14,6,1
TRAINER_LASS_LURLEEN,ZANGOOSE,39,,,0,14,6,2
TRAINER_YOUNGSTER_WES,SKORUPI,39,,,0,14,6,1
TRAINER_YOUNGSTER_WES,SEVIPER,39,,,0,14,6,2
TRAINER_TWINS_RAE_ULA,SWABLU,38,,,0,14,6,1
TRAINER_TWINS_RAE_ULA,SWABLU,38,,,0,14,6,2
TRAINER_HIKER_TOBIAS,ROGGENROLA,31,,,0,14,6,1
TRAINER_HIKER_TOBIAS,TIMBURR,31,,,0,14,6,2
TRAINER_HIKER_KEITH,DRILBUR,31,,,0,14,6,1
TRAINER_HIKER_KEITH,ROGGENROLA,31,,,0,14,6,2
TRAINER_BACKPACKER_M_KENDALL,HERDIER,18,"TACKLE,BITE,ODOR_SLEUTH,WORK_UP",,0,14,6,1
TRAINER_BACKPACKER_M_RANDALL,RATICATE,32,,,0,14,6,1
TRAINER_BACKPACKER_F_ANNIE,WATCHOG,32,,,0,14,6,1
TRAINER_BACKPACKER_F_EILEEN,SANDSLASH,32,,,0,14,6,1
TRAINER_SCIENTIST_TERRANCE,GRIMER,18,,,0,14,6,1
TRAINER_SCIENTIST_LUMINA,VENIPEDE,17,,,0,14,6,1
TRAINER_SCIENTIST_LUMINA,KOFFING,17,,,0,14,6,2
TRAINER_PSYCHIC_M_TULLY,SWOOBAT,33,,,50,14,6,1
TRAINER_PSYCHIC_F_ENA,BALTOY,32,,,50,14,6,1
TRAINER_PSYCHIC_F_ENA,YAMASK,32,,,50,14,6,2
TRAINER_YOUNGSTER_ASTOR,PALPITOAD,60,,,0,14,6,1
TRAINER_YOUNGSTER_ASTOR,CROAGUNK,60,,,0,14,6,2
TRAINER_YOUNGSTER_ASTOR,VAPOREON,60,,,0,14,6,3
TRAINER_LASS_MAI,SHELMET,60,,,0,14,6,1
TRAINER_LASS_MAI,SLUGMA,60,,,0,14,6,2
TRAINER_LASS_MAI,GASTRODON,60,,,0,14,6,3
TRAINER_PARASOL_LADY_INGRID,CASTFORM,60,"WEATHER_BALL,SUNNY_DAY,SOLARBEAM,SCALD",,0,14,6,1
TRAINER_PARASOL_LADY_INGRID,CASTFORM,60,"WEATHER_BALL,RAIN_DANCE,THUNDER,ICE_BEAM",,0,14,6,2
TRAINER_PARASOL_LADY_INGRID,CASTFORM,60,"WEATHER_BALL,HAIL,HYDRO_PUMP,THUNDERBOLT",,0,14,6,3
TRAINER_PARASOL_LADY_TYRA,CASTFORM,60,"RAIN_DANCE,WEATHER_BALL,THUNDER,ICE_BEAM",,0,14,6,1
TRAINER_PARASOL_LADY_TYRA,JOLTEON,60,"THUNDER,SHADOW_BALL,PIN_MISSILE,DOUBLE_KICK",,0,14,6,2
TRAINER_PARASOL_LADY_TYRA,LUDICOLO,60,"HYDRO_PUMP,MEGA_DRAIN,UPROAR,ZEN_HEADBUTT",,0,14,6,3
TRAINER_FISHERMAN_RYDER,BARBOACH,60,,,0,14,6,1
TRAINER_FISHERMAN_RYDER,STUNFISK,60,,,0,14,6,2
TRAINER_FISHERMAN_RYDER,WHISCASH,60,,,0,14,6,3
TRAINER_FISHERMAN_EUSTACE,CORPHISH,60,,,0,14,6,1
TRAINER_FISHERMAN_EUSTACE,POLIWAG,60,,,0,14,6,2
TRAINER_FISHERMAN_EUSTACE,STUNFISK,60,,,0,14,6,3
TRAINER_FISHERMAN_ARNOLD,POLIWHIRL,60,,,0,14,6,1
TRAINER_FISHERMAN_ARNOLD,WHISCASH,60,,,0,14,6,2
TRAINER_FISHERMAN_ARNOLD,POLITOED,60,,,0,14,6,3
TRAINER_PKMN_RANGER_M_PARKER,ESCAVALIER,62,,,50,14,6,1
TRAINER_PKMN_RANGER_M_PARKER,CARNIVINE,62,,,50,14,6,2
TRAINER_PKMN_RANGER_M_PARKER,SKUNTANK,62,,,50,14,6,3
TRAINER_PKMN_RANGER_F_ELAINE,ACCELGOR,62,,,50,14,6,1
TRAINER_PKMN_RANGER_F_ELAINE,KECLEON,62,,,50,14,6,2
TRAINER_PKMN_RANGER_F_ELAINE,SWALOT,62,,,50,14,6,3
TRAINER_BLACK_BELT_ROCKY,ROGGENROLA,44,,HARD_STONE,50,14,6,1
TRAINER_BLACK_BELT_ROCKY,ROGGENROLA,44,,HARD_STONE,50,14,6,2
TRAINER_BLACK_BELT_ROCKY,ROGGENROLA,44,,HARD_STONE,50,14,6,3
TRAINER_BLACK_BELT_ROCKY,ROGGENROLA,44,,HARD_STONE,50,14,6,4
TRAINER_TEAM_PLASMA_COLRESS_2,PATRAT,1,,,0,14,6,1
TRAINER_PKMN_TRAINER_ALDER,ACCELGOR,60,"BUG_BUZZ,FOCUS_BLAST,GIGA_DRAIN,ACID_SPRAY",,250,14,6,1
TRAINER_PKMN_TRAINER_ALDER,ESCAVALIER,60,"X_SCISSOR,IRON_HEAD,REVERSAL,SWORDS_DANCE",,250,14,6,2
TRAINER_PKMN_TRAINER_ALDER,BOUFFALANT,60,"HEAD_CHARGE,MEGAHORN,EARTHQUAKE,WILD_CHARGE",,250,14,6,3
TRAINER_PKMN_TRAINER_ALDER,CONKELDURR,60,"SUPERPOWER,STONE_EDGE,POISON_JAB,EARTHQUAKE",,250,14,6,4
TRAINER_PKMN_TRAINER_ALDER,BRAVIARY,60,"CRUSH_CLAW,SUPERPOWER,AERIAL_ACE,ROCK_SLIDE",,250,14,6,5
TRAINER_PKMN_TRAINER_ALDER,VOLCARONA,62,"HEAT_WAVE,QUIVER_DANCE,SILVER_WIND,PSYCHIC",SITRUS_BERRY,250,14,6,6
TRAINER_TEAM_PLASMA_SHADOW_4,PAWNIARD,46,"METAL_CLAW,FAINT_ATTACK,SLASH,SCARY_FACE",,100,14,6,1
TRAINER_TEAM_PLASMA_SHADOW_4,PAWNIARD,46,"METAL_CLAW,FAINT_ATTACK,SLASH,HONE_CLAWS",,100,14,6,2
TRAINER_TEAM_PLASMA_SHADOW_4,ABSOL,48,"NIGHT_SLASH,SLASH,FUTURE_SIGHT,SWORDS_DANCE",,100,14,6,3
TRAINER_TEAM_PLASMA_ZINZOLIN_3,CRYOGONAL,46,"ICE_BEAM,REFLECT,SLASH,CONFUSE_RAY",,150,14,6,1
TRAINER_TEAM_PLASMA_ZINZOLIN_3,CRYOGONAL,46,"ICE_BEAM,LIGHT_SCREEN,SLASH,CONFUSE_RAY",,150,14,6,2
TRAINER_TEAM_PLASMA_ZINZOLIN_3,WEAVILE,48,"NIGHT_SLASH,SLASH,ICE_SHARD,METAL_CLAW",,150,14,6,3
TRAINER_TEAM_PLASMA_GRUNT_41,WATCHOG,44,,,0,14,6,1
TRAINER_TEAM_PLASMA_GRUNT_41,MUK,44,,,0,14,6,2
TRAINER_TEAM_PLASMA_GRUNT_42,SEVIPER,44,,,0,14,6,1
TRAINER_TEAM_PLASMA_GRUNT_42,WEEZING,44,,,0,14,6,2
TRAINER_TEAM_PLASMA_GRUNT_43,GOLBAT,44,,,0,14,6,1
TRAINER_TEAM_PLASMA_GRUNT_43,GARBODOR,44,,,0,14,6,2
TRAINER_PKMN_TRAINER_RIVAL_13,PIGNITE,20,,CHARCOAL,250,14,6,1
TRAINER_PKMN_TRAINER_RIVAL_13,PIDOVE,18,,,250,14,6,2
TRAINER_PKMN_TRAINER_RIVAL_14,DEWOTT,20,,MYSTIC_WATER,250,14,6,1
TRAINER_PKMN_TRAINER_RIVAL_14,PIDOVE,18,,,250,14,6,2
TRAINER_PKMN_TRAINER_RIVAL_15,SERVINE,20,,MIRACLE_SEED,250,14,6,1
TRAINER_PKMN_TRAINER_RIVAL_15,PIDOVE,18,,,250,14,6,2
TRAINER_GAME_FREAK_NISHINO_2,CLEFABLE,76,"COSMIC_POWER,STORED_POWER,METRONOME,SING",LEFTOVERS,250,14,6,1
TRAINER_GAME_FREAK_NISHINO_2,WIGGLYTUFF,76,"HYPER_VOICE,THUNDERBOLT,FLAMETHROWER,ICE_BEAM",LEFTOVERS,250,14,6,2
TRAINER_GAME_FREAK_NISHINO_2,AZUMARILL,76,"AQUA_TAIL,DOUBLE_EDGE,SUPERPOWER,BULLDOZE",LEFTOVERS,250,14,6,3
TRAINER_GAME_FREAK_NISHINO_2,ALOMOMOLA,76,"TOXIC,AQUA_JET,PROTECT,WISH",LEFTOVERS,250,14,6,4
TRAINER_GAME_FREAK_NISHINO_2,LICKILICKY,76,"POWER_WHIP,EARTHQUAKE,FIRE_BLAST,BLIZZARD",LEFTOVERS,250,14,6,5
TRAINER_GAME_FREAK_NISHINO_2,SNORLAX,78,"SUPERPOWER,CRUNCH,BODY_SLAM,YAWN",LEFTOVERS,250,14,6,6
TRAINER_GAME_FREAK_MORIMOTO_2,PANSAGE,14,"VINE_WHIP,FURY_SWIPES,LICK",ORAN_BERRY,0,14,6,1
TRAINER_GAME_FREAK_MORIMOTO_2,PANSEAR,14,"INCINERATE,FURY_SWIPES,LICK",ORAN_BERRY,0,14,6,2
TRAINER_GAME_FREAK_MORIMOTO_2,PANPOUR,14,"WATER_GUN,FURY_SWIPES,LICK",ORAN_BERRY,0,14,6,3
TRAINER_YOUNGSTER_KEITA,SLAKOTH,63,,,0,14,6,1
TRAINER_YOUNGSTER_KEITA,SLAKING,63,,,0,14,6,2
TRAINER_ACE_TRAINER_M_BILLY,GOLURK,55,"SHADOW_PUNCH,HEAVY_SLAM,MEGA_PUNCH,BULLDOZE",,100,14,6,1
TRAINER_ACE_TRAINER_M_BILLY,SIGILYPH,55,"AIR_SLASH,PSYCHIC,ICE_BEAM,COSMIC_POWER",,100,14,6,2
TRAINER_PSYCHIC_F_ALIA,LAMPENT,54,"SHADOW_BALL,FLAME_BURST,PSYCHIC,CONFUSE_RAY",,50,14,6,1
TRAINER_PSYCHIC_F_ALIA,MUSHARNA,54,"PSYCHIC,CHARGE_BEAM,SHADOW_BALL,CALM_MIND",,50,14,6,2
TRAINER_ACE_TRAINER_F_JAMIE,DRIFBLIM,55,"SHADOW_BALL,PAYBACK,BATON_PASS,STOCKPILE",,100,14,6,1
TRAINER_ACE_TRAINER_F_JAMIE,CLAYDOL,55,"EARTH_POWER,PSYCHIC,SHADOW_BALL,COSMIC_POWER",,100,14,6,2
TRAINER_PSYCHIC_M_AL,METANG,54,"PSYCHIC,METEOR_MASH,BRICK_BREAK,AGILITY",,50,14,6,1
TRAINER_PSYCHIC_M_AL,COFAGRIGUS,54,"SHADOW_BALL,GRASS_KNOT,PSYCHIC,CALM_MIND",,50,14,6,2
TRAINER_ACE_TRAINER_M_BECKETT,WHIMSICOTT,55,"GIGA_DRAIN,TAILWIND,POISONPOWDER,U_TURN",,100,14,6,1
TRAINER_ACE_TRAINER_M_BECKETT,UNFEZANT,55,"AIR_SLASH,QUICK_ATTACK,ROOST,FEATHERDANCE",,100,14,6,2
TRAINER_ACE_TRAINER_F_SHELLY,SWOOBAT,55,"PSYCHIC,ACROBATICS,ENERGY_BALL,U_TURN",,100,14,6,1
TRAINER_ACE_TRAINER_F_SHELLY,LILLIGANT,55,"PETAL_DANCE,QUIVER_DANCE,TEETER_DANCE,SYNTHESIS",,100,14,6,2
TRAINER_VETERAN_F_CATHY,SIGILYPH,55,"PSYCHIC,AIR_SLASH,CHARGE_BEAM,HYPNOSIS",,150,14,6,1
TRAINER_VETERAN_F_CATHY,CROBAT,55,"AIR_SLASH,POISON_FANG,SHADOW_BALL,X_SCISSOR",,150,14,6,2
TRAINER_DOCTOR_LOGAN,CLEFABLE,54,,,0,14,6,1
TRAINER_ACE_TRAINER_M_WEBSTER,DURANT,55,"IRON_HEAD,BUG_BITE,CRUNCH,SHADOW_CLAW",,100,14,6,1
TRAINER_ACE_TRAINER_M_WEBSTER,FERROTHORN,55,"IRON_HEAD,POWER_WHIP,PAYBACK,INGRAIN",,100,14,6,2
TRAINER_ACE_TRAINER_F_SHANTA,HEATMOR,55,"FLAME_BURST,SLASH,BUG_BITE,ROCK_TOMB",,100,14,6,1
TRAINER_ACE_TRAINER_F_SHANTA,GALVANTULA,55,"CHARGE_BEAM,SIGNAL_BEAM,SLASH,THUNDER_WAVE",,100,14,6,2
TRAINER_VETERAN_M_STERLING,BEARTIC,54,"ICICLE_CRASH,SLASH,BRINE,BRICK_BREAK",,150,14,6,1
TRAINER_VETERAN_M_STERLING,THROH,54,"CIRCLE_THROW,ROCK_SLIDE,BODY_SLAM,BULK_UP",,150,14,6,2
TRAINER_VETERAN_M_STERLING,GOLURK,54,"EARTHQUAKE,IRON_DEFENSE,MEGA_PUNCH,SHADOW_PUNCH",,150,14,6,3
TRAINER_VETERAN_F_PORTIA,ZEBSTRIKA,54,"DISCHARGE,FLAME_CHARGE,STOMP,PURSUIT",,150,14,6,1
TRAINER_VETERAN_F_PORTIA,SAWK,54,"BRICK_BREAK,ROCK_TOMB,RETALIATE,BULK_UP",,150,14,6,2
TRAINER_VETERAN_F_PORTIA,STARMIE,54,"SURF,PSYSHOCK,FLASH_CANNON,GRASS_KNOT",,150,14,6,3
TRAINER_ACE_TRAINER_F_CAROLL,FRAXURE,55,"DUAL_CHOP,SLASH,ROCK_SMASH,DRAGON_DANCE",,100,14,6,1
TRAINER_ACE_TRAINER_F_CAROLL,VANILLUXE,55,"ICE_BEAM,FLASH_CANNON,ICICLE_SPEAR,ACID_ARMOR",,100,14,6,2
TRAINER_BLACK_BELT_MARTELL,PINSIR,54,"X_SCISSOR,SUPERPOWER,BULLDOZE,THRASH",,50,14,6,1
TRAINER_BLACK_BELT_MARTELL,HERACROSS,54,"MEGAHORN,CLOSE_COMBAT,ROCK_SLIDE,AERIAL_ACE",,50,14,6,2
TRAINER_ACE_TRAINER_M_ELMER,ZWEILOUS,55,"DRAGON_PULSE,BODY_SLAM,THIEF,TORMENT",,100,14,6,1
TRAINER_ACE_TRAINER_M_ELMER,EELEKTROSS,55,"WILD_CHARGE,FLAMETHROWER,CRUNCH,CRUSH_CLAW",,100,14,6,2
TRAINER_BATTLE_GIRL_CHALINA,THROH,54,"CIRCLE_THROW,FACADE,ROCK_TOMB,ENDURE",,50,14,6,1
TRAINER_BATTLE_GIRL_CHALINA,SAWK,54,"LOW_SWEEP,RETALIATE,PAYBACK,ENDURE",,50,14,6,2
TRAINER_ACE_TRAINER_M_PIERCE,SWANNA,55,"BRAVE_BIRD,SCALD,ROOST,RAIN_DANCE",,100,14,6,1
TRAINER_ACE_TRAINER_M_PIERCE,AMPHAROS,55,"THUNDER,BULLDOZE,BRICK_BREAK,COTTON_GUARD",,100,14,6,2
TRAINER_ACE_TRAINER_F_CHANDRA,DARMANITAN,55,"FLARE_BLITZ,SUPERPOWER,THRASH,ROCK_SLIDE",,100,14,6,1
TRAINER_ACE_TRAINER_F_CHANDRA,TANGROWTH,55,"POWER_WHIP,BRICK_BREAK,SLUDGE_BOMB,ROCK_TOMB",,100,14,6,2
TRAINER_VETERAN_M_HUGO,FRAXURE,54,"DRAGON_DANCE,DRAGON_CLAW,X_SCISSOR,SHADOW_CLAW",,150,14,6,1
TRAINER_VETERAN_M_HUGO,ZWEILOUS,54,"SCARY_FACE,CRUNCH,BODY_SLAM,DRAGON_RUSH",,150,14,6,2
TRAINER_VETERAN_M_HUGO,FLYGON,54,"DRAGON_CLAW,BULLDOZE,FLAMETHROWER,ROCK_SLIDE",,150,14,6,3
TRAINER_BACKPACKER_F_MAE,SAWSBUCK,54,,,0,14,6,1
TRAINER_VETERAN_M_CLAUDE,BRAVIARY,55,"CRUSH_CLAW,SUPERPOWER,ROCK_SLIDE,U_TURN",,150,14,6,1
TRAINER_VETERAN_M_CLAUDE,CARRACOSTA,55,"AQUA_TAIL,SMACK_DOWN,ICE_BEAM,SHELL_SMASH",,150,14,6,2
TRAINER_VETERAN_F_CECILE,MANDIBUZZ,55,"PUNISHMENT,BONE_RUSH,SWAGGER,U_TURN",,150,14,6,1
TRAINER_VETERAN_F_CECILE,ARCHEOPS,55,"ACROBATICS,U_TURN,CRUNCH,SANDSTORM",,150,14,6,2
TRAINER_NO_DATA_TRAINER_616,PATRAT,1,,,0,14,6,1
TRAINER_NO_DATA_TRAINER_617,PATRAT,1,,,0,14,6,1
TRAINER_NO_DATA_TRAINER_618,PATRAT,1,,,0,14,6,1
TRAINER_NO_DATA_TRAINER_619,PATRAT,1,,,0,14,6,1
TRAINER_NO_DATA_TRAINER_620,PATRAT,1,,,0,14,6,1
TRAINER_RICH_BOY_ROLAN,BLITZLE,24,,,0,14,6,1
TRAINER_YOUNGSTER_ABE_2,PIDOVE,16,,,0,14,6,1
TRAINER_YOUNGSTER_ABE_2,PATRAT,16,,,0,14,6,2
TRAINER_CLERK_M_CHAZ_2,VENIPEDE,16,,,0,14,6,1
TRAINER_CLERK_M_CHAZ_2,PSYDUCK,16,,,0,14,6,2
TRAINER_ACE_TRAINER_F_MARIANA_2,MAGNEMITE,18,,,100,14,6,1
TRAINER_ACE_TRAINER_F_MARIANA_2,BASCULIN,18,,,100,14,6,2
TRAINER_ACE_TRAINER_M_HENRY_2,HERDIER,18,,,100,14,6,1
TRAINER_ACE_TRAINER_M_HENRY_2,MARILL,18,,,100,14,6,2
TRAINER_LASS_SIBYL_2,BUDEW,16,,,0,14,6,1
TRAINER_LASS_SIBYL_2,SEWADDLE,16,,,0,14,6,2
TRAINER_RICH_BOY_BRAD_2,PATRAT,16,,,0,14,6,1
TRAINER_RICH_BOY_BRAD_2,ZUBAT,16,,,0,14,6,2
TRAINER_LADY_ELIZANDRA_2,PURRLOIN,16,,,0,14,6,1
TRAINER_LADY_ELIZANDRA_2,EEVEE,16,,,0,14,6,2
TRAINER_SOCIALITE_CASSANDRA_2,PURRLOIN,17,,,0,14,6,1
TRAINER_GENTLEMAN_ROBERT_2,LILLIPUP,17,,,0,14,6,1
TRAINER_MAID_TANYA_2,ELEKID,17,,,0,14,6,1
TRAINER_PKMN_TRAINER_CHEREN_2,STOUTLAND,67,"STRENGTH,CRUNCH,WILD_CHARGE,SUPERPOWER",,250,14,6,1
TRAINER_PKMN_TRAINER_CHEREN_2,WATCHOG,65,"THUNDERPUNCH,FIRE_PUNCH,ICE_PUNCH,HYPNOSIS",,250,14,6,2
TRAINER_PKMN_TRAINER_CHEREN_2,CINCCINO,65,"TAIL_SLAP,ROCK_BLAST,BULLET_SEED,AQUA_TAIL",,250,14,6,3
TRAINER_SCHOOL_KID_M_KESTON,VENONAT,60,,,0,14,6,1
TRAINER_SCHOOL_KID_M_KESTON,YANMA,60,,,0,14,6,2
TRAINER_SCHOOL_KID_M_KESTON,VENOMOTH,60,,,0,14,6,3
TRAINER_SCHOOL_KID_F_MILLIE,ODDISH,60,,,0,14,6,1
TRAINER_SCHOOL_KID_F_MILLIE,TANGELA,60,,,0,14,6,2
TRAINER_SCHOOL_KID_F_MILLIE,BELLOSSOM,60,,,0,14,6,3
TRAINER_ACE_TRAINER_M_KELSEY,FURRET,63,,,100,14,6,1
TRAINER_ACE_TRAINER_M_KELSEY,BRAVIARY,63,,,100,14,6,2
TRAINER_ACE_TRAINER_M_KELSEY,SEISMITOAD,63,,,100,14,6,3
TRAINER_ACE_TRAINER_F_KATHRINE,LINOONE,63,,,100,14,6,1
TRAINER_ACE_TRAINER_F_KATHRINE,MANDIBUZZ,63,,,100,14,6,2
TRAINER_ACE_TRAINER_F_KATHRINE,TOXICROAK,63,,,100,14,6,3
TRAINER_BLACK_BELT_KENTARO,TYROGUE,61,,,50,14,6,1
TRAINER_BLACK_BELT_KENTARO,MAKUHITA,61,,,50,14,6,2
TRAINER_BLACK_BELT_KENTARO,SCRAFTY,61,,,50,14,6,3
TRAINER_BATTLE_GIRL_LEE,TYROGUE,61,,,50,14,6,1
TRAINER_BATTLE_GIRL_LEE,MACHOP,61,,,50,14,6,2
TRAINER_BATTLE_GIRL_LEE,POLIWRATH,61,,,50,14,6,3
TRAINER_PKMN_RANGER_M_RALPH,ELECTRIKE,62,,,50,14,6,1
TRAINER_PKMN_RANGER_M_RALPH,FARFETCH_D,62,,,50,14,6,2
TRAINER_PKMN_RANGER_M_RALPH,RAPIDASH,62,,,50,14,6,3
TRAINER_PKMN_RANGER_M_DWAYNE,WEEPINBELL,62,,,50,14,6,1
TRAINER_PKMN_RANGER_M_DWAYNE,LUXRAY,62,,,50,14,6,2
TRAINER_PKMN_RANGER_M_DWAYNE,URSARING,62,,,50,14,6,3
TRAINER_PKMN_RANGER_F_MELITA,MUNCHLAX,62,,,50,14,6,1
TRAINER_PKMN_RANGER_F_MELITA,KRICKETUNE,62,,,50,14,6,2
TRAINER_PKMN_RANGER_F_MELITA,ZEBSTRIKA,62,,,50,14,6,3
TRAINER_PKMN_RANGER_F_HILLARY,SUDOWOODO,62,,,50,14,6,1
TRAINER_PKMN_RANGER_F_HILLARY,GLOOM,62,,,50,14,6,2
TRAINER_PKMN_RANGER_F_HILLARY,BEARTIC,62,,,50,14,6,3
TRAINER_VETERAN_M_SINAN,LUDICOLO,64,"ENERGY_BALL,ICE_BEAM,HYDRO_PUMP,FAKE_OUT",,200,14,6,1
TRAINER_VETERAN_M_SINAN,ELECTIVIRE,64,"THUNDER,EARTHQUAKE,ROCK_SLIDE,THUNDER_WAVE",,200,14,6,2
TRAINER_VETERAN_M_SINAN,FORRETRESS,64,"GYRO_BALL,SOLARBEAM,PAYBACK,DOUBLE_EDGE",,200,14,6,3
TRAINER_VETERAN_F_ROSALINE,CROBAT,64,"CROSS_POISON,U_TURN,RAIN_DANCE,SUNNY_DAY",,200,14,6,1
TRAINER_VETERAN_F_ROSALINE,MAGMORTAR,64,"FLARE_BLITZ,PSYCHIC,THUNDERBOLT,WILL_O_WISP",,200,14,6,2
TRAINER_VETERAN_F_ROSALINE,LEAFEON,64,"LEAF_BLADE,X_SCISSOR,QUICK_ATTACK,SWORDS_DANCE",,200,14,6,3
TRAINER_YOUNGSTER_KEITA_2,MANKEY,60,,,0,14,6,1
TRAINER_YOUNGSTER_KEITA_2,SNUBBULL,60,,,0,14,6,2
TRAINER_YOUNGSTER_KEITA_2,CRAWDAUNT,60,,,0,14,6,3
TRAINER_YOUNGSTER_NICHOLAS,PHANPY,60,,,0,14,6,1
TRAINER_YOUNGSTER_NICHOLAS,DODUO,60,,,0,14,6,2
TRAINER_YOUNGSTER_NICHOLAS,FEAROW,60,,,0,14,6,3
TRAINER_NURSERY_AIDE_ETHEL,EXEGGCUTE,61,,,0,14,6,1
TRAINER_NURSERY_AIDE_ETHEL,MILTANK,61,,,0,14,6,2
TRAINER_PRESCHOOLER_M_JOJO,WOOPER,60,,,0,14,6,1
TRAINER_PRESCHOOLER_M_JOJO,TYMPOLE,60,,,0,14,6,2
TRAINER_PRESCHOOLER_M_JOS,BURMY,59,,,0,14,6,1
TRAINER_PRESCHOOLER_M_JOS,PARAS,59,,,0,14,6,2
TRAINER_PRESCHOOLER_M_JOS,SCYTHER,59,,,0,14,6,3
TRAINER_PRESCHOOLER_F_SAMANTHA,DRATINI,59,,,0,14,6,1
TRAINER_PRESCHOOLER_F_SAMANTHA,BAGON,59,,,0,14,6,2
TRAINER_PRESCHOOLER_F_SAMANTHA,GIBLE,59,,,0,14,6,3
TRAINER_TWINS_ALLY_AMY,PLUSLE,60,,,0,14,6,1
TRAINER_TWINS_ALLY_AMY,MINUN,60,,,0,14,6,2
TRAINER_POKEFAN_M_ELLIOT,GROWLITHE,60,,,0,14,6,1
TRAINER_POKEFAN_M_ELLIOT,HOUNDOUR,60,,,0,14,6,2
TRAINER_POKEFAN_M_ELLIOT,STOUTLAND,60,,,0,14,6,3
TRAINER_POKEFAN_F_LYDIA,MEOWTH,60,,,0,14,6,1
TRAINER_POKEFAN_F_LYDIA,GLAMEOW,60,,,0,14,6,2
TRAINER_POKEFAN_F_LYDIA,LIEPARD,60,,,0,14,6,3
TRAINER_SCIENTIST_MARIE,GULPIN,60,,,0,14,6,1
TRAINER_SCIENTIST_MARIE,GARBODOR,60,,,0,14,6,2
TRAINER_SCIENTIST_MARIE,MAGNEZONE,60,,,0,14,6,3
TRAINER_BACKPACKER_M_TALON,SEEDOT,60,,,0,14,6,1
TRAINER_BACKPACKER_M_TALON,CACNEA,60,,,0,14,6,2
TRAINER_BACKPACKER_M_TALON,CROAGUNK,60,,,0,14,6,3
TRAINER_BACKPACKER_F_CORIN,POOCHYENA,60,,,0,14,6,1
TRAINER_BACKPACKER_F_CORIN,CUBONE,60,,,0,14,6,2
TRAINER_BACKPACKER_F_CORIN,TORKOAL,60,,,0,14,6,3
TRAINER_VETERAN_M_ABRAHAM,GIGALITH,55,"ROCK_BLAST,BULLDOZE,FLASH_CANNON,SANDSTORM",,150,14,6,1
TRAINER_VETERAN_M_ABRAHAM,SKARMORY,55,"STEEL_WING,NIGHT_SLASH,X_SCISSOR,SWORDS_DANCE",,150,14,6,2
TRAINER_PKMN_RANGER_M_EDDIE,ELECTABUZZ,54,"THUNDERBOLT,LOW_KICK,THUNDER_WAVE,FACADE",,50,14,6,1
TRAINER_PKMN_RANGER_M_EDDIE,PROBOPASS,54,"FLASH_CANNON,DISCHARGE,THUNDER_WAVE,POWER_GEM",,50,14,6,2
TRAINER_PKMN_RANGER_F_ELLE,MAGMAR,54,"FLAMETHROWER,BRICK_BREAK,WILL_O_WISP,FAINT_ATTACK",,50,14,6,1
TRAINER_PKMN_RANGER_F_ELLE,CAMERUPT,54,"LAVA_PLUME,ROCK_SLIDE,EARTHQUAKE,WILL_O_WISP",,50,14,6,2
TRAINER_NURSERY_AIDE_NAOISE,PATRAT,1,,,0,14,6,1
TRAINER_GENTLEMAN_RICH,PATRAT,1,,,0,14,6,1
TRAINER_BACKPACKER_M_WALT,SANDILE,22,,,0,14,6,1
TRAINER_BACKPACKER_M_SAM,DWEBBLE,22,,,0,14,6,1
TRAINER_BACKPACKER_F_TAMI,DRILBUR,22,,,0,14,6,1
TRAINER_BACKPACKER_F_CLARA,SANDSHREW,22,,,0,14,6,1
TRAINER_PKMN_RANGER_M_JADEN,DARUMAKA,23,,,50,14,6,1
TRAINER_PKMN_RANGER_F_ANJA,MAGBY,23,,,50,14,6,1
TRAINER_PSYCHIC_M_TOMMY,WOOBAT,22,,,50,14,6,1
TRAINER_PSYCHIC_M_TOMMY,YAMASK,22,,,50,14,6,2
TRAINER_PSYCHIC_F_FUTURE,MUNNA,23,,,50,14,6,1
TRAINER_NURSE_MARIAH,CLEFFA,22,,,0,14,6,1
TRAINER_DOCTOR_KIT,SOLOSIS,32,,,0,14,6,1
TRAINER_DOCTOR_KIT,GOTHITA,32,,,0,14,6,2
TRAINER_DOCTOR_DEREK,SWOOBAT,38,,,0,14,6,1
TRAINER_NURSE_DIXIE,LEAVANNY,35,,,0,14,6,1
TRAINER_HIKER_ZAIEM,HIPPOWDON,61,,,0,14,6,1
TRAINER_HIKER_ZAIEM,RHYDON,61,,,0,14,6,2
TRAINER_HIKER_ZAIEM,MAROWAK,61,,,0,14,6,3
TRAINER_BATTLE_GIRL_MAGGIE,MEDICHAM,62,,,50,14,6,1
TRAINER_BATTLE_GIRL_MAGGIE,HITMONLEE,62,,,50,14,6,2
TRAINER_BATTLE_GIRL_MAGGIE,MIENSHAO,62,,,50,14,6,3
TRAINER_BATTLE_GIRL_XIAO,PRIMEAPE,62,,,50,14,6,1
TRAINER_BATTLE_GIRL_XIAO,HITMONCHAN,62,,,50,14,6,2
TRAINER_BATTLE_GIRL_XIAO,SCRAFTY,62,,,50,14,6,3
TRAINER_BLACK_BELT_EDWARD,THROH,62,,,50,14,6,1
TRAINER_BLACK_BELT_EDWARD,HITMONTOP,62,,,50,14,6,2
TRAINER_BLACK_BELT_EDWARD,MACHAMP,62,,,50,14,6,3
TRAINER_BLACK_BELT_THOMAS,SAWK,62,,,50,14,6,1
TRAINER_BLACK_BELT_THOMAS,BRELOOM,62,,,50,14,6,2
TRAINER_BLACK_BELT_THOMAS,CONKELDURR,62,,,50,14,6,3
TRAINER_DOCTOR_HEATH,SEWADDLE,17,,,0,14,6,1
TRAINER_HIKER_JEBEDIAH,ONIX,32,,,0,14,6,1
TRAINER_HIKER_SHELBY,BOLDORE,32,,,0,14,6,1
TRAINER_ACE_TRAINER_M_GEOFF,TIRTOUGA,33,,,100,14,6,1
TRAINER_ACE_TRAINER_M_GEOFF,AXEW,33,,,100,14,6,2
TRAINER_ACE_TRAINER_F_BELLE,ARCHEN,33,,,100,14,6,1
TRAINER_ACE_TRAINER_F_BELLE,AXEW,33,,,100,14,6,2
TRAINER_PKMN_TRAINER_RIVAL_16,UNFEZANT,55,"FACADE,AERIAL_ACE,U_TURN,SWAGGER",SCOPE_LENS,200,14,6,1
TRAINER_PKMN_TRAINER_RIVAL_16,SIMIPOUR,55,"ROCK_SLIDE,CRUNCH,BRICK_BREAK,SURF",MYSTIC_WATER,200,14,6,2
TRAINER_PKMN_TRAINER_RIVAL_16,BOUFFALANT,55,"HEAD_CHARGE,WILD_CHARGE,MEGAHORN,EARTHQUAKE",,200,14,6,3
TRAINER_PKMN_TRAINER_RIVAL_16,EMBOAR,57,"FLAMETHROWER,ROCK_SLIDE,BRICK_BREAK,SCALD",CHARCOAL,250,14,6,4
TRAINER_PKMN_TRAINER_RIVAL_17,UNFEZANT,55,"FACADE,AERIAL_ACE,U_TURN,SWAGGER",SCOPE_LENS,200,14,6,1
TRAINER_PKMN_TRAINER_RIVAL_17,SIMISAGE,55,"ROCK_SLIDE,CRUNCH,BRICK_BREAK,ENERGY_BALL",MIRACLE_SEED,200,14,6,2
TRAINER_PKMN_TRAINER_RIVAL_17,BOUFFALANT,55,"HEAD_CHARGE,WILD_CHARGE,MEGAHORN,EARTHQUAKE",,200,14,6,3
TRAINER_PKMN_TRAINER_RIVAL_17,SAMUROTT,57,"SURF,X_SCISSOR,ICE_BEAM,REVENGE",MYSTIC_WATER,250,14,6,4
TRAINER_PKMN_TRAINER_RIVAL_18,UNFEZANT,55,"FACADE,AERIAL_ACE,U_TURN,SWAGGER",SCOPE_LENS,200,14,6,1
TRAINER_PKMN_TRAINER_RIVAL_18,SIMISEAR,55,"ROCK_SLIDE,CRUNCH,BRICK_BREAK,FLAMETHROWER",CHARCOAL,200,14,6,2
TRAINER_PKMN_TRAINER_RIVAL_18,BOUFFALANT,55,"HEAD_CHARGE,WILD_CHARGE,MEGAHORN,EARTHQUAKE",,200,14,6,3
TRAINER_PKMN_TRAINER_RIVAL_18,SERPERIOR,57,"GIGA_DRAIN,LEAF_BLADE,DRAGON_TAIL,COIL",MIRACLE_SEED,250,14,6,4
TRAINER_TEAM_PLASMA_SHADOW_5,BISHARP,65,"NIGHT_SLASH,IRON_HEAD,LOW_SWEEP,SCARY_FACE",,100,14,6,1
TRAINER_TEAM_PLASMA_SHADOW_5,BISHARP,65,"NIGHT_SLASH,X_SCISSOR,GUILLOTINE,SWORDS_DANCE",,100,14,6,2
TRAINER_TEAM_PLASMA_SHADOW_5,ABSOL,67,"SUCKER_PUNCH,PSYCHO_CUT,X_SCISSOR,AERIAL_ACE",,100,14,6,3
TRAINER_TEAM_PLASMA_SHADOW_6,BISHARP,65,"NIGHT_SLASH,IRON_HEAD,LOW_SWEEP,SCARY_FACE",,100,14,6,1
TRAINER_TEAM_PLASMA_SHADOW_6,ACCELGOR,67,"BUG_BUZZ,GIGA_DRAIN,FOCUS_BLAST,SLUDGE_BOMB",,100,14,6,2
TRAINER_TEAM_PLASMA_SHADOW_6,BISHARP,65,"NIGHT_SLASH,X_SCISSOR,GUILLOTINE,SWORDS_DANCE",,100,14,6,3
TRAINER_TEAM_PLASMA_SHADOW_7,BANETTE,67,"SHADOW_CLAW,SUCKER_PUNCH,PSYCHIC,WILL_O_WISP",,100,14,6,1
TRAINER_TEAM_PLASMA_SHADOW_7,BISHARP,65,"NIGHT_SLASH,IRON_HEAD,LOW_SWEEP,SCARY_FACE",,100,14,6,2
TRAINER_TEAM_PLASMA_SHADOW_7,BISHARP,65,"NIGHT_SLASH,X_SCISSOR,GUILLOTINE,SWORDS_DANCE",,100,14,6,3
TRAINER_TEAM_PLASMA_GRUNT_44,PATRAT,14,,,0,14,6,1
TRAINER_CLERK_F_BRITNEY,BUDEW,16,,,0,14,6,1
TRAINER_CLERK_M_GILLIGAN,PIDOVE,17,,,50,14,6,1
TRAINER_PKMN_TRAINER_RIVAL_19,UNFEZANT,62,"FACADE,AERIAL_ACE,U_TURN,SWAGGER",SCOPE_LENS,250,14,6,1
TRAINER_PKMN_TRAINER_RIVAL_19,SIMIPOUR,62,"ROCK_SLIDE,CRUNCH,BRICK_BREAK,SURF",MYSTIC_WATER,250,14,6,2
TRAINER_PKMN_TRAINER_RIVAL_19,BOUFFALANT,62,"HEAD_CHARGE,WILD_CHARGE,MEGAHORN,EARTHQUAKE",MUSCLE_BAND,250,14,6,3
TRAINER_PKMN_TRAINER_RIVAL_19,FLYGON,62,"EARTHQUAKE,FIRE_BLAST,DRAGON_CLAW,STONE_EDGE",DRAGON_FANG,250,14,6,4
TRAINER_PKMN_TRAINER_RIVAL_19,EELEKTROSS,62,"WILD_CHARGE,FLAMETHROWER,DRAGON_CLAW,CRUNCH",LEFTOVERS,250,14,6,5
TRAINER_PKMN_TRAINER_RIVAL_19,EMBOAR,64,"FIRE_BLAST,HEAD_SMASH,HAMMER_ARM,SCALD",CHARCOAL,250,14,6,6
TRAINER_PKMN_TRAINER_RIVAL_20,UNFEZANT,62,"FACADE,AERIAL_ACE,U_TURN,SWAGGER",SCOPE_LENS,250,14,6,1
TRAINER_PKMN_TRAINER_RIVAL_20,SIMISAGE,62,"ROCK_SLIDE,CRUNCH,BRICK_BREAK,ENERGY_BALL",MIRACLE_SEED,250,14,6,2
TRAINER_PKMN_TRAINER_RIVAL_20,BOUFFALANT,62,"HEAD_CHARGE,WILD_CHARGE,MEGAHORN,EARTHQUAKE",MUSCLE_BAND,250,14,6,3
TRAINER_PKMN_TRAINER_RIVAL_20,FLYGON,62,"EARTHQUAKE,FIRE_BLAST,DRAGON_CLAW,STONE_EDGE",DRAGON_FANG,250,14,6,4
TRAINER_PKMN_TRAINER_RIVAL_20,EELEKTROSS,62,"WILD_CHARGE,FLAMETHROWER,DRAGON_CLAW,CRUNCH",LEFTOVERS,250,14,6,5
TRAINER_PKMN_TRAINER_RIVAL_20,SAMUROTT,64,"HYDRO_PUMP,MEGAHORN,ICE_BEAM,GRASS_KNOT",MYSTIC_WATER,250,14,6,6
TRAINER_PKMN_TRAINER_RIVAL_21,UNFEZANT,62,"FACADE,AERIAL_ACE,U_TURN,SWAGGER",SCOPE_LENS,250,14,6,1
TRAINER_PKMN_TRAINER_RIVAL_21,SIMISEAR,62,"ROCK_SLIDE,CRUNCH,BRICK_BREAK,FLAMETHROWER",CHARCOAL,250,14,6,2
TRAINER_PKMN_TRAINER_RIVAL_21,BOUFFALANT,62,"HEAD_CHARGE,WILD_CHARGE,MEGAHORN,EARTHQUAKE",MUSCLE_BAND,250,14,6,3
TRAINER_PKMN_TRAINER_RIVAL_21,FLYGON,62,"EARTHQUAKE,FIRE_BLAST,DRAGON_CLAW,STONE_EDGE",DRAGON_FANG,250,14,6,4
TRAINER_PKMN_TRAINER_RIVAL_21,EELEKTROSS,62,"WILD_CHARGE,FLAMETHROWER,DRAGON_CLAW,CRUNCH",LEFTOVERS,250,14,6,5
TRAINER_PKMN_TRAINER_RIVAL_21,SERPERIOR,64,"LEAF_STORM,LEAF_BLADE,DRAGON_TAIL,COIL",MIRACLE_SEED,250,14,6,6
TRAINER_PKMN_TRAINER_RIVAL_22,UNFEZANT,65,"GIGA_IMPACT,AERIAL_ACE,U_TURN,SWAGGER",SCOPE_LENS,250,14,6,1
TRAINER_PKMN_TRAINER_RIVAL_22,SIMIPOUR,65,"ROCK_SLIDE,FOCUS_BLAST,ACROBATICS,SURF",SALAC_BERRY,250,14,6,2
TRAINER_PKMN_TRAINER_RIVAL_22,BOUFFALANT,65,"HEAD_CHARGE,WILD_CHARGE,MEGAHORN,EARTHQUAKE",MUSCLE_BAND,250,14,6,3
TRAINER_PKMN_TRAINER_RIVAL_22,FLYGON,65,"EARTHQUAKE,FIRE_BLAST,DRACO_METEOR,STONE_EDGE",DRAGON_GEM,250,14,6,4
TRAINER_PKMN_TRAINER_RIVAL_22,EELEKTROSS,65,"WILD_CHARGE,FLAMETHROWER,DRAGON_CLAW,CRUNCH",LEFTOVERS,250,14,6,5
TRAINER_PKMN_TRAINER_RIVAL_22,EMBOAR,67,"FIRE_BLAST,HEAD_SMASH,HAMMER_ARM,SCALD",FOCUS_SASH,250,14,6,6
TRAINER_PKMN_TRAINER_RIVAL_23,UNFEZANT,65,"GIGA_IMPACT,AERIAL_ACE,U_TURN,SWAGGER",SCOPE_LENS,250,14,6,1
TRAINER_PKMN_TRAINER_RIVAL_23,SIMISAGE,65,"ROCK_SLIDE,FOCUS_BLAST,ACROBATICS,ENERGY_BALL",SALAC_BERRY,250,14,6,2
TRAINER_PKMN_TRAINER_RIVAL_23,BOUFFALANT,65,"HEAD_CHARGE,WILD_CHARGE,MEGAHORN,EARTHQUAKE",MUSCLE_BAND,250,14,6,3
TRAINER_PKMN_TRAINER_RIVAL_23,FLYGON,65,"EARTHQUAKE,FIRE_BLAST,DRACO_METEOR,STONE_EDGE",DRAGON_GEM,250,14,6,4
TRAINER_PKMN_TRAINER_RIVAL_23,EELEKTROSS,65,"WILD_CHARGE,FLAMETHROWER,DRAGON_CLAW,CRUNCH",LEFTOVERS,250,14,6,5
TRAINER_PKMN_TRAINER_RIVAL_23,SAMUROTT,67,"HYDRO_PUMP,MEGAHORN,ICE_BEAM,GRASS_KNOT",FOCUS_SASH,250,14,6,6
TRAINER_PKMN_TRAINER_RIVAL_24,UNFEZANT,65,"GIGA_IMPACT,AERIAL_ACE,U_TURN,SWAGGER",SCOPE_LENS,250,14,6,1
TRAINER_PKMN_TRAINER_RIVAL_24,SIMISEAR,65,"ROCK_SLIDE,FOCUS_BLAST,ACROBATICS,FLAMETHROWER",SALAC_BERRY,250,14,6,2
TRAINER_PKMN_TRAINER_RIVAL_24,BOUFFALANT,65,"HEAD_CHARGE,WILD_CHARGE,MEGAHORN,EARTHQUAKE",MUSCLE_BAND,250,14,6,3
TRAINER_PKMN_TRAINER_RIVAL_24,FLYGON,65,"EARTHQUAKE,FIRE_BLAST,DRACO_METEOR,STONE_EDGE",DRAGON_GEM,250,14,6,4
TRAINER_PKMN_TRAINER_RIVAL_24,EELEKTROSS,65,"WILD_CHARGE,FLAMETHROWER,DRAGON_CLAW,CRUNCH",LEFTOVERS,250,14,6,5
TRAINER_PKMN_TRAINER_RIVAL_24,SERPERIOR,67,"LEAF_STORM,LEAF_BLADE,DRAGON_TAIL,COIL",FOCUS_SASH,250,14,6,6
TRAINER_LASS_DIANA,EXCADRILL,1,,,0,14,6,1
TRAINER_LASS_DIANA_2,HIPPOWDON,1,"FISSURE,DOUBLE_EDGE,EARTHQUAKE,CRUNCH",,0,14,6,1
TRAINER_LASS_DIANA_2,STOUTLAND,63,"RETALIATE,CRUNCH,FIRE_FANG,SURF",,0,14,6,2
TRAINER_LASS_DIANA_2,SANDSLASH,63,"EARTHQUAKE,STONE_EDGE,DOUBLE_TEAM,FOCUS_BLAST",,0,14,6,3
TRAINER_PKMN_TRAINER_RIVAL_25,EMBOAR,43,,CHARCOAL,250,14,6,1
TRAINER_PKMN_TRAINER_RIVAL_25,SIMIPOUR,41,,MYSTIC_WATER,250,14,6,2
TRAINER_PKMN_TRAINER_RIVAL_25,UNFEZANT,41,,SCOPE_LENS,250,14,6,3
TRAINER_PKMN_TRAINER_RIVAL_26,SAMUROTT,43,,MYSTIC_WATER,250,14,6,1
TRAINER_PKMN_TRAINER_RIVAL_26,SIMISAGE,41,,MIRACLE_SEED,250,14,6,2
TRAINER_PKMN_TRAINER_RIVAL_26,UNFEZANT,41,,SCOPE_LENS,250,14,6,3
TRAINER_PKMN_TRAINER_RIVAL_27,SERPERIOR,43,,MIRACLE_SEED,250,14,6,1
TRAINER_PKMN_TRAINER_RIVAL_27,SIMISEAR,41,,CHARCOAL,250,14,6,2
TRAINER_PKMN_TRAINER_RIVAL_27,UNFEZANT,41,,SCOPE_LENS,250,14,6,3
TRAINER_TEAM_PLASMA_ZINZOLIN_4,CRYOGONAL,42,,,150,14,6,1
TRAINER_TEAM_PLASMA_ZINZOLIN_4,SNEASEL,44,,,150,14,6,2
TRAINER_TEAM_PLASMA_GRUNT_45,GOLBAT,39,,,0,14,6,1
TRAINER_TEAM_PLASMA_GRUNT_45,GARBODOR,39,,,0,14,6,2
TRAINER_PKMN_TRAINER_BIANCA_2,STOUTLAND,63,"ICE_FANG,SURF,WILD_CHARGE,RETURN",,250,14,6,1
TRAINER_PKMN_TRAINER_BIANCA_2,CHANDELURE,63,"SHADOW_BALL,PSYCHIC,OVERHEAT,RETURN",,250,14,6,2
TRAINER_PKMN_TRAINER_BIANCA_2,MUSHARNA,63,"YAWN,DREAM_EATER,PSYCHIC,RETURN",,250,14,6,3
TRAINER_PKMN_TRAINER_BIANCA_2,MIENSHAO,63,"DRAIN_PUNCH,U_TURN,FAKE_OUT,RETURN",,250,14,6,4
TRAINER_PKMN_TRAINER_BIANCA_2,SIMISEAR,63,"FLAMETHROWER,ROCK_SLIDE,BRICK_BREAK,RETURN",,250,14,6,5
TRAINER_PKMN_TRAINER_BIANCA_2,SAMUROTT,65,"AQUA_TAIL,X_SCISSOR,AERIAL_ACE,RETURN",,250,14,6,6
TRAINER_PKMN_TRAINER_BIANCA_3,STOUTLAND,63,"ICE_FANG,SURF,WILD_CHARGE,RETURN",,200,14,6,1
TRAINER_PKMN_TRAINER_BIANCA_3,CHANDELURE,63,"SHADOW_BALL,PSYCHIC,OVERHEAT,RETURN",,200,14,6,2
TRAINER_PKMN_TRAINER_BIANCA_3,MUSHARNA,63,"YAWN,DREAM_EATER,PSYCHIC,RETURN",,200,14,6,3
TRAINER_PKMN_TRAINER_BIANCA_3,MIENSHAO,63,"DRAIN_PUNCH,U_TURN,FAKE_OUT,RETURN",,200,14,6,4
TRAINER_PKMN_TRAINER_BIANCA_3,SIMIPOUR,63,"SURF,ROCK_SLIDE,BRICK_BREAK,RETURN",,200,14,6,5
TRAINER_PKMN_TRAINER_BIANCA_3,SERPERIOR,65,"LEAF_STORM,DRAGON_TAIL,COIL,RETURN",,250,14,6,6
TRAINER_PKMN_TRAINER_BIANCA_4,STOUTLAND,63,"ICE_FANG,SURF,WILD_CHARGE,RETURN",,200,14,6,1
TRAINER_PKMN_TRAINER_BIANCA_4,CHANDELURE,63,"SHADOW_BALL,PSYCHIC,OVERHEAT,RETURN",,200,14,6,2
TRAINER_PKMN_TRAINER_BIANCA_4,MUSHARNA,63,"YAWN,DREAM_EATER,PSYCHIC,RETURN",,200,14,6,3
TRAINER_PKMN_TRAINER_BIANCA_4,MIENSHAO,63,"DRAIN_PUNCH,U_TURN,FAKE_OUT,RETURN",,200,14,6,4
TRAINER_PKMN_TRAINER_BIANCA_4,SIMISAGE,63,"ENERGY_BALL,ROCK_SLIDE,BRICK_BREAK,RETURN",,200,14,6,5
TRAINER_PKMN_TRAINER_BIANCA_4,EMBOAR,65,"FLARE_BLITZ,BRICK_BREAK,WILD_CHARGE,RETURN",,250,14,6,6
TRAINER_PKMN_TRAINER_CHEREN_3,LIEPARD,65,"FAKE_OUT,NIGHT_SLASH,SHADOW_CLAW,AERIAL_ACE",SITRUS_BERRY,250,14,6,1
TRAINER_PKMN_TRAINER_CHEREN_3,UNFEZANT,65,"AIR_SLASH,QUICK_ATTACK,FACADE,U_TURN",SCOPE_LENS,250,14,6,2
TRAINER_PKMN_TRAINER_CHEREN_3,HAXORUS,65,"OUTRAGE,ROCK_SLIDE,X_SCISSOR,SURF",DRAGON_GEM,250,14,6,3
TRAINER_PKMN_TRAINER_CHEREN_3,GIGALITH,65,"STONE_EDGE,STEALTH_ROCK,EARTHQUAKE,GIGA_IMPACT",LEFTOVERS,250,14,6,4
TRAINER_PKMN_TRAINER_CHEREN_3,SIMIPOUR,65,"SURF,BRICK_BREAK,PAYBACK,ROCK_SLIDE",MYSTIC_WATER,250,14,6,5
TRAINER_PKMN_TRAINER_CHEREN_3,EMBOAR,67,"FLARE_BLITZ,HEAD_SMASH,BRICK_BREAK,WILD_CHARGE",FOCUS_SASH,250,14,6,6
TRAINER_PKMN_TRAINER_CHEREN_4,LIEPARD,65,"FAKE_OUT,NIGHT_SLASH,SHADOW_CLAW,AERIAL_ACE",SITRUS_BERRY,250,14,6,1
TRAINER_PKMN_TRAINER_CHEREN_4,UNFEZANT,65,"AIR_SLASH,QUICK_ATTACK,FACADE,U_TURN",SCOPE_LENS,250,14,6,2
TRAINER_PKMN_TRAINER_CHEREN_4,HAXORUS,65,"OUTRAGE,ROCK_SLIDE,X_SCISSOR,SURF",DRAGON_GEM,250,14,6,3
TRAINER_PKMN_TRAINER_CHEREN_4,GIGALITH,65,"STONE_EDGE,STEALTH_ROCK,EARTHQUAKE,GIGA_IMPACT",LEFTOVERS,250,14,6,4
TRAINER_PKMN_TRAINER_CHEREN_4,SIMISAGE,65,"ENERGY_BALL,BRICK_BREAK,PAYBACK,ROCK_SLIDE",MIRACLE_SEED,250,14,6,5
TRAINER_PKMN_TRAINER_CHEREN_4,SAMUROTT,67,"HYDRO_PUMP,AQUA_JET,BLIZZARD,X_SCISSOR",FOCUS_SASH,250,14,6,6
TRAINER_PKMN_TRAINER_CHEREN_5,LIEPARD,65,"FAKE_OUT,NIGHT_SLASH,SHADOW_CLAW,AERIAL_ACE",SITRUS_BERRY,250,14,6,1
TRAINER_PKMN_TRAINER_CHEREN_5,UNFEZANT,65,"AIR_SLASH,QUICK_ATTACK,FACADE,U_TURN",SCOPE_LENS,250,14,6,2
TRAINER_PKMN_TRAINER_CHEREN_5,HAXORUS,65,"OUTRAGE,ROCK_SLIDE,X_SCISSOR,SURF",DRAGON_GEM,250,14,6,3
TRAINER_PKMN_TRAINER_CHEREN_5,GIGALITH,65,"STONE_EDGE,STEALTH_ROCK,EARTHQUAKE,GIGA_IMPACT",LEFTOVERS,250,14,6,4
TRAINER_PKMN_TRAINER_CHEREN_5,SIMISEAR,65,"FLAMETHROWER,BRICK_BREAK,PAYBACK,ROCK_SLIDE",CHARCOAL,250,14,6,5
TRAINER_PKMN_TRAINER_CHEREN_5,SERPERIOR,67,"LEAF_STORM,COIL,DRAGON_TAIL,LEAF_BLADE",FOCUS_SASH,250,14,6,6
TRAINER_BLACK_BELT_RODRIGO,RIOLU,15,,,50,14,6,1
TRAINER_BLACK_BELT_GORDON,SCRAGGY,15,,,50,14,6,1
TRAINER_BLACK_BELT_ANDREY,TIMBURR,15,,,50,14,6,1
TRAINER_BLACK_BELT_GRIGOR,RIOLU,15,,,50,14,6,1
TRAINER_BLACK_BELT_DONNY,SCRAGGY,15,,,50,14,6,1
TRAINER_BLACK_BELT_MATHIS,TIMBURR,15,,,50,14,6,1
TRAINER_ACE_TRAINER_F_NATASHA,BEARTIC,40,,,100,14,6,1
TRAINER_ACE_TRAINER_F_NINA,GALVANTULA,40,,,100,14,6,1
TRAINER_ACE_TRAINER_F_EVE,SAWSBUCK,40,,,100,14,6,1
TRAINER_ACE_TRAINER_F_TRISH,SWANNA,40,,,100,14,6,1
TRAINER_ACE_TRAINER_F_JACQUELINE,EXCADRILL,40,,,100,14,6,1
TRAINER_ACE_TRAINER_F_LAYLA,COFAGRIGUS,40,,,100,14,6,1
TRAINER_TEAM_PLASMA_GRUNT_46,WEEZING,47,"SLUDGE_BOMB,DOUBLE_HIT,EXPLOSION,HAZE",,0,14,6,1
TRAINER_TEAM_PLASMA_GRUNT_46,MUK,47,"SLUDGE_WAVE,ACID_ARMOR,SCREECH,FLING",,0,14,6,2
TRAINER_NURSE_CAROL,BLISSEY,62,,,0,14,6,1
TRAINER_HOOPSTER_DERRICK,ELEKID,42,,,100,14,6,1
TRAINER_HOOPSTER_DERRICK,ELECTABUZZ,42,,,100,14,6,2
TRAINER_HOOPSTER_DERRICK,ELEKID,42,,,100,14,6,3
TRAINER_SMASHER_LIZZY,WHIMSICOTT,44,,,100,14,6,1
TRAINER_SMASHER_AMY,LILLIGANT,44,,,100,14,6,1
TRAINER_HOOPSTER_NICOLAS,MAGBY,42,,,100,14,6,1
TRAINER_HOOPSTER_NICOLAS,MAGMAR,42,,,100,14,6,2
TRAINER_HOOPSTER_NICOLAS,MAGBY,42,,,100,14,6,3
TRAINER_BLACK_BELT_WESLEY,GURDURR,41,,,50,14,6,1
TRAINER_BATTLE_GIRL_ALIZE,SCRAFTY,41,,,50,14,6,1
TRAINER_SUBWAY_BOSS_INGO,BOLDORE,26,,,0,14,6,1
TRAINER_SUBWAY_BOSS_EMMET,GURDURR,26,,,0,14,6,1
TRAINER_HARLEQUIN_CLARENCE,SEWADDLE,20,,,0,14,6,1
TRAINER_HARLEQUIN_CLARENCE,SEWADDLE,20,,,0,14,6,2
TRAINER_HARLEQUIN_JACK,COMBEE,20,,,0,14,6,1
TRAINER_HARLEQUIN_JACK,SWADLOON,20,,,0,14,6,2
TRAINER_HARLEQUIN_GARY,SEWADDLE,19,,,0,14,6,1
TRAINER_HARLEQUIN_GARY,COMBEE,19,,,0,14,6,2
TRAINER_HARLEQUIN_GARY,DWEBBLE,19,,,0,14,6,3
TRAINER_HARLEQUIN_ANDERS,DWEBBLE,20,,,0,14,6,1
TRAINER_HARLEQUIN_ANDERS,SWADLOON,20,,,0,14,6,2
TRAINER_LASS_DAYA,WOOBAT,13,,,0,14,6,1
TRAINER_SCHOOL_KID_M_WILLIAM,SHROOMISH,63,,,0,14,6,1
TRAINER_SCHOOL_KID_M_WILLIAM,TANGROWTH,63,,,0,14,6,2
TRAINER_SCHOOL_KID_F_RITA,IGGLYBUFF,63,,,0,14,6,1
TRAINER_SCHOOL_KID_F_RITA,LICKILICKY,63,,,0,14,6,2
TRAINER_PSYCHIC_F_OLESIA,CHINGLING,62,,,50,14,6,1
TRAINER_PSYCHIC_F_OLESIA,MR_MIME,62,,,50,14,6,2
TRAINER_PSYCHIC_M_NANDOR,HYPNO,62,,,50,14,6,1
TRAINER_PSYCHIC_M_NANDOR,DUSCLOPS,62,,,50,14,6,2
TRAINER_SCIENTIST_ATHENA,GASTLY,63,,,0,14,6,1
TRAINER_SCIENTIST_ATHENA,SKUNTANK,63,,,0,14,6,2
TRAINER_SCIENTIST_FRANKLIN,KLANG,63,,,0,14,6,1
TRAINER_SCIENTIST_FRANKLIN,PORYGON,63,,,0,14,6,2
TRAINER_YOUNGSTER_MASAHIRO,LILLIPUP,13,,,0,14,6,1
TRAINER_YOUNGSTER_WAYLON,PATRAT,13,,,0,14,6,1
TRAINER_SCHOOL_KID_M_SEYMOUR_2,PANSAGE,9,,,0,14,6,1
TRAINER_SCHOOL_KID_F_CASSIE_2,PANPOUR,9,,,0,14,6,1
TRAINER_SCHOOL_KID_M_SEYMOUR_3,PANSEAR,9,,,0,14,6,1
TRAINER_SCHOOL_KID_F_CASSIE_3,PANSAGE,9,,,0,14,6,1
TRAINER_TEAM_PLASMA_GRUNT_47,WATCHOG,27,,,0,14,6,1
TRAINER_PKMN_BREEDER_F_APRIL,MINCCINO,27,,,0,14,6,1
TRAINER_PKMN_BREEDER_F_APRIL,DEERLING,27,,,0,14,6,2
TRAINER_BACKERS_MAY_MAL,PACHIRISU,62,,,0,14,6,1
TRAINER_BACKERS_MAY_MAL,EMOLGA,62,,,0,14,6,2
TRAINER_ROUGHNECK_RICKY,SCRAGGY,32,,,0,14,6,1
TRAINER_DANCER_JEAN_PAUL,DARUMAKA,32,,,0,14,6,1
TRAINER_GUITARIST_TINA,KROKOROK,33,,,100,14,6,1
TRAINER_GUITARIST_TINA,LIEPARD,33,,,100,14,6,2
TRAINER_VETERAN_M_ERNEST,TANGROWTH,60,"POWER_WHIP,SLUDGE_BOMB,EARTHQUAKE,FOCUS_BLAST",CHOICE_SCARF,200,14,6,1
TRAINER_VETERAN_M_ELI,AMPHAROS,60,"DISCHARGE,SIGNAL_BEAM,POWER_GEM,FOCUS_BLAST",CHOICE_SPECS,200,14,6,1
TRAINER_VETERAN_M_DONNAVEN,STOUTLAND,60,"LAST_RESORT,THUNDER_WAVE",METRONOME,200,14,6,1
TRAINER_VETERAN_M_CRISPIN,GIGALITH,60,"EXPLOSION,PROTECT,ROCK_POLISH,ROCK_SLIDE",NORMAL_GEM,200,14,6,1
TRAINER_VETERAN_M_JOSEPH,CONKELDURR,60,"HAMMER_ARM,FIRE_PUNCH,ICE_PUNCH,THUNDERPUNCH",CHOICE_BAND,200,14,6,1
TRAINER_VETERAN_M_WAIN,AGGRON,60,"IRON_TAIL,EARTHQUAKE,HEAD_SMASH,ENDEAVOR",ROCKY_HELMET,200,14,6,1
TRAINER_TEAM_PLASMA_GRUNT_48,PURRLOIN,14,,,0,14,6,1
TRAINER_LEADER_CHEREN_2,PATRAT,11,"WORK_UP,BITE,TACKLE",,250,14,6,1
TRAINER_LEADER_CHEREN_2,PIDOVE,11,"WORK_UP,QUICK_ATTACK,LEER",,250,14,6,2
TRAINER_LEADER_CHEREN_2,LILLIPUP,13,"WORK_UP,BITE,TACKLE",ORAN_BERRY,250,14,6,3
TRAINER_LEADER_ROXIE_2,KOFFING,16,"VENOSHOCK,ASSURANCE,TACKLE,SMOG",ORAN_BERRY,250,14,6,1
TRAINER_LEADER_ROXIE_2,GRIMER,16,"VENOSHOCK,MUD_SLAP,DISABLE,POISON_GAS",,250,14,6,2
TRAINER_LEADER_ROXIE_2,WHIRLIPEDE,18,"VENOSHOCK,POISON_STING,PROTECT,ROLLOUT",SITRUS_BERRY,250,14,6,3
TRAINER_LEADER_BURGH_2,DWEBBLE,22,"STRUGGLE_BUG,ROCK_BLAST,FAINT_ATTACK,ROCK_POLISH",SITRUS_BERRY,250,14,6,1
TRAINER_LEADER_BURGH_2,SHELMET,22,"STRUGGLE_BUG,MEGA_DRAIN,ACID,CURSE",,250,14,6,2
TRAINER_LEADER_BURGH_2,KARRABLAST,22,"STRUGGLE_BUG,HEADBUTT,AERIAL_ACE,ENDURE",,250,14,6,3
TRAINER_LEADER_BURGH_2,LEAVANNY,24,"STRUGGLE_BUG,RAZOR_LEAF,AERIAL_ACE,GRASSWHISTLE",SITRUS_BERRY,250,14,6,4
TRAINER_LEADER_ELESA_2,EMOLGA,28,"VOLT_SWITCH,QUICK_ATTACK,PURSUIT,AERIAL_ACE",SITRUS_BERRY,250,14,6,1
TRAINER_LEADER_ELESA_2,FLAAFFY,28,"VOLT_SWITCH,TAKE_DOWN,THUNDER_WAVE,CONFUSE_RAY",,250,14,6,2
TRAINER_LEADER_ELESA_2,JOLTIK,28,"VOLT_SWITCH,X_SCISSOR,THUNDER_WAVE,ENERGY_BALL",,250,14,6,3
TRAINER_LEADER_ELESA_2,ZEBSTRIKA,30,"VOLT_SWITCH,FLAME_CHARGE,STOMP,PURSUIT",SITRUS_BERRY,250,14,6,4
TRAINER_LEADER_CLAY_2,KROKOROK,31,"BULLDOZE,CRUNCH,SANDSTORM,TORMENT",SITRUS_BERRY,250,14,6,1
TRAINER_LEADER_CLAY_2,SANDSLASH,31,"BULLDOZE,CRUSH_CLAW,ROCK_SLIDE,HONE_CLAWS",,250,14,6,2
TRAINER_LEADER_CLAY_2,ONIX,31,"BULLDOZE,ROCK_SLIDE,EXPLOSION,ROCK_POLISH",,250,14,6,3
TRAINER_LEADER_CLAY_2,EXCADRILL,33,"BULLDOZE,METAL_CLAW,SLASH,ROCK_SLIDE",SITRUS_BERRY,250,14,6,4
TRAINER_LEADER_SKYLA_2,SWOOBAT,37,"ACROBATICS,PSYCHIC,ENERGY_BALL,ATTRACT",,250,14,6,1
TRAINER_LEADER_SKYLA_2,SKARMORY,37,"AERIAL_ACE,STEEL_WING,X_SCISSOR,AGILITY",SITRUS_BERRY,250,14,6,2
TRAINER_LEADER_SKYLA_2,SIGILYPH,37,"AIR_CUTTER,PSYCHIC,FLASH_CANNON,HYPNOSIS",,250,14,6,3
TRAINER_LEADER_SKYLA_2,SWANNA,39,"AIR_SLASH,SURF,ROOST,FEATHERDANCE",SITRUS_BERRY,250,14,6,4
TRAINER_LEADER_DRAYDEN_2,DRUDDIGON,46,"DRAGON_TAIL,REVENGE,ROCK_SLIDE,CRUNCH",SITRUS_BERRY,250,14,6,1
TRAINER_LEADER_DRAYDEN_2,FLYGON,46,"DRAGON_TAIL,CRUNCH,EARTH_POWER,ROCK_SLIDE",,250,14,6,2
TRAINER_LEADER_DRAYDEN_2,ALTARIA,46,"DRAGON_PULSE,COTTON_GUARD,SING,FIRE_BLAST",,250,14,6,3
TRAINER_LEADER_DRAYDEN_2,HAXORUS,48,"DRAGON_TAIL,SHADOW_CLAW,X_SCISSOR,DRAGON_DANCE",SITRUS_BERRY,250,14,6,4
TRAINER_LEADER_MARLON_2,WAILORD,49,"SCALD,RAIN_DANCE,ICE_BEAM,EARTHQUAKE",,250,14,6,1
TRAINER_LEADER_MARLON_2,CARRACOSTA,49,"SCALD,ROCK_SLIDE,CRUNCH,SHELL_SMASH",SITRUS_BERRY,250,14,6,2
TRAINER_LEADER_MARLON_2,MANTINE,49,"SCALD,AIR_SLASH,ICE_BEAM,CONFUSE_RAY",,250,14,6,3
TRAINER_LEADER_MARLON_2,JELLICENT,51,"SCALD,SHADOW_BALL,ENERGY_BALL,RECOVER",SITRUS_BERRY,250,14,6,4
TRAINER_ELITE_FOUR_SHAUNTAL_3,COFAGRIGUS,56,"WILL_O_WISP,GRASS_KNOT,PSYCHIC,SHADOW_BALL",LEFTOVERS,250,14,6,1
TRAINER_ELITE_FOUR_SHAUNTAL_3,DRIFBLIM,56,"PSYCHIC,THUNDERBOLT,ACROBATICS,SHADOW_BALL",FLYING_GEM,250,14,6,2
TRAINER_ELITE_FOUR_SHAUNTAL_3,GOLURK,56,"HEAVY_SLAM,EARTHQUAKE,BRICK_BREAK,SHADOW_PUNCH",EXPERT_BELT,250,14,6,3
TRAINER_ELITE_FOUR_SHAUNTAL_3,BANETTE,56,"SHADOW_CLAW,WILL_O_WISP,PSYCHIC,SUCKER_PUNCH",MUSCLE_BAND,250,14,6,4
TRAINER_ELITE_FOUR_SHAUNTAL_3,CHANDELURE,58,"ENERGY_BALL,FIRE_BLAST,PSYCHIC,SHADOW_BALL",CHOICE_SCARF,250,14,6,5
TRAINER_ELITE_FOUR_GRIMSLEY_3,LIEPARD,56,"NIGHT_SLASH,FAKE_OUT,AERIAL_ACE,ATTRACT",NORMAL_GEM,250,14,6,1
TRAINER_ELITE_FOUR_GRIMSLEY_3,SCRAFTY,56,"CRUNCH,BRICK_BREAK,POISON_JAB,ROCK_TOMB",LEFTOVERS,250,14,6,2
TRAINER_ELITE_FOUR_GRIMSLEY_3,KROOKODILE,56,"CRUNCH,DRAGON_CLAW,EARTHQUAKE,ROCK_TOMB",EXPERT_BELT,250,14,6,3
TRAINER_ELITE_FOUR_GRIMSLEY_3,ABSOL,56,"NIGHT_SLASH,PSYCHO_CUT,X_SCISSOR,SWORDS_DANCE",MUSCLE_BAND,250,14,6,4
TRAINER_ELITE_FOUR_GRIMSLEY_3,BISHARP,58,"NIGHT_SLASH,X_SCISSOR,METAL_CLAW,AERIAL_ACE",QUICK_CLAW,250,14,6,5
TRAINER_ELITE_FOUR_MARSHAL_3,THROH,56,"STORM_THROW,BULLDOZE,ROCK_TOMB,PAYBACK",LEFTOVERS,250,14,6,1
TRAINER_ELITE_FOUR_MARSHAL_3,SAWK,56,"BRICK_BREAK,RETALIATE,ROCK_SLIDE,PAYBACK",MUSCLE_BAND,250,14,6,2
TRAINER_ELITE_FOUR_MARSHAL_3,MIENSHAO,56,"HI_JUMP_KICK,U_TURN,BOUNCE,RETALIATE",EXPERT_BELT,250,14,6,3
TRAINER_ELITE_FOUR_MARSHAL_3,LUCARIO,56,"AURA_SPHERE,SHADOW_BALL,PSYCHIC,CALM_MIND",WISE_GLASSES,250,14,6,4
TRAINER_ELITE_FOUR_MARSHAL_3,CONKELDURR,58,"HAMMER_ARM,BULK_UP,STONE_EDGE,EARTHQUAKE",FLAME_ORB,250,14,6,5
TRAINER_ELITE_FOUR_CAITLIN_3,MUSHARNA,56,"CHARGE_BEAM,DREAM_EATER,HYPNOSIS,REFLECT",ZOOM_LENS,250,14,6,1
TRAINER_ELITE_FOUR_CAITLIN_3,REUNICLUS,56,"PSYCHIC,ENERGY_BALL,FOCUS_BLAST,RECOVER",LEFTOVERS,250,14,6,2
TRAINER_ELITE_FOUR_CAITLIN_3,SIGILYPH,56,"PSYCHIC,SHADOW_BALL,ICE_BEAM,AIR_SLASH",EXPERT_BELT,250,14,6,3
TRAINER_ELITE_FOUR_CAITLIN_3,GOTHITELLE,56,"PSYCHIC,SHADOW_BALL,THUNDERBOLT,CALM_MIND",WISE_GLASSES,250,14,6,4
TRAINER_ELITE_FOUR_CAITLIN_3,METAGROSS,58,"ZEN_HEADBUTT,BULLET_PUNCH,HAMMER_ARM,SHADOW_BALL",LIFE_ORB,250,14,6,5
TRAINER_CHAMPION_IRIS_3,HYDREIGON,57,"FIRE_BLAST,FOCUS_BLAST,DRAGON_PULSE,SURF",WISE_GLASSES,250,14,6,1
TRAINER_CHAMPION_IRIS_3,DRUDDIGON,57,"FIRE_PUNCH,THUNDERPUNCH,OUTRAGE,FOCUS_BLAST",LIFE_ORB,250,14,6,2
TRAINER_CHAMPION_IRIS_3,ARCHEOPS,57,"ACROBATICS,STONE_EDGE,DRAGON_CLAW,ENDEAVOR",FLYING_GEM,250,14,6,3
TRAINER_CHAMPION_IRIS_3,AGGRON,57,"EARTHQUAKE,DOUBLE_EDGE,HEAD_SMASH,AUTOTOMIZE",MUSCLE_BAND,250,14,6,4
TRAINER_CHAMPION_IRIS_3,LAPRAS,57,"HYDRO_PUMP,BLIZZARD,THUNDER,SING",WIDE_LENS,250,14,6,5
TRAINER_CHAMPION_IRIS_3,HAXORUS,59,"EARTHQUAKE,X_SCISSOR,OUTRAGE,DRAGON_DANCE",FOCUS_SASH,250,14,6,6
TRAINER_ELITE_FOUR_SHAUNTAL_4,COFAGRIGUS,73,"SHADOW_BALL,PSYCHIC,WILL_O_WISP,ENERGY_BALL",LEFTOVERS,250,14,6,1
TRAINER_ELITE_FOUR_SHAUNTAL_4,GENGAR,73,"SHADOW_BALL,FOCUS_BLAST,SLUDGE_BOMB,DARK_PULSE",EXPERT_BELT,250,14,6,2
TRAINER_ELITE_FOUR_SHAUNTAL_4,FROSLASS,73,"SHADOW_BALL,PSYCHIC,BLIZZARD,ICE_SHARD",WISE_GLASSES,250,14,6,3
TRAINER_ELITE_FOUR_SHAUNTAL_4,DRIFBLIM,73,"SHADOW_BALL,PSYCHIC,ACROBATICS,THUNDER",FLYING_GEM,250,14,6,4
TRAINER_ELITE_FOUR_SHAUNTAL_4,GOLURK,73,"SHADOW_PUNCH,EARTHQUAKE,HAMMER_ARM,STONE_EDGE",MUSCLE_BAND,250,14,6,5
TRAINER_ELITE_FOUR_SHAUNTAL_4,CHANDELURE,75,"SHADOW_BALL,PSYCHIC,FIRE_BLAST,ENERGY_BALL",CHOICE_SCARF,250,14,6,6
TRAINER_ELITE_FOUR_GRIMSLEY_4,HONCHKROW,73,"NIGHT_SLASH,PSYCHIC,AERIAL_ACE,HAZE",SCOPE_LENS,250,14,6,1
TRAINER_ELITE_FOUR_GRIMSLEY_4,SCRAFTY,73,"HEAD_SMASH,CRUNCH,HI_JUMP_KICK,POISON_JAB",LEFTOVERS,250,14,6,2
TRAINER_ELITE_FOUR_GRIMSLEY_4,KROOKODILE,73,"ROCK_SLIDE,EARTHQUAKE,CRUNCH,OUTRAGE",MUSCLE_BAND,250,14,6,3
TRAINER_ELITE_FOUR_GRIMSLEY_4,HOUNDOOM,73,"THUNDER_FANG,FIRE_BLAST,SLUDGE_BOMB,CRUNCH",WISE_GLASSES,250,14,6,4
TRAINER_ELITE_FOUR_GRIMSLEY_4,TYRANITAR,73,"DARK_PULSE,STONE_EDGE,FIRE_BLAST,EARTHQUAKE",FOCUS_BAND,250,14,6,5
TRAINER_ELITE_FOUR_GRIMSLEY_4,BISHARP,75,"GUILLOTINE,X_SCISSOR,NIGHT_SLASH,AERIAL_ACE",QUICK_CLAW,250,14,6,6
TRAINER_ELITE_FOUR_MARSHAL_4,THROH,73,"SUPERPOWER,EARTHQUAKE,STONE_EDGE,PAYBACK",FOCUS_BAND,250,14,6,1
TRAINER_ELITE_FOUR_MARSHAL_4,SAWK,73,"CLOSE_COMBAT,RETALIATE,STONE_EDGE,POISON_JAB",MUSCLE_BAND,250,14,6,2
TRAINER_ELITE_FOUR_MARSHAL_4,MACHAMP,73,"DYNAMICPUNCH,STONE_EDGE,DUAL_CHOP,THUNDERPUNCH",EXPERT_BELT,250,14,6,3
TRAINER_ELITE_FOUR_MARSHAL_4,LUCARIO,73,"AURA_SPHERE,DRAGON_PULSE,EXTREMESPEED,SHADOW_BALL",WISE_GLASSES,250,14,6,4
TRAINER_ELITE_FOUR_MARSHAL_4,MIENSHAO,73,"HI_JUMP_KICK,U_TURN,ACROBATICS,FAKE_OUT",EJECT_BUTTON,250,14,6,5
TRAINER_ELITE_FOUR_MARSHAL_4,CONKELDURR,75,"HAMMER_ARM,BULK_UP,STONE_EDGE,EARTHQUAKE",FLAME_ORB,250,14,6,6
TRAINER_ELITE_FOUR_CAITLIN_4,MUSHARNA,73,"CHARGE_BEAM,DREAM_EATER,HYPNOSIS,REFLECT",ZOOM_LENS,250,14,6,1
TRAINER_ELITE_FOUR_CAITLIN_4,ALAKAZAM,73,"PSYCHIC,FOCUS_BLAST,SHADOW_BALL,CHARGE_BEAM",EXPERT_BELT,250,14,6,2
TRAINER_ELITE_FOUR_CAITLIN_4,GALLADE,73,"CLOSE_COMBAT,LEAF_BLADE,PSYCHO_CUT,NIGHT_SLASH",MUSCLE_BAND,250,14,6,3
TRAINER_ELITE_FOUR_CAITLIN_4,REUNICLUS,73,"PSYCHIC,THUNDER,RECOVER,FOCUS_BLAST",LEFTOVERS,250,14,6,4
TRAINER_ELITE_FOUR_CAITLIN_4,GOTHITELLE,73,"PSYCHIC,SHADOW_BALL,FLATTER,THUNDERBOLT",WISE_GLASSES,250,14,6,5
TRAINER_ELITE_FOUR_CAITLIN_4,METAGROSS,75,"ZEN_HEADBUTT,BULLET_PUNCH,EARTHQUAKE,HAMMER_ARM",LIFE_ORB,250,14,6,6
TRAINER_CHAMPION_IRIS_4,HYDREIGON,77,"FIRE_BLAST,FOCUS_BLAST,DRAGON_PULSE,SURF",WISE_GLASSES,250,14,6,1
TRAINER_CHAMPION_IRIS_4,SALAMENCE,77,"FIRE_BLAST,EARTHQUAKE,DRACO_METEOR,CRUNCH",LIFE_ORB,250,14,6,2
TRAINER_CHAMPION_IRIS_4,ARCHEOPS,77,"ACROBATICS,STONE_EDGE,DRAGON_CLAW,ENDEAVOR",FLYING_GEM,250,14,6,3
TRAINER_CHAMPION_IRIS_4,AGGRON,77,"EARTHQUAKE,DOUBLE_EDGE,HEAD_SMASH,AUTOTOMIZE",MUSCLE_BAND,250,14,6,4
TRAINER_CHAMPION_IRIS_4,LAPRAS,77,"HYDRO_PUMP,BLIZZARD,THUNDER,SING",ZOOM_LENS,250,14,6,5
TRAINER_CHAMPION_IRIS_4,HAXORUS,79,"EARTHQUAKE,GUILLOTINE,OUTRAGE,DRAGON_DANCE",FOCUS_SASH,250,14,6,6
TRAINER_PKMN_TRAINER_N_3,POLITOED,77,"HYDRO_PUMP,FOCUS_BLAST,PSYCHIC,HYPNOSIS",LIFE_ORB,250,14,6,1
TRAINER_PKMN_TRAINER_N_3,LANTURN,75,"THUNDER,SIGNAL_BEAM,HYDRO_PUMP,STOCKPILE",,250,14,6,2
TRAINER_PKMN_TRAINER_N_3,TENTACRUEL,75,"RAIN_DANCE,GIGA_DRAIN,SCALD,BARRIER",DAMP_ROCK,250,14,6,3
TRAINER_PKMN_TRAINER_N_3,OMASTAR,75,"RAIN_DANCE,HYDRO_PUMP,ICE_BEAM,EARTH_POWER",DAMP_ROCK,250,14,6,4
TRAINER_PKMN_TRAINER_N_3,KABUTOPS,75,"STONE_EDGE,AQUA_JET,X_SCISSOR,LOW_KICK",,250,14,6,5
TRAINER_PKMN_TRAINER_N_3,STARMIE,75,"HYDRO_PUMP,THUNDER,PSYCHIC,ICE_BEAM",,250,14,6,6
TRAINER_PKMN_TRAINER_N_4,NINETALES,77,"FIRE_BLAST,SOLARBEAM,FOUL_PLAY,CONFUSE_RAY",LIFE_ORB,250,14,6,1
TRAINER_PKMN_TRAINER_N_4,ARCANINE,75,"EXTREMESPEED,OVERHEAT,WILD_CHARGE,OUTRAGE",,250,14,6,2
TRAINER_PKMN_TRAINER_N_4,RAPIDASH,75,"MEGAHORN,DRILL_RUN,FLARE_BLITZ,SOLARBEAM",,250,14,6,3
TRAINER_PKMN_TRAINER_N_4,SHIFTRY,75,"DARK_PULSE,SOLARBEAM,FOCUS_BLAST,SUNNY_DAY",HEAT_ROCK,250,14,6,4
TRAINER_PKMN_TRAINER_N_4,NINJASK,75,"SUNNY_DAY,X_SCISSOR,SOLARBEAM,PROTECT",HEAT_ROCK,250,14,6,5
TRAINER_PKMN_TRAINER_N_4,LEAFEON,75,"LEAF_BLADE,X_SCISSOR,ATTRACT,IRON_TAIL",,250,14,6,6
TRAINER_PKMN_TRAINER_N_5,HIPPOWDON,77,"STONE_EDGE,CRUNCH,SUPERPOWER,STEALTH_ROCK",LIFE_ORB,250,14,6,1
TRAINER_PKMN_TRAINER_N_5,GASTRODON,75,"EARTH_POWER,MUDDY_WATER,ICE_BEAM,SANDSTORM",SMOOTH_ROCK,250,14,6,2
TRAINER_PKMN_TRAINER_N_5,CRADILY,75,"SANDSTORM,GIGA_DRAIN,CONFUSE_RAY,STOCKPILE",SMOOTH_ROCK,250,14,6,3
TRAINER_PKMN_TRAINER_N_5,ARMALDO,75,"ROCK_SLIDE,X_SCISSOR,AQUA_TAIL,ROCK_POLISH",,250,14,6,4
TRAINER_PKMN_TRAINER_N_5,SCIZOR,75,"BULLET_PUNCH,DOUBLE_HIT,BUG_BITE,AERIAL_ACE",,250,14,6,5
TRAINER_PKMN_TRAINER_N_5,RHYPERIOR,75,"EARTHQUAKE,STONE_EDGE,FIRE_PUNCH,ICE_PUNCH",,250,14,6,6
TRAINER_PKMN_TRAINER_N_6,ABOMASNOW,77,"BLIZZARD,WOOD_HAMMER,EARTHQUAKE,GRASSWHISTLE",LIFE_ORB,250,14,6,1
TRAINER_PKMN_TRAINER_N_6,VANILLUXE,75,"BLIZZARD,FLASH_CANNON,SIGNAL_BEAM,HAIL",ICY_ROCK,250,14,6,2
TRAINER_PKMN_TRAINER_N_6,CLOYSTER,75,"ICICLE_SPEAR,HYDRO_PUMP,ICE_SHARD,SHELL_SMASH",,250,14,6,3
TRAINER_PKMN_TRAINER_N_6,MAMOSWINE,75,"EARTHQUAKE,ICE_SHARD,BLIZZARD,STONE_EDGE",,250,14,6,4
TRAINER_PKMN_TRAINER_N_6,FROSLASS,75,"BLIZZARD,SHADOW_BALL,PSYCHIC,HAIL",ICY_ROCK,250,14,6,5
TRAINER_PKMN_TRAINER_N_6,GLACEON,75,"BLIZZARD,SHADOW_BALL,SIGNAL_BEAM,ATTRACT",,250,14,6,6
TRAINER_ACE_TRAINER_M_RAY_2,VIBRAVA,39,,,100,14,6,1
TRAINER_ACE_TRAINER_M_RAY_2,CAMERUPT,39,,,100,14,6,2
TRAINER_ACE_TRAINER_F_CORA_2,GRUMPIG,39,,,100,14,6,1
TRAINER_ACE_TRAINER_F_CORA_2,DRIFBLIM,39,,,100,14,6,2
TRAINER_BACKPACKER_M_KIYO_2,GOLBAT,37,,,0,14,6,1
TRAINER_BACKPACKER_M_KIYO_2,SWANNA,37,,,0,14,6,2
TRAINER_BACKPACKER_F_KUMIKO_2,GOLBAT,37,,,0,14,6,1
TRAINER_BACKPACKER_F_KUMIKO_2,DARMANITAN,37,,,0,14,6,2
TRAINER_NURSERY_AIDE_ROSALYN,CHANSEY,61,,,0,14,6,1
TRAINER_NURSERY_AIDE_ROSALYN,LEAVANNY,61,,,0,14,6,2
TRAINER_PRESCHOOLER_M_IKE,PINECO,60,,,0,14,6,1
TRAINER_PRESCHOOLER_M_IKE,FERROTHORN,60,,,0,14,6,2
TRAINER_YOUNGSTER_HENLEY,CASCOON,60,,,0,14,6,1
TRAINER_YOUNGSTER_HENLEY,SILCOON,60,,,0,14,6,2
TRAINER_YOUNGSTER_HENLEY,SCOLIPEDE,60,,,0,14,6,3
TRAINER_LASS_HELIA,NIDORANF,60,,,0,14,6,1
TRAINER_LASS_HELIA,NIDORANM,60,,,0,14,6,2
TRAINER_LASS_HELIA,NIDOQUEEN,60,,,0,14,6,3
TRAINER_PKMN_TRAINER_RIVAL_28,EMBOAR,50,,CHARCOAL,250,14,6,1
TRAINER_PKMN_TRAINER_RIVAL_28,SIMIPOUR,48,,MYSTIC_WATER,250,14,6,2
TRAINER_PKMN_TRAINER_RIVAL_28,UNFEZANT,48,,SCOPE_LENS,250,14,6,3
TRAINER_PKMN_TRAINER_RIVAL_29,SAMUROTT,50,,MYSTIC_WATER,250,14,6,1
TRAINER_PKMN_TRAINER_RIVAL_29,SIMISAGE,48,,MIRACLE_SEED,250,14,6,2
TRAINER_PKMN_TRAINER_RIVAL_29,UNFEZANT,48,,SCOPE_LENS,250,14,6,3
TRAINER_PKMN_TRAINER_RIVAL_30,SERPERIOR,50,,MIRACLE_SEED,250,14,6,1
TRAINER_PKMN_TRAINER_RIVAL_30,SIMISEAR,48,,CHARCOAL,250,14,6,2
TRAINER_PKMN_TRAINER_RIVAL_30,UNFEZANT,48,,SCOPE_LENS,250,14,6,3
TRAINER_TEAM_PLASMA_GRUNT_49,LIEPARD,45,,,0,14,6,1
TRAINER_TEAM_PLASMA_GRUNT_49,WATCHOG,45,,,0,14,6,2
TRAINER_TEAM_PLASMA_GRUNT_49,SCOLIPEDE,45,,,0,14,6,3
TRAINER_TEAM_PLASMA_GRUNT_50,GOLBAT,46,,,0,14,6,1
TRAINER_TEAM_PLASMA_GRUNT_50,DRAPION,46,,,0,14,6,2
TRAINER_TEAM_PLASMA_GRUNT_51,SEVIPER,46,,,0,14,6,1
TRAINER_TEAM_PLASMA_GRUNT_51,GARBODOR,46,,,0,14,6,2
TRAINER_TEAM_PLASMA_GRUNT_52,KROOKODILE,47,,,0,14,6,1
TRAINER_TEAM_PLASMA_GRUNT_53,DRAPION,47,,,0,14,6,1
TRAINER_TEAM_PLASMA_GRUNT_54,SCRAFTY,47,,,0,14,6,1
TRAINER_NURSERY_AIDE_JUNE,SWADLOON,24,,,0,14,6,1
TRAINER_BEAUTY_DECEMBER,FLAAFFY,24,,,0,14,6,1
TRAINER_CLERK_M_AUGUSTIN,TRANQUILL,24,,,0,14,6,1
TRAINER_GUITARIST_JANUARY,WHIRLIPEDE,24,,,0,14,6,1
TRAINER_TEAM_PLASMA_GRUNT_55,TRUBBISH,46,,,0,14,6,1
TRAINER_TEAM_PLASMA_GRUNT_55,GOLBAT,46,,,0,14,6,2
TRAINER_TEAM_PLASMA_GRUNT_55,GARBODOR,46,,,0,14,6,3
TRAINER_TEAM_PLASMA_GRUNT_56,KROKOROK,47,,,0,14,6,1
TRAINER_TEAM_PLASMA_GRUNT_56,KROOKODILE,47,,,0,14,6,2
TRAINER_TEAM_PLASMA_GRUNT_57,SCRAGGY,46,,,0,14,6,1
TRAINER_TEAM_PLASMA_GRUNT_57,WHIRLIPEDE,46,,,0,14,6,2
TRAINER_TEAM_PLASMA_GRUNT_57,SCRAFTY,46,,,0,14,6,3
TRAINER_TEAM_PLASMA_GRUNT_58,RATICATE,47,,,0,14,6,1
TRAINER_TEAM_PLASMA_GRUNT_58,WATCHOG,47,,,0,14,6,2
TRAINER_DOCTOR_JULIUS,LEAVANNY,49,,,0,14,6,1
TRAINER_TEAM_PLASMA_GRUNT_59,SCRAGGY,45,,,0,14,6,1
TRAINER_TEAM_PLASMA_GRUNT_59,KROKOROK,45,,,0,14,6,2
TRAINER_TEAM_PLASMA_GRUNT_59,GOLBAT,45,,,0,14,6,3
TRAINER_PKMN_TRAINER_COLRESS_2,MAGNETON,72,"VOLT_SWITCH,FLASH_CANNON,TRI_ATTACK,THUNDER_WAVE",EVIOLITE,250,14,6,1
TRAINER_PKMN_TRAINER_COLRESS_2,ROTOM_WASH,72,"DISCHARGE,HYDRO_PUMP,WILL_O_WISP,SUBSTITUTE",LIFE_ORB,250,14,6,2
TRAINER_PKMN_TRAINER_COLRESS_2,METAGROSS,72,"METEOR_MASH,ZEN_HEADBUTT,ROCK_SLIDE,AGILITY",MUSCLE_BAND,250,14,6,3
TRAINER_PKMN_TRAINER_COLRESS_2,BEHEEYEM,72,"PSYCHIC,ENERGY_BALL,CALM_MIND,RECOVER",LEFTOVERS,250,14,6,4
TRAINER_PKMN_TRAINER_COLRESS_2,MAGNEZONE,72,"THUNDERBOLT,FLASH_CANNON,HYPER_BEAM,THUNDER_WAVE",WISE_GLASSES,250,14,6,5
TRAINER_PKMN_TRAINER_COLRESS_2,KLINKLANG,74,"GEAR_GRIND,WILD_CHARGE,GIGA_IMPACT,SHIFT_GEAR",AIR_BALLOON,250,14,6,6
