encounter_name,trainer_name,trainer_class,canonical_location_id,is_rematch,is_event,trainer_items,trainer_pic,trainer_double,details,version_group_id,load_build,game_id
TRAINER_YOUNGSTER_JIMMY,JIMMY,TRAINER_CLASS_YOUNGSTER,6,,,,,,"blackwhite_trainer_index=1; source_rom_paths=a/0/9/2,a/0/9/3; battle_type=0; trainer_class_id=2; ai=1; healer=false; money=4; prize=0; map_refs=Route 2[zone=319]; matched_location=Route 2",11,6,
TRAINER_LASS_MALI,MALI,TRAINER_CLASS_LASS,6,,,,,,"blackwhite_trainer_index=2; source_rom_paths=a/0/9/2,a/0/9/3; battle_type=0; trainer_class_id=3; ai=0; healer=false; money=4; prize=0; map_refs=Route 2[zone=319]; matched_location=Route 2",11,6,
TRAINER_SCHOOL_KID_M_AL,AL,TRAINER_CLASS_SCHOOL_KID_M,8,,,,,,"blackwhite_trainer_index=3; source_rom_paths=a/0/9/2,a/0/9/3; battle_type=0; trainer_class_id=4; ai=5; healer=false; money=5; prize=0; map_refs=Route 3[zone=321]; matched_location=Route 3",11,6,
TRAINER_SCHOOL_KID_F_MARSHA,MARSHA,TRAINER_CLASS_SCHOOL_KID_F,8,,,,,,"blackwhite_trainer_index=4; source_rom_paths=a/0/9/2,a/0/9/3; battle_type=0; trainer_class_id=5; ai=5; healer=false; money=5; prize=0; map_refs=Route 3[zone=321]; matched_location=Route 3",11,6,
TRAINER_SMASHER_ELENA,ELENA,TRAINER_CLASS_SMASHER,,,,,,,"blackwhite_trainer_index=5; source_rom_paths=a/0/9/2,a/0/9/3; battle_type=0; trainer_class_id=6; ai=7; healer=false; money=25; prize=0; location_unpaired=true",11,6,
TRAINER_LINEBACKER_DAN,DAN,TRAINER_CLASS_LINEBACKER,,,,,,,"blackwhite_trainer_index=6; source_rom_paths=a/0/9/2,a/0/9/3; battle_type=0; trainer_class_id=7; ai=7; healer=false; money=25; prize=0; location_unpaired=true",11,6,
TRAINER_YOUNGSTER_JOEY,JOEY,TRAINER_CLASS_YOUNGSTER,234,,,,,,"blackwhite_trainer_index=7; source_rom_paths=a/0/9/2,a/0/9/3; battle_type=0; trainer_class_id=2; ai=1; healer=false; money=4; prize=0; map_refs=Dreamyard[zone=152]; matched_location=Dreamyard",11,6,
TRAINER_LASS_ERI,ERI,TRAINER_CLASS_LASS,234,,,,,,"blackwhite_trainer_index=8; source_rom_paths=a/0/9/2,a/0/9/3; battle_type=0; trainer_class_id=3; ai=0; healer=false; money=4; prize=0; map_refs=Dreamyard[zone=152]; matched_location=Dreamyard",11,6,
TRAINER_WAITER_MAXWELL,MAXWELL,TRAINER_CLASS_WAITER,233,,,,,,"blackwhite_trainer_index=9; source_rom_paths=a/0/9/2,a/0/9/3; battle_type=0; trainer_class_id=8; ai=1; healer=false; money=10; prize=0; map_refs=Striaton City[zone=7]; matched_location=Striaton City",11,6,
TRAINER_WAITRESS_TIA,TIA,TRAINER_CLASS_WAITRESS,233,,,,,,"blackwhite_trainer_index=10; source_rom_paths=a/0/9/2,a/0/9/3; battle_type=0; trainer_class_id=9; ai=1; healer=false; money=10; prize=0; map_refs=Striaton City[zone=7]; matched_location=Striaton City",11,6,
TRAINER_LEADER_CHILI,CHILI,TRAINER_CLASS_LEADER,,,,POTION,,,"blackwhite_trainer_index=11; source_rom_paths=a/0/9/2,a/0/9/3; battle_type=0; trainer_class_id=10; ai=5; healer=false; money=30; prize=0; location_unpaired=true",11,6,
TRAINER_LEADER_CILAN,CILAN,TRAINER_CLASS_LEADER,,,,POTION,,,"blackwhite_trainer_index=12; source_rom_paths=a/0/9/2,a/0/9/3; battle_type=0; trainer_class_id=11; ai=5; healer=false; money=30; prize=0; location_unpaired=true",11,6,
TRAINER_LEADER_CRESS,CRESS,TRAINER_CLASS_LEADER,,,,POTION,,,"blackwhite_trainer_index=13; source_rom_paths=a/0/9/2,a/0/9/3; battle_type=0; trainer_class_id=12; ai=5; healer=false; money=30; prize=0; location_unpaired=true",11,6,
TRAINER_NURSERY_AIDE_AUTUMN,AUTUMN,TRAINER_CLASS_NURSERY_AIDE,8,,,,,,"blackwhite_trainer_index=14; source_rom_paths=a/0/9/2,a/0/9/3; battle_type=0; trainer_class_id=13; ai=1; healer=false; money=10; prize=0; map_refs=Route 3[zone=321]; matched_location=Route 3",11,6,
TRAINER_PRESCHOOLER_M_WENDY,WENDY,TRAINER_CLASS_PRESCHOOLER_M,8,,,,,,"blackwhite_trainer_index=15; source_rom_paths=a/0/9/2,a/0/9/3; battle_type=0; trainer_class_id=14; ai=0; healer=false; money=1; prize=0; map_refs=Route 3[zone=321]; matched_location=Route 3",11,6,
TRAINER_PRESCHOOLER_F_DOYLE,DOYLE,TRAINER_CLASS_PRESCHOOLER_F,8,,,,,,"blackwhite_trainer_index=16; source_rom_paths=a/0/9/2,a/0/9/3; battle_type=0; trainer_class_id=15; ai=0; healer=false; money=1; prize=0; map_refs=Route 3[zone=321]; matched_location=Route 3",11,6,
TRAINER_PRESCHOOLER_F_TULLY,TULLY,TRAINER_CLASS_PRESCHOOLER_F,8,,,,,,"blackwhite_trainer_index=17; source_rom_paths=a/0/9/2,a/0/9/3; battle_type=0; trainer_class_id=15; ai=0; healer=false; money=1; prize=0; map_refs=Route 3[zone=321]; matched_location=Route 3",11,6,
TRAINER_TWINS_KUMI_AMY,KUMI & AMY,TRAINER_CLASS_TWINS,,,,,,1,"blackwhite_trainer_index=18; source_rom_paths=a/0/9/2,a/0/9/3; battle_type=1; trainer_class_id=16; ai=128; healer=false; money=4; prize=0; location_unpaired=true",11,6,
TRAINER_PKMN_BREEDER_M_GALEN,GALEN,TRAINER_CLASS_PKMN_BREEDER_M,8,,,,,,"blackwhite_trainer_index=19; source_rom_paths=a/0/9/2,a/0/9/3; battle_type=0; trainer_class_id=17; ai=5; healer=false; money=12; prize=157; map_refs=Route 3[zone=321]; matched_location=Route 3",11,6,
TRAINER_PKMN_BREEDER_F_ADELAIDE,ADELAIDE,TRAINER_CLASS_PKMN_BREEDER_F,8,,,,,,"blackwhite_trainer_index=20; source_rom_paths=a/0/9/2,a/0/9/3; battle_type=0; trainer_class_id=18; ai=5; healer=false; money=12; prize=155; map_refs=Route 3[zone=321]; matched_location=Route 3",11,6,
TRAINER_LEADER_LENORA,LENORA,TRAINER_CLASS_LEADER,,,,SUPER_POTION,,,"blackwhite_trainer_index=21; source_rom_paths=a/0/9/2,a/0/9/3; battle_type=0; trainer_class_id=19; ai=7; healer=false; money=30; prize=0; location_unpaired=true",11,6,
TRAINER_LEADER_BURGH,BURGH,TRAINER_CLASS_LEADER,,,,"HYPER_POTION,HYPER_POTION",,,"blackwhite_trainer_index=22; source_rom_paths=a/0/9/2,a/0/9/3; battle_type=0; trainer_class_id=20; ai=7; healer=false; money=30; prize=0; location_unpaired=true",11,6,
TRAINER_LEADER_ELESA,ELESA,TRAINER_CLASS_LEADER,,,,"HYPER_POTION,HYPER_POTION",,,"blackwhite_trainer_index=23; source_rom_paths=a/0/9/2,a/0/9/3; battle_type=0; trainer_class_id=21; ai=7; healer=false; money=30; prize=0; location_unpaired=true",11,6,
TRAINER_LEADER_CLAY,CLAY,TRAINER_CLASS_LEADER,,,,"HYPER_POTION,HYPER_POTION",,,"blackwhite_trainer_index=24; source_rom_paths=a/0/9/2,a/0/9/3; battle_type=0; trainer_class_id=22; ai=7; healer=false; money=30; prize=0; location_unpaired=true",11,6,
TRAINER_LEADER_SKYLA,SKYLA,TRAINER_CLASS_LEADER,,,,"HYPER_POTION,HYPER_POTION",,,"blackwhite_trainer_index=25; source_rom_paths=a/0/9/2,a/0/9/3; battle_type=0; trainer_class_id=23; ai=7; healer=false; money=30; prize=0; location_unpaired=true",11,6,
TRAINER_PKMN_RANGER_M_FORREST,FORREST,TRAINER_CLASS_PKMN_RANGER_M,237,,,,,,"blackwhite_trainer_index=26; source_rom_paths=a/0/9/2,a/0/9/3; battle_type=0; trainer_class_id=24; ai=7; healer=false; money=15; prize=150; map_refs=Pinwheel Forest[zone=155]; matched_location=Pinwheel Forest",11,6,
TRAINER_PKMN_RANGER_F_IRENE,IRENE,TRAINER_CLASS_PKMN_RANGER_F,,,,,,,"blackwhite_trainer_index=27; source_rom_paths=a/0/9/2,a/0/9/3; battle_type=0; trainer_class_id=25; ai=7; healer=false; money=15; prize=151; location_unpaired=true",11,6,
TRAINER_PKMN_RANGER_M_MIGUEL,MIGUEL,TRAINER_CLASS_PKMN_RANGER_M,,,,,,,"blackwhite_trainer_index=28; source_rom_paths=a/0/9/2,a/0/9/3; battle_type=0; trainer_class_id=24; ai=7; healer=false; money=15; prize=151; location_unpaired=true",11,6,
TRAINER_PKMN_RANGER_F_AUDRA,AUDRA,TRAINER_CLASS_PKMN_RANGER_F,,,,,,,"blackwhite_trainer_index=29; source_rom_paths=a/0/9/2,a/0/9/3; battle_type=0; trainer_class_id=25; ai=7; healer=false; money=15; prize=150; location_unpaired=true",11,6,
TRAINER_SCHOOL_KID_M_SAMMY,SAMMY,TRAINER_CLASS_SCHOOL_KID_M,237,,,,,,"blackwhite_trainer_index=30; source_rom_paths=a/0/9/2,a/0/9/3; battle_type=0; trainer_class_id=4; ai=5; healer=false; money=5; prize=0; map_refs=Pinwheel Forest[zone=155]; matched_location=Pinwheel Forest",11,6,
TRAINER_SCHOOL_KID_F_MILLIE,MILLIE,TRAINER_CLASS_SCHOOL_KID_F,237,,,,,,"blackwhite_trainer_index=31; source_rom_paths=a/0/9/2,a/0/9/3; battle_type=0; trainer_class_id=5; ai=5; healer=false; money=5; prize=0; map_refs=Pinwheel Forest[zone=155]; matched_location=Pinwheel Forest",11,6,
TRAINER_TWINS_MAYO_MAY,MAYO & MAY,TRAINER_CLASS_TWINS,237,,,,,1,"blackwhite_trainer_index=32; source_rom_paths=a/0/9/2,a/0/9/3; battle_type=1; trainer_class_id=16; ai=128; healer=false; money=4; prize=0; map_refs=Pinwheel Forest[zone=155]; matched_location=Pinwheel Forest",11,6,
TRAINER_YOUNGSTER_NICHOLAS,NICHOLAS,TRAINER_CLASS_YOUNGSTER,237,,,,,,"blackwhite_trainer_index=33; source_rom_paths=a/0/9/2,a/0/9/3; battle_type=0; trainer_class_id=2; ai=1; healer=false; money=4; prize=0; map_refs=Pinwheel Forest[zone=155]; matched_location=Pinwheel Forest",11,6,
TRAINER_LASS_EVA,EVA,TRAINER_CLASS_LASS,237,,,,,,"blackwhite_trainer_index=34; source_rom_paths=a/0/9/2,a/0/9/3; battle_type=0; trainer_class_id=3; ai=0; healer=false; money=4; prize=0; map_refs=Pinwheel Forest[zone=155]; matched_location=Pinwheel Forest",11,6,
TRAINER_WORKER_SCOTT,SCOTT,TRAINER_CLASS_WORKER,,,,,,,"blackwhite_trainer_index=35; source_rom_paths=a/0/9/2,a/0/9/3; battle_type=0; trainer_class_id=26; ai=1; healer=false; money=10; prize=0; location_unpaired=true",11,6,
TRAINER_WORKER_SHELBY,SHELBY,TRAINER_CLASS_WORKER,9,,,,,,"blackwhite_trainer_index=36; source_rom_paths=a/0/9/2,a/0/9/3; battle_type=0; trainer_class_id=26; ai=1; healer=false; money=10; prize=0; map_refs=Route 4[zone=326]; matched_location=Route 4",11,6,
TRAINER_WORKER_ZACK,ZACK,TRAINER_CLASS_WORKER,9,,,,,,"blackwhite_trainer_index=37; source_rom_paths=a/0/9/2,a/0/9/3; battle_type=0; trainer_class_id=26; ai=1; healer=false; money=10; prize=0; map_refs=Route 4[zone=326]; matched_location=Route 4",11,6,
TRAINER_WORKER_CAIRN,CAIRN,TRAINER_CLASS_WORKER,,,,,,,"blackwhite_trainer_index=38; source_rom_paths=a/0/9/2,a/0/9/3; battle_type=0; trainer_class_id=26; ai=1; healer=false; money=10; prize=0; location_unpaired=true",11,6,
TRAINER_BACKPACKER_M_WAYLON,WAYLON,TRAINER_CLASS_BACKPACKER_M,9,,,,,,"blackwhite_trainer_index=39; source_rom_paths=a/0/9/2,a/0/9/3; battle_type=0; trainer_class_id=27; ai=1; healer=false; money=6; prize=0; map_refs=Route 4[zone=326]; matched_location=Route 4",11,6,
TRAINER_BACKPACKER_F_JILL,JILL,TRAINER_CLASS_BACKPACKER_F,9,,,,,,"blackwhite_trainer_index=40; source_rom_paths=a/0/9/2,a/0/9/3; battle_type=0; trainer_class_id=28; ai=1; healer=false; money=6; prize=0; map_refs=Route 4[zone=326]; matched_location=Route 4",11,6,
TRAINER_FISHERMAN_HUBERT,HUBERT,TRAINER_CLASS_FISHERMAN,9,,,,,,"blackwhite_trainer_index=41; source_rom_paths=a/0/9/2,a/0/9/3; battle_type=0; trainer_class_id=29; ai=1; healer=false; money=8; prize=0; map_refs=Route 4[zone=326]; matched_location=Route 4",11,6,
TRAINER_FISHERMAN_ANDREW,ANDREW,TRAINER_CLASS_FISHERMAN,9,,,,,,"blackwhite_trainer_index=42; source_rom_paths=a/0/9/2,a/0/9/3; battle_type=0; trainer_class_id=29; ai=1; healer=false; money=8; prize=0; map_refs=Route 4[zone=326]; matched_location=Route 4",11,6,
TRAINER_SMASHER_ASPEN,ASPEN,TRAINER_CLASS_SMASHER,,,,,,,"blackwhite_trainer_index=43; source_rom_paths=a/0/9/2,a/0/9/3; battle_type=0; trainer_class_id=6; ai=7; healer=false; money=25; prize=0; location_unpaired=true",11,6,
TRAINER_BACKPACKER_M_MICHAEL,MICHAEL,TRAINER_CLASS_BACKPACKER_M,14,,,,,,"blackwhite_trainer_index=44; source_rom_paths=a/0/9/2,a/0/9/3; battle_type=0; trainer_class_id=27; ai=1; healer=false; money=6; prize=0; map_refs=Route 5[zone=329]; matched_location=Route 5",11,6,
TRAINER_BACKPACKER_F_LOIS,LOIS,TRAINER_CLASS_BACKPACKER_F,14,,,,,,"blackwhite_trainer_index=45; source_rom_paths=a/0/9/2,a/0/9/3; battle_type=0; trainer_class_id=28; ai=1; healer=false; money=6; prize=0; map_refs=Route 5[zone=329]; matched_location=Route 5",11,6,
TRAINER_MUSICIAN_PRESTON,PRESTON,TRAINER_CLASS_MUSICIAN,,,,,,,"blackwhite_trainer_index=46; source_rom_paths=a/0/9/2,a/0/9/3; battle_type=0; trainer_class_id=30; ai=1; healer=false; money=8; prize=0; location_unpaired=true",11,6,
TRAINER_DANCER_BRIAN,BRIAN,TRAINER_CLASS_DANCER,14,,,,,,"blackwhite_trainer_index=47; source_rom_paths=a/0/9/2,a/0/9/3; battle_type=0; trainer_class_id=31; ai=1; healer=false; money=8; prize=0; map_refs=Route 5[zone=329]; matched_location=Route 5",11,6,
TRAINER_HARLEQUIN_PAUL,PAUL,TRAINER_CLASS_HARLEQUIN,,,,,,,"blackwhite_trainer_index=48; source_rom_paths=a/0/9/2,a/0/9/3; battle_type=0; trainer_class_id=32; ai=1; healer=false; money=8; prize=0; location_unpaired=true",11,6,
TRAINER_ARTIST_HORTON,HORTON,TRAINER_CLASS_ARTIST,14,,,,,,"blackwhite_trainer_index=49; source_rom_paths=a/0/9/2,a/0/9/3; battle_type=0; trainer_class_id=33; ai=1; healer=false; money=12; prize=0; map_refs=Route 5[zone=329]; matched_location=Route 5",11,6,
TRAINER_BAKER_JENN,JENN,TRAINER_CLASS_BAKER,14,,,,,,"blackwhite_trainer_index=50; source_rom_paths=a/0/9/2,a/0/9/3; battle_type=0; trainer_class_id=34; ai=1; healer=false; money=10; prize=0; map_refs=Route 5[zone=329]; matched_location=Route 5",11,6,
TRAINER_PSYCHIC_M_PERRY,PERRY,TRAINER_CLASS_PSYCHIC_M,240,,,,,,"blackwhite_trainer_index=51; source_rom_paths=a/0/9/2,a/0/9/3; battle_type=0; trainer_class_id=35; ai=5; healer=false; money=8; prize=0; map_refs=Relic Castle[zone=160]; matched_location=Relic Castle",11,6,
TRAINER_PSYCHIC_F_DUA,DUA,TRAINER_CLASS_PSYCHIC_F,240,,,,,,"blackwhite_trainer_index=52; source_rom_paths=a/0/9/2,a/0/9/3; battle_type=0; trainer_class_id=36; ai=5; healer=false; money=8; prize=0; map_refs=Relic Castle[zone=160]; matched_location=Relic Castle",11,6,
TRAINER_PKMN_TRAINER_CHEREN,CHEREN,TRAINER_CLASS_PKMN_TRAINER,,,,,,,"blackwhite_trainer_index=53; source_rom_paths=a/0/9/2,a/0/9/3; battle_type=0; trainer_class_id=37; ai=16; healer=false; money=25; prize=0; location_unpaired=true",11,6,
TRAINER_PKMN_TRAINER_CHEREN_2,CHEREN,TRAINER_CLASS_PKMN_TRAINER,,,,,,,"blackwhite_trainer_index=54; source_rom_paths=a/0/9/2,a/0/9/3; battle_type=0; trainer_class_id=37; ai=16; healer=false; money=25; prize=0; location_unpaired=true",11,6,
TRAINER_PKMN_TRAINER_CHEREN_3,CHEREN,TRAINER_CLASS_PKMN_TRAINER,,,,,,,"blackwhite_trainer_index=55; source_rom_paths=a/0/9/2,a/0/9/3; battle_type=0; trainer_class_id=37; ai=16; healer=false; money=25; prize=0; location_unpaired=true",11,6,
TRAINER_PKMN_TRAINER_CHEREN_4,CHEREN,TRAINER_CLASS_PKMN_TRAINER,,,,,,,"blackwhite_trainer_index=56; source_rom_paths=a/0/9/2,a/0/9/3; battle_type=0; trainer_class_id=37; ai=131; healer=false; money=25; prize=0; location_unpaired=true",11,6,
TRAINER_PKMN_TRAINER_CHEREN_5,CHEREN,TRAINER_CLASS_PKMN_TRAINER,,,,,,,"blackwhite_trainer_index=57; source_rom_paths=a/0/9/2,a/0/9/3; battle_type=0; trainer_class_id=37; ai=131; healer=false; money=25; prize=0; location_unpaired=true",11,6,
TRAINER_PKMN_TRAINER_CHEREN_6,CHEREN,TRAINER_CLASS_PKMN_TRAINER,,,,,,,"blackwhite_trainer_index=58; source_rom_paths=a/0/9/2,a/0/9/3; battle_type=0; trainer_class_id=37; ai=131; healer=false; money=25; prize=0; location_unpaired=true",11,6,
TRAINER_PKMN_TRAINER_BIANCA,BIANCA,TRAINER_CLASS_PKMN_TRAINER,,,,,,,"blackwhite_trainer_index=59; source_rom_paths=a/0/9/2,a/0/9/3; battle_type=0; trainer_class_id=38; ai=16; healer=false; money=25; prize=0; location_unpaired=true",11,6,
TRAINER_PKMN_TRAINER_BIANCA_2,BIANCA,TRAINER_CLASS_PKMN_TRAINER,,,,,,,"blackwhite_trainer_index=60; source_rom_paths=a/0/9/2,a/0/9/3; battle_type=0; trainer_class_id=38; ai=16; healer=false; money=25; prize=0; location_unpaired=true",11,6,
TRAINER_PKMN_TRAINER_BIANCA_3,BIANCA,TRAINER_CLASS_PKMN_TRAINER,,,,,,,"blackwhite_trainer_index=61; source_rom_paths=a/0/9/2,a/0/9/3; battle_type=0; trainer_class_id=38; ai=16; healer=false; money=25; prize=0; location_unpaired=true",11,6,
TRAINER_TEAM_PLASMA_GRUNT,GRUNT,TRAINER_CLASS_TEAM_PLASMA,,,,,,,"blackwhite_trainer_index=62; source_rom_paths=a/0/9/2,a/0/9/3; battle_type=0; trainer_class_id=39; ai=129; healer=false; money=10; prize=0; location_unpaired=true",11,6,
TRAINER_TEAM_PLASMA_GRUNT_2,GRUNT,TRAINER_CLASS_TEAM_PLASMA,,,,,,,"blackwhite_trainer_index=63; source_rom_paths=a/0/9/2,a/0/9/3; battle_type=0; trainer_class_id=39; ai=129; healer=false; money=10; prize=0; location_unpaired=true",11,6,
TRAINER_PKMN_TRAINER_N,N,TRAINER_CLASS_PKMN_TRAINER,,,,,,,"blackwhite_trainer_index=64; source_rom_paths=a/0/9/2,a/0/9/3; battle_type=0; trainer_class_id=40; ai=7; healer=false; money=25; prize=0; location_unpaired=true",11,6,
TRAINER_PKMN_TRAINER_N_2,N,TRAINER_CLASS_PKMN_TRAINER,,,,,,,"blackwhite_trainer_index=65; source_rom_paths=a/0/9/2,a/0/9/3; battle_type=0; trainer_class_id=40; ai=7; healer=false; money=25; prize=0; location_unpaired=true",11,6,
TRAINER_RICH_BOY_CODY,CODY,TRAINER_CLASS_RICH_BOY,,,,,,,"blackwhite_trainer_index=66; source_rom_paths=a/0/9/2,a/0/9/3; battle_type=0; trainer_class_id=41; ai=1; healer=false; money=40; prize=0; map_refs=Nimbasa City[zone=63]; event_location_unmatched=true; location_unpaired=true",11,6,
TRAINER_RICH_BOY_ROLAN,ROLAN,TRAINER_CLASS_RICH_BOY,,,,,,,"blackwhite_trainer_index=67; source_rom_paths=a/0/9/2,a/0/9/3; battle_type=0; trainer_class_id=41; ai=1; healer=false; money=40; prize=0; location_unpaired=true",11,6,
TRAINER_LADY_MAGNOLIA,MAGNOLIA,TRAINER_CLASS_LADY,,,,,,,"blackwhite_trainer_index=68; source_rom_paths=a/0/9/2,a/0/9/3; battle_type=0; trainer_class_id=42; ai=1; healer=false; money=40; prize=0; map_refs=Nimbasa City[zone=63]; event_location_unmatched=true; location_unpaired=true",11,6,
TRAINER_LADY_COLETTE,COLETTE,TRAINER_CLASS_LADY,,,,,,,"blackwhite_trainer_index=69; source_rom_paths=a/0/9/2,a/0/9/3; battle_type=0; trainer_class_id=42; ai=1; healer=false; money=40; prize=0; location_unpaired=true",11,6,
TRAINER_PILOT_TED,TED,TRAINER_CLASS_PILOT,,,,,,,"blackwhite_trainer_index=70; source_rom_paths=a/0/9/2,a/0/9/3; battle_type=0; trainer_class_id=43; ai=1; healer=false; money=15; prize=0; map_refs=Mistralton City[zone=108]; event_location_unmatched=true; location_unpaired=true",11,6,
TRAINER_PILOT_CHASE,CHASE,TRAINER_CLASS_PILOT,,,,,,,"blackwhite_trainer_index=71; source_rom_paths=a/0/9/2,a/0/9/3; battle_type=0; trainer_class_id=43; ai=1; healer=false; money=15; prize=0; map_refs=Mistralton City[zone=108]; event_location_unmatched=true; location_unpaired=true",11,6,
TRAINER_WORKER_VICTOR,VICTOR,TRAINER_CLASS_WORKER,242,,,,,,"blackwhite_trainer_index=72; source_rom_paths=a/0/9/2,a/0/9/3; battle_type=0; trainer_class_id=44; ai=1; healer=false; money=10; prize=0; map_refs=Cold Storage[zone=192]; matched_location=Cold Storage",11,6,
TRAINER_WORKER_FILIPE,FILIPE,TRAINER_CLASS_WORKER,242,,,,,,"blackwhite_trainer_index=73; source_rom_paths=a/0/9/2,a/0/9/3; battle_type=0; trainer_class_id=44; ai=1; healer=false; money=10; prize=0; map_refs=Cold Storage[zone=192]; matched_location=Cold Storage",11,6,
TRAINER_WORKER_GLENN,GLENN,TRAINER_CLASS_WORKER,242,,,,,,"blackwhite_trainer_index=74; source_rom_paths=a/0/9/2,a/0/9/3; battle_type=0; trainer_class_id=44; ai=1; healer=false; money=10; prize=0; map_refs=Cold Storage[zone=192]; matched_location=Cold Storage",11,6,
TRAINER_WORKER_RYAN,RYAN,TRAINER_CLASS_WORKER,242,,,,,,"blackwhite_trainer_index=75; source_rom_paths=a/0/9/2,a/0/9/3; battle_type=0; trainer_class_id=44; ai=1; healer=false; money=10; prize=0; map_refs=Cold Storage[zone=192]; matched_location=Cold Storage",11,6,
TRAINER_WORKER_PATTON,PATTON,TRAINER_CLASS_WORKER,242,,,,,,"blackwhite_trainer_index=76; source_rom_paths=a/0/9/2,a/0/9/3; battle_type=0; trainer_class_id=44; ai=1; healer=false; money=10; prize=0; map_refs=Cold Storage[zone=192]; matched_location=Cold Storage",11,6,
TRAINER_WORKER_EDDIE,EDDIE,TRAINER_CLASS_WORKER,242,,,,,,"blackwhite_trainer_index=77; source_rom_paths=a/0/9/2,a/0/9/3; battle_type=0; trainer_class_id=44; ai=1; healer=false; money=10; prize=0; map_refs=Cold Storage[zone=191]; matched_location=Cold Storage",11,6,
TRAINER_WORKER_MATTHEW,MATTHEW,TRAINER_CLASS_WORKER,,,,,,,"blackwhite_trainer_index=78; source_rom_paths=a/0/9/2,a/0/9/3; battle_type=0; trainer_class_id=44; ai=1; healer=false; money=10; prize=0; location_unpaired=true",11,6,
TRAINER_WORKER_TRAINER_79,,TRAINER_CLASS_WORKER,,,,,,,"blackwhite_trainer_index=79; source_rom_paths=a/0/9/2,a/0/9/3; battle_type=0; trainer_class_id=44; ai=0; healer=false; money=10; prize=0; location_unpaired=true",11,6,
TRAINER_TEAM_PLASMA_TRAINER_80,,TRAINER_CLASS_TEAM_PLASMA,,,,,,,"blackwhite_trainer_index=80; source_rom_paths=a/0/9/2,a/0/9/3; battle_type=0; trainer_class_id=39; ai=0; healer=false; money=10; prize=0; location_unpaired=true",11,6,
TRAINER_TEAM_PLASMA_GRUNT_3,GRUNT,TRAINER_CLASS_TEAM_PLASMA,,,,,,,"blackwhite_trainer_index=81; source_rom_paths=a/0/9/2,a/0/9/3; battle_type=0; trainer_class_id=39; ai=1; healer=false; money=10; prize=0; location_unpaired=true",11,6,
TRAINER_HOOPSTER_BOBBY,BOBBY,TRAINER_CLASS_HOOPSTER,,,,,,,"blackwhite_trainer_index=82; source_rom_paths=a/0/9/2,a/0/9/3; battle_type=0; trainer_class_id=45; ai=7; healer=false; money=25; prize=0; location_unpaired=true",11,6,
TRAINER_HOOPSTER_JOHN,JOHN,TRAINER_CLASS_HOOPSTER,,,,,,,"blackwhite_trainer_index=83; source_rom_paths=a/0/9/2,a/0/9/3; battle_type=0; trainer_class_id=45; ai=7; healer=false; money=25; prize=0; location_unpaired=true",11,6,
TRAINER_SCHOOL_KID_M_EDGAR,EDGAR,TRAINER_CLASS_SCHOOL_KID_M,8,,,,,,"blackwhite_trainer_index=84; source_rom_paths=a/0/9/2,a/0/9/3; battle_type=0; trainer_class_id=4; ai=5; healer=false; money=5; prize=0; map_refs=Route 3[zone=321]; matched_location=Route 3",11,6,
TRAINER_YOUNGSTER_ROLAND,ROLAND,TRAINER_CLASS_YOUNGSTER,6,,,,,,"blackwhite_trainer_index=85; source_rom_paths=a/0/9/2,a/0/9/3; battle_type=0; trainer_class_id=2; ai=1; healer=false; money=4; prize=0; map_refs=Route 2[zone=319]; matched_location=Route 2",11,6,
TRAINER_SCHOOL_KID_M_CARTER,CARTER,TRAINER_CLASS_SCHOOL_KID_M,236,,,,,,"blackwhite_trainer_index=86; source_rom_paths=a/0/9/2,a/0/9/3; battle_type=0; trainer_class_id=4; ai=5; healer=false; money=5; prize=0; map_refs=Nacrene City[zone=18]; matched_location=Nacrene City",11,6,
TRAINER_SCHOOL_KID_F_LYDIA,LYDIA,TRAINER_CLASS_SCHOOL_KID_F,,,,,,,"blackwhite_trainer_index=87; source_rom_paths=a/0/9/2,a/0/9/3; battle_type=0; trainer_class_id=5; ai=5; healer=false; money=5; prize=0; location_unpaired=true",11,6,
TRAINER_SCIENTIST_SATOMI,SATOMI,TRAINER_CLASS_SCIENTIST,,,,X_DEFEND,,,"blackwhite_trainer_index=88; source_rom_paths=a/0/9/2,a/0/9/3; battle_type=0; trainer_class_id=46; ai=5; healer=false; money=12; prize=0; location_unpaired=true",11,6,
TRAINER_TEAM_PLASMA_N,N,TRAINER_CLASS_TEAM_PLASMA,,,,,,,"blackwhite_trainer_index=89; source_rom_paths=a/0/9/2,a/0/9/3; battle_type=0; trainer_class_id=47; ai=7; healer=false; money=25; prize=0; location_unpaired=true",11,6,
TRAINER_PKMN_TRAINER_CHEREN_7,CHEREN,TRAINER_CLASS_PKMN_TRAINER,,,,,,,"blackwhite_trainer_index=90; source_rom_paths=a/0/9/2,a/0/9/3; battle_type=0; trainer_class_id=37; ai=135; healer=false; money=25; prize=0; location_unpaired=true",11,6,
TRAINER_PKMN_TRAINER_CHEREN_8,CHEREN,TRAINER_CLASS_PKMN_TRAINER,,,,,,,"blackwhite_trainer_index=91; source_rom_paths=a/0/9/2,a/0/9/3; battle_type=0; trainer_class_id=37; ai=135; healer=false; money=25; prize=0; location_unpaired=true",11,6,
TRAINER_PKMN_TRAINER_CHEREN_9,CHEREN,TRAINER_CLASS_PKMN_TRAINER,,,,,,,"blackwhite_trainer_index=92; source_rom_paths=a/0/9/2,a/0/9/3; battle_type=0; trainer_class_id=37; ai=135; healer=false; money=25; prize=0; location_unpaired=true",11,6,
TRAINER_CLERK_F_INGRID,INGRID,TRAINER_CLASS_CLERK_F,238,,,,,,"blackwhite_trainer_index=93; source_rom_paths=a/0/9/2,a/0/9/3; battle_type=0; trainer_class_id=48; ai=1; healer=false; money=10; prize=0; map_refs=Castelia City[zone=45]; matched_location=Castelia City",11,6,
TRAINER_CLERK_F_ALBERTA,ALBERTA,TRAINER_CLASS_CLERK_F,238,,,,,,"blackwhite_trainer_index=94; source_rom_paths=a/0/9/2,a/0/9/3; battle_type=0; trainer_class_id=48; ai=1; healer=false; money=10; prize=0; map_refs=Castelia City[zone=45]; matched_location=Castelia City",11,6,
TRAINER_CLERK_F_KATIE,KATIE,TRAINER_CLASS_CLERK_F,241,,,,,,"blackwhite_trainer_index=95; source_rom_paths=a/0/9/2,a/0/9/3; battle_type=0; trainer_class_id=48; ai=1; healer=false; money=10; prize=0; map_refs=Driftveil City[zone=97]; matched_location=Driftveil City",11,6,
TRAINER_CLERK_F_TRISHA,TRISHA,TRAINER_CLASS_CLERK_F,,,,,,,"blackwhite_trainer_index=96; source_rom_paths=a/0/9/2,a/0/9/3; battle_type=0; trainer_class_id=48; ai=1; healer=false; money=10; prize=0; location_unpaired=true",11,6,
TRAINER_WAITER_BERT,BERT,TRAINER_CLASS_WAITER,,,,,,,"blackwhite_trainer_index=97; source_rom_paths=a/0/9/2,a/0/9/3; battle_type=0; trainer_class_id=8; ai=1; healer=false; money=10; prize=0; map_refs=Shopping Mall[zone=350]; event_location_unmatched=true; location_unpaired=true",11,6,
TRAINER_WAITRESS_FLO,FLO,TRAINER_CLASS_WAITRESS,,,,,,,"blackwhite_trainer_index=98; source_rom_paths=a/0/9/2,a/0/9/3; battle_type=0; trainer_class_id=9; ai=1; healer=false; money=10; prize=0; map_refs=Shopping Mall[zone=350]; event_location_unmatched=true; location_unpaired=true",11,6,
TRAINER_ACE_TRAINER_M_CHEYENNE,CHEYENNE,TRAINER_CLASS_ACE_TRAINER_M,20,,,,,,"blackwhite_trainer_index=99; source_rom_paths=a/0/9/2,a/0/9/3; battle_type=0; trainer_class_id=49; ai=7; healer=false; money=15; prize=0; map_refs=Route 10[zone=355]; matched_location=Route 10",11,6,
TRAINER_ACE_TRAINER_M_STELLA,STELLA,TRAINER_CLASS_ACE_TRAINER_M,,,,,,,"blackwhite_trainer_index=100; source_rom_paths=a/0/9/2,a/0/9/3; battle_type=0; trainer_class_id=49; ai=7; healer=false; money=15; prize=0; location_unpaired=true",11,6,
TRAINER_ACE_TRAINER_M_ALLISON,ALLISON,TRAINER_CLASS_ACE_TRAINER_M,244,,,,,,"blackwhite_trainer_index=101; source_rom_paths=a/0/9/2,a/0/9/3; battle_type=0; trainer_class_id=49; ai=7; healer=false; money=15; prize=0; map_refs=Chargestone Cave[zone=197]; matched_location=Chargestone Cave",11,6,
TRAINER_ACE_TRAINER_M_JAMIE,JAMIE,TRAINER_CLASS_ACE_TRAINER_M,249,,,,,,"blackwhite_trainer_index=102; source_rom_paths=a/0/9/2,a/0/9/3; battle_type=0; trainer_class_id=49; ai=7; healer=false; money=15; prize=0; map_refs=Dragonspiral Tower[zone=206]; matched_location=Dragonspiral Tower",11,6,
TRAINER_ACE_TRAINER_F_JOHAN,JOHAN,TRAINER_CLASS_ACE_TRAINER_F,20,,,,,,"blackwhite_trainer_index=103; source_rom_paths=a/0/9/2,a/0/9/3; battle_type=0; trainer_class_id=50; ai=7; healer=false; money=15; prize=0; map_refs=Route 10[zone=355]; matched_location=Route 10",11,6,
TRAINER_ACE_TRAINER_F_CORKY,CORKY,TRAINER_CLASS_ACE_TRAINER_F,244,,,,,,"blackwhite_trainer_index=104; source_rom_paths=a/0/9/2,a/0/9/3; battle_type=0; trainer_class_id=50; ai=7; healer=false; money=15; prize=0; map_refs=Chargestone Cave[zone=195]; matched_location=Chargestone Cave",11,6,
TRAINER_ACE_TRAINER_F_JARED,JARED,TRAINER_CLASS_ACE_TRAINER_F,,,,,,,"blackwhite_trainer_index=105; source_rom_paths=a/0/9/2,a/0/9/3; battle_type=0; trainer_class_id=50; ai=7; healer=false; money=15; prize=0; location_unpaired=true",11,6,
TRAINER_ACE_TRAINER_F_JESSE,JESSE,TRAINER_CLASS_ACE_TRAINER_F,249,,,,,,"blackwhite_trainer_index=106; source_rom_paths=a/0/9/2,a/0/9/3; battle_type=0; trainer_class_id=50; ai=7; healer=false; money=15; prize=0; map_refs=Dragonspiral Tower[zone=206]; matched_location=Dragonspiral Tower",11,6,
TRAINER_LADY_ISABEL,ISABEL,TRAINER_CLASS_LADY,,,,,,,"blackwhite_trainer_index=107; source_rom_paths=a/0/9/2,a/0/9/3; battle_type=0; trainer_class_id=42; ai=1; healer=false; money=40; prize=0; map_refs=Shopping Mall[zone=350]; event_location_unmatched=true; location_unpaired=true",11,6,
TRAINER_RICH_BOY_MANUEL,MANUEL,TRAINER_CLASS_RICH_BOY,,,,,,,"blackwhite_trainer_index=108; source_rom_paths=a/0/9/2,a/0/9/3; battle_type=0; trainer_class_id=41; ai=1; healer=false; money=40; prize=0; map_refs=Shopping Mall[zone=350]; event_location_unmatched=true; location_unpaired=true",11,6,
TRAINER_BLACK_BELT_COREY,COREY,TRAINER_CLASS_BLACK_BELT,,,,,,,"blackwhite_trainer_index=109; source_rom_paths=a/0/9/2,a/0/9/3; battle_type=0; trainer_class_id=51; ai=3; healer=false; money=8; prize=0; location_unpaired=true",11,6,
TRAINER_BLACK_BELT_TEPPEI,TEPPEI,TRAINER_CLASS_BLACK_BELT,,,,,,,"blackwhite_trainer_index=110; source_rom_paths=a/0/9/2,a/0/9/3; battle_type=0; trainer_class_id=51; ai=3; healer=false; money=8; prize=0; location_unpaired=true",11,6,
TRAINER_BLACK_BELT_KENTARO,KENTARO,TRAINER_CLASS_BLACK_BELT,237,,,,,,"blackwhite_trainer_index=111; source_rom_paths=a/0/9/2,a/0/9/3; battle_type=0; trainer_class_id=51; ai=3; healer=false; money=8; prize=0; map_refs=Pinwheel Forest[zone=154]; matched_location=Pinwheel Forest",11,6,
TRAINER_SCIENTIST_WILLIAM,WILLIAM,TRAINER_CLASS_SCIENTIST,15,,,X_DEFEND,,,"blackwhite_trainer_index=112; source_rom_paths=a/0/9/2,a/0/9/3; battle_type=0; trainer_class_id=52; ai=5; healer=false; money=12; prize=0; map_refs=Route 6[zone=331]; matched_location=Route 6",11,6,
TRAINER_SCIENTIST_RANDALL,RANDALL,TRAINER_CLASS_SCIENTIST,238,,,X_SP_DEF,,,"blackwhite_trainer_index=113; source_rom_paths=a/0/9/2,a/0/9/3; battle_type=0; trainer_class_id=52; ai=5; healer=false; money=12; prize=0; map_refs=Castelia City[zone=45]; matched_location=Castelia City",11,6,
TRAINER_SCIENTIST_STEVE,STEVE,TRAINER_CLASS_SCIENTIST,238,,,DIRE_HIT,,,"blackwhite_trainer_index=114; source_rom_paths=a/0/9/2,a/0/9/3; battle_type=0; trainer_class_id=52; ai=5; healer=false; money=12; prize=0; map_refs=Castelia City[zone=46]; matched_location=Castelia City",11,6,
TRAINER_SCIENTIST_ORVILLE,ORVILLE,TRAINER_CLASS_SCIENTIST,244,,,DIRE_HIT,,,"blackwhite_trainer_index=115; source_rom_paths=a/0/9/2,a/0/9/3; battle_type=0; trainer_class_id=52; ai=5; healer=false; money=12; prize=0; map_refs=Chargestone Cave[zone=195]; matched_location=Chargestone Cave",11,6,
TRAINER_SCIENTIST_SAMANTHA,SAMANTHA,TRAINER_CLASS_SCIENTIST,238,,,X_SPECIAL,,,"blackwhite_trainer_index=116; source_rom_paths=a/0/9/2,a/0/9/3; battle_type=0; trainer_class_id=46; ai=5; healer=false; money=12; prize=0; map_refs=Castelia City[zone=46]; matched_location=Castelia City",11,6,
TRAINER_SCIENTIST_NAOKO,NAOKO,TRAINER_CLASS_SCIENTIST,244,,,X_SPECIAL,,,"blackwhite_trainer_index=117; source_rom_paths=a/0/9/2,a/0/9/3; battle_type=0; trainer_class_id=46; ai=5; healer=false; money=12; prize=0; map_refs=Chargestone Cave[zone=195]; matched_location=Chargestone Cave",11,6,
TRAINER_PSYCHIC_M_MICKI,MICKI,TRAINER_CLASS_PSYCHIC_M,,,,,,,"blackwhite_trainer_index=118; source_rom_paths=a/0/9/2,a/0/9/3; battle_type=0; trainer_class_id=35; ai=5; healer=false; money=8; prize=0; location_unpaired=true",11,6,
TRAINER_PSYCHIC_M_BRYCE,BRYCE,TRAINER_CLASS_PSYCHIC_M,,,,,,,"blackwhite_trainer_index=119; source_rom_paths=a/0/9/2,a/0/9/3; battle_type=0; trainer_class_id=35; ai=5; healer=false; money=8; prize=0; location_unpaired=true",11,6,
TRAINER_PSYCHIC_F_DOREEN,DOREEN,TRAINER_CLASS_PSYCHIC_F,246,,,,,,"blackwhite_trainer_index=120; source_rom_paths=a/0/9/2,a/0/9/3; battle_type=0; trainer_class_id=36; ai=5; healer=false; money=8; prize=0; map_refs=Celestial Tower[zone=339]; matched_location=Celestial Tower",11,6,
TRAINER_PSYCHIC_F_LIN,LIN,TRAINER_CLASS_PSYCHIC_F,,,,,,,"blackwhite_trainer_index=121; source_rom_paths=a/0/9/2,a/0/9/3; battle_type=0; trainer_class_id=36; ai=5; healer=false; money=8; prize=0; location_unpaired=true",11,6,
TRAINER_WORKER_ROB,ROB,TRAINER_CLASS_WORKER,,,,,,,"blackwhite_trainer_index=122; source_rom_paths=a/0/9/2,a/0/9/3; battle_type=0; trainer_class_id=26; ai=1; healer=false; money=10; prize=0; location_unpaired=true",11,6,
TRAINER_WORKER_RICH,RICH,TRAINER_CLASS_WORKER,,,,,,,"blackwhite_trainer_index=123; source_rom_paths=a/0/9/2,a/0/9/3; battle_type=0; trainer_class_id=26; ai=1; healer=false; money=10; prize=0; location_unpaired=true",11,6,
TRAINER_WORKER_HEATH,HEATH,TRAINER_CLASS_WORKER,,,,,,,"blackwhite_trainer_index=124; source_rom_paths=a/0/9/2,a/0/9/3; battle_type=0; trainer_class_id=26; ai=1; healer=false; money=10; prize=0; location_unpaired=true",11,6,
TRAINER_WORKER_CLIFF,CLIFF,TRAINER_CLASS_WORKER,,,,,,,"blackwhite_trainer_index=125; source_rom_paths=a/0/9/2,a/0/9/3; battle_type=0; trainer_class_id=26; ai=1; healer=false; money=10; prize=0; map_refs=Mistralton City[zone=108]; event_location_unmatched=true; location_unpaired=true",11,6,
TRAINER_WORKER_TRAINER_126,,TRAINER_CLASS_WORKER,,,,,,,"blackwhite_trainer_index=126; source_rom_paths=a/0/9/2,a/0/9/3; battle_type=0; trainer_class_id=26; ai=1; healer=false; money=10; prize=0; location_unpaired=true",11,6,
TRAINER_WORKER_BRADY,BRADY,TRAINER_CLASS_WORKER,,,,,,,"blackwhite_trainer_index=127; source_rom_paths=a/0/9/2,a/0/9/3; battle_type=0; trainer_class_id=26; ai=1; healer=false; money=10; prize=0; map_refs=Mistralton City[zone=108]; event_location_unmatched=true; location_unpaired=true",11,6,
TRAINER_WORKER_ARNOLD,ARNOLD,TRAINER_CLASS_WORKER,,,,,,,"blackwhite_trainer_index=128; source_rom_paths=a/0/9/2,a/0/9/3; battle_type=0; trainer_class_id=26; ai=1; healer=false; money=10; prize=0; map_refs=Mistralton City[zone=108]; event_location_unmatched=true; location_unpaired=true",11,6,
TRAINER_STRIKER_TONY,TONY,TRAINER_CLASS_STRIKER,,,,,,,"blackwhite_trainer_index=129; source_rom_paths=a/0/9/2,a/0/9/3; battle_type=0; trainer_class_id=53; ai=7; healer=false; money=25; prize=0; location_unpaired=true",11,6,
TRAINER_STRIKER_ROBERTO,ROBERTO,TRAINER_CLASS_STRIKER,,,,,,,"blackwhite_trainer_index=130; source_rom_paths=a/0/9/2,a/0/9/3; battle_type=0; trainer_class_id=53; ai=7; healer=false; money=25; prize=0; location_unpaired=true",11,6,
TRAINER_LEADER_BRYCEN,BRYCEN,TRAINER_CLASS_LEADER,,,,"HYPER_POTION,HYPER_POTION",,,"blackwhite_trainer_index=131; source_rom_paths=a/0/9/2,a/0/9/3; battle_type=0; trainer_class_id=54; ai=7; healer=false; money=30; prize=0; location_unpaired=true",11,6,
TRAINER_LEADER_IRIS,IRIS,TRAINER_CLASS_LEADER,,,,"HYPER_POTION,HYPER_POTION",,,"blackwhite_trainer_index=132; source_rom_paths=a/0/9/2,a/0/9/3; battle_type=0; trainer_class_id=55; ai=7; healer=false; money=30; prize=0; location_unpaired=true",11,6,
TRAINER_LEADER_DRAYDEN,DRAYDEN,TRAINER_CLASS_LEADER,,,,"HYPER_POTION,HYPER_POTION",,,"blackwhite_trainer_index=133; source_rom_paths=a/0/9/2,a/0/9/3; battle_type=0; trainer_class_id=56; ai=7; healer=false; money=30; prize=0; location_unpaired=true",11,6,
TRAINER_ROUGHNECK_CHANCE,CHANCE,TRAINER_CLASS_ROUGHNECK,19,,,,,,"blackwhite_trainer_index=134; source_rom_paths=a/0/9/2,a/0/9/3; battle_type=0; trainer_class_id=57; ai=1; healer=false; money=6; prize=0; map_refs=Route 9[zone=348]; matched_location=Route 9",11,6,
TRAINER_ROUGHNECK_REESE,REESE,TRAINER_CLASS_ROUGHNECK,19,,,,,,"blackwhite_trainer_index=135; source_rom_paths=a/0/9/2,a/0/9/3; battle_type=0; trainer_class_id=57; ai=1; healer=false; money=6; prize=0; map_refs=Route 9[zone=348]; matched_location=Route 9",11,6,
TRAINER_ROUGHNECK_FLETCHER,FLETCHER,TRAINER_CLASS_ROUGHNECK,,,,,,,"blackwhite_trainer_index=136; source_rom_paths=a/0/9/2,a/0/9/3; battle_type=0; trainer_class_id=57; ai=1; healer=false; money=6; prize=0; location_unpaired=true",11,6,
TRAINER_JANITOR_GEOFF,GEOFF,TRAINER_CLASS_JANITOR,,,,,,,"blackwhite_trainer_index=137; source_rom_paths=a/0/9/2,a/0/9/3; battle_type=0; trainer_class_id=58; ai=1; healer=false; money=50; prize=0; location_unpaired=true",11,6,
TRAINER_POKEFAN_M_JUDE,JUDE,TRAINER_CLASS_POKEFAN_M,246,,,HYPER_POTION,,,"blackwhite_trainer_index=138; source_rom_paths=a/0/9/2,a/0/9/3; battle_type=0; trainer_class_id=59; ai=1; healer=false; money=16; prize=0; map_refs=Celestial Tower[zone=339]; matched_location=Celestial Tower",11,6,
TRAINER_POKEFAN_F_GEORGIA,GEORGIA,TRAINER_CLASS_POKEFAN_F,246,,,HYPER_POTION,,,"blackwhite_trainer_index=139; source_rom_paths=a/0/9/2,a/0/9/3; battle_type=0; trainer_class_id=60; ai=1; healer=false; money=16; prize=0; map_refs=Celestial Tower[zone=339]; matched_location=Celestial Tower",11,6,
TRAINER_YOUNGSTER_ALBERT,ALBERT,TRAINER_CLASS_YOUNGSTER,242,,,,,,"blackwhite_trainer_index=140; source_rom_paths=a/0/9/2,a/0/9/3; battle_type=0; trainer_class_id=2; ai=1; healer=false; money=4; prize=0; map_refs=Cold Storage[zone=191]; matched_location=Cold Storage",11,6,
TRAINER_YOUNGSTER_KENNETH,KENNETH,TRAINER_CLASS_YOUNGSTER,242,,,,,,"blackwhite_trainer_index=141; source_rom_paths=a/0/9/2,a/0/9/3; battle_type=0; trainer_class_id=2; ai=1; healer=false; money=4; prize=0; map_refs=Cold Storage[zone=191]; matched_location=Cold Storage",11,6,
TRAINER_YOUNGSTER_MIKEY,MIKEY,TRAINER_CLASS_YOUNGSTER,25,,,,,,"blackwhite_trainer_index=142; source_rom_paths=a/0/9/2,a/0/9/3; battle_type=0; trainer_class_id=2; ai=1; healer=false; money=4; prize=0; map_refs=Route 7[zone=337]; matched_location=Route 7",11,6,
TRAINER_YOUNGSTER_PARKER,PARKER,TRAINER_CLASS_YOUNGSTER,25,,,,,,"blackwhite_trainer_index=143; source_rom_paths=a/0/9/2,a/0/9/3; battle_type=0; trainer_class_id=2; ai=1; healer=false; money=4; prize=0; map_refs=Route 7[zone=337]; matched_location=Route 7",11,6,
TRAINER_YOUNGSTER_ZACHARY,ZACHARY,TRAINER_CLASS_YOUNGSTER,237,,,,,,"blackwhite_trainer_index=144; source_rom_paths=a/0/9/2,a/0/9/3; battle_type=0; trainer_class_id=2; ai=1; healer=false; money=4; prize=0; map_refs=Pinwheel Forest[zone=154]; matched_location=Pinwheel Forest",11,6,
TRAINER_YOUNGSTER_KEITA,KEITA,TRAINER_CLASS_YOUNGSTER,237,,,,,,"blackwhite_trainer_index=145; source_rom_paths=a/0/9/2,a/0/9/3; battle_type=0; trainer_class_id=2; ai=1; healer=false; money=4; prize=0; map_refs=Pinwheel Forest[zone=154]; matched_location=Pinwheel Forest",11,6,
TRAINER_YOUNGSTER_ABE,ABE,TRAINER_CLASS_YOUNGSTER,,,,,,,"blackwhite_trainer_index=146; source_rom_paths=a/0/9/2,a/0/9/3; battle_type=0; trainer_class_id=2; ai=1; healer=false; money=4; prize=0; location_unpaired=true",11,6,
TRAINER_YOUNGSTER_KEVIN,KEVIN,TRAINER_CLASS_YOUNGSTER,,,,,,,"blackwhite_trainer_index=147; source_rom_paths=a/0/9/2,a/0/9/3; battle_type=0; trainer_class_id=2; ai=1; healer=false; money=4; prize=2; location_unpaired=true",11,6,
TRAINER_FISHERMAN_BRUCE,BRUCE,TRAINER_CLASS_FISHERMAN,24,,,,,,"blackwhite_trainer_index=148; source_rom_paths=a/0/9/2,a/0/9/3; battle_type=0; trainer_class_id=29; ai=1; healer=false; money=8; prize=0; map_refs=Route 8[zone=345]; matched_location=Route 8",11,6,
TRAINER_FISHERMAN_DEVON,DEVON,TRAINER_CLASS_FISHERMAN,,,,,,,"blackwhite_trainer_index=149; source_rom_paths=a/0/9/2,a/0/9/3; battle_type=0; trainer_class_id=29; ai=1; healer=false; money=8; prize=0; location_unpaired=true",11,6,
TRAINER_DOCTOR_WAYNE,WAYNE,TRAINER_CLASS_DOCTOR,244,,,"FULL_HEAL,HYPER_POTION",,,"blackwhite_trainer_index=150; source_rom_paths=a/0/9/2,a/0/9/3; battle_type=0; trainer_class_id=61; ai=7; healer=true; money=15; prize=0; map_refs=Chargestone Cave[zone=196]; matched_location=Chargestone Cave",11,6,
TRAINER_DOCTOR_HANK,HANK,TRAINER_CLASS_DOCTOR,247,,,"FULL_HEAL,HYPER_POTION",,,"blackwhite_trainer_index=151; source_rom_paths=a/0/9/2,a/0/9/3; battle_type=0; trainer_class_id=61; ai=7; healer=true; money=15; prize=0; map_refs=Twist Mountain[zone=199]; matched_location=Twist Mountain",11,6,
TRAINER_NURSE_SACHIKO,SACHIKO,TRAINER_CLASS_NURSE,246,,,"FULL_HEAL,HYPER_POTION",,,"blackwhite_trainer_index=152; source_rom_paths=a/0/9/2,a/0/9/3; battle_type=0; trainer_class_id=62; ai=7; healer=true; money=10; prize=0; map_refs=Celestial Tower[zone=340]; matched_location=Celestial Tower",11,6,
TRAINER_BACKPACKER_M_JEROME,JEROME,TRAINER_CLASS_BACKPACKER_M,9,,,,,,"blackwhite_trainer_index=153; source_rom_paths=a/0/9/2,a/0/9/3; battle_type=0; trainer_class_id=27; ai=1; healer=false; money=6; prize=0; map_refs=Route 4[zone=326]; matched_location=Route 4",11,6,
TRAINER_BACKPACKER_M_TERRANCE,TERRANCE,TRAINER_CLASS_BACKPACKER_M,25,,,,,,"blackwhite_trainer_index=154; source_rom_paths=a/0/9/2,a/0/9/3; battle_type=0; trainer_class_id=27; ai=1; healer=false; money=6; prize=0; map_refs=Route 7[zone=337]; matched_location=Route 7",11,6,
TRAINER_BACKPACKER_F_RUTH,RUTH,TRAINER_CLASS_BACKPACKER_F,25,,,,,,"blackwhite_trainer_index=155; source_rom_paths=a/0/9/2,a/0/9/3; battle_type=0; trainer_class_id=28; ai=1; healer=false; money=6; prize=0; map_refs=Route 7[zone=337]; matched_location=Route 7",11,6,
TRAINER_BACKPACKER_F_ANNA,ANNA,TRAINER_CLASS_BACKPACKER_F,9,,,,,,"blackwhite_trainer_index=156; source_rom_paths=a/0/9/2,a/0/9/3; battle_type=0; trainer_class_id=28; ai=1; healer=false; money=6; prize=0; map_refs=Route 4[zone=326]; matched_location=Route 4",11,6,
TRAINER_HOOLIGANS_JIM_CAS,JIM & CAS,TRAINER_CLASS_HOOLIGANS,19,,,,,1,"blackwhite_trainer_index=157; source_rom_paths=a/0/9/2,a/0/9/3; battle_type=1; trainer_class_id=63; ai=129; healer=false; money=16; prize=0; map_refs=Route 9[zone=348]; matched_location=Route 9",11,6,
TRAINER_BATTLE_GIRL_AMY,AMY,TRAINER_CLASS_BATTLE_GIRL,20,,,,,,"blackwhite_trainer_index=158; source_rom_paths=a/0/9/2,a/0/9/3; battle_type=0; trainer_class_id=64; ai=3; healer=false; money=8; prize=0; map_refs=Route 10[zone=355]; matched_location=Route 10",11,6,
TRAINER_BATTLE_GIRL_SHARON,SHARON,TRAINER_CLASS_BATTLE_GIRL,,,,,,,"blackwhite_trainer_index=159; source_rom_paths=a/0/9/2,a/0/9/3; battle_type=0; trainer_class_id=64; ai=3; healer=false; money=8; prize=0; location_unpaired=true",11,6,
TRAINER_BATTLE_GIRL_LEE,LEE,TRAINER_CLASS_BATTLE_GIRL,,,,,,,"blackwhite_trainer_index=160; source_rom_paths=a/0/9/2,a/0/9/3; battle_type=0; trainer_class_id=64; ai=3; healer=false; money=8; prize=0; location_unpaired=true",11,6,
TRAINER_PARASOL_LADY_NICOLE,NICOLE,TRAINER_CLASS_PARASOL_LADY,15,,,,,,"blackwhite_trainer_index=161; source_rom_paths=a/0/9/2,a/0/9/3; battle_type=0; trainer_class_id=65; ai=1; healer=false; money=8; prize=0; map_refs=Route 6[zone=331]; matched_location=Route 6",11,6,
TRAINER_PARASOL_LADY_TIHANA,TIHANA,TRAINER_CLASS_PARASOL_LADY,15,,,,,,"blackwhite_trainer_index=162; source_rom_paths=a/0/9/2,a/0/9/3; battle_type=0; trainer_class_id=65; ai=1; healer=false; money=8; prize=0; map_refs=Route 6[zone=331]; matched_location=Route 6",11,6,
TRAINER_PARASOL_LADY_MELITA,MELITA,TRAINER_CLASS_PARASOL_LADY,24,,,,,,"blackwhite_trainer_index=163; source_rom_paths=a/0/9/2,a/0/9/3; battle_type=0; trainer_class_id=65; ai=1; healer=false; money=8; prize=0; map_refs=Route 8[zone=345]; matched_location=Route 8",11,6,
TRAINER_PARASOL_LADY_LUMI,LUMI,TRAINER_CLASS_PARASOL_LADY,24,,,,,,"blackwhite_trainer_index=164; source_rom_paths=a/0/9/2,a/0/9/3; battle_type=0; trainer_class_id=65; ai=1; healer=false; money=8; prize=0; map_refs=Route 8[zone=345]; matched_location=Route 8",11,6,
TRAINER_CLERK_M_CLEMENS,CLEMENS,TRAINER_CLASS_CLERK_M,238,,,,,,"blackwhite_trainer_index=165; source_rom_paths=a/0/9/2,a/0/9/3; battle_type=0; trainer_class_id=66; ai=1; healer=false; money=10; prize=0; map_refs=Castelia City[zone=45]; matched_location=Castelia City",11,6,
TRAINER_CLERK_M_WARREN,WARREN,TRAINER_CLASS_CLERK_M,238,,,,,,"blackwhite_trainer_index=166; source_rom_paths=a/0/9/2,a/0/9/3; battle_type=0; trainer_class_id=66; ai=1; healer=false; money=10; prize=0; map_refs=Castelia City[zone=45]; matched_location=Castelia City",11,6,
TRAINER_CLERK_M_IVAN,IVAN,TRAINER_CLASS_CLERK_M,238,,,,,,"blackwhite_trainer_index=167; source_rom_paths=a/0/9/2,a/0/9/3; battle_type=0; trainer_class_id=66; ai=1; healer=false; money=10; prize=0; map_refs=Castelia City[zone=46]; matched_location=Castelia City",11,6,
TRAINER_CLERK_M_ISAAC,ISAAC,TRAINER_CLASS_CLERK_M,241,,,,,,"blackwhite_trainer_index=168; source_rom_paths=a/0/9/2,a/0/9/3; battle_type=0; trainer_class_id=66; ai=1; healer=false; money=10; prize=0; map_refs=Driftveil City[zone=97]; matched_location=Driftveil City",11,6,
TRAINER_CLERK_M_CHAZ,CHAZ,TRAINER_CLASS_CLERK_M,,,,,,,"blackwhite_trainer_index=169; source_rom_paths=a/0/9/2,a/0/9/3; battle_type=0; trainer_class_id=66; ai=1; healer=false; money=10; prize=0; location_unpaired=true",11,6,
TRAINER_CLERK_M_WADE,WADE,TRAINER_CLASS_CLERK_M,238,,,,,,"blackwhite_trainer_index=170; source_rom_paths=a/0/9/2,a/0/9/3; battle_type=0; trainer_class_id=67; ai=5; healer=false; money=20; prize=0; map_refs=Castelia City[zone=46]; matched_location=Castelia City",11,6,
TRAINER_CLERK_M_FREDRIC,FREDRIC,TRAINER_CLASS_CLERK_M,,,,,,,"blackwhite_trainer_index=171; source_rom_paths=a/0/9/2,a/0/9/3; battle_type=0; trainer_class_id=67; ai=5; healer=false; money=20; prize=0; location_unpaired=true",11,6,
TRAINER_BACKERS_HAWK_DAR,HAWK & DAR,TRAINER_CLASS_BACKERS,,,,,,1,"blackwhite_trainer_index=172; source_rom_paths=a/0/9/2,a/0/9/3; battle_type=1; trainer_class_id=68; ai=129; healer=false; money=12; prize=0; location_unpaired=true",11,6,
TRAINER_BACKERS_JOE_ROSS,JOE & ROSS,TRAINER_CLASS_BACKERS,,,,,,1,"blackwhite_trainer_index=173; source_rom_paths=a/0/9/2,a/0/9/3; battle_type=1; trainer_class_id=68; ai=129; healer=false; money=12; prize=0; location_unpaired=true",11,6,
TRAINER_BACKERS_MASA_YAS,MASA & YAS,TRAINER_CLASS_BACKERS,,,,,,1,"blackwhite_trainer_index=174; source_rom_paths=a/0/9/2,a/0/9/3; battle_type=1; trainer_class_id=68; ai=129; healer=false; money=12; prize=0; location_unpaired=true",11,6,
TRAINER_BACKERS_KAY_ALI,KAY & ALI,TRAINER_CLASS_BACKERS,,,,,,1,"blackwhite_trainer_index=175; source_rom_paths=a/0/9/2,a/0/9/3; battle_type=1; trainer_class_id=69; ai=129; healer=false; money=12; prize=0; location_unpaired=true",11,6,
TRAINER_BACKERS_AMI_EIRA,AMI & EIRA,TRAINER_CLASS_BACKERS,,,,,,1,"blackwhite_trainer_index=176; source_rom_paths=a/0/9/2,a/0/9/3; battle_type=1; trainer_class_id=69; ai=129; healer=false; money=12; prize=0; location_unpaired=true",11,6,
TRAINER_LINEBACKER_BOB,BOB,TRAINER_CLASS_LINEBACKER,,,,,,,"blackwhite_trainer_index=177; source_rom_paths=a/0/9/2,a/0/9/3; battle_type=0; trainer_class_id=7; ai=7; healer=false; money=25; prize=0; location_unpaired=true",11,6,
TRAINER_VETERAN_M_CHESTER,CHESTER,TRAINER_CLASS_VETERAN_M,20,,,,,,"blackwhite_trainer_index=178; source_rom_paths=a/0/9/2,a/0/9/3; battle_type=0; trainer_class_id=70; ai=7; healer=false; money=20; prize=0; map_refs=Route 10[zone=355]; matched_location=Route 10",11,6,
TRAINER_VETERAN_F_KARLA,KARLA,TRAINER_CLASS_VETERAN_F,20,,,,,,"blackwhite_trainer_index=179; source_rom_paths=a/0/9/2,a/0/9/3; battle_type=0; trainer_class_id=71; ai=7; healer=false; money=20; prize=0; map_refs=Route 10[zone=355]; matched_location=Route 10",11,6,
TRAINER_BIKER_PHILLIP,PHILLIP,TRAINER_CLASS_BIKER,,,,,,,"blackwhite_trainer_index=180; source_rom_paths=a/0/9/2,a/0/9/3; battle_type=0; trainer_class_id=72; ai=1; healer=false; money=8; prize=0; location_unpaired=true",11,6,
TRAINER_BIKER_ZEKE,ZEKE,TRAINER_CLASS_BIKER,,,,,,,"blackwhite_trainer_index=181; source_rom_paths=a/0/9/2,a/0/9/3; battle_type=0; trainer_class_id=72; ai=1; healer=false; money=8; prize=0; location_unpaired=true",11,6,
TRAINER_PKMN_RANGER_M_RICHARD,RICHARD,TRAINER_CLASS_PKMN_RANGER_M,15,,,,,,"blackwhite_trainer_index=182; source_rom_paths=a/0/9/2,a/0/9/3; battle_type=0; trainer_class_id=24; ai=7; healer=false; money=15; prize=149; map_refs=Route 6[zone=331]; matched_location=Route 6",11,6,
TRAINER_PKMN_RANGER_M_PEDRO,PEDRO,TRAINER_CLASS_PKMN_RANGER_M,25,,,,,,"blackwhite_trainer_index=183; source_rom_paths=a/0/9/2,a/0/9/3; battle_type=0; trainer_class_id=24; ai=7; healer=false; money=15; prize=153; map_refs=Route 7[zone=337]; matched_location=Route 7",11,6,
TRAINER_PKMN_RANGER_M_LEWIS,LEWIS,TRAINER_CLASS_PKMN_RANGER_M,24,,,,,,"blackwhite_trainer_index=184; source_rom_paths=a/0/9/2,a/0/9/3; battle_type=0; trainer_class_id=24; ai=7; healer=false; money=15; prize=151; map_refs=Route 8[zone=345]; matched_location=Route 8",11,6,
TRAINER_PKMN_RANGER_M_ALAIN,ALAIN,TRAINER_CLASS_PKMN_RANGER_M,,,,,,,"blackwhite_trainer_index=185; source_rom_paths=a/0/9/2,a/0/9/3; battle_type=0; trainer_class_id=24; ai=7; healer=false; money=15; prize=0; location_unpaired=true",11,6,
TRAINER_PKMN_RANGER_F_SHANTI,SHANTI,TRAINER_CLASS_PKMN_RANGER_F,15,,,,,,"blackwhite_trainer_index=186; source_rom_paths=a/0/9/2,a/0/9/3; battle_type=0; trainer_class_id=25; ai=7; healer=false; money=15; prize=149; map_refs=Route 6[zone=331]; matched_location=Route 6",11,6,
TRAINER_PKMN_RANGER_F_MARY,MARY,TRAINER_CLASS_PKMN_RANGER_F,25,,,,,,"blackwhite_trainer_index=187; source_rom_paths=a/0/9/2,a/0/9/3; battle_type=0; trainer_class_id=25; ai=7; healer=false; money=15; prize=153; map_refs=Route 7[zone=337]; matched_location=Route 7",11,6,
TRAINER_PKMN_RANGER_F_ANNIE,ANNIE,TRAINER_CLASS_PKMN_RANGER_F,24,,,,,,"blackwhite_trainer_index=188; source_rom_paths=a/0/9/2,a/0/9/3; battle_type=0; trainer_class_id=25; ai=7; healer=false; money=15; prize=151; map_refs=Route 8[zone=345]; matched_location=Route 8",11,6,
TRAINER_PKMN_RANGER_F_HEIDI,HEIDI,TRAINER_CLASS_PKMN_RANGER_F,,,,,,,"blackwhite_trainer_index=189; source_rom_paths=a/0/9/2,a/0/9/3; battle_type=0; trainer_class_id=25; ai=7; healer=false; money=15; prize=0; location_unpaired=true",11,6,
TRAINER_LASS_KARA,KARA,TRAINER_CLASS_LASS,246,,,,,,"blackwhite_trainer_index=190; source_rom_paths=a/0/9/2,a/0/9/3; battle_type=0; trainer_class_id=3; ai=0; healer=false; money=4; prize=0; map_refs=Celestial Tower[zone=339]; matched_location=Celestial Tower",11,6,
TRAINER_INFIELDER_ALEX,ALEX,TRAINER_CLASS_INFIELDER,,,,,,,"blackwhite_trainer_index=191; source_rom_paths=a/0/9/2,a/0/9/3; battle_type=0; trainer_class_id=73; ai=7; healer=false; money=25; prize=0; location_unpaired=true",11,6,
TRAINER_INFIELDER_CONNOR,CONNOR,TRAINER_CLASS_INFIELDER,,,,,,,"blackwhite_trainer_index=192; source_rom_paths=a/0/9/2,a/0/9/3; battle_type=0; trainer_class_id=73; ai=7; healer=false; money=25; prize=0; location_unpaired=true",11,6,
TRAINER_HIKER_BRET,BRET,TRAINER_CLASS_HIKER,20,,,,,,"blackwhite_trainer_index=193; source_rom_paths=a/0/9/2,a/0/9/3; battle_type=0; trainer_class_id=74; ai=1; healer=false; money=8; prize=0; map_refs=Route 10[zone=355]; matched_location=Route 10",11,6,
TRAINER_HIKER_HARDY,HARDY,TRAINER_CLASS_HIKER,244,,,,,,"blackwhite_trainer_index=194; source_rom_paths=a/0/9/2,a/0/9/3; battle_type=0; trainer_class_id=74; ai=1; healer=false; money=8; prize=0; map_refs=Chargestone Cave[zone=195]; matched_location=Chargestone Cave",11,6,
TRAINER_HIKER_NEIL,NEIL,TRAINER_CLASS_HIKER,247,,,,,,"blackwhite_trainer_index=195; source_rom_paths=a/0/9/2,a/0/9/3; battle_type=0; trainer_class_id=74; ai=1; healer=false; money=8; prize=0; map_refs=Twist Mountain[zone=201]; matched_location=Twist Mountain",11,6,
TRAINER_HARLEQUIN_JACK,JACK,TRAINER_CLASS_HARLEQUIN,238,,,,,,"blackwhite_trainer_index=196; source_rom_paths=a/0/9/2,a/0/9/3; battle_type=0; trainer_class_id=32; ai=1; healer=false; money=8; prize=0; map_refs=Castelia City[zone=29]; matched_location=Castelia City",11,6,
TRAINER_HARLEQUIN_TRAINER_197,,TRAINER_CLASS_HARLEQUIN,,,,,,,"blackwhite_trainer_index=197; source_rom_paths=a/0/9/2,a/0/9/3; battle_type=0; trainer_class_id=32; ai=1; healer=false; money=8; prize=0; location_unpaired=true",11,6,
TRAINER_HARLEQUIN_LOUIS,LOUIS,TRAINER_CLASS_HARLEQUIN,238,,,,,,"blackwhite_trainer_index=198; source_rom_paths=a/0/9/2,a/0/9/3; battle_type=0; trainer_class_id=32; ai=1; healer=false; money=8; prize=0; map_refs=Castelia City[zone=29]; matched_location=Castelia City",11,6,
TRAINER_HARLEQUIN_KERRY,KERRY,TRAINER_CLASS_HARLEQUIN,,,,,,,"blackwhite_trainer_index=199; source_rom_paths=a/0/9/2,a/0/9/3; battle_type=0; trainer_class_id=32; ai=1; healer=false; money=8; prize=0; location_unpaired=true",11,6,
TRAINER_HARLEQUIN_RICK,RICK,TRAINER_CLASS_HARLEQUIN,,,,,,,"blackwhite_trainer_index=200; source_rom_paths=a/0/9/2,a/0/9/3; battle_type=0; trainer_class_id=32; ai=1; healer=false; money=8; prize=0; location_unpaired=true",11,6,
TRAINER_WORKER_FELIX,FELIX,TRAINER_CLASS_WORKER,241,,,,,,"blackwhite_trainer_index=201; source_rom_paths=a/0/9/2,a/0/9/3; battle_type=0; trainer_class_id=26; ai=1; healer=false; money=10; prize=0; map_refs=Driftveil City[zone=97]; matched_location=Driftveil City",11,6,
TRAINER_WORKER_STERLING,STERLING,TRAINER_CLASS_WORKER,241,,,,,,"blackwhite_trainer_index=202; source_rom_paths=a/0/9/2,a/0/9/3; battle_type=0; trainer_class_id=26; ai=1; healer=false; money=10; prize=0; map_refs=Driftveil City[zone=97]; matched_location=Driftveil City",11,6,
TRAINER_WORKER_DON,DON,TRAINER_CLASS_WORKER,241,,,,,,"blackwhite_trainer_index=203; source_rom_paths=a/0/9/2,a/0/9/3; battle_type=0; trainer_class_id=26; ai=1; healer=false; money=10; prize=0; map_refs=Driftveil City[zone=97]; matched_location=Driftveil City",11,6,
TRAINER_TWINS_TRAINER_204,,TRAINER_CLASS_TWINS,,,,,,1,"blackwhite_trainer_index=204; source_rom_paths=a/0/9/2,a/0/9/3; battle_type=1; trainer_class_id=16; ai=128; healer=false; money=4; prize=0; location_unpaired=true",11,6,
TRAINER_ACE_TRAINER_M_MARIANA,MARIANA,TRAINER_CLASS_ACE_TRAINER_M,,,,,,,"blackwhite_trainer_index=205; source_rom_paths=a/0/9/2,a/0/9/3; battle_type=0; trainer_class_id=49; ai=7; healer=false; money=15; prize=0; location_unpaired=true",11,6,
TRAINER_ACE_TRAINER_F_HENRY,HENRY,TRAINER_CLASS_ACE_TRAINER_F,,,,,,,"blackwhite_trainer_index=206; source_rom_paths=a/0/9/2,a/0/9/3; battle_type=0; trainer_class_id=50; ai=7; healer=false; money=15; prize=0; location_unpaired=true",11,6,
TRAINER_LASS_SIBYL,SIBYL,TRAINER_CLASS_LASS,,,,,,,"blackwhite_trainer_index=207; source_rom_paths=a/0/9/2,a/0/9/3; battle_type=0; trainer_class_id=3; ai=0; healer=false; money=4; prize=0; location_unpaired=true",11,6,
TRAINER_RICH_BOY_BRAD,BRAD,TRAINER_CLASS_RICH_BOY,,,,,,,"blackwhite_trainer_index=208; source_rom_paths=a/0/9/2,a/0/9/3; battle_type=0; trainer_class_id=41; ai=1; healer=false; money=40; prize=0; location_unpaired=true",11,6,
TRAINER_LADY_ELIZANDRA,ELIZANDRA,TRAINER_CLASS_LADY,,,,,,,"blackwhite_trainer_index=209; source_rom_paths=a/0/9/2,a/0/9/3; battle_type=0; trainer_class_id=42; ai=1; healer=false; money=40; prize=0; location_unpaired=true",11,6,
TRAINER_SOCIALITE_CASSANDRA,CASSANDRA,TRAINER_CLASS_SOCIALITE,,,,FULL_RESTORE,,,"blackwhite_trainer_index=210; source_rom_paths=a/0/9/2,a/0/9/3; battle_type=0; trainer_class_id=75; ai=1; healer=false; money=50; prize=0; location_unpaired=true",11,6,
TRAINER_GENTLEMAN_ROBERT,ROBERT,TRAINER_CLASS_GENTLEMAN,,,,FULL_RESTORE,,,"blackwhite_trainer_index=211; source_rom_paths=a/0/9/2,a/0/9/3; battle_type=0; trainer_class_id=76; ai=1; healer=false; money=50; prize=0; location_unpaired=true",11,6,
TRAINER_BATTLE_GIRL_MIRIAM,MIRIAM,TRAINER_CLASS_BATTLE_GIRL,248,,,,,,"blackwhite_trainer_index=212; source_rom_paths=a/0/9/2,a/0/9/3; battle_type=0; trainer_class_id=64; ai=3; healer=false; money=8; prize=0; map_refs=Icirrus City[zone=114]; matched_location=Iccirus City",11,6,
TRAINER_BATTLE_GIRL_MIKIKO,MIKIKO,TRAINER_CLASS_BATTLE_GIRL,248,,,,,,"blackwhite_trainer_index=213; source_rom_paths=a/0/9/2,a/0/9/3; battle_type=0; trainer_class_id=64; ai=3; healer=false; money=8; prize=0; map_refs=Icirrus City[zone=114]; matched_location=Iccirus City",11,6,
TRAINER_BATTLE_GIRL_CHANDRA,CHANDRA,TRAINER_CLASS_BATTLE_GIRL,248,,,,,,"blackwhite_trainer_index=214; source_rom_paths=a/0/9/2,a/0/9/3; battle_type=0; trainer_class_id=64; ai=3; healer=false; money=8; prize=0; map_refs=Icirrus City[zone=114]; matched_location=Iccirus City",11,6,
TRAINER_BLACK_BELT_GRANT,GRANT,TRAINER_CLASS_BLACK_BELT,248,,,,,,"blackwhite_trainer_index=215; source_rom_paths=a/0/9/2,a/0/9/3; battle_type=0; trainer_class_id=51; ai=3; healer=false; money=8; prize=0; map_refs=Icirrus City[zone=114]; matched_location=Iccirus City",11,6,
TRAINER_BLACK_BELT_KENDREW,KENDREW,TRAINER_CLASS_BLACK_BELT,248,,,,,,"blackwhite_trainer_index=216; source_rom_paths=a/0/9/2,a/0/9/3; battle_type=0; trainer_class_id=51; ai=3; healer=false; money=8; prize=0; map_refs=Icirrus City[zone=114]; matched_location=Iccirus City",11,6,
TRAINER_BLACK_BELT_THOMAS,THOMAS,TRAINER_CLASS_BLACK_BELT,248,,,,,,"blackwhite_trainer_index=217; source_rom_paths=a/0/9/2,a/0/9/3; battle_type=0; trainer_class_id=51; ai=3; healer=false; money=8; prize=0; map_refs=Icirrus City[zone=114]; matched_location=Iccirus City",11,6,
TRAINER_TEAM_PLASMA_N_2,N,TRAINER_CLASS_TEAM_PLASMA,,,,,,,"blackwhite_trainer_index=218; source_rom_paths=a/0/9/2,a/0/9/3; battle_type=0; trainer_class_id=47; ai=7; healer=false; money=25; prize=0; location_unpaired=true",11,6,
TRAINER_PKMN_TRAINER_TRAINER_219,,TRAINER_CLASS_PKMN_TRAINER,,,,,,,"blackwhite_trainer_index=219; source_rom_paths=a/0/9/2,a/0/9/3; battle_type=0; trainer_class_id=40; ai=0; healer=false; money=25; prize=0; location_unpaired=true",11,6,
TRAINER_TEAM_PLASMA_TRAINER_220,,TRAINER_CLASS_TEAM_PLASMA,,,,,,,"blackwhite_trainer_index=220; source_rom_paths=a/0/9/2,a/0/9/3; battle_type=0; trainer_class_id=47; ai=0; healer=false; money=50; prize=0; location_unpaired=true",11,6,
TRAINER_TEAM_PLASMA_GRUNT_4,GRUNT,TRAINER_CLASS_TEAM_PLASMA,240,,,,,,"blackwhite_trainer_index=221; source_rom_paths=a/0/9/2,a/0/9/3; battle_type=0; trainer_class_id=39; ai=1; healer=false; money=10; prize=0; map_refs=Relic Castle[zone=161]; matched_location=Relic Castle",11,6,
TRAINER_TEAM_PLASMA_GRUNT_5,GRUNT,TRAINER_CLASS_TEAM_PLASMA,240,,,,,,"blackwhite_trainer_index=222; source_rom_paths=a/0/9/2,a/0/9/3; battle_type=0; trainer_class_id=39; ai=1; healer=false; money=10; prize=0; map_refs=Relic Castle[zone=162]; matched_location=Relic Castle",11,6,
TRAINER_TEAM_PLASMA_GRUNT_6,GRUNT,TRAINER_CLASS_TEAM_PLASMA,240,,,,,,"blackwhite_trainer_index=223; source_rom_paths=a/0/9/2,a/0/9/3; battle_type=0; trainer_class_id=39; ai=1; healer=false; money=10; prize=0; map_refs=Relic Castle[zone=163]; matched_location=Relic Castle",11,6,
TRAINER_TEAM_PLASMA_GRUNT_7,GRUNT,TRAINER_CLASS_TEAM_PLASMA,240,,,,,,"blackwhite_trainer_index=224; source_rom_paths=a/0/9/2,a/0/9/3; battle_type=0; trainer_class_id=39; ai=1; healer=false; money=10; prize=0; map_refs=Relic Castle[zone=164]; matched_location=Relic Castle",11,6,
TRAINER_TEAM_PLASMA_GRUNT_8,GRUNT,TRAINER_CLASS_TEAM_PLASMA,240,,,,,,"blackwhite_trainer_index=225; source_rom_paths=a/0/9/2,a/0/9/3; battle_type=0; trainer_class_id=77; ai=1; healer=false; money=10; prize=0; map_refs=Relic Castle[zone=162]; matched_location=Relic Castle",11,6,
TRAINER_TEAM_PLASMA_GRUNT_9,GRUNT,TRAINER_CLASS_TEAM_PLASMA,240,,,,,,"blackwhite_trainer_index=226; source_rom_paths=a/0/9/2,a/0/9/3; battle_type=0; trainer_class_id=77; ai=1; healer=false; money=10; prize=0; map_refs=Relic Castle[zone=163]; matched_location=Relic Castle",11,6,
TRAINER_TEAM_PLASMA_GRUNT_10,GRUNT,TRAINER_CLASS_TEAM_PLASMA,240,,,,,,"blackwhite_trainer_index=227; source_rom_paths=a/0/9/2,a/0/9/3; battle_type=0; trainer_class_id=77; ai=1; healer=false; money=10; prize=0; map_refs=Relic Castle[zone=164]; matched_location=Relic Castle",11,6,
TRAINER_ELITE_FOUR_SHAUNTAL,SHAUNTAL,TRAINER_CLASS_ELITE_FOUR,,,,"FULL_RESTORE,FULL_RESTORE",,,"blackwhite_trainer_index=228; source_rom_paths=a/0/9/2,a/0/9/3; battle_type=0; trainer_class_id=78; ai=7; healer=false; money=30; prize=0; location_unpaired=true",11,6,
TRAINER_ELITE_FOUR_MARSHAL,MARSHAL,TRAINER_CLASS_ELITE_FOUR,,,,"FULL_RESTORE,FULL_RESTORE",,,"blackwhite_trainer_index=229; source_rom_paths=a/0/9/2,a/0/9/3; battle_type=0; trainer_class_id=79; ai=7; healer=false; money=30; prize=0; location_unpaired=true",11,6,
TRAINER_ELITE_FOUR_GRIMSLEY,GRIMSLEY,TRAINER_CLASS_ELITE_FOUR,,,,"FULL_RESTORE,FULL_RESTORE",,,"blackwhite_trainer_index=230; source_rom_paths=a/0/9/2,a/0/9/3; battle_type=0; trainer_class_id=80; ai=7; healer=false; money=30; prize=0; location_unpaired=true",11,6,
TRAINER_ELITE_FOUR_CAITLIN,CAITLIN,TRAINER_CLASS_ELITE_FOUR,,,,"FULL_RESTORE,FULL_RESTORE",,,"blackwhite_trainer_index=231; source_rom_paths=a/0/9/2,a/0/9/3; battle_type=0; trainer_class_id=81; ai=7; healer=false; money=30; prize=0; location_unpaired=true",11,6,
TRAINER_TEAM_PLASMA_GHETSIS,GHETSIS,TRAINER_CLASS_TEAM_PLASMA,,,,"FULL_RESTORE,FULL_RESTORE,FULL_RESTORE,FULL_RESTORE",,,"blackwhite_trainer_index=232; source_rom_paths=a/0/9/2,a/0/9/3; battle_type=0; trainer_class_id=82; ai=7; healer=false; money=45; prize=0; location_unpaired=true",11,6,
TRAINER_PSYCHIC_M_LOW,LOW,TRAINER_CLASS_PSYCHIC_M,239,,,,,,"blackwhite_trainer_index=233; source_rom_paths=a/0/9/2,a/0/9/3; battle_type=0; trainer_class_id=35; ai=5; healer=false; money=8; prize=0; map_refs=Desert Resort[zone=158]; matched_location=Desert Resort",11,6,
TRAINER_PSYCHIC_M_GAVEN,GAVEN,TRAINER_CLASS_PSYCHIC_M,239,,,,,,"blackwhite_trainer_index=234; source_rom_paths=a/0/9/2,a/0/9/3; battle_type=0; trainer_class_id=35; ai=5; healer=false; money=8; prize=0; map_refs=Desert Resort[zone=158]; matched_location=Desert Resort",11,6,
TRAINER_PSYCHIC_F_CYBIL,CYBIL,TRAINER_CLASS_PSYCHIC_F,239,,,,,,"blackwhite_trainer_index=235; source_rom_paths=a/0/9/2,a/0/9/3; battle_type=0; trainer_class_id=36; ai=5; healer=false; money=8; prize=0; map_refs=Desert Resort[zone=158]; matched_location=Desert Resort",11,6,
TRAINER_BACKPACKER_M_KELSEY,KELSEY,TRAINER_CLASS_BACKPACKER_M,239,,,,,,"blackwhite_trainer_index=236; source_rom_paths=a/0/9/2,a/0/9/3; battle_type=0; trainer_class_id=27; ai=1; healer=false; money=6; prize=0; map_refs=Desert Resort[zone=158]; matched_location=Desert Resort",11,6,
TRAINER_BACKPACKER_M_NATE,NATE,TRAINER_CLASS_BACKPACKER_M,239,,,,,,"blackwhite_trainer_index=237; source_rom_paths=a/0/9/2,a/0/9/3; battle_type=0; trainer_class_id=27; ai=1; healer=false; money=6; prize=0; map_refs=Desert Resort[zone=158]; matched_location=Desert Resort",11,6,
TRAINER_BACKPACKER_F_LIZ,LIZ,TRAINER_CLASS_BACKPACKER_F,239,,,,,,"blackwhite_trainer_index=238; source_rom_paths=a/0/9/2,a/0/9/3; battle_type=0; trainer_class_id=28; ai=1; healer=false; money=6; prize=0; map_refs=Desert Resort[zone=158]; matched_location=Desert Resort",11,6,
TRAINER_BACKPACKER_F_ELAINE,ELAINE,TRAINER_CLASS_BACKPACKER_F,239,,,,,,"blackwhite_trainer_index=239; source_rom_paths=a/0/9/2,a/0/9/3; battle_type=0; trainer_class_id=28; ai=1; healer=false; money=6; prize=0; map_refs=Desert Resort[zone=158]; matched_location=Desert Resort",11,6,
TRAINER_SCIENTIST_RONALD,RONALD,TRAINER_CLASS_SCIENTIST,244,,,X_ATTACK,,,"blackwhite_trainer_index=240; source_rom_paths=a/0/9/2,a/0/9/3; battle_type=0; trainer_class_id=52; ai=5; healer=false; money=12; prize=0; map_refs=Chargestone Cave[zone=195]; matched_location=Chargestone Cave",11,6,
TRAINER_WORKER_BRAND,BRAND,TRAINER_CLASS_WORKER,247,,,,,,"blackwhite_trainer_index=241; source_rom_paths=a/0/9/2,a/0/9/3; battle_type=0; trainer_class_id=26; ai=1; healer=false; money=10; prize=0; map_refs=Twist Mountain[zone=199]; matched_location=Twist Mountain",11,6,
TRAINER_HIKER_DARRELL,DARRELL,TRAINER_CLASS_HIKER,247,,,,,,"blackwhite_trainer_index=242; source_rom_paths=a/0/9/2,a/0/9/3; battle_type=0; trainer_class_id=74; ai=1; healer=false; money=8; prize=0; map_refs=Twist Mountain[zone=200]; matched_location=Twist Mountain",11,6,
TRAINER_HIKER_TERRELL,TERRELL,TRAINER_CLASS_HIKER,247,,,,,,"blackwhite_trainer_index=243; source_rom_paths=a/0/9/2,a/0/9/3; battle_type=0; trainer_class_id=74; ai=1; healer=false; money=8; prize=0; map_refs=Twist Mountain[zone=198]; matched_location=Twist Mountain",11,6,
TRAINER_ACE_TRAINER_M_SHANTA,SHANTA,TRAINER_CLASS_ACE_TRAINER_M,48,,,,,,"blackwhite_trainer_index=244; source_rom_paths=a/0/9/2,a/0/9/3; battle_type=0; trainer_class_id=49; ai=7; healer=false; money=15; prize=0; map_refs=Victory Road[zone=216]; matched_location=Victory Road",11,6,
TRAINER_ACE_TRAINER_M_CATHY,CATHY,TRAINER_CLASS_ACE_TRAINER_M,48,,,,,,"blackwhite_trainer_index=245; source_rom_paths=a/0/9/2,a/0/9/3; battle_type=0; trainer_class_id=49; ai=7; healer=false; money=15; prize=0; map_refs=Victory Road[zone=218]; matched_location=Victory Road",11,6,
TRAINER_ACE_TRAINER_F_DWAYNE,DWAYNE,TRAINER_CLASS_ACE_TRAINER_F,48,,,,,,"blackwhite_trainer_index=246; source_rom_paths=a/0/9/2,a/0/9/3; battle_type=0; trainer_class_id=50; ai=7; healer=false; money=15; prize=0; map_refs=Victory Road[zone=221]; matched_location=Victory Road",11,6,
TRAINER_ACE_TRAINER_F_DAVID,DAVID,TRAINER_CLASS_ACE_TRAINER_F,48,,,,,,"blackwhite_trainer_index=247; source_rom_paths=a/0/9/2,a/0/9/3; battle_type=0; trainer_class_id=50; ai=7; healer=false; money=15; prize=0; map_refs=Victory Road[zone=226]; matched_location=Victory Road",11,6,
TRAINER_BLACK_BELT_TYRONE,TYRONE,TRAINER_CLASS_BLACK_BELT,48,,,,,,"blackwhite_trainer_index=248; source_rom_paths=a/0/9/2,a/0/9/3; battle_type=0; trainer_class_id=51; ai=3; healer=false; money=8; prize=0; map_refs=Victory Road[zone=223]; matched_location=Victory Road",11,6,
TRAINER_DOCTOR_LOGAN,LOGAN,TRAINER_CLASS_DOCTOR,48,,,"FULL_HEAL,HYPER_POTION",,,"blackwhite_trainer_index=249; source_rom_paths=a/0/9/2,a/0/9/3; battle_type=0; trainer_class_id=61; ai=7; healer=true; money=15; prize=0; map_refs=Victory Road[zone=224]; matched_location=Victory Road",11,6,
TRAINER_VETERAN_M_MARTELL,MARTELL,TRAINER_CLASS_VETERAN_M,48,,,,,,"blackwhite_trainer_index=250; source_rom_paths=a/0/9/2,a/0/9/3; battle_type=0; trainer_class_id=70; ai=7; healer=false; money=20; prize=0; map_refs=Victory Road[zone=227]; matched_location=Victory Road",11,6,
TRAINER_VETERAN_F_TIFFANY,TIFFANY,TRAINER_CLASS_VETERAN_F,48,,,,,,"blackwhite_trainer_index=251; source_rom_paths=a/0/9/2,a/0/9/3; battle_type=0; trainer_class_id=71; ai=7; healer=false; money=20; prize=0; map_refs=Victory Road[zone=217]; matched_location=Victory Road",11,6,
TRAINER_BLACK_BELT_EDWARD,EDWARD,TRAINER_CLASS_BLACK_BELT,,,,,,,"blackwhite_trainer_index=252; source_rom_paths=a/0/9/2,a/0/9/3; battle_type=0; trainer_class_id=51; ai=3; healer=false; money=8; prize=0; location_unpaired=true",11,6,
TRAINER_BATTLE_GIRL_MAGGIE,MAGGIE,TRAINER_CLASS_BATTLE_GIRL,,,,,,,"blackwhite_trainer_index=253; source_rom_paths=a/0/9/2,a/0/9/3; battle_type=0; trainer_class_id=64; ai=3; healer=false; money=8; prize=0; location_unpaired=true",11,6,
TRAINER_BATTLE_GIRL_XIAO,XIAO,TRAINER_CLASS_BATTLE_GIRL,,,,,,,"blackwhite_trainer_index=254; source_rom_paths=a/0/9/2,a/0/9/3; battle_type=0; trainer_class_id=64; ai=3; healer=false; money=8; prize=0; location_unpaired=true",11,6,
TRAINER_HIKER_HUGH,HUGH,TRAINER_CLASS_HIKER,243,,,,,,"blackwhite_trainer_index=255; source_rom_paths=a/0/9/2,a/0/9/3; battle_type=0; trainer_class_id=74; ai=1; healer=false; money=8; prize=0; map_refs=Mistralton Cave[zone=333]; matched_location=Mistralton Cave",11,6,
TRAINER_HIKER_CLARKE,CLARKE,TRAINER_CLASS_HIKER,243,,,,,,"blackwhite_trainer_index=256; source_rom_paths=a/0/9/2,a/0/9/3; battle_type=0; trainer_class_id=74; ai=1; healer=false; money=8; prize=0; map_refs=Mistralton Cave[zone=333]; matched_location=Mistralton Cave",11,6,
TRAINER_SCIENTIST_RON,RON,TRAINER_CLASS_SCIENTIST,15,,,X_ATTACK,,,"blackwhite_trainer_index=257; source_rom_paths=a/0/9/2,a/0/9/3; battle_type=0; trainer_class_id=52; ai=5; healer=false; money=12; prize=0; map_refs=Route 6[zone=331]; matched_location=Route 6",11,6,
TRAINER_SCIENTIST_MARIA,MARIA,TRAINER_CLASS_SCIENTIST,15,,,X_SPEED,,,"blackwhite_trainer_index=258; source_rom_paths=a/0/9/2,a/0/9/3; battle_type=0; trainer_class_id=46; ai=5; healer=false; money=12; prize=0; map_refs=Route 6[zone=331]; matched_location=Route 6",11,6,
TRAINER_VETERAN_M_SHAUN,SHAUN,TRAINER_CLASS_VETERAN_M,,,,,,,"blackwhite_trainer_index=259; source_rom_paths=a/0/9/2,a/0/9/3; battle_type=0; trainer_class_id=70; ai=7; healer=false; money=20; prize=0; map_refs=Challenger's Cave[zone=354]; event_location_unmatched=true; location_unpaired=true",11,6,
TRAINER_VETERAN_F_JULIA,JULIA,TRAINER_CLASS_VETERAN_F,,,,,,,"blackwhite_trainer_index=260; source_rom_paths=a/0/9/2,a/0/9/3; battle_type=0; trainer_class_id=71; ai=7; healer=false; money=20; prize=0; map_refs=Challenger's Cave[zone=354]; event_location_unmatched=true; location_unpaired=true",11,6,
TRAINER_ACE_TRAINER_M_BEVERLY,BEVERLY,TRAINER_CLASS_ACE_TRAINER_M,,,,,,,"blackwhite_trainer_index=261; source_rom_paths=a/0/9/2,a/0/9/3; battle_type=0; trainer_class_id=49; ai=7; healer=false; money=15; prize=0; location_unpaired=true",11,6,
TRAINER_ACE_TRAINER_F_TERRY,TERRY,TRAINER_CLASS_ACE_TRAINER_F,,,,,,,"blackwhite_trainer_index=262; source_rom_paths=a/0/9/2,a/0/9/3; battle_type=0; trainer_class_id=50; ai=7; healer=false; money=15; prize=0; map_refs=Challenger's Cave[zone=353]; event_location_unmatched=true; location_unpaired=true",11,6,
TRAINER_PSYCHIC_F_BELLE,BELLE,TRAINER_CLASS_PSYCHIC_F,,,,,,,"blackwhite_trainer_index=263; source_rom_paths=a/0/9/2,a/0/9/3; battle_type=0; trainer_class_id=36; ai=5; healer=false; money=8; prize=0; location_unpaired=true",11,6,
TRAINER_ACE_TRAINER_M_KASSANDRA,KASSANDRA,TRAINER_CLASS_ACE_TRAINER_M,,,,,,,"blackwhite_trainer_index=264; source_rom_paths=a/0/9/2,a/0/9/3; battle_type=0; trainer_class_id=49; ai=7; healer=false; money=15; prize=0; location_unpaired=true",11,6,
TRAINER_ACE_TRAINER_M_OLWEN,OLWEN,TRAINER_CLASS_ACE_TRAINER_M,,,,,,,"blackwhite_trainer_index=265; source_rom_paths=a/0/9/2,a/0/9/3; battle_type=0; trainer_class_id=49; ai=7; healer=false; money=15; prize=0; map_refs=Opelucid City[zone=121]; event_location_unmatched=true; location_unpaired=true",11,6,
TRAINER_ACE_TRAINER_M_CLARA,CLARA,TRAINER_CLASS_ACE_TRAINER_M,,,,,,,"blackwhite_trainer_index=266; source_rom_paths=a/0/9/2,a/0/9/3; battle_type=0; trainer_class_id=49; ai=7; healer=false; money=15; prize=0; map_refs=Opelucid City[zone=121]; event_location_unmatched=true; location_unpaired=true",11,6,
TRAINER_ACE_TRAINER_M_DARA,DARA,TRAINER_CLASS_ACE_TRAINER_M,,,,,,,"blackwhite_trainer_index=267; source_rom_paths=a/0/9/2,a/0/9/3; battle_type=0; trainer_class_id=49; ai=7; healer=false; money=15; prize=0; map_refs=Opelucid City[zone=121]; event_location_unmatched=true; location_unpaired=true",11,6,
TRAINER_ACE_TRAINER_M_TRAINER_268,,TRAINER_CLASS_ACE_TRAINER_M,,,,,,,"blackwhite_trainer_index=268; source_rom_paths=a/0/9/2,a/0/9/3; battle_type=0; trainer_class_id=49; ai=7; healer=false; money=15; prize=0; location_unpaired=true",11,6,
TRAINER_ACE_TRAINER_F_BECKETT,BECKETT,TRAINER_CLASS_ACE_TRAINER_F,,,,,,,"blackwhite_trainer_index=269; source_rom_paths=a/0/9/2,a/0/9/3; battle_type=0; trainer_class_id=50; ai=7; healer=false; money=15; prize=0; location_unpaired=true",11,6,
TRAINER_ACE_TRAINER_F_WEBSTER,WEBSTER,TRAINER_CLASS_ACE_TRAINER_F,,,,,,,"blackwhite_trainer_index=270; source_rom_paths=a/0/9/2,a/0/9/3; battle_type=0; trainer_class_id=50; ai=7; healer=false; money=15; prize=0; map_refs=Opelucid City[zone=121]; event_location_unmatched=true; location_unpaired=true",11,6,
TRAINER_ACE_TRAINER_F_JOSE,JOSE,TRAINER_CLASS_ACE_TRAINER_F,,,,,,,"blackwhite_trainer_index=271; source_rom_paths=a/0/9/2,a/0/9/3; battle_type=0; trainer_class_id=50; ai=7; healer=false; money=15; prize=0; map_refs=Opelucid City[zone=121]; event_location_unmatched=true; location_unpaired=true",11,6,
TRAINER_ACE_TRAINER_F_TOM,TOM,TRAINER_CLASS_ACE_TRAINER_F,,,,,,,"blackwhite_trainer_index=272; source_rom_paths=a/0/9/2,a/0/9/3; battle_type=0; trainer_class_id=50; ai=7; healer=false; money=15; prize=0; map_refs=Opelucid City[zone=121]; event_location_unmatched=true; location_unpaired=true",11,6,
TRAINER_ACE_TRAINER_F_TRAINER_273,,TRAINER_CLASS_ACE_TRAINER_F,,,,,,,"blackwhite_trainer_index=273; source_rom_paths=a/0/9/2,a/0/9/3; battle_type=0; trainer_class_id=50; ai=0; healer=false; money=15; prize=0; location_unpaired=true",11,6,
TRAINER_VETERAN_M_HUGO,HUGO,TRAINER_CLASS_VETERAN_M,,,,,,,"blackwhite_trainer_index=274; source_rom_paths=a/0/9/2,a/0/9/3; battle_type=0; trainer_class_id=70; ai=7; healer=false; money=20; prize=0; location_unpaired=true",11,6,
TRAINER_VETERAN_F_KIM,KIM,TRAINER_CLASS_VETERAN_F,,,,,,,"blackwhite_trainer_index=275; source_rom_paths=a/0/9/2,a/0/9/3; battle_type=0; trainer_class_id=71; ai=7; healer=false; money=20; prize=0; map_refs=Opelucid City[zone=121]; event_location_unmatched=true; location_unpaired=true",11,6,
TRAINER_TEAM_PLASMA_GRUNT_11,GRUNT,TRAINER_CLASS_TEAM_PLASMA,,,,,,,"blackwhite_trainer_index=276; source_rom_paths=a/0/9/2,a/0/9/3; battle_type=0; trainer_class_id=39; ai=1; healer=false; money=10; prize=0; location_unpaired=true",11,6,
TRAINER_TEAM_PLASMA_TRAINER_277,,TRAINER_CLASS_TEAM_PLASMA,,,,,,,"blackwhite_trainer_index=277; source_rom_paths=a/0/9/2,a/0/9/3; battle_type=0; trainer_class_id=39; ai=1; healer=false; money=10; prize=0; location_unpaired=true",11,6,
TRAINER_TEAM_PLASMA_GRUNT_12,GRUNT,TRAINER_CLASS_TEAM_PLASMA,,,,,,,"blackwhite_trainer_index=278; source_rom_paths=a/0/9/2,a/0/9/3; battle_type=0; trainer_class_id=77; ai=1; healer=false; money=10; prize=0; location_unpaired=true",11,6,
TRAINER_TEAM_PLASMA_GRUNT_13,GRUNT,TRAINER_CLASS_TEAM_PLASMA,,,,,,,"blackwhite_trainer_index=279; source_rom_paths=a/0/9/2,a/0/9/3; battle_type=0; trainer_class_id=39; ai=1; healer=false; money=10; prize=0; location_unpaired=true",11,6,
TRAINER_ACE_TRAINER_M_TRAINER_280,,TRAINER_CLASS_ACE_TRAINER_M,,,,,,,"blackwhite_trainer_index=280; source_rom_paths=a/0/9/2,a/0/9/3; battle_type=0; trainer_class_id=49; ai=7; healer=false; money=15; prize=0; location_unpaired=true",11,6,
TRAINER_ACE_TRAINER_F_AUSTIN,AUSTIN,TRAINER_CLASS_ACE_TRAINER_F,,,,,,,"blackwhite_trainer_index=281; source_rom_paths=a/0/9/2,a/0/9/3; battle_type=0; trainer_class_id=50; ai=7; healer=false; money=15; prize=0; location_unpaired=true",11,6,
TRAINER_CLERK_M_TRAINER_282,,TRAINER_CLASS_CLERK_M,,,,,,,"blackwhite_trainer_index=282; source_rom_paths=a/0/9/2,a/0/9/3; battle_type=0; trainer_class_id=66; ai=0; healer=false; money=10; prize=0; location_unpaired=true",11,6,
TRAINER_WAITER_TRAINER_283,,TRAINER_CLASS_WAITER,,,,,,,"blackwhite_trainer_index=283; source_rom_paths=a/0/9/2,a/0/9/3; battle_type=0; trainer_class_id=8; ai=0; healer=false; money=10; prize=0; location_unpaired=true",11,6,
TRAINER_RICH_BOY_MARTIN,MARTIN,TRAINER_CLASS_RICH_BOY,,,,,,,"blackwhite_trainer_index=284; source_rom_paths=a/0/9/2,a/0/9/3; battle_type=0; trainer_class_id=41; ai=1; healer=false; money=40; prize=0; location_unpaired=true",11,6,
TRAINER_LASS_MAYA,MAYA,TRAINER_CLASS_LASS,,,,,,,"blackwhite_trainer_index=285; source_rom_paths=a/0/9/2,a/0/9/3; battle_type=0; trainer_class_id=3; ai=0; healer=false; money=4; prize=0; location_unpaired=true",11,6,
TRAINER_LADY_TRAINER_286,,TRAINER_CLASS_LADY,,,,,,,"blackwhite_trainer_index=286; source_rom_paths=a/0/9/2,a/0/9/3; battle_type=0; trainer_class_id=42; ai=1; healer=false; money=40; prize=0; location_unpaired=true",11,6,
TRAINER_PKMN_TRAINER_CHEREN_10,CHEREN,TRAINER_CLASS_PKMN_TRAINER,,,,,,,"blackwhite_trainer_index=287; source_rom_paths=a/0/9/2,a/0/9/3; battle_type=0; trainer_class_id=37; ai=3; healer=false; money=25; prize=0; location_unpaired=true",11,6,
TRAINER_PKMN_TRAINER_CHEREN_11,CHEREN,TRAINER_CLASS_PKMN_TRAINER,,,,,,,"blackwhite_trainer_index=288; source_rom_paths=a/0/9/2,a/0/9/3; battle_type=0; trainer_class_id=37; ai=3; healer=false; money=25; prize=0; location_unpaired=true",11,6,
TRAINER_PKMN_TRAINER_CHEREN_12,CHEREN,TRAINER_CLASS_PKMN_TRAINER,,,,,,,"blackwhite_trainer_index=289; source_rom_paths=a/0/9/2,a/0/9/3; battle_type=0; trainer_class_id=37; ai=3; healer=false; money=25; prize=0; location_unpaired=true",11,6,
TRAINER_BACKPACKER_M_KEANE,KEANE,TRAINER_CLASS_BACKPACKER_M,9,,,,,,"blackwhite_trainer_index=290; source_rom_paths=a/0/9/2,a/0/9/3; battle_type=0; trainer_class_id=27; ai=1; healer=false; money=6; prize=0; map_refs=Route 4[zone=326]; matched_location=Route 4",11,6,
TRAINER_WORKER_GUS,GUS,TRAINER_CLASS_WORKER,9,,,,,,"blackwhite_trainer_index=291; source_rom_paths=a/0/9/2,a/0/9/3; battle_type=0; trainer_class_id=26; ai=1; healer=false; money=10; prize=0; map_refs=Route 4[zone=326]; matched_location=Route 4",11,6,
TRAINER_SCHOOL_KID_F_GINA,GINA,TRAINER_CLASS_SCHOOL_KID_F,8,,,,,,"blackwhite_trainer_index=292; source_rom_paths=a/0/9/2,a/0/9/3; battle_type=0; trainer_class_id=5; ai=5; healer=false; money=5; prize=0; map_refs=Route 3[zone=321]; matched_location=Route 3",11,6,
TRAINER_TEAM_PLASMA_GRUNT_14,GRUNT,TRAINER_CLASS_TEAM_PLASMA,,,,,,,"blackwhite_trainer_index=293; source_rom_paths=a/0/9/2,a/0/9/3; battle_type=0; trainer_class_id=39; ai=1; healer=false; money=10; prize=0; location_unpaired=true",11,6,
TRAINER_TEAM_PLASMA_GRUNT_15,GRUNT,TRAINER_CLASS_TEAM_PLASMA,,,,,,,"blackwhite_trainer_index=294; source_rom_paths=a/0/9/2,a/0/9/3; battle_type=0; trainer_class_id=39; ai=1; healer=false; money=10; prize=0; location_unpaired=true",11,6,
TRAINER_TEAM_PLASMA_GRUNT_16,GRUNT,TRAINER_CLASS_TEAM_PLASMA,,,,,,,"blackwhite_trainer_index=295; source_rom_paths=a/0/9/2,a/0/9/3; battle_type=0; trainer_class_id=39; ai=1; healer=false; money=10; prize=0; location_unpaired=true",11,6,
TRAINER_TEAM_PLASMA_GRUNT_17,GRUNT,TRAINER_CLASS_TEAM_PLASMA,,,,,,,"blackwhite_trainer_index=296; source_rom_paths=a/0/9/2,a/0/9/3; battle_type=0; trainer_class_id=39; ai=1; healer=false; money=10; prize=0; location_unpaired=true",11,6,
TRAINER_TEAM_PLASMA_GRUNT_18,GRUNT,TRAINER_CLASS_TEAM_PLASMA,,,,,,,"blackwhite_trainer_index=297; source_rom_paths=a/0/9/2,a/0/9/3; battle_type=0; trainer_class_id=39; ai=1; healer=false; money=10; prize=0; location_unpaired=true",11,6,
TRAINER_TEAM_PLASMA_GRUNT_19,GRUNT,TRAINER_CLASS_TEAM_PLASMA,244,,,,,,"blackwhite_trainer_index=298; source_rom_paths=a/0/9/2,a/0/9/3; battle_type=0; trainer_class_id=39; ai=1; healer=false; money=10; prize=0; map_refs=Chargestone Cave[zone=196]; matched_location=Chargestone Cave",11,6,
TRAINER_TEAM_PLASMA_GRUNT_20,GRUNT,TRAINER_CLASS_TEAM_PLASMA,244,,,,,,"blackwhite_trainer_index=299; source_rom_paths=a/0/9/2,a/0/9/3; battle_type=0; trainer_class_id=39; ai=1; healer=false; money=10; prize=0; map_refs=Chargestone Cave[zone=196]; matched_location=Chargestone Cave",11,6,
TRAINER_TEAM_PLASMA_GRUNT_21,GRUNT,TRAINER_CLASS_TEAM_PLASMA,244,,,,,,"blackwhite_trainer_index=300; source_rom_paths=a/0/9/2,a/0/9/3; battle_type=0; trainer_class_id=39; ai=1; healer=false; money=10; prize=0; map_refs=Chargestone Cave[zone=196]; matched_location=Chargestone Cave",11,6,
TRAINER_TEAM_PLASMA_GRUNT_22,GRUNT,TRAINER_CLASS_TEAM_PLASMA,244,,,,,,"blackwhite_trainer_index=301; source_rom_paths=a/0/9/2,a/0/9/3; battle_type=0; trainer_class_id=39; ai=1; healer=false; money=10; prize=0; map_refs=Chargestone Cave[zone=196]; matched_location=Chargestone Cave",11,6,
TRAINER_TEAM_PLASMA_GRUNT_23,GRUNT,TRAINER_CLASS_TEAM_PLASMA,249,,,,,,"blackwhite_trainer_index=302; source_rom_paths=a/0/9/2,a/0/9/3; battle_type=0; trainer_class_id=39; ai=1; healer=false; money=10; prize=0; map_refs=Dragonspiral Tower[zone=210]; matched_location=Dragonspiral Tower",11,6,
TRAINER_TEAM_PLASMA_GRUNT_24,GRUNT,TRAINER_CLASS_TEAM_PLASMA,249,,,,,,"blackwhite_trainer_index=303; source_rom_paths=a/0/9/2,a/0/9/3; battle_type=0; trainer_class_id=39; ai=1; healer=false; money=10; prize=0; map_refs=Dragonspiral Tower[zone=210]; matched_location=Dragonspiral Tower",11,6,
TRAINER_TEAM_PLASMA_GRUNT_25,GRUNT,TRAINER_CLASS_TEAM_PLASMA,249,,,,,,"blackwhite_trainer_index=304; source_rom_paths=a/0/9/2,a/0/9/3; battle_type=0; trainer_class_id=39; ai=1; healer=false; money=10; prize=0; map_refs=Dragonspiral Tower[zone=210]; matched_location=Dragonspiral Tower",11,6,
TRAINER_TEAM_PLASMA_GRUNT_26,GRUNT,TRAINER_CLASS_TEAM_PLASMA,,,,,,,"blackwhite_trainer_index=305; source_rom_paths=a/0/9/2,a/0/9/3; battle_type=0; trainer_class_id=39; ai=1; healer=false; money=10; prize=0; location_unpaired=true",11,6,
TRAINER_TEAM_PLASMA_GRUNT_27,GRUNT,TRAINER_CLASS_TEAM_PLASMA,,,,,,,"blackwhite_trainer_index=306; source_rom_paths=a/0/9/2,a/0/9/3; battle_type=0; trainer_class_id=39; ai=1; healer=false; money=10; prize=0; location_unpaired=true",11,6,
TRAINER_TEAM_PLASMA_GRUNT_28,GRUNT,TRAINER_CLASS_TEAM_PLASMA,,,,,,,"blackwhite_trainer_index=307; source_rom_paths=a/0/9/2,a/0/9/3; battle_type=0; trainer_class_id=39; ai=1; healer=false; money=10; prize=0; location_unpaired=true",11,6,
TRAINER_TEAM_PLASMA_GRUNT_29,GRUNT,TRAINER_CLASS_TEAM_PLASMA,,,,,,,"blackwhite_trainer_index=308; source_rom_paths=a/0/9/2,a/0/9/3; battle_type=0; trainer_class_id=77; ai=1; healer=false; money=10; prize=0; location_unpaired=true",11,6,
TRAINER_TEAM_PLASMA_GRUNT_30,GRUNT,TRAINER_CLASS_TEAM_PLASMA,,,,,,,"blackwhite_trainer_index=309; source_rom_paths=a/0/9/2,a/0/9/3; battle_type=0; trainer_class_id=77; ai=1; healer=false; money=10; prize=0; location_unpaired=true",11,6,
TRAINER_TEAM_PLASMA_GRUNT_31,GRUNT,TRAINER_CLASS_TEAM_PLASMA,244,,,,,,"blackwhite_trainer_index=310; source_rom_paths=a/0/9/2,a/0/9/3; battle_type=0; trainer_class_id=77; ai=1; healer=false; money=10; prize=0; map_refs=Chargestone Cave[zone=196]; matched_location=Chargestone Cave",11,6,
TRAINER_TEAM_PLASMA_GRUNT_32,GRUNT,TRAINER_CLASS_TEAM_PLASMA,244,,,,,,"blackwhite_trainer_index=311; source_rom_paths=a/0/9/2,a/0/9/3; battle_type=0; trainer_class_id=77; ai=1; healer=false; money=10; prize=0; map_refs=Chargestone Cave[zone=196]; matched_location=Chargestone Cave",11,6,
TRAINER_TEAM_PLASMA_GRUNT_33,GRUNT,TRAINER_CLASS_TEAM_PLASMA,249,,,,,,"blackwhite_trainer_index=312; source_rom_paths=a/0/9/2,a/0/9/3; battle_type=0; trainer_class_id=77; ai=1; healer=false; money=10; prize=0; map_refs=Dragonspiral Tower[zone=210]; matched_location=Dragonspiral Tower",11,6,
TRAINER_TEAM_PLASMA_GRUNT_34,GRUNT,TRAINER_CLASS_TEAM_PLASMA,,,,,,,"blackwhite_trainer_index=313; source_rom_paths=a/0/9/2,a/0/9/3; battle_type=0; trainer_class_id=77; ai=1; healer=false; money=10; prize=0; location_unpaired=true",11,6,
TRAINER_SMASHER_MARI,MARI,TRAINER_CLASS_SMASHER,,,,,,,"blackwhite_trainer_index=314; source_rom_paths=a/0/9/2,a/0/9/3; battle_type=0; trainer_class_id=6; ai=7; healer=false; money=25; prize=0; map_refs=Nimbasa City[zone=86]; event_location_unmatched=true; location_unpaired=true",11,6,
TRAINER_SMASHER_ELENA_2,ELENA,TRAINER_CLASS_SMASHER,,,,,,,"blackwhite_trainer_index=315; source_rom_paths=a/0/9/2,a/0/9/3; battle_type=0; trainer_class_id=6; ai=7; healer=false; money=25; prize=0; location_unpaired=true",11,6,
TRAINER_SMASHER_ELENA_3,ELENA,TRAINER_CLASS_SMASHER,,,,,,,"blackwhite_trainer_index=316; source_rom_paths=a/0/9/2,a/0/9/3; battle_type=0; trainer_class_id=6; ai=7; healer=false; money=25; prize=0; location_unpaired=true",11,6,
TRAINER_SMASHER_ELENA_4,ELENA,TRAINER_CLASS_SMASHER,,,,,,,"blackwhite_trainer_index=317; source_rom_paths=a/0/9/2,a/0/9/3; battle_type=0; trainer_class_id=6; ai=7; healer=false; money=25; prize=0; map_refs=Nimbasa City[zone=86]; event_location_unmatched=true; location_unpaired=true",11,6,
TRAINER_SMASHER_ASPEN_2,ASPEN,TRAINER_CLASS_SMASHER,,,,,,,"blackwhite_trainer_index=318; source_rom_paths=a/0/9/2,a/0/9/3; battle_type=0; trainer_class_id=6; ai=7; healer=false; money=25; prize=0; map_refs=Nimbasa City[zone=86]; event_location_unmatched=true; location_unpaired=true",11,6,
TRAINER_INFIELDER_TODD,TODD,TRAINER_CLASS_INFIELDER,,,,,,,"blackwhite_trainer_index=319; source_rom_paths=a/0/9/2,a/0/9/3; battle_type=0; trainer_class_id=73; ai=7; healer=false; money=25; prize=0; map_refs=Nimbasa City[zone=82]; event_location_unmatched=true; location_unpaired=true",11,6,
TRAINER_INFIELDER_ALEX_2,ALEX,TRAINER_CLASS_INFIELDER,,,,,,,"blackwhite_trainer_index=320; source_rom_paths=a/0/9/2,a/0/9/3; battle_type=0; trainer_class_id=73; ai=7; healer=false; money=25; prize=0; location_unpaired=true",11,6,
TRAINER_INFIELDER_ALEX_3,ALEX,TRAINER_CLASS_INFIELDER,,,,,,,"blackwhite_trainer_index=321; source_rom_paths=a/0/9/2,a/0/9/3; battle_type=0; trainer_class_id=73; ai=7; healer=false; money=25; prize=0; location_unpaired=true",11,6,
TRAINER_INFIELDER_ALEX_4,ALEX,TRAINER_CLASS_INFIELDER,,,,,,,"blackwhite_trainer_index=322; source_rom_paths=a/0/9/2,a/0/9/3; battle_type=0; trainer_class_id=73; ai=7; healer=false; money=25; prize=0; map_refs=Nimbasa City[zone=82]; event_location_unmatched=true; location_unpaired=true",11,6,
TRAINER_INFIELDER_CONNOR_2,CONNOR,TRAINER_CLASS_INFIELDER,,,,,,,"blackwhite_trainer_index=323; source_rom_paths=a/0/9/2,a/0/9/3; battle_type=0; trainer_class_id=73; ai=7; healer=false; money=25; prize=0; map_refs=Nimbasa City[zone=82]; event_location_unmatched=true; location_unpaired=true",11,6,
TRAINER_STRIKER_MARCO,MARCO,TRAINER_CLASS_STRIKER,,,,,,,"blackwhite_trainer_index=324; source_rom_paths=a/0/9/2,a/0/9/3; battle_type=0; trainer_class_id=53; ai=7; healer=false; money=25; prize=0; map_refs=Nimbasa City[zone=83]; event_location_unmatched=true; location_unpaired=true",11,6,
TRAINER_STRIKER_TONY_2,TONY,TRAINER_CLASS_STRIKER,,,,,,,"blackwhite_trainer_index=325; source_rom_paths=a/0/9/2,a/0/9/3; battle_type=0; trainer_class_id=53; ai=7; healer=false; money=25; prize=0; location_unpaired=true",11,6,
TRAINER_STRIKER_TONY_3,TONY,TRAINER_CLASS_STRIKER,,,,,,,"blackwhite_trainer_index=326; source_rom_paths=a/0/9/2,a/0/9/3; battle_type=0; trainer_class_id=53; ai=7; healer=false; money=25; prize=0; location_unpaired=true",11,6,
TRAINER_STRIKER_TONY_4,TONY,TRAINER_CLASS_STRIKER,,,,,,,"blackwhite_trainer_index=327; source_rom_paths=a/0/9/2,a/0/9/3; battle_type=0; trainer_class_id=53; ai=7; healer=false; money=25; prize=0; map_refs=Nimbasa City[zone=83]; event_location_unmatched=true; location_unpaired=true",11,6,
TRAINER_STRIKER_ROBERTO_2,ROBERTO,TRAINER_CLASS_STRIKER,,,,,,,"blackwhite_trainer_index=328; source_rom_paths=a/0/9/2,a/0/9/3; battle_type=0; trainer_class_id=53; ai=7; healer=false; money=25; prize=0; map_refs=Nimbasa City[zone=83]; event_location_unmatched=true; location_unpaired=true",11,6,
TRAINER_LINEBACKER_JONAH,JONAH,TRAINER_CLASS_LINEBACKER,,,,,,,"blackwhite_trainer_index=329; source_rom_paths=a/0/9/2,a/0/9/3; battle_type=0; trainer_class_id=7; ai=7; healer=false; money=25; prize=0; map_refs=Nimbasa City[zone=81]; event_location_unmatched=true; location_unpaired=true",11,6,
TRAINER_LINEBACKER_DAN_2,DAN,TRAINER_CLASS_LINEBACKER,,,,,,,"blackwhite_trainer_index=330; source_rom_paths=a/0/9/2,a/0/9/3; battle_type=0; trainer_class_id=7; ai=7; healer=false; money=25; prize=0; location_unpaired=true",11,6,
TRAINER_LINEBACKER_DAN_3,DAN,TRAINER_CLASS_LINEBACKER,,,,,,,"blackwhite_trainer_index=331; source_rom_paths=a/0/9/2,a/0/9/3; battle_type=0; trainer_class_id=7; ai=7; healer=false; money=25; prize=0; location_unpaired=true",11,6,
TRAINER_LINEBACKER_DAN_4,DAN,TRAINER_CLASS_LINEBACKER,,,,,,,"blackwhite_trainer_index=332; source_rom_paths=a/0/9/2,a/0/9/3; battle_type=0; trainer_class_id=7; ai=7; healer=false; money=25; prize=0; map_refs=Nimbasa City[zone=81]; event_location_unmatched=true; location_unpaired=true",11,6,
TRAINER_LINEBACKER_BOB_2,BOB,TRAINER_CLASS_LINEBACKER,,,,,,,"blackwhite_trainer_index=333; source_rom_paths=a/0/9/2,a/0/9/3; battle_type=0; trainer_class_id=7; ai=7; healer=false; money=25; prize=0; map_refs=Nimbasa City[zone=81]; event_location_unmatched=true; location_unpaired=true",11,6,
TRAINER_HOOPSTER_LAMARCUS,LAMARCUS,TRAINER_CLASS_HOOPSTER,,,,,,,"blackwhite_trainer_index=334; source_rom_paths=a/0/9/2,a/0/9/3; battle_type=0; trainer_class_id=45; ai=7; healer=false; money=25; prize=0; map_refs=Nimbasa City[zone=87]; event_location_unmatched=true; location_unpaired=true",11,6,
TRAINER_HOOPSTER_BOBBY_2,BOBBY,TRAINER_CLASS_HOOPSTER,,,,,,,"blackwhite_trainer_index=335; source_rom_paths=a/0/9/2,a/0/9/3; battle_type=0; trainer_class_id=45; ai=7; healer=false; money=25; prize=0; location_unpaired=true",11,6,
TRAINER_HOOPSTER_BOBBY_3,BOBBY,TRAINER_CLASS_HOOPSTER,,,,,,,"blackwhite_trainer_index=336; source_rom_paths=a/0/9/2,a/0/9/3; battle_type=0; trainer_class_id=45; ai=7; healer=false; money=25; prize=0; location_unpaired=true",11,6,
TRAINER_HOOPSTER_BOBBY_4,BOBBY,TRAINER_CLASS_HOOPSTER,,,,,,,"blackwhite_trainer_index=337; source_rom_paths=a/0/9/2,a/0/9/3; battle_type=0; trainer_class_id=45; ai=7; healer=false; money=25; prize=0; map_refs=Nimbasa City[zone=87]; event_location_unmatched=true; location_unpaired=true",11,6,
TRAINER_HOOPSTER_JOHN_2,JOHN,TRAINER_CLASS_HOOPSTER,,,,,,,"blackwhite_trainer_index=338; source_rom_paths=a/0/9/2,a/0/9/3; battle_type=0; trainer_class_id=45; ai=7; healer=false; money=25; prize=0; map_refs=Nimbasa City[zone=87]; event_location_unmatched=true; location_unpaired=true",11,6,
TRAINER_BACKERS_HAWK_DAR_2,HAWK & DAR,TRAINER_CLASS_BACKERS,,,,,,1,"blackwhite_trainer_index=339; source_rom_paths=a/0/9/2,a/0/9/3; battle_type=1; trainer_class_id=68; ai=129; healer=false; money=12; prize=0; location_unpaired=true",11,6,
TRAINER_BACKERS_HAWK_DAR_3,HAWK & DAR,TRAINER_CLASS_BACKERS,,,,,,1,"blackwhite_trainer_index=340; source_rom_paths=a/0/9/2,a/0/9/3; battle_type=1; trainer_class_id=68; ai=129; healer=false; money=12; prize=0; map_refs=Nimbasa City[zone=81]; event_location_unmatched=true; location_unpaired=true",11,6,
TRAINER_BACKERS_JOE_ROSS_2,JOE & ROSS,TRAINER_CLASS_BACKERS,,,,,,1,"blackwhite_trainer_index=341; source_rom_paths=a/0/9/2,a/0/9/3; battle_type=1; trainer_class_id=68; ai=129; healer=false; money=12; prize=0; location_unpaired=true",11,6,
TRAINER_BACKERS_JOE_ROSS_3,JOE & ROSS,TRAINER_CLASS_BACKERS,,,,,,1,"blackwhite_trainer_index=342; source_rom_paths=a/0/9/2,a/0/9/3; battle_type=1; trainer_class_id=68; ai=129; healer=false; money=12; prize=0; map_refs=Nimbasa City[zone=86]; event_location_unmatched=true; location_unpaired=true",11,6,
TRAINER_BACKERS_MASA_YAS_2,MASA & YAS,TRAINER_CLASS_BACKERS,,,,,,1,"blackwhite_trainer_index=343; source_rom_paths=a/0/9/2,a/0/9/3; battle_type=1; trainer_class_id=68; ai=129; healer=false; money=12; prize=0; location_unpaired=true",11,6,
TRAINER_BACKERS_MASA_YAS_3,MASA & YAS,TRAINER_CLASS_BACKERS,,,,,,1,"blackwhite_trainer_index=344; source_rom_paths=a/0/9/2,a/0/9/3; battle_type=1; trainer_class_id=68; ai=129; healer=false; money=12; prize=0; map_refs=Nimbasa City[zone=87]; event_location_unmatched=true; location_unpaired=true",11,6,
TRAINER_BACKERS_LES_WEB,LES & WEB,TRAINER_CLASS_BACKERS,,,,,,1,"blackwhite_trainer_index=345; source_rom_paths=a/0/9/2,a/0/9/3; battle_type=1; trainer_class_id=68; ai=129; healer=false; money=12; prize=0; map_refs=Nimbasa City[zone=83]; event_location_unmatched=true; location_unpaired=true",11,6,
TRAINER_BACKERS_ALF_FRED,ALF & FRED,TRAINER_CLASS_BACKERS,,,,,,1,"blackwhite_trainer_index=346; source_rom_paths=a/0/9/2,a/0/9/3; battle_type=1; trainer_class_id=68; ai=129; healer=false; money=12; prize=0; map_refs=Nimbasa City[zone=82]; event_location_unmatched=true; location_unpaired=true",11,6,
TRAINER_BACKERS_KAY_ALI_2,KAY & ALI,TRAINER_CLASS_BACKERS,,,,,,1,"blackwhite_trainer_index=347; source_rom_paths=a/0/9/2,a/0/9/3; battle_type=1; trainer_class_id=69; ai=129; healer=false; money=12; prize=0; location_unpaired=true",11,6,
TRAINER_BACKERS_KAY_ALI_3,KAY & ALI,TRAINER_CLASS_BACKERS,,,,,,1,"blackwhite_trainer_index=348; source_rom_paths=a/0/9/2,a/0/9/3; battle_type=1; trainer_class_id=69; ai=129; healer=false; money=12; prize=0; map_refs=Nimbasa City[zone=83]; event_location_unmatched=true; location_unpaired=true",11,6,
TRAINER_BACKERS_AMI_EIRA_2,AMI & EIRA,TRAINER_CLASS_BACKERS,,,,,,1,"blackwhite_trainer_index=349; source_rom_paths=a/0/9/2,a/0/9/3; battle_type=1; trainer_class_id=69; ai=129; healer=false; money=12; prize=0; location_unpaired=true",11,6,
TRAINER_BACKERS_AMI_EIRA_3,AMI & EIRA,TRAINER_CLASS_BACKERS,,,,,,1,"blackwhite_trainer_index=350; source_rom_paths=a/0/9/2,a/0/9/3; battle_type=1; trainer_class_id=69; ai=129; healer=false; money=12; prize=0; map_refs=Nimbasa City[zone=82]; event_location_unmatched=true; location_unpaired=true",11,6,
TRAINER_BACKERS_CAM_ABBY,CAM & ABBY,TRAINER_CLASS_BACKERS,,,,,,1,"blackwhite_trainer_index=351; source_rom_paths=a/0/9/2,a/0/9/3; battle_type=1; trainer_class_id=69; ai=129; healer=false; money=12; prize=0; map_refs=Nimbasa City[zone=81]; event_location_unmatched=true; location_unpaired=true",11,6,
TRAINER_BACKERS_AI_CIEL,AI & CIEL,TRAINER_CLASS_BACKERS,,,,,,1,"blackwhite_trainer_index=352; source_rom_paths=a/0/9/2,a/0/9/3; battle_type=1; trainer_class_id=69; ai=129; healer=false; money=12; prize=0; map_refs=Nimbasa City[zone=86]; event_location_unmatched=true; location_unpaired=true",11,6,
TRAINER_BACKERS_KAT_PHAE,KAT & PHAE,TRAINER_CLASS_BACKERS,,,,,,1,"blackwhite_trainer_index=353; source_rom_paths=a/0/9/2,a/0/9/3; battle_type=1; trainer_class_id=69; ai=129; healer=false; money=12; prize=0; map_refs=Nimbasa City[zone=87]; event_location_unmatched=true; location_unpaired=true",11,6,
TRAINER_LASS_DANA,DANA,TRAINER_CLASS_LASS,,,,,,,"blackwhite_trainer_index=354; source_rom_paths=a/0/9/2,a/0/9/3; battle_type=0; trainer_class_id=3; ai=0; healer=false; money=4; prize=2; location_unpaired=true",11,6,
TRAINER_SCHOOL_KID_M_ALAN,ALAN,TRAINER_CLASS_SCHOOL_KID_M,,,,,,,"blackwhite_trainer_index=355; source_rom_paths=a/0/9/2,a/0/9/3; battle_type=0; trainer_class_id=4; ai=5; healer=false; money=5; prize=0; location_unpaired=true",11,6,
TRAINER_SCHOOL_KID_F_SALLY,SALLY,TRAINER_CLASS_SCHOOL_KID_F,,,,,,,"blackwhite_trainer_index=356; source_rom_paths=a/0/9/2,a/0/9/3; battle_type=0; trainer_class_id=5; ai=5; healer=false; money=5; prize=0; location_unpaired=true",11,6,
TRAINER_ACE_TRAINER_M_LUCILLE,LUCILLE,TRAINER_CLASS_ACE_TRAINER_M,,,,,,,"blackwhite_trainer_index=357; source_rom_paths=a/0/9/2,a/0/9/3; battle_type=0; trainer_class_id=49; ai=7; healer=false; money=15; prize=51; location_unpaired=true",11,6,
TRAINER_ACE_TRAINER_F_CHARLIE,CHARLIE,TRAINER_CLASS_ACE_TRAINER_F,,,,,,,"blackwhite_trainer_index=358; source_rom_paths=a/0/9/2,a/0/9/3; battle_type=0; trainer_class_id=50; ai=7; healer=false; money=15; prize=51; location_unpaired=true",11,6,
TRAINER_VETERAN_M_ARLEN,ARLEN,TRAINER_CLASS_VETERAN_M,,,,,,,"blackwhite_trainer_index=359; source_rom_paths=a/0/9/2,a/0/9/3; battle_type=0; trainer_class_id=70; ai=7; healer=false; money=20; prize=53; location_unpaired=true",11,6,
TRAINER_VETERAN_F_SAYURI,SAYURI,TRAINER_CLASS_VETERAN_F,,,,,,,"blackwhite_trainer_index=360; source_rom_paths=a/0/9/2,a/0/9/3; battle_type=0; trainer_class_id=71; ai=7; healer=false; money=20; prize=53; location_unpaired=true",11,6,
TRAINER_PKMN_BREEDER_M_OWEN,OWEN,TRAINER_CLASS_PKMN_BREEDER_M,,,,,,,"blackwhite_trainer_index=361; source_rom_paths=a/0/9/2,a/0/9/3; battle_type=0; trainer_class_id=17; ai=5; healer=false; money=12; prize=0; location_unpaired=true",11,6,
TRAINER_PKMN_BREEDER_F_BROOKE,BROOKE,TRAINER_CLASS_PKMN_BREEDER_F,,,,,,,"blackwhite_trainer_index=362; source_rom_paths=a/0/9/2,a/0/9/3; battle_type=0; trainer_class_id=18; ai=5; healer=false; money=12; prize=0; location_unpaired=true",11,6,
TRAINER_WAITER_CLINT,CLINT,TRAINER_CLASS_WAITER,,,,,,,"blackwhite_trainer_index=363; source_rom_paths=a/0/9/2,a/0/9/3; battle_type=0; trainer_class_id=8; ai=1; healer=false; money=10; prize=30; map_refs=Nimbasa City[zone=81],Nimbasa City[zone=82],Nimbasa City[zone=83],Nimbasa City[zone=86],Nimbasa City[zone=87]; event_location_unmatched=true; location_unpaired=true",11,6,
TRAINER_WAITRESS_BONITA,BONITA,TRAINER_CLASS_WAITRESS,,,,,,,"blackwhite_trainer_index=364; source_rom_paths=a/0/9/2,a/0/9/3; battle_type=0; trainer_class_id=9; ai=1; healer=false; money=10; prize=30; location_unpaired=true",11,6,
TRAINER_SCIENTIST_SIMON,SIMON,TRAINER_CLASS_SCIENTIST,,,,X_DEFEND,,,"blackwhite_trainer_index=365; source_rom_paths=a/0/9/2,a/0/9/3; battle_type=0; trainer_class_id=52; ai=5; healer=false; money=12; prize=38; location_unpaired=true",11,6,
TRAINER_SCIENTIST_BLYTHE,BLYTHE,TRAINER_CLASS_SCIENTIST,,,,X_SPECIAL,,,"blackwhite_trainer_index=366; source_rom_paths=a/0/9/2,a/0/9/3; battle_type=0; trainer_class_id=46; ai=5; healer=false; money=12; prize=38; location_unpaired=true",11,6,
TRAINER_LADY_SOPHIE,SOPHIE,TRAINER_CLASS_LADY,,,,,,,"blackwhite_trainer_index=367; source_rom_paths=a/0/9/2,a/0/9/3; battle_type=0; trainer_class_id=42; ai=1; healer=false; money=40; prize=0; location_unpaired=true",11,6,
TRAINER_RICH_BOY_ANTHONY,ANTHONY,TRAINER_CLASS_RICH_BOY,,,,,,,"blackwhite_trainer_index=368; source_rom_paths=a/0/9/2,a/0/9/3; battle_type=0; trainer_class_id=41; ai=1; healer=false; money=40; prize=0; location_unpaired=true",11,6,
TRAINER_SOCIALITE_EMILIA,EMILIA,TRAINER_CLASS_SOCIALITE,,,,FULL_RESTORE,,,"blackwhite_trainer_index=369; source_rom_paths=a/0/9/2,a/0/9/3; battle_type=0; trainer_class_id=75; ai=1; healer=false; money=50; prize=89; location_unpaired=true",11,6,
TRAINER_GENTLEMAN_RENAUD,RENAUD,TRAINER_CLASS_GENTLEMAN,,,,FULL_RESTORE,,,"blackwhite_trainer_index=370; source_rom_paths=a/0/9/2,a/0/9/3; battle_type=0; trainer_class_id=76; ai=1; healer=false; money=50; prize=92; location_unpaired=true",11,6,
TRAINER_BLACK_BELT_LAO,LAO,TRAINER_CLASS_BLACK_BELT,,,,,,,"blackwhite_trainer_index=371; source_rom_paths=a/0/9/2,a/0/9/3; battle_type=0; trainer_class_id=51; ai=3; healer=false; money=8; prize=0; location_unpaired=true",11,6,
TRAINER_BATTLE_GIRL_JANIE,JANIE,TRAINER_CLASS_BATTLE_GIRL,,,,,,,"blackwhite_trainer_index=372; source_rom_paths=a/0/9/2,a/0/9/3; battle_type=0; trainer_class_id=64; ai=3; healer=false; money=8; prize=0; location_unpaired=true",11,6,
TRAINER_POKEFAN_M_COLIN,COLIN,TRAINER_CLASS_POKEFAN_M,,,,HYPER_POTION,,,"blackwhite_trainer_index=373; source_rom_paths=a/0/9/2,a/0/9/3; battle_type=0; trainer_class_id=59; ai=1; healer=false; money=16; prize=0; location_unpaired=true",11,6,
TRAINER_POKEFAN_F_DARCY,DARCY,TRAINER_CLASS_POKEFAN_F,,,,HYPER_POTION,,,"blackwhite_trainer_index=374; source_rom_paths=a/0/9/2,a/0/9/3; battle_type=0; trainer_class_id=60; ai=1; healer=false; money=16; prize=0; location_unpaired=true",11,6,
TRAINER_PILOT_LEONARD,LEONARD,TRAINER_CLASS_PILOT,,,,,,,"blackwhite_trainer_index=375; source_rom_paths=a/0/9/2,a/0/9/3; battle_type=0; trainer_class_id=43; ai=1; healer=false; money=15; prize=0; location_unpaired=true",11,6,
TRAINER_WORKER_TYLER,TYLER,TRAINER_CLASS_WORKER,,,,,,,"blackwhite_trainer_index=376; source_rom_paths=a/0/9/2,a/0/9/3; battle_type=0; trainer_class_id=26; ai=1; healer=false; money=10; prize=0; location_unpaired=true",11,6,
TRAINER_BAKER_LILLY,LILLY,TRAINER_CLASS_BAKER,,,,,,,"blackwhite_trainer_index=377; source_rom_paths=a/0/9/2,a/0/9/3; battle_type=0; trainer_class_id=34; ai=1; healer=false; money=10; prize=33; location_unpaired=true",11,6,
TRAINER_NURSERY_AIDE_LEAH,LEAH,TRAINER_CLASS_NURSERY_AIDE,,,,,,,"blackwhite_trainer_index=378; source_rom_paths=a/0/9/2,a/0/9/3; battle_type=0; trainer_class_id=13; ai=1; healer=false; money=10; prize=50; location_unpaired=true",11,6,
TRAINER_CLERK_M_NELSON,NELSON,TRAINER_CLASS_CLERK_M,,,,,,,"blackwhite_trainer_index=379; source_rom_paths=a/0/9/2,a/0/9/3; battle_type=0; trainer_class_id=66; ai=1; healer=false; money=10; prize=0; location_unpaired=true",11,6,
TRAINER_CLERK_F_WREN,WREN,TRAINER_CLASS_CLERK_F,,,,,,,"blackwhite_trainer_index=380; source_rom_paths=a/0/9/2,a/0/9/3; battle_type=0; trainer_class_id=48; ai=1; healer=false; money=10; prize=0; location_unpaired=true",11,6,
TRAINER_JANITOR_CALEB,CALEB,TRAINER_CLASS_JANITOR,,,,,,,"blackwhite_trainer_index=381; source_rom_paths=a/0/9/2,a/0/9/3; battle_type=0; trainer_class_id=58; ai=1; healer=false; money=10; prize=0; location_unpaired=true",11,6,
TRAINER_BACKPACKER_F_PATTY,PATTY,TRAINER_CLASS_BACKPACKER_F,,,,,,,"blackwhite_trainer_index=382; source_rom_paths=a/0/9/2,a/0/9/3; battle_type=0; trainer_class_id=28; ai=1; healer=false; money=6; prize=77; location_unpaired=true",11,6,
TRAINER_BACKPACKER_M_ALEXANDER,ALEXANDER,TRAINER_CLASS_BACKPACKER_M,,,,,,,"blackwhite_trainer_index=383; source_rom_paths=a/0/9/2,a/0/9/3; battle_type=0; trainer_class_id=27; ai=1; healer=false; money=6; prize=77; location_unpaired=true",11,6,
TRAINER_DOCTOR_JULES,JULES,TRAINER_CLASS_DOCTOR,,,,"FULL_HEAL,HYPER_POTION",,,"blackwhite_trainer_index=384; source_rom_paths=a/0/9/2,a/0/9/3; battle_type=0; trainer_class_id=61; ai=7; healer=false; money=15; prize=29; location_unpaired=true",11,6,
TRAINER_NURSE_KIRSTEN,KIRSTEN,TRAINER_CLASS_NURSE,,,,,,,"blackwhite_trainer_index=385; source_rom_paths=a/0/9/2,a/0/9/3; battle_type=0; trainer_class_id=62; ai=7; healer=false; money=10; prize=23; location_unpaired=true",11,6,
TRAINER_PSYCHIC_M_GERARD,GERARD,TRAINER_CLASS_PSYCHIC_M,,,,,,,"blackwhite_trainer_index=386; source_rom_paths=a/0/9/2,a/0/9/3; battle_type=0; trainer_class_id=35; ai=5; healer=false; money=8; prize=0; location_unpaired=true",11,6,
TRAINER_PSYCHIC_F_MADHU,MADHU,TRAINER_CLASS_PSYCHIC_F,,,,,,,"blackwhite_trainer_index=387; source_rom_paths=a/0/9/2,a/0/9/3; battle_type=0; trainer_class_id=36; ai=5; healer=false; money=8; prize=0; location_unpaired=true",11,6,
TRAINER_DEPOT_AGENT_JOSH,JOSH,TRAINER_CLASS_DEPOT_AGENT,,,,,,,"blackwhite_trainer_index=388; source_rom_paths=a/0/9/2,a/0/9/3; battle_type=0; trainer_class_id=83; ai=1; healer=false; money=10; prize=0; location_unpaired=true",11,6,
TRAINER_SWIMMER_M_WRIGHT,WRIGHT,TRAINER_CLASS_SWIMMER_M,30,,,,,,"blackwhite_trainer_index=389; source_rom_paths=a/0/9/2,a/0/9/3; battle_type=0; trainer_class_id=84; ai=1; healer=false; money=4; prize=0; map_refs=Route 17[zone=423]; matched_location=Route 17",11,6,
TRAINER_SWIMMER_F_JOYCE,JOYCE,TRAINER_CLASS_SWIMMER_F,30,,,,,,"blackwhite_trainer_index=390; source_rom_paths=a/0/9/2,a/0/9/3; battle_type=0; trainer_class_id=85; ai=1; healer=false; money=4; prize=0; map_refs=Route 17[zone=423]; matched_location=Route 17",11,6,
TRAINER_DANCER_DAVEY,DAVEY,TRAINER_CLASS_DANCER,,,,,,,"blackwhite_trainer_index=391; source_rom_paths=a/0/9/2,a/0/9/3; battle_type=0; trainer_class_id=31; ai=1; healer=false; money=8; prize=0; location_unpaired=true",11,6,
TRAINER_MUSICIAN_BORIS,BORIS,TRAINER_CLASS_MUSICIAN,,,,,,,"blackwhite_trainer_index=392; source_rom_paths=a/0/9/2,a/0/9/3; battle_type=0; trainer_class_id=30; ai=1; healer=false; money=8; prize=0; location_unpaired=true",11,6,
TRAINER_HARLEQUIN_CHARLEY,CHARLEY,TRAINER_CLASS_HARLEQUIN,,,,,,,"blackwhite_trainer_index=393; source_rom_paths=a/0/9/2,a/0/9/3; battle_type=0; trainer_class_id=32; ai=1; healer=false; money=8; prize=0; location_unpaired=true",11,6,
TRAINER_ARTIST_PIERRE,PIERRE,TRAINER_CLASS_ARTIST,,,,,,,"blackwhite_trainer_index=394; source_rom_paths=a/0/9/2,a/0/9/3; battle_type=0; trainer_class_id=33; ai=1; healer=false; money=12; prize=0; location_unpaired=true",11,6,
TRAINER_POLICEMAN_JEFF,JEFF,TRAINER_CLASS_POLICEMAN,,,,,,,"blackwhite_trainer_index=395; source_rom_paths=a/0/9/2,a/0/9/3; battle_type=0; trainer_class_id=86; ai=7; healer=false; money=10; prize=0; location_unpaired=true",11,6,
TRAINER_MAID_ALICA,ALICA,TRAINER_CLASS_MAID,,,,,,,"blackwhite_trainer_index=396; source_rom_paths=a/0/9/2,a/0/9/3; battle_type=0; trainer_class_id=87; ai=1; healer=false; money=10; prize=0; location_unpaired=true",11,6,
TRAINER_PARASOL_LADY_GWYNETH,GWYNETH,TRAINER_CLASS_PARASOL_LADY,,,,,,,"blackwhite_trainer_index=397; source_rom_paths=a/0/9/2,a/0/9/3; battle_type=0; trainer_class_id=65; ai=1; healer=false; money=8; prize=0; location_unpaired=true",11,6,
TRAINER_HIKER_RUSSEL,RUSSEL,TRAINER_CLASS_HIKER,,,,,,,"blackwhite_trainer_index=398; source_rom_paths=a/0/9/2,a/0/9/3; battle_type=0; trainer_class_id=74; ai=1; healer=false; money=8; prize=0; location_unpaired=true",11,6,
TRAINER_PRESCHOOLER_M_MIA,MIA,TRAINER_CLASS_PRESCHOOLER_M,,,,,,,"blackwhite_trainer_index=399; source_rom_paths=a/0/9/2,a/0/9/3; battle_type=0; trainer_class_id=14; ai=0; healer=false; money=1; prize=0; location_unpaired=true",11,6,
TRAINER_PRESCHOOLER_F_EVAN,EVAN,TRAINER_CLASS_PRESCHOOLER_F,,,,,,,"blackwhite_trainer_index=400; source_rom_paths=a/0/9/2,a/0/9/3; battle_type=0; trainer_class_id=15; ai=0; healer=false; money=1; prize=0; location_unpaired=true",11,6,
TRAINER_PRESCHOOLER_M_SARAH,SARAH,TRAINER_CLASS_PRESCHOOLER_M,,,,,,,"blackwhite_trainer_index=401; source_rom_paths=a/0/9/2,a/0/9/3; battle_type=0; trainer_class_id=14; ai=135; healer=false; money=1; prize=0; location_unpaired=true",11,6,
TRAINER_PRESCHOOLER_F_BILLY,BILLY,TRAINER_CLASS_PRESCHOOLER_F,,,,,,,"blackwhite_trainer_index=402; source_rom_paths=a/0/9/2,a/0/9/3; battle_type=0; trainer_class_id=15; ai=135; healer=false; money=1; prize=0; location_unpaired=true",11,6,
TRAINER_PKMN_TRAINER_CHEREN_13,CHEREN,TRAINER_CLASS_PKMN_TRAINER,,,,,,,"blackwhite_trainer_index=403; source_rom_paths=a/0/9/2,a/0/9/3; battle_type=0; trainer_class_id=37; ai=7; healer=false; money=25; prize=0; location_unpaired=true",11,6,
TRAINER_PKMN_TRAINER_CHEREN_14,CHEREN,TRAINER_CLASS_PKMN_TRAINER,,,,,,,"blackwhite_trainer_index=404; source_rom_paths=a/0/9/2,a/0/9/3; battle_type=0; trainer_class_id=37; ai=7; healer=false; money=25; prize=0; location_unpaired=true",11,6,
TRAINER_PKMN_TRAINER_CHEREN_15,CHEREN,TRAINER_CLASS_PKMN_TRAINER,,,,,,,"blackwhite_trainer_index=405; source_rom_paths=a/0/9/2,a/0/9/3; battle_type=0; trainer_class_id=37; ai=7; healer=false; money=25; prize=0; location_unpaired=true",11,6,
TRAINER_SUBWAY_BOSS_INGO,INGO,TRAINER_CLASS_SUBWAY_BOSS,,,,,,,"blackwhite_trainer_index=406; source_rom_paths=a/0/9/2,a/0/9/3; battle_type=0; trainer_class_id=88; ai=7; healer=false; money=50; prize=0; location_unpaired=true",11,6,
TRAINER_CHAMPION_ALDER,ALDER,TRAINER_CLASS_CHAMPION,,,,"FULL_RESTORE,FULL_RESTORE,FULL_RESTORE,FULL_RESTORE",,,"blackwhite_trainer_index=407; source_rom_paths=a/0/9/2,a/0/9/3; battle_type=0; trainer_class_id=89; ai=7; healer=false; money=50; prize=0; location_unpaired=true",11,6,
TRAINER_CYCLIST_M_HECTOR,HECTOR,TRAINER_CLASS_CYCLIST_M,,,,,,,"blackwhite_trainer_index=408; source_rom_paths=a/0/9/2,a/0/9/3; battle_type=0; trainer_class_id=90; ai=1; healer=false; money=8; prize=0; location_unpaired=true",11,6,
TRAINER_CYCLIST_F_KRISSA,KRISSA,TRAINER_CLASS_CYCLIST_F,,,,,,,"blackwhite_trainer_index=409; source_rom_paths=a/0/9/2,a/0/9/3; battle_type=0; trainer_class_id=91; ai=1; healer=false; money=8; prize=0; location_unpaired=true",11,6,
TRAINER_ACE_TRAINER_M_JUNKO,JUNKO,TRAINER_CLASS_ACE_TRAINER_M,35,,,,,,"blackwhite_trainer_index=410; source_rom_paths=a/0/9/2,a/0/9/3; battle_type=0; trainer_class_id=49; ai=7; healer=false; money=15; prize=0; map_refs=Route 14[zone=374]; matched_location=Route 14",11,6,
TRAINER_ACE_TRAINER_F_KIPP,KIPP,TRAINER_CLASS_ACE_TRAINER_F,35,,,,,,"blackwhite_trainer_index=411; source_rom_paths=a/0/9/2,a/0/9/3; battle_type=0; trainer_class_id=50; ai=7; healer=false; money=15; prize=0; map_refs=Route 14[zone=374]; matched_location=Route 14",11,6,
TRAINER_POLICEMAN_DANIEL,DANIEL,TRAINER_CLASS_POLICEMAN,29,,,,,,"blackwhite_trainer_index=412; source_rom_paths=a/0/9/2,a/0/9/3; battle_type=0; trainer_class_id=86; ai=7; healer=false; money=10; prize=0; map_refs=Route 16[zone=383]; matched_location=Route 16",11,6,
TRAINER_SWIMMER_M_BERKE,BERKE,TRAINER_CLASS_SWIMMER_M,30,,,,,,"blackwhite_trainer_index=413; source_rom_paths=a/0/9/2,a/0/9/3; battle_type=0; trainer_class_id=84; ai=1; healer=false; money=4; prize=0; map_refs=Route 17[zone=423]; matched_location=Route 17",11,6,
TRAINER_BLACK_BELT_BENJAMIN,BENJAMIN,TRAINER_CLASS_BLACK_BELT,36,,,,,,"blackwhite_trainer_index=414; source_rom_paths=a/0/9/2,a/0/9/3; battle_type=0; trainer_class_id=51; ai=3; healer=false; money=8; prize=0; map_refs=Route 13[zone=370]; matched_location=Route 13",11,6,
TRAINER_BLACK_BELT_JAY,JAY,TRAINER_CLASS_BLACK_BELT,35,,,,,,"blackwhite_trainer_index=415; source_rom_paths=a/0/9/2,a/0/9/3; battle_type=0; trainer_class_id=51; ai=3; healer=false; money=8; prize=0; map_refs=Route 14[zone=374]; matched_location=Route 14",11,6,
TRAINER_ARTIST_ZACH,ZACH,TRAINER_CLASS_ARTIST,36,,,,,,"blackwhite_trainer_index=416; source_rom_paths=a/0/9/2,a/0/9/3; battle_type=0; trainer_class_id=33; ai=1; healer=false; money=12; prize=0; map_refs=Route 13[zone=370]; matched_location=Route 13",11,6,
TRAINER_SCIENTIST_KATHRINE,KATHRINE,TRAINER_CLASS_SCIENTIST,234,,,DIRE_HIT,,,"blackwhite_trainer_index=417; source_rom_paths=a/0/9/2,a/0/9/3; battle_type=0; trainer_class_id=46; ai=5; healer=false; money=12; prize=0; map_refs=Dreamyard[zone=153]; matched_location=Dreamyard",11,6,
TRAINER_SCIENTIST_CHAN,CHAN,TRAINER_CLASS_SCIENTIST,,,,X_SPEED,,,"blackwhite_trainer_index=418; source_rom_paths=a/0/9/2,a/0/9/3; battle_type=0; trainer_class_id=46; ai=5; healer=false; money=12; prize=0; location_unpaired=true",11,6,
TRAINER_SCIENTIST_MARKUS,MARKUS,TRAINER_CLASS_SCIENTIST,234,,,X_ATTACK,,,"blackwhite_trainer_index=419; source_rom_paths=a/0/9/2,a/0/9/3; battle_type=0; trainer_class_id=52; ai=5; healer=false; money=12; prize=0; map_refs=Dreamyard[zone=153]; matched_location=Dreamyard",11,6,
TRAINER_SCIENTIST_LUKE,LUKE,TRAINER_CLASS_SCIENTIST,,,,X_SPECIAL,,,"blackwhite_trainer_index=420; source_rom_paths=a/0/9/2,a/0/9/3; battle_type=0; trainer_class_id=52; ai=5; healer=false; money=12; prize=0; location_unpaired=true",11,6,
TRAINER_SCIENTIST_NATHAN,NATHAN,TRAINER_CLASS_SCIENTIST,245,,,X_ATTACK,,,"blackwhite_trainer_index=421; source_rom_paths=a/0/9/2,a/0/9/3; battle_type=0; trainer_class_id=52; ai=5; healer=false; money=12; prize=0; map_refs=P2 Laboratory[zone=238]; matched_location=P2 Laboratory",11,6,
TRAINER_PSYCHIC_F_FUTURE,FUTURE,TRAINER_CLASS_PSYCHIC_F,,,,,,,"blackwhite_trainer_index=422; source_rom_paths=a/0/9/2,a/0/9/3; battle_type=0; trainer_class_id=36; ai=5; healer=false; money=8; prize=0; location_unpaired=true",11,6,
TRAINER_PSYCHIC_M_RUDOLF,RUDOLF,TRAINER_CLASS_PSYCHIC_M,234,,,,,,"blackwhite_trainer_index=423; source_rom_paths=a/0/9/2,a/0/9/3; battle_type=0; trainer_class_id=35; ai=5; healer=false; money=8; prize=0; map_refs=Dreamyard[zone=153]; matched_location=Dreamyard",11,6,
TRAINER_PSYCHIC_M_TOMMY,TOMMY,TRAINER_CLASS_PSYCHIC_M,,,,,,,"blackwhite_trainer_index=424; source_rom_paths=a/0/9/2,a/0/9/3; battle_type=0; trainer_class_id=35; ai=5; healer=false; money=8; prize=0; location_unpaired=true",11,6,
TRAINER_GENTLEMAN_YAN,YAN,TRAINER_CLASS_GENTLEMAN,36,,,FULL_RESTORE,,,"blackwhite_trainer_index=425; source_rom_paths=a/0/9/2,a/0/9/3; battle_type=0; trainer_class_id=76; ai=1; healer=false; money=50; prize=0; map_refs=Route 13[zone=370]; matched_location=Route 13",11,6,
TRAINER_SOCIALITE_MARIAN,MARIAN,TRAINER_CLASS_SOCIALITE,36,,,FULL_RESTORE,,,"blackwhite_trainer_index=426; source_rom_paths=a/0/9/2,a/0/9/3; battle_type=0; trainer_class_id=75; ai=1; healer=false; money=50; prize=0; map_refs=Route 13[zone=370]; matched_location=Route 13",11,6,
TRAINER_SCHOOL_KID_M_JEM,JEM,TRAINER_CLASS_SCHOOL_KID_M,23,,,,,,"blackwhite_trainer_index=427; source_rom_paths=a/0/9/2,a/0/9/3; battle_type=0; trainer_class_id=4; ai=5; healer=false; money=5; prize=0; map_refs=Route 12[zone=368]; matched_location=Route 12",11,6,
TRAINER_SCHOOL_KID_F_ANN,ANN,TRAINER_CLASS_SCHOOL_KID_F,,,,,,,"blackwhite_trainer_index=428; source_rom_paths=a/0/9/2,a/0/9/3; battle_type=0; trainer_class_id=5; ai=5; healer=false; money=5; prize=0; location_unpaired=true",11,6,
TRAINER_POKEFAN_M_ELLIOT,ELLIOT,TRAINER_CLASS_POKEFAN_M,34,,,HYPER_POTION,,,"blackwhite_trainer_index=429; source_rom_paths=a/0/9/2,a/0/9/3; battle_type=0; trainer_class_id=59; ai=1; healer=false; money=16; prize=0; map_refs=Route 15[zone=378]; matched_location=Route 15",11,6,
TRAINER_YOUNGSTER_ASTOR,ASTOR,TRAINER_CLASS_YOUNGSTER,36,,,,,,"blackwhite_trainer_index=430; source_rom_paths=a/0/9/2,a/0/9/3; battle_type=0; trainer_class_id=2; ai=1; healer=false; money=4; prize=0; map_refs=Route 13[zone=370]; matched_location=Route 13",11,6,
TRAINER_FISHERMAN_SID,SID,TRAINER_CLASS_FISHERMAN,35,,,,,,"blackwhite_trainer_index=431; source_rom_paths=a/0/9/2,a/0/9/3; battle_type=0; trainer_class_id=29; ai=1; healer=false; money=8; prize=0; map_refs=Route 14[zone=374]; matched_location=Route 14",11,6,
TRAINER_FISHERMAN_LYDON,LYDON,TRAINER_CLASS_FISHERMAN,30,,,,,,"blackwhite_trainer_index=432; source_rom_paths=a/0/9/2,a/0/9/3; battle_type=0; trainer_class_id=29; ai=1; healer=false; money=8; prize=0; map_refs=Route 17[zone=423]; matched_location=Route 17",11,6,
TRAINER_FISHERMAN_JONES,JONES,TRAINER_CLASS_FISHERMAN,36,,,,,,"blackwhite_trainer_index=433; source_rom_paths=a/0/9/2,a/0/9/3; battle_type=0; trainer_class_id=29; ai=1; healer=false; money=8; prize=0; map_refs=Route 13[zone=370]; matched_location=Route 13",11,6,
TRAINER_FISHERMAN_MICK,MICK,TRAINER_CLASS_FISHERMAN,36,,,,,,"blackwhite_trainer_index=434; source_rom_paths=a/0/9/2,a/0/9/3; battle_type=0; trainer_class_id=29; ai=1; healer=false; money=8; prize=0; map_refs=Route 13[zone=370]; matched_location=Route 13",11,6,
TRAINER_FISHERMAN_PETE,PETE,TRAINER_CLASS_FISHERMAN,36,,,,,,"blackwhite_trainer_index=435; source_rom_paths=a/0/9/2,a/0/9/3; battle_type=0; trainer_class_id=29; ai=1; healer=false; money=8; prize=0; map_refs=Route 13[zone=370]; matched_location=Route 13",11,6,
TRAINER_FISHERMAN_VINCE,VINCE,TRAINER_CLASS_FISHERMAN,36,,,,,,"blackwhite_trainer_index=436; source_rom_paths=a/0/9/2,a/0/9/3; battle_type=0; trainer_class_id=29; ai=1; healer=false; money=8; prize=0; map_refs=Route 13[zone=370]; matched_location=Route 13",11,6,
TRAINER_BACKPACKER_F_CORIN,CORIN,TRAINER_CLASS_BACKPACKER_F,17,,,,,,"blackwhite_trainer_index=437; source_rom_paths=a/0/9/2,a/0/9/3; battle_type=0; trainer_class_id=28; ai=1; healer=false; money=6; prize=0; map_refs=Route 11[zone=365]; matched_location=Route 11",11,6,
TRAINER_BACKPACKER_F_LORA,LORA,TRAINER_CLASS_BACKPACKER_F,29,,,,,,"blackwhite_trainer_index=438; source_rom_paths=a/0/9/2,a/0/9/3; battle_type=0; trainer_class_id=28; ai=1; healer=false; money=6; prize=0; map_refs=Route 16[zone=383]; matched_location=Route 16",11,6,
TRAINER_BACKPACKER_F_KUMIKO,KUMIKO,TRAINER_CLASS_BACKPACKER_F,31,,,,,,"blackwhite_trainer_index=439; source_rom_paths=a/0/9/2,a/0/9/3; battle_type=0; trainer_class_id=28; ai=1; healer=false; money=6; prize=0; map_refs=Route 18[zone=387]; matched_location=Route 18",11,6,
TRAINER_BACKPACKER_M_TALON,TALON,TRAINER_CLASS_BACKPACKER_M,17,,,,,,"blackwhite_trainer_index=440; source_rom_paths=a/0/9/2,a/0/9/3; battle_type=0; trainer_class_id=27; ai=1; healer=false; money=6; prize=0; map_refs=Route 11[zone=365]; matched_location=Route 11",11,6,
TRAINER_BACKPACKER_M_SAM,SAM,TRAINER_CLASS_BACKPACKER_M,31,,,,,,"blackwhite_trainer_index=441; source_rom_paths=a/0/9/2,a/0/9/3; battle_type=0; trainer_class_id=27; ai=1; healer=false; money=6; prize=0; map_refs=Route 18[zone=387]; matched_location=Route 18",11,6,
TRAINER_BACKPACKER_M_PETER,PETER,TRAINER_CLASS_BACKPACKER_M,29,,,,,,"blackwhite_trainer_index=442; source_rom_paths=a/0/9/2,a/0/9/3; battle_type=0; trainer_class_id=27; ai=1; healer=false; money=6; prize=0; map_refs=Route 16[zone=383]; matched_location=Route 16",11,6,
TRAINER_BACKPACKER_M_STEPHEN,STEPHEN,TRAINER_CLASS_BACKPACKER_M,29,,,,,,"blackwhite_trainer_index=443; source_rom_paths=a/0/9/2,a/0/9/3; battle_type=0; trainer_class_id=27; ai=1; healer=false; money=6; prize=0; map_refs=Route 16[zone=383]; matched_location=Route 16",11,6,
TRAINER_BATTLE_GIRL_SUSIE,SUSIE,TRAINER_CLASS_BATTLE_GIRL,,,,,,,"blackwhite_trainer_index=444; source_rom_paths=a/0/9/2,a/0/9/3; battle_type=0; trainer_class_id=64; ai=3; healer=false; money=8; prize=0; location_unpaired=true",11,6,
TRAINER_BATTLE_GIRL_HILLARY,HILLARY,TRAINER_CLASS_BATTLE_GIRL,,,,,,,"blackwhite_trainer_index=445; source_rom_paths=a/0/9/2,a/0/9/3; battle_type=0; trainer_class_id=64; ai=3; healer=false; money=8; prize=0; location_unpaired=true",11,6,
TRAINER_PARASOL_LADY_LAURA,LAURA,TRAINER_CLASS_PARASOL_LADY,36,,,,,,"blackwhite_trainer_index=446; source_rom_paths=a/0/9/2,a/0/9/3; battle_type=0; trainer_class_id=65; ai=1; healer=false; money=8; prize=0; map_refs=Route 13[zone=370]; matched_location=Route 13",11,6,
TRAINER_SWIMMER_F_CAROLINE,CAROLINE,TRAINER_CLASS_SWIMMER_F,30,,,,,,"blackwhite_trainer_index=447; source_rom_paths=a/0/9/2,a/0/9/3; battle_type=0; trainer_class_id=85; ai=1; healer=false; money=4; prize=0; map_refs=Route 17[zone=423]; matched_location=Route 17",11,6,
TRAINER_BACKERS_FEY_SUE,FEY & SUE,TRAINER_CLASS_BACKERS,23,,,,,1,"blackwhite_trainer_index=448; source_rom_paths=a/0/9/2,a/0/9/3; battle_type=1; trainer_class_id=69; ai=129; healer=false; money=12; prize=0; map_refs=Route 12[zone=368]; matched_location=Route 12",11,6,
TRAINER_TWINS_EMY_LIN,EMY & LIN,TRAINER_CLASS_TWINS,36,,,,,1,"blackwhite_trainer_index=449; source_rom_paths=a/0/9/2,a/0/9/3; battle_type=1; trainer_class_id=16; ai=128; healer=false; money=4; prize=0; map_refs=Route 13[zone=370]; matched_location=Route 13",11,6,
TRAINER_VETERAN_M_RAY,RAY,TRAINER_CLASS_VETERAN_M,31,,,,,,"blackwhite_trainer_index=450; source_rom_paths=a/0/9/2,a/0/9/3; battle_type=0; trainer_class_id=70; ai=7; healer=false; money=20; prize=0; map_refs=Route 18[zone=387]; matched_location=Route 18",11,6,
TRAINER_PKMN_BREEDER_M_EUSTACE,EUSTACE,TRAINER_CLASS_PKMN_BREEDER_M,23,,,,,,"blackwhite_trainer_index=451; source_rom_paths=a/0/9/2,a/0/9/3; battle_type=0; trainer_class_id=17; ai=5; healer=false; money=12; prize=158; map_refs=Route 12[zone=368]; matched_location=Route 12",11,6,
TRAINER_PKMN_BREEDER_F_ETHEL,ETHEL,TRAINER_CLASS_PKMN_BREEDER_F,23,,,,,,"blackwhite_trainer_index=452; source_rom_paths=a/0/9/2,a/0/9/3; battle_type=0; trainer_class_id=18; ai=5; healer=false; money=12; prize=158; map_refs=Route 12[zone=368]; matched_location=Route 12",11,6,
TRAINER_PKMN_RANGER_F_THALIA,THALIA,TRAINER_CLASS_PKMN_RANGER_F,17,,,,,,"blackwhite_trainer_index=453; source_rom_paths=a/0/9/2,a/0/9/3; battle_type=0; trainer_class_id=25; ai=7; healer=false; money=15; prize=154; map_refs=Route 11[zone=365]; matched_location=Route 11",11,6,
TRAINER_PKMN_RANGER_F_SHELLY,SHELLY,TRAINER_CLASS_PKMN_RANGER_F,34,,,,,,"blackwhite_trainer_index=454; source_rom_paths=a/0/9/2,a/0/9/3; battle_type=0; trainer_class_id=25; ai=7; healer=false; money=15; prize=158; map_refs=Route 15[zone=378]; matched_location=Route 15",11,6,
TRAINER_PKMN_RANGER_M_CROFTON,CROFTON,TRAINER_CLASS_PKMN_RANGER_M,17,,,,,,"blackwhite_trainer_index=455; source_rom_paths=a/0/9/2,a/0/9/3; battle_type=0; trainer_class_id=24; ai=7; healer=false; money=15; prize=154; map_refs=Route 11[zone=365]; matched_location=Route 11",11,6,
TRAINER_PKMN_RANGER_M_KEITH,KEITH,TRAINER_CLASS_PKMN_RANGER_M,34,,,,,,"blackwhite_trainer_index=456; source_rom_paths=a/0/9/2,a/0/9/3; battle_type=0; trainer_class_id=24; ai=7; healer=false; money=15; prize=158; map_refs=Route 15[zone=378]; matched_location=Route 15",11,6,
TRAINER_LASS_FEY,FEY,TRAINER_CLASS_LASS,36,,,,,,"blackwhite_trainer_index=457; source_rom_paths=a/0/9/2,a/0/9/3; battle_type=0; trainer_class_id=3; ai=0; healer=false; money=4; prize=0; map_refs=Route 13[zone=370]; matched_location=Route 13",11,6,
TRAINER_HIKER_JEBEDIAH,JEBEDIAH,TRAINER_CLASS_HIKER,35,,,,,,"blackwhite_trainer_index=458; source_rom_paths=a/0/9/2,a/0/9/3; battle_type=0; trainer_class_id=74; ai=1; healer=false; money=8; prize=0; map_refs=Route 14[zone=374]; matched_location=Route 14",11,6,
TRAINER_HIKER_KIT,KIT,TRAINER_CLASS_HIKER,34,,,,,,"blackwhite_trainer_index=459; source_rom_paths=a/0/9/2,a/0/9/3; battle_type=0; trainer_class_id=74; ai=1; healer=false; money=8; prize=0; map_refs=Route 15[zone=378]; matched_location=Route 15",11,6,
TRAINER_HIKER_JEREMIAH,JEREMIAH,TRAINER_CLASS_HIKER,31,,,,,,"blackwhite_trainer_index=460; source_rom_paths=a/0/9/2,a/0/9/3; battle_type=0; trainer_class_id=74; ai=1; healer=false; money=8; prize=0; map_refs=Route 18[zone=387]; matched_location=Route 18",11,6,
TRAINER_CLERK_F_BRITNEY,BRITNEY,TRAINER_CLASS_CLERK_F,,,,,,,"blackwhite_trainer_index=461; source_rom_paths=a/0/9/2,a/0/9/3; battle_type=0; trainer_class_id=48; ai=1; healer=false; money=10; prize=0; location_unpaired=true",11,6,
TRAINER_CLERK_F_PIPER,PIPER,TRAINER_CLASS_CLERK_F,,,,,,,"blackwhite_trainer_index=462; source_rom_paths=a/0/9/2,a/0/9/3; battle_type=0; trainer_class_id=48; ai=1; healer=false; money=10; prize=0; location_unpaired=true",11,6,
TRAINER_ACE_TRAINER_M_LENA,LENA,TRAINER_CLASS_ACE_TRAINER_M,,,,,,,"blackwhite_trainer_index=463; source_rom_paths=a/0/9/2,a/0/9/3; battle_type=0; trainer_class_id=49; ai=7; healer=false; money=15; prize=0; location_unpaired=true",11,6,
TRAINER_ACE_TRAINER_F_VINCENT,VINCENT,TRAINER_CLASS_ACE_TRAINER_F,,,,,,,"blackwhite_trainer_index=464; source_rom_paths=a/0/9/2,a/0/9/3; battle_type=0; trainer_class_id=50; ai=7; healer=false; money=15; prize=0; location_unpaired=true",11,6,
TRAINER_LADY_LYNETTE,LYNETTE,TRAINER_CLASS_LADY,,,,,,,"blackwhite_trainer_index=465; source_rom_paths=a/0/9/2,a/0/9/3; battle_type=0; trainer_class_id=42; ai=1; healer=false; money=40; prize=0; location_unpaired=true",11,6,
TRAINER_RICH_BOY_PIERCE,PIERCE,TRAINER_CLASS_RICH_BOY,,,,,,,"blackwhite_trainer_index=466; source_rom_paths=a/0/9/2,a/0/9/3; battle_type=0; trainer_class_id=41; ai=1; healer=false; money=40; prize=0; location_unpaired=true",11,6,
TRAINER_BLACK_BELT_RYDER,RYDER,TRAINER_CLASS_BLACK_BELT,,,,,,,"blackwhite_trainer_index=467; source_rom_paths=a/0/9/2,a/0/9/3; battle_type=0; trainer_class_id=51; ai=3; healer=false; money=8; prize=0; location_unpaired=true",11,6,
TRAINER_SCIENTIST_JACQUES,JACQUES,TRAINER_CLASS_SCIENTIST,,,,DIRE_HIT,,,"blackwhite_trainer_index=468; source_rom_paths=a/0/9/2,a/0/9/3; battle_type=0; trainer_class_id=52; ai=5; healer=false; money=12; prize=0; location_unpaired=true",11,6,
TRAINER_SCIENTIST_MARIE,MARIE,TRAINER_CLASS_SCIENTIST,,,,DIRE_HIT,,,"blackwhite_trainer_index=469; source_rom_paths=a/0/9/2,a/0/9/3; battle_type=0; trainer_class_id=46; ai=5; healer=false; money=12; prize=0; location_unpaired=true",11,6,
TRAINER_CLERK_M_DOUG,DOUG,TRAINER_CLASS_CLERK_M,,,,,,,"blackwhite_trainer_index=470; source_rom_paths=a/0/9/2,a/0/9/3; battle_type=0; trainer_class_id=66; ai=1; healer=false; money=10; prize=0; location_unpaired=true",11,6,
TRAINER_CLERK_M_COLLIN,COLLIN,TRAINER_CLASS_CLERK_M,,,,,,,"blackwhite_trainer_index=471; source_rom_paths=a/0/9/2,a/0/9/3; battle_type=0; trainer_class_id=66; ai=1; healer=false; money=10; prize=0; location_unpaired=true",11,6,
TRAINER_GENTLEMAN_FREDERIC,FREDERIC,TRAINER_CLASS_GENTLEMAN,,,,FULL_RESTORE,,,"blackwhite_trainer_index=472; source_rom_paths=a/0/9/2,a/0/9/3; battle_type=0; trainer_class_id=76; ai=1; healer=false; money=50; prize=0; location_unpaired=true",11,6,
TRAINER_SCHOOL_KID_M_LEO,LEO,TRAINER_CLASS_SCHOOL_KID_M,,,,,,,"blackwhite_trainer_index=473; source_rom_paths=a/0/9/2,a/0/9/3; battle_type=0; trainer_class_id=4; ai=5; healer=false; money=5; prize=0; location_unpaired=true",11,6,
TRAINER_SCHOOL_KID_F_SILVIA,SILVIA,TRAINER_CLASS_SCHOOL_KID_F,,,,,,,"blackwhite_trainer_index=474; source_rom_paths=a/0/9/2,a/0/9/3; battle_type=0; trainer_class_id=5; ai=5; healer=false; money=5; prize=0; location_unpaired=true",11,6,
TRAINER_ROUGHNECK_DAVE,DAVE,TRAINER_CLASS_ROUGHNECK,,,,,,,"blackwhite_trainer_index=475; source_rom_paths=a/0/9/2,a/0/9/3; battle_type=0; trainer_class_id=57; ai=1; healer=false; money=6; prize=0; location_unpaired=true",11,6,
TRAINER_YOUNGSTER_ROBBIE,ROBBIE,TRAINER_CLASS_YOUNGSTER,,,,,,,"blackwhite_trainer_index=476; source_rom_paths=a/0/9/2,a/0/9/3; battle_type=0; trainer_class_id=2; ai=1; healer=false; money=4; prize=0; location_unpaired=true",11,6,
TRAINER_BACKPACKER_F_MOLLY,MOLLY,TRAINER_CLASS_BACKPACKER_F,,,,,,,"blackwhite_trainer_index=477; source_rom_paths=a/0/9/2,a/0/9/3; battle_type=0; trainer_class_id=28; ai=1; healer=false; money=6; prize=0; location_unpaired=true",11,6,
TRAINER_BACKPACKER_F_EMI,EMI,TRAINER_CLASS_BACKPACKER_F,,,,,,,"blackwhite_trainer_index=478; source_rom_paths=a/0/9/2,a/0/9/3; battle_type=0; trainer_class_id=28; ai=1; healer=false; money=6; prize=0; location_unpaired=true",11,6,
TRAINER_BACKPACKER_M_CARLOS,CARLOS,TRAINER_CLASS_BACKPACKER_M,,,,,,,"blackwhite_trainer_index=479; source_rom_paths=a/0/9/2,a/0/9/3; battle_type=0; trainer_class_id=27; ai=1; healer=false; money=6; prize=0; location_unpaired=true",11,6,
TRAINER_BACKPACKER_M_HERMAN,HERMAN,TRAINER_CLASS_BACKPACKER_M,,,,,,,"blackwhite_trainer_index=480; source_rom_paths=a/0/9/2,a/0/9/3; battle_type=0; trainer_class_id=27; ai=1; healer=false; money=6; prize=0; location_unpaired=true",11,6,
TRAINER_BATTLE_GIRL_KARENNA,KARENNA,TRAINER_CLASS_BATTLE_GIRL,,,,,,,"blackwhite_trainer_index=481; source_rom_paths=a/0/9/2,a/0/9/3; battle_type=0; trainer_class_id=64; ai=3; healer=false; money=8; prize=0; location_unpaired=true",11,6,
TRAINER_VETERAN_F_ROSA,ROSA,TRAINER_CLASS_VETERAN_F,,,,,,,"blackwhite_trainer_index=482; source_rom_paths=a/0/9/2,a/0/9/3; battle_type=0; trainer_class_id=71; ai=7; healer=false; money=20; prize=0; location_unpaired=true",11,6,
TRAINER_VETERAN_M_KEN,KEN,TRAINER_CLASS_VETERAN_M,,,,,,,"blackwhite_trainer_index=483; source_rom_paths=a/0/9/2,a/0/9/3; battle_type=0; trainer_class_id=70; ai=7; healer=false; money=20; prize=0; location_unpaired=true",11,6,
TRAINER_LASS_MIKI,MIKI,TRAINER_CLASS_LASS,,,,,,,"blackwhite_trainer_index=484; source_rom_paths=a/0/9/2,a/0/9/3; battle_type=0; trainer_class_id=3; ai=0; healer=false; money=4; prize=0; location_unpaired=true",11,6,
TRAINER_HIKER_GENE,GENE,TRAINER_CLASS_HIKER,,,,,,,"blackwhite_trainer_index=485; source_rom_paths=a/0/9/2,a/0/9/3; battle_type=0; trainer_class_id=74; ai=1; healer=false; money=8; prize=0; location_unpaired=true",11,6,
TRAINER_PKMN_RANGER_F_ELIZA,ELIZA,TRAINER_CLASS_PKMN_RANGER_F,,,,,,,"blackwhite_trainer_index=486; source_rom_paths=a/0/9/2,a/0/9/3; battle_type=0; trainer_class_id=25; ai=7; healer=false; money=15; prize=0; location_unpaired=true",11,6,
TRAINER_PKMN_RANGER_M_RALPH,RALPH,TRAINER_CLASS_PKMN_RANGER_M,,,,,,,"blackwhite_trainer_index=487; source_rom_paths=a/0/9/2,a/0/9/3; battle_type=0; trainer_class_id=24; ai=7; healer=false; money=15; prize=0; location_unpaired=true",11,6,
TRAINER_SOCIALITE_GRACE,GRACE,TRAINER_CLASS_SOCIALITE,,,,FULL_RESTORE,,,"blackwhite_trainer_index=488; source_rom_paths=a/0/9/2,a/0/9/3; battle_type=0; trainer_class_id=75; ai=1; healer=false; money=50; prize=0; location_unpaired=true",11,6,
TRAINER_NURSERY_AIDE_MIHO,MIHO,TRAINER_CLASS_NURSERY_AIDE,,,,,,,"blackwhite_trainer_index=489; source_rom_paths=a/0/9/2,a/0/9/3; battle_type=0; trainer_class_id=13; ai=1; healer=false; money=10; prize=0; location_unpaired=true",11,6,
TRAINER_SCHOOL_KID_M_SHANE,SHANE,TRAINER_CLASS_SCHOOL_KID_M,,,,,,,"blackwhite_trainer_index=490; source_rom_paths=a/0/9/2,a/0/9/3; battle_type=0; trainer_class_id=4; ai=5; healer=false; money=5; prize=0; location_unpaired=true",11,6,
TRAINER_PKMN_TRAINER_BIANCA_4,BIANCA,TRAINER_CLASS_PKMN_TRAINER,,,,"HYPER_POTION,HYPER_POTION",,,"blackwhite_trainer_index=491; source_rom_paths=a/0/9/2,a/0/9/3; battle_type=0; trainer_class_id=38; ai=3; healer=false; money=25; prize=0; location_unpaired=true",11,6,
TRAINER_PKMN_TRAINER_BIANCA_5,BIANCA,TRAINER_CLASS_PKMN_TRAINER,,,,"HYPER_POTION,HYPER_POTION",,,"blackwhite_trainer_index=492; source_rom_paths=a/0/9/2,a/0/9/3; battle_type=0; trainer_class_id=38; ai=3; healer=false; money=25; prize=0; location_unpaired=true",11,6,
TRAINER_PKMN_TRAINER_BIANCA_6,BIANCA,TRAINER_CLASS_PKMN_TRAINER,,,,"HYPER_POTION,HYPER_POTION",,,"blackwhite_trainer_index=493; source_rom_paths=a/0/9/2,a/0/9/3; battle_type=0; trainer_class_id=38; ai=3; healer=false; money=25; prize=0; location_unpaired=true",11,6,
TRAINER_PKMN_TRAINER_BIANCA_7,BIANCA,TRAINER_CLASS_PKMN_TRAINER,,,,"FULL_RESTORE,FULL_RESTORE",,,"blackwhite_trainer_index=494; source_rom_paths=a/0/9/2,a/0/9/3; battle_type=0; trainer_class_id=38; ai=7; healer=false; money=25; prize=0; location_unpaired=true",11,6,
TRAINER_PKMN_TRAINER_BIANCA_8,BIANCA,TRAINER_CLASS_PKMN_TRAINER,,,,"FULL_RESTORE,FULL_RESTORE",,,"blackwhite_trainer_index=495; source_rom_paths=a/0/9/2,a/0/9/3; battle_type=0; trainer_class_id=38; ai=7; healer=false; money=25; prize=0; location_unpaired=true",11,6,
TRAINER_PKMN_TRAINER_BIANCA_9,BIANCA,TRAINER_CLASS_PKMN_TRAINER,,,,"FULL_RESTORE,FULL_RESTORE",,,"blackwhite_trainer_index=496; source_rom_paths=a/0/9/2,a/0/9/3; battle_type=0; trainer_class_id=38; ai=7; healer=false; money=25; prize=0; location_unpaired=true",11,6,
TRAINER_TEAM_PLASMA_TRAINER_497,,TRAINER_CLASS_TEAM_PLASMA,,,,"FULL_RESTORE,FULL_RESTORE,FULL_RESTORE,FULL_RESTORE",,,"blackwhite_trainer_index=497; source_rom_paths=a/0/9/2,a/0/9/3; battle_type=0; trainer_class_id=47; ai=0; healer=false; money=50; prize=0; location_unpaired=true",11,6,
TRAINER_PKMN_TRAINER_BIANCA_10,BIANCA,TRAINER_CLASS_PKMN_TRAINER,,,,POTION,,,"blackwhite_trainer_index=498; source_rom_paths=a/0/9/2,a/0/9/3; battle_type=0; trainer_class_id=38; ai=1; healer=false; money=25; prize=0; location_unpaired=true",11,6,
TRAINER_PKMN_TRAINER_BIANCA_11,BIANCA,TRAINER_CLASS_PKMN_TRAINER,,,,POTION,,,"blackwhite_trainer_index=499; source_rom_paths=a/0/9/2,a/0/9/3; battle_type=0; trainer_class_id=38; ai=1; healer=false; money=25; prize=0; location_unpaired=true",11,6,
TRAINER_PKMN_TRAINER_BIANCA_12,BIANCA,TRAINER_CLASS_PKMN_TRAINER,,,,POTION,,,"blackwhite_trainer_index=500; source_rom_paths=a/0/9/2,a/0/9/3; battle_type=0; trainer_class_id=38; ai=1; healer=false; money=25; prize=0; location_unpaired=true",11,6,
TRAINER_PRESCHOOLER_M_JULIET,JULIET,TRAINER_CLASS_PRESCHOOLER_M,237,,,,,,"blackwhite_trainer_index=501; source_rom_paths=a/0/9/2,a/0/9/3; battle_type=0; trainer_class_id=14; ai=0; healer=false; money=1; prize=0; map_refs=Pinwheel Forest[zone=154]; matched_location=Pinwheel Forest",11,6,
TRAINER_PRESCHOOLER_F_HOMER,HOMER,TRAINER_CLASS_PRESCHOOLER_F,237,,,,,,"blackwhite_trainer_index=502; source_rom_paths=a/0/9/2,a/0/9/3; battle_type=0; trainer_class_id=15; ai=0; healer=false; money=1; prize=0; map_refs=Pinwheel Forest[zone=154]; matched_location=Pinwheel Forest",11,6,
TRAINER_HARLEQUIN_PAT,PAT,TRAINER_CLASS_HARLEQUIN,25,,,,,,"blackwhite_trainer_index=503; source_rom_paths=a/0/9/2,a/0/9/3; battle_type=0; trainer_class_id=32; ai=1; healer=false; money=8; prize=0; map_refs=Route 7[zone=337]; matched_location=Route 7",11,6,
TRAINER_HARLEQUIN_IAN,IAN,TRAINER_CLASS_HARLEQUIN,25,,,,,,"blackwhite_trainer_index=504; source_rom_paths=a/0/9/2,a/0/9/3; battle_type=0; trainer_class_id=32; ai=1; healer=false; money=8; prize=0; map_refs=Route 7[zone=337]; matched_location=Route 7",11,6,
TRAINER_PARASOL_LADY_APRIL,APRIL,TRAINER_CLASS_PARASOL_LADY,9,,,,,,"blackwhite_trainer_index=505; source_rom_paths=a/0/9/2,a/0/9/3; battle_type=0; trainer_class_id=65; ai=1; healer=false; money=8; prize=0; map_refs=Route 4[zone=326]; matched_location=Route 4",11,6,
TRAINER_MOTORCYCLIST_CHARLES,CHARLES,TRAINER_CLASS_MOTORCYCLIST,,,,,,,"blackwhite_trainer_index=506; source_rom_paths=a/0/9/2,a/0/9/3; battle_type=2; trainer_class_id=92; ai=135; healer=false; money=8; prize=0; location_unpaired=true",11,6,
TRAINER_PKMN_TRAINER_BIANCA_13,BIANCA,TRAINER_CLASS_PKMN_TRAINER,,,,"SUPER_POTION,SUPER_POTION",,,"blackwhite_trainer_index=507; source_rom_paths=a/0/9/2,a/0/9/3; battle_type=0; trainer_class_id=38; ai=3; healer=false; money=25; prize=0; location_unpaired=true",11,6,
TRAINER_PKMN_TRAINER_BIANCA_14,BIANCA,TRAINER_CLASS_PKMN_TRAINER,,,,"SUPER_POTION,SUPER_POTION",,,"blackwhite_trainer_index=508; source_rom_paths=a/0/9/2,a/0/9/3; battle_type=0; trainer_class_id=38; ai=3; healer=false; money=25; prize=0; location_unpaired=true",11,6,
TRAINER_PKMN_TRAINER_BIANCA_15,BIANCA,TRAINER_CLASS_PKMN_TRAINER,,,,"SUPER_POTION,SUPER_POTION",,,"blackwhite_trainer_index=509; source_rom_paths=a/0/9/2,a/0/9/3; battle_type=0; trainer_class_id=38; ai=3; healer=false; money=25; prize=0; location_unpaired=true",11,6,
TRAINER_PKMN_TRAINER_TRAINER_510,,TRAINER_CLASS_PKMN_TRAINER,,,,,,,"blackwhite_trainer_index=510; source_rom_paths=a/0/9/2,a/0/9/3; battle_type=0; trainer_class_id=37; ai=7; healer=false; money=25; prize=0; location_unpaired=true",11,6,
TRAINER_PKMN_TRAINER_TRAINER_511,,TRAINER_CLASS_PKMN_TRAINER,,,,,,,"blackwhite_trainer_index=511; source_rom_paths=a/0/9/2,a/0/9/3; battle_type=0; trainer_class_id=37; ai=7; healer=false; money=25; prize=0; location_unpaired=true",11,6,
TRAINER_PKMN_TRAINER_TRAINER_512,,TRAINER_CLASS_PKMN_TRAINER,,,,,,,"blackwhite_trainer_index=512; source_rom_paths=a/0/9/2,a/0/9/3; battle_type=0; trainer_class_id=37; ai=7; healer=false; money=25; prize=0; location_unpaired=true",11,6,
TRAINER_ACE_TRAINER_M_EILEEN,EILEEN,TRAINER_CLASS_ACE_TRAINER_M,,,,,,,"blackwhite_trainer_index=513; source_rom_paths=a/0/9/2,a/0/9/3; battle_type=3; trainer_class_id=49; ai=7; healer=false; money=15; prize=0; map_refs=Opelucid City[zone=125]; event_location_unmatched=true; location_unpaired=true",11,6,
TRAINER_ACE_TRAINER_F_LOU,LOU,TRAINER_CLASS_ACE_TRAINER_F,,,,,,,"blackwhite_trainer_index=514; source_rom_paths=a/0/9/2,a/0/9/3; battle_type=2; trainer_class_id=50; ai=135; healer=false; money=15; prize=0; map_refs=Opelucid City[zone=125]; event_location_unmatched=true; location_unpaired=true",11,6,
TRAINER_YOUNGSTER_KYLE,KYLE,TRAINER_CLASS_YOUNGSTER,,,,,,,"blackwhite_trainer_index=515; source_rom_paths=a/0/9/2,a/0/9/3; battle_type=0; trainer_class_id=2; ai=1; healer=false; money=4; prize=0; location_unpaired=true",11,6,
TRAINER_LASS_DYE,DYE,TRAINER_CLASS_LASS,,,,,,,"blackwhite_trainer_index=516; source_rom_paths=a/0/9/2,a/0/9/3; battle_type=0; trainer_class_id=3; ai=0; healer=false; money=4; prize=0; location_unpaired=true",11,6,
TRAINER_LASS_DYE_2,DYE,TRAINER_CLASS_LASS,,,,,,,"blackwhite_trainer_index=517; source_rom_paths=a/0/9/2,a/0/9/3; battle_type=0; trainer_class_id=3; ai=0; healer=false; money=4; prize=0; location_unpaired=true",11,6,
TRAINER_ACE_TRAINER_M_CAROLL,CAROLL,TRAINER_CLASS_ACE_TRAINER_M,247,,,,,,"blackwhite_trainer_index=518; source_rom_paths=a/0/9/2,a/0/9/3; battle_type=0; trainer_class_id=49; ai=7; healer=false; money=15; prize=0; map_refs=Twist Mountain[zone=199]; matched_location=Twist Mountain",11,6,
TRAINER_ACE_TRAINER_F_JORDAN,JORDAN,TRAINER_CLASS_ACE_TRAINER_F,247,,,,,,"blackwhite_trainer_index=519; source_rom_paths=a/0/9/2,a/0/9/3; battle_type=0; trainer_class_id=50; ai=7; healer=false; money=15; prize=0; map_refs=Twist Mountain[zone=201]; matched_location=Twist Mountain",11,6,
TRAINER_THE_RICHES_DRACO,DRACO,TRAINER_CLASS_THE_RICHES,,,,,,,"blackwhite_trainer_index=520; source_rom_paths=a/0/9/2,a/0/9/3; battle_type=0; trainer_class_id=93; ai=7; healer=false; money=50; prize=0; location_unpaired=true",11,6,
TRAINER_ACE_TRAINER_M_TRAINER_521,,TRAINER_CLASS_ACE_TRAINER_M,,,,,,,"blackwhite_trainer_index=521; source_rom_paths=a/0/9/2,a/0/9/3; battle_type=0; trainer_class_id=49; ai=7; healer=false; money=15; prize=0; location_unpaired=true",11,6,
TRAINER_ACE_TRAINER_F_TRAINER_522,,TRAINER_CLASS_ACE_TRAINER_F,,,,,,,"blackwhite_trainer_index=522; source_rom_paths=a/0/9/2,a/0/9/3; battle_type=0; trainer_class_id=50; ai=0; healer=false; money=15; prize=0; location_unpaired=true",11,6,
TRAINER_THE_RICHES_TRISH,TRISH,TRAINER_CLASS_THE_RICHES,,,,,,,"blackwhite_trainer_index=523; source_rom_paths=a/0/9/2,a/0/9/3; battle_type=0; trainer_class_id=94; ai=7; healer=false; money=50; prize=0; location_unpaired=true",11,6,
TRAINER_THE_RICHES_CLAIRDONNA,CLAIRDONNA,TRAINER_CLASS_THE_RICHES,,,,,,,"blackwhite_trainer_index=524; source_rom_paths=a/0/9/2,a/0/9/3; battle_type=0; trainer_class_id=95; ai=7; healer=false; money=50; prize=0; location_unpaired=true",11,6,
TRAINER_THE_RICHES_ZILLION,ZILLION,TRAINER_CLASS_THE_RICHES,,,,,,,"blackwhite_trainer_index=525; source_rom_paths=a/0/9/2,a/0/9/3; battle_type=0; trainer_class_id=96; ai=7; healer=false; money=50; prize=0; location_unpaired=true",11,6,
TRAINER_SCIENTIST_DUDLEY,DUDLEY,TRAINER_CLASS_SCIENTIST,,,,X_SPECIAL,,,"blackwhite_trainer_index=526; source_rom_paths=a/0/9/2,a/0/9/3; battle_type=0; trainer_class_id=52; ai=5; healer=false; money=12; prize=0; location_unpaired=true",11,6,
TRAINER_BIKER_TRAINER_527,,TRAINER_CLASS_BIKER,,,,,,,"blackwhite_trainer_index=527; source_rom_paths=a/0/9/2,a/0/9/3; battle_type=3; trainer_class_id=72; ai=1; healer=false; money=8; prize=0; location_unpaired=true",11,6,
TRAINER_BACKPACKER_M_KIYO,KIYO,TRAINER_CLASS_BACKPACKER_M,,,,,,,"blackwhite_trainer_index=528; source_rom_paths=a/0/9/2,a/0/9/3; battle_type=3; trainer_class_id=27; ai=1; healer=false; money=6; prize=0; location_unpaired=true",11,6,
TRAINER_SCHOOL_KID_M_SHAYE,SHAYE,TRAINER_CLASS_SCHOOL_KID_M,,,,,,,"blackwhite_trainer_index=529; source_rom_paths=a/0/9/2,a/0/9/3; battle_type=2; trainer_class_id=4; ai=133; healer=false; money=5; prize=0; location_unpaired=true",11,6,
TRAINER_NURSERY_AIDE_BRIANA,BRIANA,TRAINER_CLASS_NURSERY_AIDE,,,,,,,"blackwhite_trainer_index=530; source_rom_paths=a/0/9/2,a/0/9/3; battle_type=2; trainer_class_id=13; ai=129; healer=false; money=10; prize=0; location_unpaired=true",11,6,
TRAINER_PKMN_RANGER_F_BRENDA,BRENDA,TRAINER_CLASS_PKMN_RANGER_F,3,,,,,,"blackwhite_trainer_index=531; source_rom_paths=a/0/9/2,a/0/9/3; battle_type=0; trainer_class_id=25; ai=7; healer=false; money=15; prize=156; map_refs=Route 1[zone=317]; matched_location=Route 1",11,6,
TRAINER_PKMN_RANGER_M_CLAUDE,CLAUDE,TRAINER_CLASS_PKMN_RANGER_M,3,,,,,,"blackwhite_trainer_index=532; source_rom_paths=a/0/9/2,a/0/9/3; battle_type=0; trainer_class_id=24; ai=7; healer=false; money=15; prize=156; map_refs=Route 1[zone=317]; matched_location=Route 1",11,6,
TRAINER_FISHERMAN_SEAN,SEAN,TRAINER_CLASS_FISHERMAN,3,,,,,,"blackwhite_trainer_index=533; source_rom_paths=a/0/9/2,a/0/9/3; battle_type=0; trainer_class_id=29; ai=1; healer=false; money=8; prize=0; map_refs=Route 1[zone=317]; matched_location=Route 1",11,6,
TRAINER_ACE_TRAINER_F_TRAINER_534,,TRAINER_CLASS_ACE_TRAINER_F,,,,,,,"blackwhite_trainer_index=534; source_rom_paths=a/0/9/2,a/0/9/3; battle_type=0; trainer_class_id=50; ai=0; healer=false; money=15; prize=0; location_unpaired=true",11,6,
TRAINER_HIKER_ANDY,ANDY,TRAINER_CLASS_HIKER,,,,,,,"blackwhite_trainer_index=535; source_rom_paths=a/0/9/2,a/0/9/3; battle_type=0; trainer_class_id=74; ai=1; healer=false; money=8; prize=0; location_unpaired=true",11,6,
TRAINER_PRESCHOOLER_M_WINTER,WINTER,TRAINER_CLASS_PRESCHOOLER_M,,,,,,,"blackwhite_trainer_index=536; source_rom_paths=a/0/9/2,a/0/9/3; battle_type=0; trainer_class_id=14; ai=0; healer=false; money=1; prize=0; location_unpaired=true",11,6,
TRAINER_DANCER_DIRK,DIRK,TRAINER_CLASS_DANCER,,,,,,,"blackwhite_trainer_index=537; source_rom_paths=a/0/9/2,a/0/9/3; battle_type=0; trainer_class_id=31; ai=1; healer=false; money=8; prize=0; location_unpaired=true",11,6,
TRAINER_WAITRESS_AURORA,AURORA,TRAINER_CLASS_WAITRESS,,,,,,,"blackwhite_trainer_index=538; source_rom_paths=a/0/9/2,a/0/9/3; battle_type=0; trainer_class_id=9; ai=1; healer=false; money=10; prize=0; location_unpaired=true",11,6,
TRAINER_PKMN_TRAINER_CHEREN_16,CHEREN,TRAINER_CLASS_PKMN_TRAINER,,,,,,,"blackwhite_trainer_index=539; source_rom_paths=a/0/9/2,a/0/9/3; battle_type=0; trainer_class_id=37; ai=7; healer=false; money=25; prize=0; location_unpaired=true",11,6,
TRAINER_PKMN_TRAINER_CHEREN_17,CHEREN,TRAINER_CLASS_PKMN_TRAINER,,,,,,,"blackwhite_trainer_index=540; source_rom_paths=a/0/9/2,a/0/9/3; battle_type=0; trainer_class_id=37; ai=7; healer=false; money=25; prize=0; location_unpaired=true",11,6,
TRAINER_PKMN_TRAINER_CHEREN_18,CHEREN,TRAINER_CLASS_PKMN_TRAINER,,,,,,,"blackwhite_trainer_index=541; source_rom_paths=a/0/9/2,a/0/9/3; battle_type=0; trainer_class_id=37; ai=7; healer=false; money=25; prize=0; location_unpaired=true",11,6,
TRAINER_GAME_FREAK_MORIMOTO,MORIMOTO,TRAINER_CLASS_GAME_FREAK,,,,"FULL_RESTORE,FULL_RESTORE,FULL_RESTORE,FULL_RESTORE",,,"blackwhite_trainer_index=542; source_rom_paths=a/0/9/2,a/0/9/3; battle_type=0; trainer_class_id=97; ai=7; healer=false; money=20; prize=0; location_unpaired=true",11,6,
TRAINER_MAID_TANYA,TANYA,TRAINER_CLASS_MAID,,,,,,,"blackwhite_trainer_index=543; source_rom_paths=a/0/9/2,a/0/9/3; battle_type=0; trainer_class_id=87; ai=1; healer=false; money=10; prize=0; location_unpaired=true",11,6,
TRAINER_BIKER_MORGANN,MORGANN,TRAINER_CLASS_BIKER,,,,,,,"blackwhite_trainer_index=544; source_rom_paths=a/0/9/2,a/0/9/3; battle_type=0; trainer_class_id=72; ai=1; healer=false; money=8; prize=0; location_unpaired=true",11,6,
TRAINER_BIKER_JEREMY,JEREMY,TRAINER_CLASS_BIKER,,,,,,,"blackwhite_trainer_index=545; source_rom_paths=a/0/9/2,a/0/9/3; battle_type=0; trainer_class_id=72; ai=1; healer=false; money=8; prize=0; location_unpaired=true",11,6,
TRAINER_NURSE_SHERY,SHERY,TRAINER_CLASS_NURSE,237,,,,,,"blackwhite_trainer_index=546; source_rom_paths=a/0/9/2,a/0/9/3; battle_type=0; trainer_class_id=62; ai=7; healer=true; money=10; prize=0; map_refs=Pinwheel Forest[zone=154]; matched_location=Pinwheel Forest",11,6,
TRAINER_THE_RICHES_SUSAN,SUSAN,TRAINER_CLASS_THE_RICHES,,,,,,,"blackwhite_trainer_index=547; source_rom_paths=a/0/9/2,a/0/9/3; battle_type=0; trainer_class_id=98; ai=7; healer=false; money=50; prize=0; location_unpaired=true",11,6,
TRAINER_THE_RICHES_MILES,MILES,TRAINER_CLASS_THE_RICHES,,,,,,,"blackwhite_trainer_index=548; source_rom_paths=a/0/9/2,a/0/9/3; battle_type=0; trainer_class_id=99; ai=7; healer=false; money=50; prize=0; location_unpaired=true",11,6,
TRAINER_PKMN_RANGER_F_MYLENE,MYLENE,TRAINER_CLASS_PKMN_RANGER_F,239,,,,,,"blackwhite_trainer_index=549; source_rom_paths=a/0/9/2,a/0/9/3; battle_type=0; trainer_class_id=25; ai=7; healer=false; money=15; prize=152; map_refs=Desert Resort[zone=158]; matched_location=Desert Resort",11,6,
TRAINER_PKMN_RANGER_M_JADEN,JADEN,TRAINER_CLASS_PKMN_RANGER_M,239,,,,,,"blackwhite_trainer_index=550; source_rom_paths=a/0/9/2,a/0/9/3; battle_type=0; trainer_class_id=24; ai=7; healer=false; money=15; prize=152; map_refs=Desert Resort[zone=158]; matched_location=Desert Resort",11,6,
TRAINER_BAKER_CHRIS,CHRIS,TRAINER_CLASS_BAKER,,,,,,,"blackwhite_trainer_index=551; source_rom_paths=a/0/9/2,a/0/9/3; battle_type=0; trainer_class_id=34; ai=1; healer=false; money=10; prize=0; location_unpaired=true",11,6,
TRAINER_TEAM_PLASMA_GRUNT_35,GRUNT,TRAINER_CLASS_TEAM_PLASMA,,,,,,,"blackwhite_trainer_index=552; source_rom_paths=a/0/9/2,a/0/9/3; battle_type=0; trainer_class_id=39; ai=1; healer=false; money=10; prize=0; location_unpaired=true",11,6,
TRAINER_TEAM_PLASMA_GRUNT_36,GRUNT,TRAINER_CLASS_TEAM_PLASMA,257,,,,,,"blackwhite_trainer_index=553; source_rom_paths=a/0/9/2,a/0/9/3; battle_type=0; trainer_class_id=39; ai=1; healer=false; money=10; prize=0; map_refs=Liberty Garden[zone=235]; matched_location=Liberty Garden",11,6,
TRAINER_TEAM_PLASMA_GRUNT_37,GRUNT,TRAINER_CLASS_TEAM_PLASMA,257,,,,,,"blackwhite_trainer_index=554; source_rom_paths=a/0/9/2,a/0/9/3; battle_type=0; trainer_class_id=39; ai=1; healer=false; money=10; prize=0; map_refs=Liberty Garden[zone=235]; matched_location=Liberty Garden",11,6,
TRAINER_TEAM_PLASMA_GRUNT_38,GRUNT,TRAINER_CLASS_TEAM_PLASMA,257,,,,,,"blackwhite_trainer_index=555; source_rom_paths=a/0/9/2,a/0/9/3; battle_type=0; trainer_class_id=39; ai=1; healer=false; money=10; prize=0; map_refs=Liberty Garden[zone=235]; matched_location=Liberty Garden",11,6,
TRAINER_TEAM_PLASMA_GRUNT_39,GRUNT,TRAINER_CLASS_TEAM_PLASMA,257,,,,,,"blackwhite_trainer_index=556; source_rom_paths=a/0/9/2,a/0/9/3; battle_type=0; trainer_class_id=39; ai=1; healer=false; money=10; prize=0; map_refs=Liberty Garden[zone=236]; matched_location=Liberty Garden",11,6,
TRAINER_TEAM_PLASMA_GRUNT_40,GRUNT,TRAINER_CLASS_TEAM_PLASMA,,,,,,,"blackwhite_trainer_index=557; source_rom_paths=a/0/9/2,a/0/9/3; battle_type=0; trainer_class_id=39; ai=1; healer=false; money=10; prize=0; location_unpaired=true",11,6,
TRAINER_PKMN_TRAINER_TRAINER_558,,TRAINER_CLASS_PKMN_TRAINER,,,,,,,"blackwhite_trainer_index=558; source_rom_paths=a/0/9/2,a/0/9/3; battle_type=0; trainer_class_id=40; ai=7; healer=false; money=25; prize=0; location_unpaired=true",11,6,
TRAINER_PKMN_TRAINER_TRAINER_559,,TRAINER_CLASS_PKMN_TRAINER,,,,,,,"blackwhite_trainer_index=559; source_rom_paths=a/0/9/2,a/0/9/3; battle_type=0; trainer_class_id=40; ai=7; healer=false; money=25; prize=0; location_unpaired=true",11,6,
TRAINER_PKMN_TRAINER_TRAINER_560,,TRAINER_CLASS_PKMN_TRAINER,,,,,,,"blackwhite_trainer_index=560; source_rom_paths=a/0/9/2,a/0/9/3; battle_type=0; trainer_class_id=40; ai=0; healer=false; money=50; prize=0; location_unpaired=true",11,6,
TRAINER_PKMN_TRAINER_TRAINER_561,,TRAINER_CLASS_PKMN_TRAINER,,,,,,,"blackwhite_trainer_index=561; source_rom_paths=a/0/9/2,a/0/9/3; battle_type=0; trainer_class_id=40; ai=0; healer=false; money=50; prize=0; location_unpaired=true",11,6,
TRAINER_VETERAN_M_TRAINER_562,,TRAINER_CLASS_VETERAN_M,,,,,,,"blackwhite_trainer_index=562; source_rom_paths=a/0/9/2,a/0/9/3; battle_type=0; trainer_class_id=70; ai=0; healer=false; money=20; prize=0; location_unpaired=true",11,6,
TRAINER_ELITE_FOUR_SHAUNTAL_2,SHAUNTAL,TRAINER_CLASS_ELITE_FOUR,,,,"FULL_RESTORE,FULL_RESTORE,FULL_RESTORE,FULL_RESTORE",,,"blackwhite_trainer_index=563; source_rom_paths=a/0/9/2,a/0/9/3; battle_type=0; trainer_class_id=78; ai=7; healer=false; money=30; prize=0; location_unpaired=true",11,6,
TRAINER_ELITE_FOUR_MARSHAL_2,MARSHAL,TRAINER_CLASS_ELITE_FOUR,,,,"FULL_RESTORE,FULL_RESTORE,FULL_RESTORE,FULL_RESTORE",,,"blackwhite_trainer_index=564; source_rom_paths=a/0/9/2,a/0/9/3; battle_type=0; trainer_class_id=79; ai=7; healer=false; money=30; prize=0; location_unpaired=true",11,6,
TRAINER_ELITE_FOUR_GRIMSLEY_2,GRIMSLEY,TRAINER_CLASS_ELITE_FOUR,,,,"FULL_RESTORE,FULL_RESTORE,FULL_RESTORE,FULL_RESTORE",,,"blackwhite_trainer_index=565; source_rom_paths=a/0/9/2,a/0/9/3; battle_type=0; trainer_class_id=80; ai=7; healer=false; money=30; prize=0; location_unpaired=true",11,6,
TRAINER_ELITE_FOUR_CAITLIN_2,CAITLIN,TRAINER_CLASS_ELITE_FOUR,,,,"FULL_RESTORE,FULL_RESTORE,FULL_RESTORE,FULL_RESTORE",,,"blackwhite_trainer_index=566; source_rom_paths=a/0/9/2,a/0/9/3; battle_type=0; trainer_class_id=81; ai=7; healer=false; money=30; prize=0; location_unpaired=true",11,6,
TRAINER_PKMN_TRAINER_CYNTHIA,CYNTHIA,TRAINER_CLASS_PKMN_TRAINER,,,,"FULL_RESTORE,FULL_RESTORE,FULL_RESTORE,FULL_RESTORE",,,"blackwhite_trainer_index=567; source_rom_paths=a/0/9/2,a/0/9/3; battle_type=0; trainer_class_id=100; ai=7; healer=false; money=50; prize=0; location_unpaired=true",11,6,
TRAINER_SWIMMER_M_MATT,MATT,TRAINER_CLASS_SWIMMER_M,259,,,,,,"blackwhite_trainer_index=568; source_rom_paths=a/0/9/2,a/0/9/3; battle_type=0; trainer_class_id=84; ai=1; healer=false; money=4; prize=0; map_refs=Undella Bay[zone=240]; matched_location=Undella Bay",11,6,
TRAINER_SWIMMER_M_BART,BART,TRAINER_CLASS_SWIMMER_M,259,,,,,,"blackwhite_trainer_index=569; source_rom_paths=a/0/9/2,a/0/9/3; battle_type=0; trainer_class_id=84; ai=1; healer=false; money=4; prize=0; map_refs=Undella Bay[zone=240]; matched_location=Undella Bay",11,6,
TRAINER_SWIMMER_M_TIM,TIM,TRAINER_CLASS_SWIMMER_M,259,,,,,,"blackwhite_trainer_index=570; source_rom_paths=a/0/9/2,a/0/9/3; battle_type=0; trainer_class_id=84; ai=1; healer=false; money=4; prize=0; map_refs=Undella Bay[zone=240]; matched_location=Undella Bay",11,6,
TRAINER_SWIMMER_F_REBECCA,REBECCA,TRAINER_CLASS_SWIMMER_F,259,,,,,,"blackwhite_trainer_index=571; source_rom_paths=a/0/9/2,a/0/9/3; battle_type=0; trainer_class_id=85; ai=1; healer=false; money=4; prize=0; map_refs=Undella Bay[zone=240]; matched_location=Undella Bay",11,6,
TRAINER_SWIMMER_F_TYRA,TYRA,TRAINER_CLASS_SWIMMER_F,259,,,,,,"blackwhite_trainer_index=572; source_rom_paths=a/0/9/2,a/0/9/3; battle_type=0; trainer_class_id=85; ai=1; healer=false; money=4; prize=0; map_refs=Undella Bay[zone=240]; matched_location=Undella Bay",11,6,
TRAINER_SWIMMER_F_LARISSA,LARISSA,TRAINER_CLASS_SWIMMER_F,259,,,,,,"blackwhite_trainer_index=573; source_rom_paths=a/0/9/2,a/0/9/3; battle_type=0; trainer_class_id=85; ai=1; healer=false; money=4; prize=0; map_refs=Undella Bay[zone=240]; matched_location=Undella Bay",11,6,
TRAINER_LASS_MAKI,MAKI,TRAINER_CLASS_LASS,253,,,,,,"blackwhite_trainer_index=574; source_rom_paths=a/0/9/2,a/0/9/3; battle_type=0; trainer_class_id=3; ai=0; healer=false; money=4; prize=0; map_refs=Abundant Shrine[zone=376]; matched_location=Abundant Shrine",11,6,
TRAINER_YOUNGSTER_WES,WES,TRAINER_CLASS_YOUNGSTER,253,,,,,,"blackwhite_trainer_index=575; source_rom_paths=a/0/9/2,a/0/9/3; battle_type=0; trainer_class_id=2; ai=1; healer=false; money=4; prize=0; map_refs=Abundant Shrine[zone=376]; matched_location=Abundant Shrine",11,6,
TRAINER_YOUNGSTER_LESTER,LESTER,TRAINER_CLASS_YOUNGSTER,253,,,,,,"blackwhite_trainer_index=576; source_rom_paths=a/0/9/2,a/0/9/3; battle_type=0; trainer_class_id=2; ai=1; healer=false; money=4; prize=0; map_refs=Abundant Shrine[zone=376]; matched_location=Abundant Shrine",11,6,
TRAINER_BACKPACKER_F_VICKI,VICKI,TRAINER_CLASS_BACKPACKER_F,35,,,,,,"blackwhite_trainer_index=577; source_rom_paths=a/0/9/2,a/0/9/3; battle_type=0; trainer_class_id=28; ai=1; healer=false; money=6; prize=0; map_refs=Route 14[zone=374]; matched_location=Route 14",11,6,
TRAINER_BACKPACKER_M_TORU,TORU,TRAINER_CLASS_BACKPACKER_M,,,,,,,"blackwhite_trainer_index=578; source_rom_paths=a/0/9/2,a/0/9/3; battle_type=0; trainer_class_id=27; ai=1; healer=false; money=6; prize=0; map_refs=Challenger's Cave[zone=352]; event_location_unmatched=true; location_unpaired=true",11,6,
TRAINER_SCHOOL_KID_F_SERENA,SERENA,TRAINER_CLASS_SCHOOL_KID_F,251,,,,,,"blackwhite_trainer_index=579; source_rom_paths=a/0/9/2,a/0/9/3; battle_type=0; trainer_class_id=5; ai=5; healer=false; money=5; prize=0; map_refs=Village Bridge[zone=255]; matched_location=Village Bridge",11,6,
TRAINER_SCIENTIST_SHANNON,SHANNON,TRAINER_CLASS_SCIENTIST,251,,,X_SP_DEF,,,"blackwhite_trainer_index=580; source_rom_paths=a/0/9/2,a/0/9/3; battle_type=0; trainer_class_id=46; ai=5; healer=false; money=12; prize=0; map_refs=Village Bridge[zone=255]; matched_location=Village Bridge",11,6,
TRAINER_LASS_LURLEEN,LURLEEN,TRAINER_CLASS_LASS,253,,,,,,"blackwhite_trainer_index=581; source_rom_paths=a/0/9/2,a/0/9/3; battle_type=0; trainer_class_id=3; ai=0; healer=false; money=4; prize=0; map_refs=Abundant Shrine[zone=376]; matched_location=Abundant Shrine",11,6,
TRAINER_PKMN_RANGER_F_CHLORIS,CHLORIS,TRAINER_CLASS_PKMN_RANGER_F,250,,,,,,"blackwhite_trainer_index=582; source_rom_paths=a/0/9/2,a/0/9/3; battle_type=0; trainer_class_id=25; ai=7; healer=false; money=15; prize=158; map_refs=Moor of Icirrus[zone=346]; matched_location=Moor of Icarus",11,6,
TRAINER_PKMN_RANGER_M_HARRY,HARRY,TRAINER_CLASS_PKMN_RANGER_M,250,,,,,,"blackwhite_trainer_index=583; source_rom_paths=a/0/9/2,a/0/9/3; battle_type=0; trainer_class_id=24; ai=7; healer=false; money=15; prize=158; map_refs=Moor of Icirrus[zone=346]; matched_location=Moor of Icarus",11,6,
TRAINER_FISHERMAN_DAMON,DAMON,TRAINER_CLASS_FISHERMAN,250,,,,,,"blackwhite_trainer_index=584; source_rom_paths=a/0/9/2,a/0/9/3; battle_type=0; trainer_class_id=29; ai=1; healer=false; money=8; prize=0; map_refs=Moor of Icirrus[zone=346]; matched_location=Moor of Icarus",11,6,
TRAINER_PARASOL_LADY_MARIAH,MARIAH,TRAINER_CLASS_PARASOL_LADY,250,,,,,,"blackwhite_trainer_index=585; source_rom_paths=a/0/9/2,a/0/9/3; battle_type=0; trainer_class_id=65; ai=1; healer=false; money=8; prize=0; map_refs=Moor of Icirrus[zone=346]; matched_location=Moor of Icarus",11,6,
TRAINER_TEAM_PLASMA_N_3,N,TRAINER_CLASS_TEAM_PLASMA,,,,"FULL_RESTORE,FULL_RESTORE,FULL_RESTORE,FULL_RESTORE",,,"blackwhite_trainer_index=586; source_rom_paths=a/0/9/2,a/0/9/3; battle_type=0; trainer_class_id=101; ai=39; healer=false; money=50; prize=0; location_unpaired=true",11,6,
TRAINER_TEAM_PLASMA_N_4,N,TRAINER_CLASS_TEAM_PLASMA,,,,"FULL_RESTORE,FULL_RESTORE,FULL_RESTORE,FULL_RESTORE",,,"blackwhite_trainer_index=587; source_rom_paths=a/0/9/2,a/0/9/3; battle_type=0; trainer_class_id=101; ai=39; healer=false; money=50; prize=0; location_unpaired=true",11,6,
TRAINER_PKMN_TRAINER_CHEREN_19,CHEREN,TRAINER_CLASS_PKMN_TRAINER,,,,,,,"blackwhite_trainer_index=588; source_rom_paths=a/0/9/2,a/0/9/3; battle_type=0; trainer_class_id=37; ai=7; healer=false; money=25; prize=0; location_unpaired=true",11,6,
TRAINER_PKMN_TRAINER_CHEREN_20,CHEREN,TRAINER_CLASS_PKMN_TRAINER,,,,,,,"blackwhite_trainer_index=589; source_rom_paths=a/0/9/2,a/0/9/3; battle_type=0; trainer_class_id=37; ai=7; healer=false; money=25; prize=0; location_unpaired=true",11,6,
TRAINER_PKMN_TRAINER_CHEREN_21,CHEREN,TRAINER_CLASS_PKMN_TRAINER,,,,,,,"blackwhite_trainer_index=590; source_rom_paths=a/0/9/2,a/0/9/3; battle_type=0; trainer_class_id=37; ai=7; healer=false; money=25; prize=0; location_unpaired=true",11,6,
TRAINER_PKMN_TRAINER_CHEREN_22,CHEREN,TRAINER_CLASS_PKMN_TRAINER,,,,,,,"blackwhite_trainer_index=591; source_rom_paths=a/0/9/2,a/0/9/3; battle_type=0; trainer_class_id=37; ai=7; healer=false; money=25; prize=0; location_unpaired=true",11,6,
TRAINER_PKMN_TRAINER_CHEREN_23,CHEREN,TRAINER_CLASS_PKMN_TRAINER,,,,,,,"blackwhite_trainer_index=592; source_rom_paths=a/0/9/2,a/0/9/3; battle_type=0; trainer_class_id=37; ai=7; healer=false; money=25; prize=0; location_unpaired=true",11,6,
TRAINER_PKMN_TRAINER_CHEREN_24,CHEREN,TRAINER_CLASS_PKMN_TRAINER,,,,,,,"blackwhite_trainer_index=593; source_rom_paths=a/0/9/2,a/0/9/3; battle_type=0; trainer_class_id=37; ai=7; healer=false; money=25; prize=0; location_unpaired=true",11,6,
TRAINER_PKMN_TRAINER_BIANCA_16,BIANCA,TRAINER_CLASS_PKMN_TRAINER,,,,"FULL_RESTORE,FULL_RESTORE",,,"blackwhite_trainer_index=594; source_rom_paths=a/0/9/2,a/0/9/3; battle_type=0; trainer_class_id=38; ai=7; healer=false; money=25; prize=0; location_unpaired=true",11,6,
TRAINER_PKMN_TRAINER_BIANCA_17,BIANCA,TRAINER_CLASS_PKMN_TRAINER,,,,"FULL_RESTORE,FULL_RESTORE",,,"blackwhite_trainer_index=595; source_rom_paths=a/0/9/2,a/0/9/3; battle_type=0; trainer_class_id=38; ai=7; healer=false; money=25; prize=0; location_unpaired=true",11,6,
TRAINER_PKMN_TRAINER_BIANCA_18,BIANCA,TRAINER_CLASS_PKMN_TRAINER,,,,"FULL_RESTORE,FULL_RESTORE,FULL_RESTORE,FULL_RESTORE",,,"blackwhite_trainer_index=596; source_rom_paths=a/0/9/2,a/0/9/3; battle_type=0; trainer_class_id=38; ai=7; healer=false; money=25; prize=0; location_unpaired=true",11,6,
TRAINER_TEAM_PLASMA_GRUNT_41,GRUNT,TRAINER_CLASS_TEAM_PLASMA,,,,,,,"blackwhite_trainer_index=597; source_rom_paths=a/0/9/2,a/0/9/3; battle_type=0; trainer_class_id=77; ai=1; healer=false; money=10; prize=0; location_unpaired=true",11,6,
TRAINER_TEAM_PLASMA_GRUNT_42,GRUNT,TRAINER_CLASS_TEAM_PLASMA,,,,,,,"blackwhite_trainer_index=598; source_rom_paths=a/0/9/2,a/0/9/3; battle_type=0; trainer_class_id=39; ai=1; healer=false; money=10; prize=0; location_unpaired=true",11,6,
TRAINER_TEAM_PLASMA_GRUNT_43,GRUNT,TRAINER_CLASS_TEAM_PLASMA,,,,,,,"blackwhite_trainer_index=599; source_rom_paths=a/0/9/2,a/0/9/3; battle_type=0; trainer_class_id=39; ai=1; healer=false; money=10; prize=0; location_unpaired=true",11,6,
TRAINER_DANCER_MICKEY,MICKEY,TRAINER_CLASS_DANCER,,,,,,,"blackwhite_trainer_index=600; source_rom_paths=a/0/9/2,a/0/9/3; battle_type=0; trainer_class_id=31; ai=1; healer=false; money=8; prize=0; location_unpaired=true",11,6,
TRAINER_DANCER_RAYMOND,RAYMOND,TRAINER_CLASS_DANCER,,,,,,,"blackwhite_trainer_index=601; source_rom_paths=a/0/9/2,a/0/9/3; battle_type=0; trainer_class_id=31; ai=1; healer=false; money=8; prize=0; location_unpaired=true",11,6,
TRAINER_DANCER_EDMOND,EDMOND,TRAINER_CLASS_DANCER,,,,,,,"blackwhite_trainer_index=602; source_rom_paths=a/0/9/2,a/0/9/3; battle_type=0; trainer_class_id=31; ai=1; healer=false; money=8; prize=0; location_unpaired=true",11,6,
TRAINER_MOTORCYCLIST_CHARLES_2,CHARLES,TRAINER_CLASS_MOTORCYCLIST,,,,,,,"blackwhite_trainer_index=603; source_rom_paths=a/0/9/2,a/0/9/3; battle_type=3; trainer_class_id=92; ai=7; healer=false; money=8; prize=0; location_unpaired=true",11,6,
TRAINER_ACE_TRAINER_M_EILEEN_2,EILEEN,TRAINER_CLASS_ACE_TRAINER_M,,,,,,,"blackwhite_trainer_index=604; source_rom_paths=a/0/9/2,a/0/9/3; battle_type=2; trainer_class_id=49; ai=135; healer=false; money=15; prize=0; map_refs=Opelucid City[zone=126]; event_location_unmatched=true; location_unpaired=true",11,6,
TRAINER_ACE_TRAINER_F_LOU_2,LOU,TRAINER_CLASS_ACE_TRAINER_F,,,,,,,"blackwhite_trainer_index=605; source_rom_paths=a/0/9/2,a/0/9/3; battle_type=3; trainer_class_id=50; ai=7; healer=false; money=15; prize=0; map_refs=Opelucid City[zone=126]; event_location_unmatched=true; location_unpaired=true",11,6,
TRAINER_ACE_TRAINER_F_ELMER,ELMER,TRAINER_CLASS_ACE_TRAINER_F,25,,,,,,"blackwhite_trainer_index=606; source_rom_paths=a/0/9/2,a/0/9/3; battle_type=2; trainer_class_id=50; ai=135; healer=false; money=15; prize=0; map_refs=Route 7[zone=337]; matched_location=Route 7",11,6,
TRAINER_ACE_TRAINER_F_ELMER_2,ELMER,TRAINER_CLASS_ACE_TRAINER_F,25,,,,,,"blackwhite_trainer_index=607; source_rom_paths=a/0/9/2,a/0/9/3; battle_type=3; trainer_class_id=50; ai=7; healer=false; money=15; prize=0; map_refs=Route 7[zone=337]; matched_location=Route 7",11,6,
TRAINER_ACE_TRAINER_M_GLINDA,GLINDA,TRAINER_CLASS_ACE_TRAINER_M,,,,,,,"blackwhite_trainer_index=608; source_rom_paths=a/0/9/2,a/0/9/3; battle_type=2; trainer_class_id=49; ai=135; healer=false; money=15; prize=0; location_unpaired=true",11,6,
TRAINER_ACE_TRAINER_M_GLINDA_2,GLINDA,TRAINER_CLASS_ACE_TRAINER_M,,,,,,,"blackwhite_trainer_index=609; source_rom_paths=a/0/9/2,a/0/9/3; battle_type=3; trainer_class_id=49; ai=7; healer=false; money=15; prize=0; location_unpaired=true",11,6,
TRAINER_TEAM_PLASMA_GRUNT_44,GRUNT,TRAINER_CLASS_TEAM_PLASMA,,,,,,,"blackwhite_trainer_index=610; source_rom_paths=a/0/9/2,a/0/9/3; battle_type=0; trainer_class_id=77; ai=1; healer=false; money=10; prize=0; location_unpaired=true",11,6,
TRAINER_TEAM_PLASMA_GRUNT_45,GRUNT,TRAINER_CLASS_TEAM_PLASMA,244,,,,,,"blackwhite_trainer_index=611; source_rom_paths=a/0/9/2,a/0/9/3; battle_type=0; trainer_class_id=77; ai=1; healer=false; money=10; prize=0; map_refs=Chargestone Cave[zone=196]; matched_location=Chargestone Cave",11,6,
TRAINER_TEAM_PLASMA_GRUNT_46,GRUNT,TRAINER_CLASS_TEAM_PLASMA,249,,,,,,"blackwhite_trainer_index=612; source_rom_paths=a/0/9/2,a/0/9/3; battle_type=0; trainer_class_id=77; ai=1; healer=false; money=10; prize=0; map_refs=Dragonspiral Tower[zone=210]; matched_location=Dragonspiral Tower",11,6,
TRAINER_DOCTOR_JERRY,JERRY,TRAINER_CLASS_DOCTOR,239,,,"FULL_HEAL,HYPER_POTION",,,"blackwhite_trainer_index=613; source_rom_paths=a/0/9/2,a/0/9/3; battle_type=0; trainer_class_id=61; ai=7; healer=true; money=15; prize=0; map_refs=Desert Resort[zone=158]; matched_location=Desert Resort",11,6,
TRAINER_SUBWAY_BOSS_EMMET,EMMET,TRAINER_CLASS_SUBWAY_BOSS,,,,,,,"blackwhite_trainer_index=614; source_rom_paths=a/0/9/2,a/0/9/3; battle_type=0; trainer_class_id=102; ai=7; healer=false; money=50; prize=0; location_unpaired=true",11,6,
TRAINER_ROUGHNECK_JOHNNY,JOHNNY,TRAINER_CLASS_ROUGHNECK,,,,,,,"blackwhite_trainer_index=615; source_rom_paths=a/0/9/2,a/0/9/3; battle_type=3; trainer_class_id=57; ai=1; healer=false; money=8; prize=0; location_unpaired=true",11,6,
