game_id,location_id,canonical_location_id,species_id,min_level,max_level,method,enounter_rate,area,area_sort,condition,slot_kind,tag,note
1001,,3,506,,,grass,20,,0,,slot,,
1002,,3,506,,,grass,20,,0,,slot,,
1001,,3,16,,,grass,20,,0,,slot,,
1002,,3,16,,,grass,20,,0,,slot,,
1001,,3,399,,,grass,10,,0,,slot,,
1002,,3,399,,,grass,10,,0,,slot,,
1001,,3,161,,,grass,10,,0,,slot,,
1002,,3,161,,,grass,10,,0,,slot,,
1001,,3,19,,,grass,10,,0,,slot,,
1002,,3,19,,,grass,10,,0,,slot,,
1001,,3,263,,,grass,10,,0,,slot,,
1002,,3,263,,,grass,10,,0,,slot,,
1001,,3,396,,,grass,10,,0,,slot,,
1002,,3,396,,,grass,10,,0,,slot,,
1001,,3,163,,,grass,10,,0,,slot,,
1002,,3,163,,,grass,10,,0,,slot,,
1001,,3,507,,,dark-grass,20,,0,,slot,,
1002,,3,507,,,dark-grass,20,,0,,slot,,
1001,,3,505,,,dark-grass,20,,0,,slot,,
1002,,3,505,,,dark-grass,20,,0,,slot,,
1001,,3,400,,,dark-grass,10,,0,,slot,,
1002,,3,400,,,dark-grass,10,,0,,slot,,
1001,,3,162,,,dark-grass,10,,0,,slot,,
1002,,3,162,,,dark-grass,10,,0,,slot,,
1001,,3,20,,,dark-grass,10,,0,,slot,,
1002,,3,20,,,dark-grass,10,,0,,slot,,
1001,,3,264,,,dark-grass,10,,0,,slot,,
1002,,3,264,,,dark-grass,10,,0,,slot,,
1001,,3,262,,,dark-grass,5,,0,,slot,,
1002,,3,262,,,dark-grass,5,,0,,slot,,
1001,,3,17,,,dark-grass,5,,0,,slot,,
1002,,3,17,,,dark-grass,5,,0,,slot,,
1001,,3,397,,,dark-grass,5,,0,,slot,,
1002,,3,397,,,dark-grass,5,,0,,slot,,
1001,,3,164,,,dark-grass,5,,0,,slot,,
1002,,3,164,,,dark-grass,5,,0,,slot,,
1001,,3,531,,,grass-spots,80,,0,,slot,,
1002,,3,531,,,grass-spots,80,,0,,slot,,
1001,,3,440,,,grass-spots,10,,0,,slot,,
1002,,3,440,,,grass-spots,10,,0,,slot,,
1001,,3,298,,,grass-spots,10,,0,,slot,,
1002,,3,298,,,grass-spots,10,,0,,slot,,
1001,,3,550,,,surf,60,,0,,slot,,
1002,,3,550,,,surf,60,,0,,slot,,
1001,,3,183,,,surf,30,,0,,slot,,
1002,,3,183,,,surf,30,,0,,slot,,
1001,,3,349,,,surf,10,,0,,slot,,
1002,,3,349,,,surf,10,,0,,slot,,
1001,,3,550,,,surf-spots,60,,0,,slot,,
1002,,3,550,,,surf-spots,60,,0,,slot,,
1001,,3,184,,,surf-spots,30,,0,,slot,,
1002,,3,184,,,surf-spots,30,,0,,slot,,
1001,,3,349,,,surf-spots,10,,0,,slot,,
1002,,3,349,,,surf-spots,10,,0,,slot,,
1001,,3,118,,,fish,60,,0,,slot,,
1002,,3,118,,,fish,60,,0,,slot,,
1001,,3,129,,,fish,30,,0,,slot,,
1002,,3,129,,,fish,30,,0,,slot,,
1001,,3,349,,,fish,10,,0,,slot,,
1002,,3,349,,,fish,10,,0,,slot,,
1001,,3,550,,,fish-spots,60,,0,,slot,,
1002,,3,550,,,fish-spots,60,,0,,slot,,
1001,,3,147,,,fish-spots,30,,0,,slot,,
1002,,3,147,,,fish-spots,30,,0,,slot,,
1001,,3,130,,,fish-spots,5,,0,,slot,,
1002,,3,130,,,fish-spots,5,,0,,slot,,
1001,,3,350,,,fish-spots,5,,0,,slot,,
1002,,3,350,,,fish-spots,5,,0,,slot,,
1001,,6,509,,,grass,20,,0,,slot,,
1002,,6,509,,,grass,20,,0,,slot,,
1001,,6,504,,,grass,20,,0,,slot,,
1002,,6,504,,,grass,20,,0,,slot,,
1001,,6,401,,,grass,10,,0,,slot,,
1002,,6,401,,,grass,10,,0,,slot,,
1001,,6,10,,,grass,10,,0,,slot,,
1002,,6,10,,,grass,10,,0,,slot,,
1001,,6,265,,,grass,10,,0,,slot,,
1002,,6,265,,,grass,10,,0,,slot,,
1001,,6,13,,,grass,10,,0,,slot,,
1002,,6,13,,,grass,10,,0,,slot,,
1001,,6,261,,,grass,5,,0,,slot,,
1002,,6,261,,,grass,5,,0,,slot,,
1001,,6,52,,,grass,5,,0,,slot,,
1002,,6,52,,,grass,5,,0,,slot,,
1001,,6,21,,,grass,5,,0,,slot,,
1002,,6,21,,,grass,5,,0,,slot,,
1001,,6,56,,,grass,5,,0,,slot,,
1002,,6,56,,,grass,5,,0,,slot,,
1001,,6,531,,,grass-spots,60,,0,,slot,,
1002,,6,531,,,grass-spots,60,,0,,slot,,
1001,,6,300,,,grass-spots,10,,0,,slot,,
1002,,6,300,,,grass-spots,10,,0,,slot,,
1001,,6,290,,,grass-spots,10,,0,,slot,,
1002,,6,290,,,grass-spots,10,,0,,slot,,
1001,,6,12,,,grass-spots,5,,0,,slot,,
1002,,6,12,,,grass-spots,5,,0,,slot,,
1001,,6,15,,,grass-spots,5,,0,,slot,,
1002,,6,15,,,grass-spots,5,,0,,slot,,
1001,,6,267,,,grass-spots,5,,0,,slot,,
1002,,6,267,,,grass-spots,5,,0,,slot,,
1001,,6,269,,,grass-spots,5,,0,,slot,,
1002,,6,269,,,grass-spots,5,,0,,slot,,
1001,,233,183,,,surf,100,,0,,slot,,
1002,,233,183,,,surf,100,,0,,slot,,
1001,,233,184,,,surf-spots,100,,0,,slot,,
1002,,233,184,,,surf-spots,100,,0,,slot,,
1001,,233,54,,,fish,60,,0,,slot,,
1002,,233,54,,,fish,60,,0,,slot,,
1001,,233,79,,,fish,30,,0,,slot,,
1002,,233,79,,,fish,30,,0,,slot,,
1001,,233,120,,,fish,10,,0,,slot,,
1002,,233,120,,,fish,10,,0,,slot,,
1001,,233,550,,,fish-spots,60,,0,,slot,,
1002,,233,550,,,fish-spots,60,,0,,slot,,
1001,,233,120,,,fish-spots,40,,0,,slot,,
1002,,233,120,,,fish-spots,40,,0,,slot,,
1001,,234,517,,,grass,20,,0,,slot,,
1002,,234,517,,,grass,20,,0,,slot,,
1001,,234,96,,,grass,20,,0,,slot,,
1002,,234,96,,,grass,20,,0,,slot,,
1001,,234,327,,,grass,10,,0,,slot,,
1002,,234,327,,,grass,10,,0,,slot,,
1001,,234,177,,,grass,10,,0,,slot,,
1002,,234,177,,,grass,10,,0,,slot,,
1001,,234,48,,,grass,10,,0,,slot,,
1002,,234,48,,,grass,10,,0,,slot,,
1001,,234,280,,,grass,10,,0,,slot,,
1002,,234,280,,,grass,10,,0,,slot,,
1001,,234,35,,,grass,5,,0,,slot,,
1002,,234,35,,,grass,5,,0,,slot,,
1001,,234,39,,,grass,5,,0,,slot,,
1002,,234,39,,,grass,5,,0,,slot,,
1001,,234,32,,,grass,5,,0,,slot,,
1002,,234,32,,,grass,5,,0,,slot,,
1001,,234,29,,,grass,5,,0,,slot,,
1002,,234,29,,,grass,5,,0,,slot,,
1001,,234,517,,,dark-grass,20,,0,,slot,,
1002,,234,517,,,dark-grass,20,,0,,slot,,
1001,,234,97,,,dark-grass,20,,0,,slot,,
1002,,234,97,,,dark-grass,20,,0,,slot,,
1001,,234,35,,,dark-grass,10,,0,,slot,,
1002,,234,35,,,dark-grass,10,,0,,slot,,
1001,,234,39,,,dark-grass,10,,0,,slot,,
1002,,234,39,,,dark-grass,10,,0,,slot,,
1001,,234,178,,,dark-grass,10,,0,,slot,,
1002,,234,178,,,dark-grass,10,,0,,slot,,
1001,,234,49,,,dark-grass,10,,0,,slot,,
1002,,234,49,,,dark-grass,10,,0,,slot,,
1001,,234,281,,,dark-grass,10,,0,,slot,,
1002,,234,281,,,dark-grass,10,,0,,slot,,
1001,,234,327,,,dark-grass,10,,0,,slot,,
1002,,234,327,,,dark-grass,10,,0,,slot,,
1001,,234,531,,,grass-spots,40,,0,,slot,,
1002,,234,531,,,grass-spots,40,,0,,slot,,
1001,,234,175,,,grass-spots,20,,0,,slot,,
1002,,234,175,,,grass-spots,20,,0,,slot,,
1001,,234,173,,,grass-spots,10,,0,,slot,,
1002,,234,173,,,grass-spots,10,,0,,slot,,
1001,,234,174,,,grass-spots,10,,0,,slot,,
1002,,234,174,,,grass-spots,10,,0,,slot,,
1001,,234,433,,,grass-spots,10,,0,,slot,,
1002,,234,433,,,grass-spots,10,,0,,slot,,
1001,,234,337,,,grass-spots,5,,0,,slot,,
1002,,234,337,,,grass-spots,5,,0,,slot,,
1001,,234,338,,,grass-spots,5,,0,,slot,,
1002,,234,338,,,grass-spots,5,,0,,slot,,
1001,,234,385,30,30,grass-spots,1,,0,,overlay,legendary,"Dreams and wishes often coincide, and as a result the Wishmaker Jirachi is attracted to the Dreamyard. You might be lucky enough to find him early on your journey, but don't undestimate its power!"
1002,,234,385,30,30,grass-spots,1,,0,,overlay,legendary,"Dreams and wishes often coincide, and as a result the Wishmaker Jirachi is attracted to the Dreamyard. You might be lucky enough to find him early on your journey, but don't undestimate its power!"
1001,,234,518,70,70,static,,Dreamyard Basement,1,,static,special,
1002,,234,518,70,70,static,,Dreamyard Basement,1,,static,special,
1001,,8,179,,,grass,20,,0,,slot,,
1002,,8,179,,,grass,20,,0,,slot,,
1001,,8,276,,,grass,20,,0,,slot,,
1002,,8,276,,,grass,20,,0,,slot,,
1001,,8,422,,,grass,10,,0,,slot,,
1002,,8,422,,,grass,10,,0,,slot,,
1001,,8,191,,,grass,10,,0,,slot,,
1002,,8,191,,,grass,10,,0,,slot,,
1001,,8,270,,,grass,10,,0,,slot,,
1002,,8,270,,,grass,10,,0,,slot,,
1001,,8,273,,,grass,10,,0,,slot,,
1002,,8,273,,,grass,10,,0,,slot,,
1001,,8,403,,,grass,10,,0,,slot,,
1002,,8,403,,,grass,10,,0,,slot,,
1001,,8,63,,,grass,5,,0,,slot,,
1002,,8,63,,,grass,5,,0,,slot,,
1001,,8,231,,,grass,5,,0,,slot,,
1002,,8,231,,,grass,5,,0,,slot,,
1001,,8,522,,,dark-grass,20,,0,,slot,,
1002,,8,522,,,dark-grass,20,,0,,slot,,
1001,,8,519,,,dark-grass,20,,0,,slot,,
1002,,8,519,,,dark-grass,20,,0,,slot,,
1001,,8,58,,,dark-grass,10,,0,,slot,,
1002,,8,58,,,dark-grass,10,,0,,slot,,
1001,,8,37,,,dark-grass,10,,0,,slot,,
1002,,8,37,,,dark-grass,10,,0,,slot,,
1001,,8,187,,,dark-grass,10,,0,,slot,,
1002,,8,187,,,dark-grass,10,,0,,slot,,
1001,,8,406,,,dark-grass,10,,0,,slot,,
1002,,8,406,,,dark-grass,10,,0,,slot,,
1001,,8,183,,,dark-grass,5,,0,,slot,,
1002,,8,183,,,dark-grass,5,,0,,slot,,
1001,,8,228,,,dark-grass,5,,0,,slot,,
1002,,8,228,,,dark-grass,5,,0,,slot,,
1001,,8,313,,,dark-grass,4,,0,,slot,,
1002,,8,313,,,dark-grass,4,,0,,slot,,
1001,,8,314,,,dark-grass,4,,0,,slot,,
1002,,8,314,,,dark-grass,4,,0,,slot,,
1001,,8,271,,,dark-grass,1,,0,,slot,,
1002,,8,271,,,dark-grass,1,,0,,slot,,
1001,,8,274,,,dark-grass,1,,0,,slot,,
1002,,8,274,,,dark-grass,1,,0,,slot,,
1001,,8,531,,,grass-spots,70,,0,,slot,,
1002,,8,531,,,grass-spots,70,,0,,slot,,
1001,,8,501,,,grass-spots,10,,0,,slot,,
1002,,8,501,,,grass-spots,10,,0,,slot,,
1001,,8,7,,,grass-spots,5,,0,,slot,,
1002,,8,7,,,grass-spots,5,,0,,slot,,
1001,,8,158,,,grass-spots,5,,0,,slot,,
1002,,8,158,,,grass-spots,5,,0,,slot,,
1001,,8,258,,,grass-spots,5,,0,,slot,,
1002,,8,258,,,grass-spots,5,,0,,slot,,
1001,,8,393,,,grass-spots,5,,0,,slot,,
1002,,8,393,,,grass-spots,5,,0,,slot,,
1001,,8,79,,,surf,60,,0,,slot,,
1002,,8,79,,,surf,60,,0,,slot,,
1001,,8,54,,,surf,30,,0,,slot,,
1002,,8,54,,,surf,30,,0,,slot,,
1001,,8,183,,,surf,10,,0,,slot,,
1002,,8,183,,,surf,10,,0,,slot,,
1001,,8,55,,,surf-spots,60,,0,,slot,,
1002,,8,55,,,surf-spots,60,,0,,slot,,
1001,,8,184,,,surf-spots,30,,0,,slot,,
1002,,8,184,,,surf-spots,30,,0,,slot,,
1001,,8,80,,,surf-spots,5,,0,,slot,,
1002,,8,80,,,surf-spots,5,,0,,slot,,
1001,,8,199,,,surf-spots,5,,0,,slot,,
1002,,8,199,,,surf-spots,5,,0,,slot,,
1001,,8,60,,,fish,60,,0,,slot,,
1002,,8,60,,,fish,60,,0,,slot,,
1001,,8,79,,,fish,30,,0,,slot,,
1002,,8,79,,,fish,30,,0,,slot,,
1001,,8,170,,,fish,5,,0,,slot,,
1002,,8,170,,,fish,5,,0,,slot,,
1001,,8,223,,,fish,5,,0,,slot,,
1002,,8,223,,,fish,5,,0,,slot,,
1001,,8,170,,,fish-spots,60,,0,,slot,,
1002,,8,170,,,fish-spots,60,,0,,slot,,
1001,,8,211,,,fish-spots,30,,0,,slot,,
1002,,8,211,,,fish-spots,30,,0,,slot,,
1001,,8,223,,,fish-spots,10,,0,,slot,,
1002,,8,223,,,fish-spots,10,,0,,slot,,
1001,,235,527,,,cave,20,1F,1,,slot,,
1002,,235,527,,,cave,20,1F,1,,slot,,
1001,,235,41,,,cave,20,1F,1,,slot,,
1002,,235,41,,,cave,20,1F,1,,slot,,
1001,,235,74,,,cave,10,1F,1,,slot,,
1002,,235,74,,,cave,10,1F,1,,slot,,
1001,,235,524,,,cave,10,1F,1,,slot,,
1002,,235,524,,,cave,10,1F,1,,slot,,
1001,,235,304,,,cave,10,1F,1,,slot,,
1002,,235,304,,,cave,10,1F,1,,slot,,
1001,,235,293,,,cave,10,1F,1,,slot,,
1002,,235,293,,,cave,10,1F,1,,slot,,
1001,,235,194,,,cave,5,1F,1,,slot,,
1002,,235,194,,,cave,5,1F,1,,slot,,
1001,,235,436,,,cave,5,1F,1,,slot,,
1002,,235,436,,,cave,5,1F,1,,slot,,
1001,,235,610,,,cave,5,1F,1,,slot,,
1002,,235,610,,,cave,5,1F,1,,slot,,
1001,,235,216,,,cave,5,1F,1,,slot,,
1002,,235,216,,,cave,5,1F,1,,slot,,
1001,,235,529,,,cave-spots,40,1F,1,,slot,,
1002,,235,529,,,cave-spots,40,1F,1,,slot,,
1001,,235,50,,,cave-spots,40,1F,1,,slot,,
1002,,235,50,,,cave-spots,40,1F,1,,slot,,
1001,,235,443,,,cave-spots,20,1F,1,,slot,,
1002,,235,443,,,cave-spots,20,1F,1,,slot,,
1001,,235,194,,,surf,60,1F,1,,slot,,
1002,,235,194,,,surf,60,1F,1,,slot,,
1001,,235,422,,,surf,40,1F,1,,slot,,
1002,,235,422,,,surf,40,1F,1,,slot,,
1001,,235,195,,,surf-spots,60,1F,1,,slot,,
1002,,235,195,,,surf-spots,60,1F,1,,slot,,
1001,,235,423,,,surf-spots,40,1F,1,,slot,,
1002,,235,423,,,surf-spots,40,1F,1,,slot,,
1001,,235,339,,,fish,60,1F,1,,slot,,
1002,,235,339,,,fish,60,1F,1,,slot,,
1001,,235,72,,,fish,30,1F,1,,slot,,
1002,,235,72,,,fish,30,1F,1,,slot,,
1001,,235,90,,,fish,10,1F,1,,slot,,
1002,,235,90,,,fish,10,1F,1,,slot,,
1001,,235,90,,,fish-spots,100,1F,1,,slot,,
1002,,235,90,,,fish-spots,100,1F,1,,slot,,
1001,,235,527,,,cave,20,B1F,2,,slot,,
1002,,235,527,,,cave,20,B1F,2,,slot,,
1001,,235,42,,,cave,20,B1F,2,,slot,,
1002,,235,42,,,cave,20,B1F,2,,slot,,
1001,,235,75,,,cave,10,B1F,2,,slot,,
1002,,235,75,,,cave,10,B1F,2,,slot,,
1001,,235,525,,,cave,10,B1F,2,,slot,,
1002,,235,525,,,cave,10,B1F,2,,slot,,
1001,,235,305,,,cave,10,B1F,2,,slot,,
1002,,235,305,,,cave,10,B1F,2,,slot,,
1001,,235,208,,,cave,10,B1F,2,,slot,,
1002,,235,208,,,cave,10,B1F,2,,slot,,
1001,,235,294,,,cave,10,B1F,2,,slot,,
1002,,235,294,,,cave,10,B1F,2,,slot,,
1001,,235,195,,,cave,10,B1F,2,,slot,,
1002,,235,195,,,cave,10,B1F,2,,slot,,
1001,,235,530,,,cave-spots,50,B1F,2,,slot,,
1002,,235,530,,,cave-spots,50,B1F,2,,slot,,
1001,,235,51,,,cave-spots,50,B1F,2,,slot,,
1002,,235,51,,,cave-spots,50,B1F,2,,slot,,
1001,,235,340,,,surf,60,B1F,2,,slot,,
1002,,235,340,,,surf,60,B1F,2,,slot,,
1001,,235,423,,,surf,40,B1F,2,,slot,,
1002,,235,423,,,surf,40,B1F,2,,slot,,
1001,,235,340,,,surf-spots,60,B1F,2,,slot,,
1002,,235,340,,,surf-spots,60,B1F,2,,slot,,
1001,,235,423,,,surf-spots,40,B1F,2,,slot,,
1002,,235,423,,,surf-spots,40,B1F,2,,slot,,
1001,,235,340,,,fish,100,B1F,2,,slot,,
1002,,235,340,,,fish,100,B1F,2,,slot,,
1001,,235,91,,,fish-spots,100,B1F,2,,slot,,
1002,,235,91,,,fish-spots,100,B1F,2,,slot,,
1001,,237,535,,,grass,20,Outside,1,,slot,,
1002,,237,535,,,grass,20,Outside,1,,slot,,
1001,,237,532,,,grass,20,Outside,1,,slot,,
1002,,237,532,,,grass,20,Outside,1,,slot,,
1001,,237,307,,,grass,10,Outside,1,,slot,,
1002,,237,307,,,grass,10,Outside,1,,slot,,
1001,,237,167,,,grass,10,Outside,1,,slot,,
1002,,237,167,,,grass,10,Outside,1,,slot,,
1001,,237,165,,,grass,10,Outside,1,,slot,,
1002,,237,165,,,grass,10,Outside,1,,slot,,
1001,,237,66,,,grass,10,Outside,1,,slot,,
1002,,237,66,,,grass,10,Outside,1,,slot,,
1001,,237,296,,,grass,10,Outside,1,,slot,,
1002,,237,296,,,grass,10,Outside,1,,slot,,
1001,,237,453,,,grass,5,Outside,1,,slot,,
1002,,237,453,,,grass,5,Outside,1,,slot,,
1001,,237,287,,,grass,5,Outside,1,,slot,,
1002,,237,287,,,grass,5,Outside,1,,slot,,
1001,,237,538,,,dark-grass,20,Outside,1,,slot,,
1002,,237,538,,,dark-grass,20,Outside,1,,slot,,
1001,,237,539,,,dark-grass,20,Outside,1,,slot,,
1002,,237,539,,,dark-grass,20,Outside,1,,slot,,
1001,,237,206,,,dark-grass,10,Outside,1,,slot,,
1002,,237,206,,,dark-grass,10,Outside,1,,slot,,
1001,,237,84,,,dark-grass,10,Outside,1,,slot,,
1002,,237,84,,,dark-grass,10,Outside,1,,slot,,
1001,,237,209,,,dark-grass,10,Outside,1,,slot,,
1002,,237,209,,,dark-grass,10,Outside,1,,slot,,
1001,,237,190,,,dark-grass,10,Outside,1,,slot,,
1002,,237,190,,,dark-grass,10,Outside,1,,slot,,
1001,,237,104,,,dark-grass,9,Outside,1,,slot,,
1002,,237,104,,,dark-grass,9,Outside,1,,slot,,
1001,,237,412,,,dark-grass,9,Outside,1,,slot,,
1002,,237,412,,,dark-grass,9,Outside,1,,slot,,
1001,,237,214,,,dark-grass,2,Outside,1,,slot,,
1002,,237,214,,,dark-grass,2,Outside,1,,slot,,
1001,,237,531,,,grass-spots,50,Outside,1,,slot,,
1002,,237,531,,,grass-spots,50,Outside,1,,slot,,
1001,,237,498,,,grass-spots,10,Outside,1,,slot,,
1002,,237,498,,,grass-spots,10,Outside,1,,slot,,
1001,,237,236,,,grass-spots,10,Outside,1,,slot,,
1002,,237,236,,,grass-spots,10,Outside,1,,slot,,
1001,,237,447,,,grass-spots,10,Outside,1,,slot,,
1002,,237,447,,,grass-spots,10,Outside,1,,slot,,
1001,,237,4,,,grass-spots,5,Outside,1,,slot,,
1002,,237,4,,,grass-spots,5,Outside,1,,slot,,
1001,,237,155,,,grass-spots,5,Outside,1,,slot,,
1002,,237,155,,,grass-spots,5,Outside,1,,slot,,
1001,,237,255,,,grass-spots,5,Outside,1,,slot,,
1002,,237,255,,,grass-spots,5,Outside,1,,slot,,
1001,,237,390,,,grass-spots,5,Outside,1,,slot,,
1002,,237,390,,,grass-spots,5,Outside,1,,slot,,
1001,,237,546,,,grass,20,Inside,2,,slot,,
1002,,237,546,,,grass,20,Inside,2,,slot,,
1001,,237,548,,,grass,20,Inside,2,,slot,,
1002,,237,548,,,grass,20,Inside,2,,slot,,
1001,,237,540,,,grass,10,Inside,2,,slot,,
1002,,237,540,,,grass,10,Inside,2,,slot,,
1001,,237,543,,,grass,10,Inside,2,,slot,,
1002,,237,543,,,grass,10,Inside,2,,slot,,
1001,,237,43,,,grass,10,Inside,2,,slot,,
1002,,237,43,,,grass,10,Inside,2,,slot,,
1001,,237,69,,,grass,10,Inside,2,,slot,,
1002,,237,69,,,grass,10,Inside,2,,slot,,
1001,,237,285,,,grass,5,Inside,2,,slot,,
1002,,237,285,,,grass,5,Inside,2,,slot,,
1001,,237,102,,,grass,5,Inside,2,,slot,,
1002,,237,102,,,grass,5,Inside,2,,slot,,
1001,,237,198,,,grass,5,Inside,2,,slot,,
1002,,237,198,,,grass,5,Inside,2,,slot,,
1001,,237,200,,,grass,5,Inside,2,,slot,,
1002,,237,200,,,grass,5,Inside,2,,slot,,
1001,,237,114,,,dark-grass,20,Inside,2,,slot,,
1002,,237,114,,,dark-grass,20,Inside,2,,slot,,
1001,,237,315,,,dark-grass,20,Inside,2,,slot,,
1002,,237,315,,,dark-grass,20,Inside,2,,slot,,
1001,,237,541,,,dark-grass,10,Inside,2,,slot,,
1002,,237,541,,,dark-grass,10,Inside,2,,slot,,
1001,,237,544,,,dark-grass,10,Inside,2,,slot,,
1002,,237,544,,,dark-grass,10,Inside,2,,slot,,
1001,,237,44,,,dark-grass,10,Inside,2,,slot,,
1002,,237,44,,,dark-grass,10,Inside,2,,slot,,
1001,,237,70,,,dark-grass,10,Inside,2,,slot,,
1002,,237,70,,,dark-grass,10,Inside,2,,slot,,
1001,,237,455,,,dark-grass,5,Inside,2,,slot,,
1002,,237,455,,,dark-grass,5,Inside,2,,slot,,
1001,,237,123,,,dark-grass,5,Inside,2,,slot,,
1002,,237,123,,,dark-grass,5,Inside,2,,slot,,
1001,,237,127,,,dark-grass,5,Inside,2,,slot,,
1002,,237,127,,,dark-grass,5,Inside,2,,slot,,
1001,,237,288,,,dark-grass,5,Inside,2,,slot,,
1002,,237,288,,,dark-grass,5,Inside,2,,slot,,
1001,,237,531,,,grass-spots,40,Inside,2,,slot,,
1002,,237,531,,,grass-spots,40,Inside,2,,slot,,
1001,,237,495,,,grass-spots,10,Inside,2,,slot,,
1002,,237,495,,,grass-spots,10,Inside,2,,slot,,
1001,,237,511,,,grass-spots,10,Inside,2,,slot,,
1002,,237,511,,,grass-spots,10,Inside,2,,slot,,
1001,,237,515,,,grass-spots,10,Inside,2,,slot,,
1002,,237,515,,,grass-spots,10,Inside,2,,slot,,
1001,,237,513,,,grass-spots,10,Inside,2,,slot,,
1002,,237,513,,,grass-spots,10,Inside,2,,slot,,
1001,,237,1,,,grass-spots,5,Inside,2,,slot,,
1002,,237,1,,,grass-spots,5,Inside,2,,slot,,
1001,,237,152,,,grass-spots,5,Inside,2,,slot,,
1002,,237,152,,,grass-spots,5,Inside,2,,slot,,
1001,,237,252,,,grass-spots,5,Inside,2,,slot,,
1002,,237,252,,,grass-spots,5,Inside,2,,slot,,
1001,,237,387,,,grass-spots,5,Inside,2,,slot,,
1002,,237,387,,,grass-spots,5,Inside,2,,slot,,
1001,,237,283,,,surf,100,Inside,2,,slot,,
1002,,237,283,,,surf,100,Inside,2,,slot,,
1001,,237,284,,,surf-spots,100,Inside,2,,slot,,
1002,,237,284,,,surf-spots,100,Inside,2,,slot,,
1001,,237,54,,,fish,60,Inside,2,,slot,,
1002,,237,54,,,fish,60,Inside,2,,slot,,
1001,,237,60,,,fish,40,Inside,2,,slot,,
1002,,237,60,,,fish,40,Inside,2,,slot,,
1001,,237,61,,,fish-spots,95,Inside,2,,slot,,
1002,,237,61,,,fish-spots,95,Inside,2,,slot,,
1001,,237,186,,,fish-spots,5,Inside,2,,slot,,
1002,,237,186,,,fish-spots,5,Inside,2,,slot,,
1001,,237,640,56,56,static,,Rumination Field,3,,static,legendary,
1002,,237,640,56,56,static,,Rumination Field,3,,static,legendary,
1001,,257,494,20,20,static,,Liberty Tower Basement,1,,static,legendary,
1002,,257,494,20,20,static,,Liberty Tower Basement,1,,static,legendary,
1001,,9,551,,,sand,20,,0,,slot,,
1002,,9,551,,,sand,20,,0,,slot,,
1001,,9,27,,,sand,20,,0,,slot,,
1002,,9,27,,,sand,20,,0,,slot,,
1001,,9,554,,,sand,10,,0,,slot,,
1002,,9,554,,,sand,10,,0,,slot,,
1001,,9,559,,,sand,10,,0,,slot,,
1002,,9,559,,,sand,10,,0,,slot,,
1001,,9,331,,,sand,10,,0,,slot,,
1002,,9,331,,,sand,10,,0,,slot,,
1001,,9,328,,,sand,10,,0,,slot,,
1002,,9,328,,,sand,10,,0,,slot,,
1001,,9,629,,,sand,10,,0,,slot,,
1002,,9,629,,,sand,10,,0,,slot,,
1001,,9,449,,,sand,5,,0,,slot,,
1002,,9,449,,,sand,5,,0,,slot,,
1001,,9,605,,,sand,5,,0,,slot,,
1002,,9,605,,,sand,5,,0,,slot,,
1001,,9,592,,,surf,60,,0,,slot,,
1002,,9,592,,,surf,60,,0,,slot,,
1001,,9,366,,,surf,30,,0,,slot,,
1002,,9,366,,,surf,30,,0,,slot,,
1001,,9,369,,,surf,10,,0,,slot,,
1002,,9,369,,,surf,10,,0,,slot,,
1001,,9,593,,,surf-spots,60,,0,,slot,,
1002,,9,593,,,surf-spots,60,,0,,slot,,
1001,,9,369,,,surf-spots,30,,0,,slot,,
1002,,9,369,,,surf-spots,30,,0,,slot,,
1001,,9,367,,,surf-spots,5,,0,,slot,,
1002,,9,367,,,surf-spots,5,,0,,slot,,
1001,,9,368,,,surf-spots,5,,0,,slot,,
1002,,9,368,,,surf-spots,5,,0,,slot,,
1001,,9,98,,,fish,60,,0,,slot,,
1002,,9,98,,,fish,60,,0,,slot,,
1001,,9,341,,,fish,30,,0,,slot,,
1002,,9,341,,,fish,30,,0,,slot,,
1001,,9,366,,,fish,10,,0,,slot,,
1002,,9,366,,,fish,10,,0,,slot,,
1001,,9,366,,,fish-spots,60,,0,,slot,,
1002,,9,366,,,fish-spots,60,,0,,slot,,
1001,,9,592,,,fish-spots,30,,0,,slot,,
1002,,9,592,,,fish-spots,30,,0,,slot,,
1001,,9,369,,,fish-spots,10,,0,,slot,,
1002,,9,369,,,fish-spots,10,,0,,slot,,
1001,,239,551,,,sand,20,Entrance,1,,slot,,
1002,,239,551,,,sand,20,Entrance,1,,slot,,
1001,,239,27,,,sand,20,Entrance,1,,slot,,
1002,,239,27,,,sand,20,Entrance,1,,slot,,
1001,,239,554,,,sand,10,Entrance,1,,slot,,
1002,,239,554,,,sand,10,Entrance,1,,slot,,
1001,,239,559,,,sand,10,Entrance,1,,slot,,
1002,,239,559,,,sand,10,Entrance,1,,slot,,
1001,,239,331,,,sand,10,Entrance,1,,slot,,
1002,,239,331,,,sand,10,Entrance,1,,slot,,
1001,,239,557,,,sand,10,Entrance,1,,slot,,
1002,,239,557,,,sand,10,Entrance,1,,slot,,
1001,,239,343,,,sand,10,Entrance,1,,slot,,
1002,,239,343,,,sand,10,Entrance,1,,slot,,
1001,,239,328,,,sand,10,Entrance,1,,slot,,
1002,,239,328,,,sand,10,Entrance,1,,slot,,
1001,,239,328,,,sand,20,Main,2,,slot,,
1002,,239,328,,,sand,20,Main,2,,slot,,
1001,,239,554,,,sand,20,Main,2,,slot,,
1002,,239,554,,,sand,20,Main,2,,slot,,
1001,,239,331,,,sand,10,Main,2,,slot,,
1002,,239,331,,,sand,10,Main,2,,slot,,
1001,,239,449,,,sand,10,Main,2,,slot,,
1002,,239,449,,,sand,10,Main,2,,slot,,
1001,,239,207,,,sand,10,Main,2,,slot,,
1002,,239,207,,,sand,10,Main,2,,slot,,
1001,,239,557,,,sand,10,Main,2,,slot,,
1002,,239,557,,,sand,10,Main,2,,slot,,
1001,,239,556,,,sand,5,Main,2,,slot,,
1002,,239,556,,,sand,5,Main,2,,slot,,
1001,,239,561,,,sand,5,Main,2,,slot,,
1002,,239,561,,,sand,5,Main,2,,slot,,
1001,,239,227,,,sand,5,Main,2,,slot,,
1002,,239,227,,,sand,5,Main,2,,slot,,
1001,,239,630,,,sand,5,Main,2,,slot,,
1002,,239,630,,,sand,5,Main,2,,slot,,
1001,,239,555,35,35,static,,,0,,static,special,This is still the only way to get a Zen Mode Darmanitan!
1002,,239,555,35,35,static,,,0,,static,special,This is still the only way to get a Zen Mode Darmanitan!
1001,,240,551,,,sand,20,1F,1,,slot,,
1002,,240,551,,,sand,20,1F,1,,slot,,
1001,,240,27,,,sand,20,1F,1,,slot,,
1002,,240,27,,,sand,20,1F,1,,slot,,
1001,,240,111,,,sand,10,1F,1,,slot,,
1002,,240,111,,,sand,10,1F,1,,slot,,
1001,,240,322,,,sand,10,1F,1,,slot,,
1002,,240,322,,,sand,10,1F,1,,slot,,
1001,,240,622,,,sand,10,1F,1,,slot,,
1002,,240,622,,,sand,10,1F,1,,slot,,
1001,,240,436,,,sand,10,1F,1,,slot,,
1002,,240,436,,,sand,10,1F,1,,slot,,
1001,,240,95,,,sand,10,1F,1,,slot,,
1002,,240,95,,,sand,10,1F,1,,slot,,
1001,,240,328,,,sand,10,1F,1,,slot,,
1002,,240,328,,,sand,10,1F,1,,slot,,
1001,,240,562,,,sand,20,B1F,2,,slot,,
1002,,240,562,,,sand,20,B1F,2,,slot,,
1001,,240,92,,,sand,20,B1F,2,,slot,,
1002,,240,92,,,sand,20,B1F,2,,slot,,
1001,,240,353,,,sand,10,B1F,2,,slot,,
1002,,240,353,,,sand,10,B1F,2,,slot,,
1001,,240,355,,,sand,10,B1F,2,,slot,,
1002,,240,355,,,sand,10,B1F,2,,slot,,
1001,,240,436,,,sand,10,B1F,2,,slot,,
1002,,240,436,,,sand,10,B1F,2,,slot,,
1001,,240,605,,,sand,10,B1F,2,,slot,,
1002,,240,605,,,sand,10,B1F,2,,slot,,
1001,,240,607,,,sand,10,B1F,2,,slot,,
1002,,240,607,,,sand,10,B1F,2,,slot,,
1001,,240,374,,,sand,4,B1F,2,,slot,,
1002,,240,374,,,sand,4,B1F,2,,slot,,
1001,,240,246,,,sand,4,B1F,2,,slot,,
1002,,240,246,,,sand,4,B1F,2,,slot,,
1001,,240,636,,,sand,2,B1F,2,,slot,,
1002,,240,636,,,sand,2,B1F,2,,slot,,
1001,,240,552,,,sand,20,"B2F, B3F, B4F, B5F",3,,slot,,
1002,,240,552,,,sand,20,"B2F, B3F, B4F, B5F",3,,slot,,
1001,,240,563,,,sand,20,"B2F, B3F, B4F, B5F",3,,slot,,
1002,,240,563,,,sand,20,"B2F, B3F, B4F, B5F",3,,slot,,
1001,,240,329,,,sand,10,"B2F, B3F, B4F, B5F",3,,slot,,
1002,,240,329,,,sand,10,"B2F, B3F, B4F, B5F",3,,slot,,
1001,,240,450,,,sand,10,"B2F, B3F, B4F, B5F",3,,slot,,
1002,,240,450,,,sand,10,"B2F, B3F, B4F, B5F",3,,slot,,
1001,,240,28,,,sand,10,"B2F, B3F, B4F, B5F",3,,slot,,
1002,,240,28,,,sand,10,"B2F, B3F, B4F, B5F",3,,slot,,
1001,,240,344,,,sand,10,"B2F, B3F, B4F, B5F",3,,slot,,
1002,,240,344,,,sand,10,"B2F, B3F, B4F, B5F",3,,slot,,
1001,,240,561,,,sand,5,"B2F, B3F, B4F, B5F",3,,slot,,
1002,,240,561,,,sand,5,"B2F, B3F, B4F, B5F",3,,slot,,
1001,,240,558,,,sand,5,"B2F, B3F, B4F, B5F",3,,slot,,
1002,,240,558,,,sand,5,"B2F, B3F, B4F, B5F",3,,slot,,
1001,,240,555,,,sand,5,"B2F, B3F, B4F, B5F",3,,slot,,
1002,,240,555,,,sand,5,"B2F, B3F, B4F, B5F",3,,slot,,
1001,,240,323,,,sand,5,"B2F, B3F, B4F, B5F",3,,slot,,
1002,,240,323,,,sand,5,"B2F, B3F, B4F, B5F",3,,slot,,
1001,,240,552,,,sand,20,"B6F, Maze",4,,slot,,
1002,,240,552,,,sand,20,"B6F, Maze",4,,slot,,
1001,,240,563,,,sand,20,"B6F, Maze",4,,slot,,
1002,,240,563,,,sand,20,"B6F, Maze",4,,slot,,
1001,,240,329,,,sand,10,"B6F, Maze",4,,slot,,
1002,,240,329,,,sand,10,"B6F, Maze",4,,slot,,
1001,,240,450,,,sand,10,"B6F, Maze",4,,slot,,
1002,,240,450,,,sand,10,"B6F, Maze",4,,slot,,
1001,,240,28,,,sand,10,"B6F, Maze",4,,slot,,
1002,,240,28,,,sand,10,"B6F, Maze",4,,slot,,
1001,,240,344,,,sand,10,"B6F, Maze",4,,slot,,
1002,,240,344,,,sand,10,"B6F, Maze",4,,slot,,
1001,,240,561,,,sand,5,"B6F, Maze",4,,slot,,
1002,,240,561,,,sand,5,"B6F, Maze",4,,slot,,
1001,,240,558,,,sand,5,"B6F, Maze",4,,slot,,
1002,,240,558,,,sand,5,"B6F, Maze",4,,slot,,
1001,,240,555,,,sand,5,"B6F, Maze",4,,slot,,
1002,,240,555,,,sand,5,"B6F, Maze",4,,slot,,
1001,,240,323,,,sand,5,"B6F, Maze",4,,slot,,
1002,,240,323,,,sand,5,"B6F, Maze",4,,slot,,
1001,,240,201,,,sand,100,Pot Rooms,5,,slot,,
1002,,240,201,,,sand,100,Pot Rooms,5,,slot,,
1001,,240,377,50,50,sand,1,"B2F, B3F, B4F, B5F",3,,overlay,legendary,The Relic Castle is a place with many ancient secrets sleeping beneath its depths. The arrival of Team Plasma has made two particular members of a trio wake up... but you'll be lucky to bump into them.
1002,,240,377,50,50,sand,1,"B2F, B3F, B4F, B5F",3,,overlay,legendary,The Relic Castle is a place with many ancient secrets sleeping beneath its depths. The arrival of Team Plasma has made two particular members of a trio wake up... but you'll be lucky to bump into them.
1001,,240,379,50,50,sand,1,"B2F, B3F, B4F, B5F",3,,overlay,legendary,"The ancient, sandy area is also enjoyed by the tough Registeel, but despite its size, it's still rare to make contact with it. Why? Who knows; blame it on their legendary powers."
1002,,240,379,50,50,sand,1,"B2F, B3F, B4F, B5F",3,,overlay,legendary,"The ancient, sandy area is also enjoyed by the tough Registeel, but despite its size, it's still rare to make contact with it. Why? Who knows; blame it on their legendary powers."
1001,,240,486,70,70,floor,1,Volcarona Room,6,,overlay,legendary,"It's of little surprise that the king would appear in the same area as the majority of his subjects. The deepest, most valuable room in the castle houses this beast."
1002,,240,486,70,70,floor,1,Volcarona Room,6,,overlay,legendary,"It's of little surprise that the king would appear in the same area as the majority of his subjects. The deepest, most valuable room in the castle houses this beast."
1001,,240,637,75,75,static,,Volcarona Room,6,,static,special,
1002,,240,637,75,75,static,,Volcarona Room,6,,static,special,
1001,,14,577,,,grass,20,,0,,slot,,
1002,,14,577,,,grass,20,,0,,slot,,
1001,,14,574,,,grass,20,,0,,slot,,
1002,,14,574,,,grass,20,,0,,slot,,
1001,,14,109,,,grass,10,,0,,slot,,
1002,,14,109,,,grass,10,,0,,slot,,
1001,,14,568,,,grass,10,,0,,slot,,
1002,,14,568,,,grass,10,,0,,slot,,
1001,,14,316,,,grass,10,,0,,slot,,
1002,,14,316,,,grass,10,,0,,slot,,
1001,,14,88,,,grass,10,,0,,slot,,
1002,,14,88,,,grass,10,,0,,slot,,
1001,,14,132,,,grass,5,,0,,slot,,
1002,,14,132,,,grass,5,,0,,slot,,
1001,,14,439,,,grass,5,,0,,slot,,
1002,,14,439,,,grass,5,,0,,slot,,
1001,,14,438,,,grass,5,,0,,slot,,
1002,,14,438,,,grass,5,,0,,slot,,
1001,,14,417,,,grass,5,,0,,slot,,
1002,,14,417,,,grass,5,,0,,slot,,
1001,,14,30,,,dark-grass,20,,0,,slot,,
1002,,14,30,,,dark-grass,20,,0,,slot,,
1001,,14,33,,,dark-grass,20,,0,,slot,,
1002,,14,33,,,dark-grass,20,,0,,slot,,
1001,,14,627,,,dark-grass,10,,0,,slot,,
1002,,14,627,,,dark-grass,10,,0,,slot,,
1001,,14,108,,,dark-grass,10,,0,,slot,,
1002,,14,108,,,dark-grass,10,,0,,slot,,
1001,,14,235,,,dark-grass,10,,0,,slot,,
1002,,14,235,,,dark-grass,10,,0,,slot,,
1001,,14,572,,,dark-grass,10,,0,,slot,,
1002,,14,572,,,dark-grass,10,,0,,slot,,
1001,,14,241,,,dark-grass,5,,0,,slot,,
1002,,14,241,,,dark-grass,5,,0,,slot,,
1001,,14,128,,,dark-grass,5,,0,,slot,,
1002,,14,128,,,dark-grass,5,,0,,slot,,
1001,,14,371,,,dark-grass,5,,0,,slot,,
1002,,14,371,,,dark-grass,5,,0,,slot,,
1001,,14,446,,,dark-grass,5,,0,,slot,,
1002,,14,446,,,dark-grass,5,,0,,slot,,
1001,,14,531,,,grass-spots,40,,0,,slot,,
1002,,14,531,,,grass-spots,40,,0,,slot,,
1001,,14,587,,,grass-spots,20,,0,,slot,,
1002,,14,587,,,grass-spots,20,,0,,slot,,
1001,,14,573,,,grass-spots,10,,0,,slot,,
1002,,14,573,,,grass-spots,10,,0,,slot,,
1001,,14,31,,,grass-spots,10,,0,,slot,,
1002,,14,31,,,grass-spots,10,,0,,slot,,
1001,,14,34,,,grass-spots,10,,0,,slot,,
1002,,14,34,,,grass-spots,10,,0,,slot,,
1001,,14,628,,,grass-spots,10,,0,,slot,,
1002,,14,628,,,grass-spots,10,,0,,slot,,
1001,,29,23,,,grass,20,,0,,slot,,
1002,,29,23,,,grass,20,,0,,slot,,
1001,,29,204,,,grass,20,,0,,slot,,
1002,,29,204,,,grass,20,,0,,slot,,
1001,,29,451,,,grass,10,,0,,slot,,
1002,,29,451,,,grass,10,,0,,slot,,
1001,,29,309,,,grass,10,,0,,slot,,
1002,,29,309,,,grass,10,,0,,slot,,
1001,,29,415,,,grass,10,,0,,slot,,
1002,,29,415,,,grass,10,,0,,slot,,
1001,,29,46,,,grass,10,,0,,slot,,
1002,,29,46,,,grass,10,,0,,slot,,
1001,,29,427,,,grass,5,,0,,slot,,
1002,,29,427,,,grass,5,,0,,slot,,
1001,,29,624,,,grass,5,,0,,slot,,
1002,,29,624,,,grass,5,,0,,slot,,
1001,,29,425,,,grass,5,,0,,slot,,
1002,,29,425,,,grass,5,,0,,slot,,
1001,,29,325,,,grass,5,,0,,slot,,
1002,,29,325,,,grass,5,,0,,slot,,
1001,,29,335,,,dark-grass,20,,0,,slot,,
1002,,29,335,,,dark-grass,20,,0,,slot,,
1001,,29,336,,,dark-grass,20,,0,,slot,,
1002,,29,336,,,dark-grass,20,,0,,slot,,
1001,,29,434,,,dark-grass,10,,0,,slot,,
1002,,29,434,,,dark-grass,10,,0,,slot,,
1001,,29,431,,,dark-grass,10,,0,,slot,,
1002,,29,431,,,dark-grass,10,,0,,slot,,
1001,,29,218,,,dark-grass,10,,0,,slot,,
1002,,29,218,,,dark-grass,10,,0,,slot,,
1001,,29,416,,,dark-grass,10,,0,,slot,,
1002,,29,416,,,dark-grass,10,,0,,slot,,
1001,,29,47,,,dark-grass,10,,0,,slot,,
1002,,29,47,,,dark-grass,10,,0,,slot,,
1001,,29,203,,,dark-grass,5,,0,,slot,,
1002,,29,203,,,dark-grass,5,,0,,slot,,
1001,,29,351,,,dark-grass,5,,0,,slot,,
1002,,29,351,,,dark-grass,5,,0,,slot,,
1001,,29,531,,,grass-spots,70,,0,,slot,,
1002,,29,531,,,grass-spots,70,,0,,slot,,
1001,,29,587,,,grass-spots,10,,0,,slot,,
1002,,29,587,,,grass-spots,10,,0,,slot,,
1001,,29,625,,,grass-spots,10,,0,,slot,,
1002,,29,625,,,grass-spots,10,,0,,slot,,
1001,,29,428,,,grass-spots,10,,0,,slot,,
1002,,29,428,,,grass-spots,10,,0,,slot,,
1001,,256,588,,,grass,20,,0,,slot,,
1002,,256,588,,,grass,20,,0,,slot,,
1001,,256,616,,,grass,20,,0,,slot,,
1002,,256,616,,,grass,20,,0,,slot,,
1001,,256,193,,,grass,10,,0,,slot,,
1002,,256,193,,,grass,10,,0,,slot,,
1001,,256,172,,,grass,10,,0,,slot,,
1002,,256,172,,,grass,10,,0,,slot,,
1001,,256,54,,,grass,10,,0,,slot,,
1002,,256,54,,,grass,10,,0,,slot,,
1001,,256,283,,,grass,10,,0,,slot,,
1002,,256,283,,,grass,10,,0,,slot,,
1001,,256,83,,,grass,5,,0,,slot,,
1002,,256,83,,,grass,5,,0,,slot,,
1001,,256,441,,,grass,5,,0,,slot,,
1002,,256,441,,,grass,5,,0,,slot,,
1001,,256,200,,,grass,5,,0,,slot,,
1002,,256,200,,,grass,5,,0,,slot,,
1001,,256,198,,,grass,5,,0,,slot,,
1002,,256,198,,,grass,5,,0,,slot,,
1001,,256,589,,,dark-grass,20,,0,,slot,,
1002,,256,589,,,dark-grass,20,,0,,slot,,
1001,,256,617,,,dark-grass,20,,0,,slot,,
1002,,256,617,,,dark-grass,20,,0,,slot,,
1001,,256,413,,,dark-grass,10,,0,,slot,,
1002,,256,413,,,dark-grass,10,,0,,slot,,
1001,,256,414,,,dark-grass,10,,0,,slot,,
1002,,256,414,,,dark-grass,10,,0,,slot,,
1001,,256,284,,,dark-grass,10,,0,,slot,,
1002,,256,284,,,dark-grass,10,,0,,slot,,
1001,,256,55,,,dark-grass,10,,0,,slot,,
1002,,256,55,,,dark-grass,10,,0,,slot,,
1001,,256,83,,,dark-grass,5,,0,,slot,,
1002,,256,83,,,dark-grass,5,,0,,slot,,
1001,,256,441,,,dark-grass,5,,0,,slot,,
1002,,256,441,,,dark-grass,5,,0,,slot,,
1001,,256,541,,,dark-grass,5,,0,,slot,,
1002,,256,541,,,dark-grass,5,,0,,slot,,
1001,,256,544,,,dark-grass,5,,0,,slot,,
1002,,256,544,,,dark-grass,5,,0,,slot,,
1001,,256,531,,,grass-spots,40,,0,,slot,,
1002,,256,531,,,grass-spots,40,,0,,slot,,
1001,,256,25,,,grass-spots,10,,0,,slot,,
1002,,256,25,,,grass-spots,10,,0,,slot,,
1001,,256,352,,,grass-spots,10,,0,,slot,,
1002,,256,352,,,grass-spots,10,,0,,slot,,
1001,,256,547,,,grass-spots,10,,0,,slot,,
1002,,256,547,,,grass-spots,10,,0,,slot,,
1001,,256,549,,,grass-spots,10,,0,,slot,,
1002,,256,549,,,grass-spots,10,,0,,slot,,
1001,,256,570,,,grass-spots,5,,0,,slot,,
1002,,256,570,,,grass-spots,5,,0,,slot,,
1001,,256,133,,,grass-spots,5,,0,,slot,,
1002,,256,133,,,grass-spots,5,,0,,slot,,
1001,,256,429,,,grass-spots,5,,0,,slot,,
1002,,256,429,,,grass-spots,5,,0,,slot,,
1001,,256,430,,,grass-spots,5,,0,,slot,,
1002,,256,430,,,grass-spots,5,,0,,slot,,
1001,,256,129,,,surf,100,,0,,slot,,
1002,,256,129,,,surf,100,,0,,slot,,
1001,,256,130,,,surf-spots,100,,0,,slot,,
1002,,256,130,,,surf-spots,100,,0,,slot,,
1001,,256,318,,,fish,60,,0,,slot,,
1002,,256,318,,,fish,60,,0,,slot,,
1001,,256,129,,,fish,30,,0,,slot,,
1002,,256,129,,,fish,30,,0,,slot,,
1001,,256,118,,,fish,10,,0,,slot,,
1002,,256,118,,,fish,10,,0,,slot,,
1001,,256,319,,,fish-spots,60,,0,,slot,,
1002,,256,319,,,fish-spots,60,,0,,slot,,
1001,,256,119,,,fish-spots,30,,0,,slot,,
1002,,256,119,,,fish-spots,30,,0,,slot,,
1001,,256,130,,,fish-spots,10,,0,,slot,,
1002,,256,130,,,fish-spots,10,,0,,slot,,
1001,,256,151,30,30,dark-grass,1,,0,,overlay,legendary,"Mew loves appearing in foresty areas. The Lostlorn Forest in particular is famous for its myths, and Mew is drawn to such places... mostly to play."
1002,,256,151,30,30,dark-grass,1,,0,,overlay,legendary,"Mew loves appearing in foresty areas. The Lostlorn Forest in particular is famous for its myths, and Mew is drawn to such places... mostly to play."
1001,,256,251,30,30,dark-grass,1,,0,,overlay,legendary,"Celebi also enjoys a forest, and although the Lostlorn Forest employs no shrine, it's still a peaceful setting where Celebi can find a home."
1002,,256,251,30,30,dark-grass,1,,0,,overlay,legendary,"Celebi also enjoys a forest, and although the Lostlorn Forest employs no shrine, it's still a peaceful setting where Celebi can find a home."
1001,,258,580,,,bridge-spots,20,,0,,slot,,
1002,,258,580,,,bridge-spots,20,,0,,slot,,
1001,,258,278,,,bridge-spots,20,,0,,slot,,
1002,,258,278,,,bridge-spots,20,,0,,slot,,
1001,,258,333,,,bridge-spots,20,,0,,slot,,
1002,,258,333,,,bridge-spots,20,,0,,slot,,
1001,,258,21,,,bridge-spots,20,,0,,slot,,
1002,,258,21,,,bridge-spots,20,,0,,slot,,
1001,,258,187,,,bridge-spots,20,,0,,slot,,
1002,,258,187,,,bridge-spots,20,,0,,slot,,
1001,,241,592,,,surf,60,,0,,slot,,
1002,,241,592,,,surf,60,,0,,slot,,
1001,,241,72,,,surf,30,,0,,slot,,
1002,,241,72,,,surf,30,,0,,slot,,
1001,,241,120,,,surf,10,,0,,slot,,
1002,,241,120,,,surf,10,,0,,slot,,
1001,,241,120,,,surf-spots,60,,0,,slot,,
1002,,241,120,,,surf-spots,60,,0,,slot,,
1001,,241,73,,,surf-spots,30,,0,,slot,,
1002,,241,73,,,surf-spots,30,,0,,slot,,
1001,,241,131,,,surf-spots,10,,0,,slot,,
1002,,241,131,,,surf-spots,10,,0,,slot,,
1001,,241,116,,,fish,60,,0,,slot,,
1002,,241,116,,,fish,60,,0,,slot,,
1001,,241,320,,,fish,30,,0,,slot,,
1002,,241,320,,,fish,30,,0,,slot,,
1001,,241,458,,,fish,10,,0,,slot,,
1002,,241,458,,,fish,10,,0,,slot,,
1001,,241,320,,,fish-spots,60,,0,,slot,,
1002,,241,320,,,fish-spots,60,,0,,slot,,
1001,,241,117,,,fish-spots,30,,0,,slot,,
1002,,241,117,,,fish-spots,30,,0,,slot,,
1001,,241,458,,,fish-spots,10,,0,,slot,,
1002,,241,458,,,fish-spots,10,,0,,slot,,
1001,,242,582,,,grass,20,,0,,slot,,
1002,,242,582,,,grass,20,,0,,slot,,
1001,,242,507,,,grass,20,,0,,slot,,
1002,,242,507,,,grass,20,,0,,slot,,
1001,,242,361,,,grass,10,,0,,slot,,
1002,,242,361,,,grass,10,,0,,slot,,
1001,,242,220,,,grass,10,,0,,slot,,
1002,,242,220,,,grass,10,,0,,slot,,
1001,,242,613,,,grass,10,,0,,slot,,
1002,,242,613,,,grass,10,,0,,slot,,
1001,,242,418,,,grass,10,,0,,slot,,
1002,,242,418,,,grass,10,,0,,slot,,
1001,,242,619,,,grass,10,,0,,slot,,
1002,,242,619,,,grass,10,,0,,slot,,
1001,,242,276,,,grass,10,,0,,slot,,
1002,,242,276,,,grass,10,,0,,slot,,
1001,,242,583,,,dark-grass,20,,0,,slot,,
1002,,242,583,,,dark-grass,20,,0,,slot,,
1001,,242,507,,,dark-grass,20,,0,,slot,,
1002,,242,507,,,dark-grass,20,,0,,slot,,
1001,,242,277,,,dark-grass,10,,0,,slot,,
1002,,242,277,,,dark-grass,10,,0,,slot,,
1001,,242,419,,,dark-grass,10,,0,,slot,,
1002,,242,419,,,dark-grass,10,,0,,slot,,
1001,,242,215,,,dark-grass,10,,0,,slot,,
1002,,242,215,,,dark-grass,10,,0,,slot,,
1001,,242,225,,,dark-grass,10,,0,,slot,,
1002,,242,225,,,dark-grass,10,,0,,slot,,
1001,,242,238,,,dark-grass,10,,0,,slot,,
1002,,242,238,,,dark-grass,10,,0,,slot,,
1001,,242,221,,,dark-grass,10,,0,,slot,,
1002,,242,221,,,dark-grass,10,,0,,slot,,
1001,,242,531,,,grass-spots,90,,0,,slot,,
1002,,242,531,,,grass-spots,90,,0,,slot,,
1001,,242,620,,,grass-spots,10,,0,,slot,,
1002,,242,620,,,grass-spots,10,,0,,slot,,
1001,,15,420,,,grass,20,,0,"season:spring,summer,autumn",slot,,
1002,,15,420,,,grass,20,,0,"season:spring,summer,autumn",slot,,
1001,,15,585,,,grass,20,,0,"season:spring,summer,autumn",slot,,
1002,,15,585,,,grass,20,,0,"season:spring,summer,autumn",slot,,
1001,,15,234,,,grass,10,,0,"season:spring,summer,autumn",slot,,
1002,,15,234,,,grass,10,,0,"season:spring,summer,autumn",slot,,
1001,,15,590,,,grass,10,,0,"season:spring,summer,autumn",slot,,
1002,,15,590,,,grass,10,,0,"season:spring,summer,autumn",slot,,
1001,,15,17,,,grass,10,,0,"season:spring,summer,autumn",slot,,
1002,,15,17,,,grass,10,,0,"season:spring,summer,autumn",slot,,
1001,,15,177,,,grass,10,,0,"season:spring,summer,autumn",slot,,
1002,,15,177,,,grass,10,,0,"season:spring,summer,autumn",slot,,
1001,,15,439,,,grass,5,,0,"season:spring,summer,autumn",slot,,
1002,,15,439,,,grass,5,,0,"season:spring,summer,autumn",slot,,
1001,,15,438,,,grass,5,,0,"season:spring,summer,autumn",slot,,
1002,,15,438,,,grass,5,,0,"season:spring,summer,autumn",slot,,
1001,,15,311,,,grass,5,,0,"season:spring,summer,autumn",slot,,
1002,,15,311,,,grass,5,,0,"season:spring,summer,autumn",slot,,
1001,,15,312,,,grass,5,,0,"season:spring,summer,autumn",slot,,
1002,,15,312,,,grass,5,,0,"season:spring,summer,autumn",slot,,
1001,,15,421,,,dark-grass,20,,0,"season:spring,summer,autumn",slot,,
1002,,15,421,,,dark-grass,20,,0,"season:spring,summer,autumn",slot,,
1001,,15,586,,,dark-grass,20,,0,"season:spring,summer,autumn",slot,,
1002,,15,586,,,dark-grass,20,,0,"season:spring,summer,autumn",slot,,
1001,,15,234,,,dark-grass,10,,0,"season:spring,summer,autumn",slot,,
1002,,15,234,,,dark-grass,10,,0,"season:spring,summer,autumn",slot,,
1001,,15,590,,,dark-grass,10,,0,"season:spring,summer,autumn",slot,,
1002,,15,590,,,dark-grass,10,,0,"season:spring,summer,autumn",slot,,
1001,,15,17,,,dark-grass,10,,0,"season:spring,summer,autumn",slot,,
1002,,15,17,,,dark-grass,10,,0,"season:spring,summer,autumn",slot,,
1001,,15,178,,,dark-grass,10,,0,"season:spring,summer,autumn",slot,,
1002,,15,178,,,dark-grass,10,,0,"season:spring,summer,autumn",slot,,
1001,,15,122,,,dark-grass,5,,0,"season:spring,summer,autumn",slot,,
1002,,15,122,,,dark-grass,5,,0,"season:spring,summer,autumn",slot,,
1001,,15,185,,,dark-grass,5,,0,"season:spring,summer,autumn",slot,,
1002,,15,185,,,dark-grass,5,,0,"season:spring,summer,autumn",slot,,
1001,,15,311,,,dark-grass,5,,0,"season:spring,summer,autumn",slot,,
1002,,15,311,,,dark-grass,5,,0,"season:spring,summer,autumn",slot,,
1001,,15,312,,,dark-grass,5,,0,"season:spring,summer,autumn",slot,,
1002,,15,312,,,dark-grass,5,,0,"season:spring,summer,autumn",slot,,
1001,,15,113,,,grass-spots,80,,0,"season:spring,summer,autumn",slot,,
1002,,15,113,,,grass-spots,80,,0,"season:spring,summer,autumn",slot,,
1001,,15,587,,,grass-spots,10,,0,"season:spring,summer,autumn",slot,,
1002,,15,587,,,grass-spots,10,,0,"season:spring,summer,autumn",slot,,
1001,,15,542,,,grass-spots,5,,0,"season:spring,summer,autumn",slot,,
1002,,15,542,,,grass-spots,5,,0,"season:spring,summer,autumn",slot,,
1001,,15,521,,,grass-spots,5,,0,"season:spring,summer,autumn",slot,,
1002,,15,521,,,grass-spots,5,,0,"season:spring,summer,autumn",slot,,
1001,,15,456,,,surf,60,,0,"season:spring,summer,autumn",slot,,
1002,,15,456,,,surf,60,,0,"season:spring,summer,autumn",slot,,
1001,,15,118,,,surf,30,,0,"season:spring,summer,autumn",slot,,
1002,,15,118,,,surf,30,,0,"season:spring,summer,autumn",slot,,
1001,,15,170,,,surf,10,,0,"season:spring,summer,autumn",slot,,
1002,,15,170,,,surf,10,,0,"season:spring,summer,autumn",slot,,
1001,,15,457,,,surf-spots,60,,0,"season:spring,summer,autumn",slot,,
1002,,15,457,,,surf-spots,60,,0,"season:spring,summer,autumn",slot,,
1001,,15,171,,,surf-spots,30,,0,"season:spring,summer,autumn",slot,,
1002,,15,171,,,surf-spots,30,,0,"season:spring,summer,autumn",slot,,
1001,,15,119,,,surf-spots,10,,0,"season:spring,summer,autumn",slot,,
1002,,15,119,,,surf-spots,10,,0,"season:spring,summer,autumn",slot,,
1001,,15,456,,,fish,60,,0,"season:spring,summer,autumn",slot,,
1002,,15,456,,,fish,60,,0,"season:spring,summer,autumn",slot,,
1001,,15,170,,,fish,40,,0,"season:spring,summer,autumn",slot,,
1002,,15,170,,,fish,40,,0,"season:spring,summer,autumn",slot,,
1001,,15,457,,,fish-spots,60,,0,"season:spring,summer,autumn",slot,,
1002,,15,457,,,fish-spots,60,,0,"season:spring,summer,autumn",slot,,
1001,,15,171,,,fish-spots,40,,0,"season:spring,summer,autumn",slot,,
1002,,15,171,,,fish-spots,40,,0,"season:spring,summer,autumn",slot,,
1001,,15,459,,,grass,20,,0,season:winter,slot,,
1002,,15,459,,,grass,20,,0,season:winter,slot,,
1001,,15,585,,,grass,20,,0,season:winter,slot,,
1002,,15,585,,,grass,20,,0,season:winter,slot,,
1001,,15,234,,,grass,10,,0,season:winter,slot,,
1002,,15,234,,,grass,10,,0,season:winter,slot,,
1001,,15,590,,,grass,10,,0,season:winter,slot,,
1002,,15,590,,,grass,10,,0,season:winter,slot,,
1001,,15,17,,,grass,10,,0,season:winter,slot,,
1002,,15,17,,,grass,10,,0,season:winter,slot,,
1001,,15,177,,,grass,10,,0,season:winter,slot,,
1002,,15,177,,,grass,10,,0,season:winter,slot,,
1001,,15,439,,,grass,5,,0,season:winter,slot,,
1002,,15,439,,,grass,5,,0,season:winter,slot,,
1001,,15,438,,,grass,5,,0,season:winter,slot,,
1002,,15,438,,,grass,5,,0,season:winter,slot,,
1001,,15,311,,,grass,5,,0,season:winter,slot,,
1002,,15,311,,,grass,5,,0,season:winter,slot,,
1001,,15,312,,,grass,5,,0,season:winter,slot,,
1002,,15,312,,,grass,5,,0,season:winter,slot,,
1001,,15,459,,,dark-grass,20,,0,season:winter,slot,,
1002,,15,459,,,dark-grass,20,,0,season:winter,slot,,
1001,,15,586,,,dark-grass,20,,0,season:winter,slot,,
1002,,15,586,,,dark-grass,20,,0,season:winter,slot,,
1001,,15,234,,,dark-grass,10,,0,season:winter,slot,,
1002,,15,234,,,dark-grass,10,,0,season:winter,slot,,
1001,,15,590,,,dark-grass,10,,0,season:winter,slot,,
1002,,15,590,,,dark-grass,10,,0,season:winter,slot,,
1001,,15,17,,,dark-grass,10,,0,season:winter,slot,,
1002,,15,17,,,dark-grass,10,,0,season:winter,slot,,
1001,,15,178,,,dark-grass,10,,0,season:winter,slot,,
1002,,15,178,,,dark-grass,10,,0,season:winter,slot,,
1001,,15,122,,,dark-grass,5,,0,season:winter,slot,,
1002,,15,122,,,dark-grass,5,,0,season:winter,slot,,
1001,,15,185,,,dark-grass,5,,0,season:winter,slot,,
1002,,15,185,,,dark-grass,5,,0,season:winter,slot,,
1001,,15,311,,,dark-grass,5,,0,season:winter,slot,,
1002,,15,311,,,dark-grass,5,,0,season:winter,slot,,
1001,,15,312,,,dark-grass,5,,0,season:winter,slot,,
1002,,15,312,,,dark-grass,5,,0,season:winter,slot,,
1001,,15,113,,,grass-spots,80,,0,season:winter,slot,,
1002,,15,113,,,grass-spots,80,,0,season:winter,slot,,
1001,,15,587,,,grass-spots,10,,0,season:winter,slot,,
1002,,15,587,,,grass-spots,10,,0,season:winter,slot,,
1001,,15,542,,,grass-spots,5,,0,season:winter,slot,,
1002,,15,542,,,grass-spots,5,,0,season:winter,slot,,
1001,,15,521,,,grass-spots,5,,0,season:winter,slot,,
1002,,15,521,,,grass-spots,5,,0,season:winter,slot,,
1001,,15,86,,,surf,60,,0,season:winter,slot,,
1002,,15,86,,,surf,60,,0,season:winter,slot,,
1001,,15,363,,,surf,30,,0,season:winter,slot,,
1002,,15,363,,,surf,30,,0,season:winter,slot,,
1001,,15,170,,,surf,10,,0,season:winter,slot,,
1002,,15,170,,,surf,10,,0,season:winter,slot,,
1001,,15,87,,,surf-spots,60,,0,season:winter,slot,,
1002,,15,87,,,surf-spots,60,,0,season:winter,slot,,
1001,,15,364,,,surf-spots,30,,0,season:winter,slot,,
1002,,15,364,,,surf-spots,30,,0,season:winter,slot,,
1001,,15,171,,,surf-spots,10,,0,season:winter,slot,,
1002,,15,171,,,surf-spots,10,,0,season:winter,slot,,
1001,,15,86,,,fish,60,,0,season:winter,slot,,
1002,,15,86,,,fish,60,,0,season:winter,slot,,
1001,,15,363,,,fish,30,,0,season:winter,slot,,
1002,,15,363,,,fish,30,,0,season:winter,slot,,
1001,,15,170,,,fish,10,,0,season:winter,slot,,
1002,,15,170,,,fish,10,,0,season:winter,slot,,
1001,,15,87,,,fish-spots,60,,0,season:winter,slot,,
1002,,15,87,,,fish-spots,60,,0,season:winter,slot,,
1001,,15,364,,,fish-spots,30,,0,season:winter,slot,,
1002,,15,364,,,fish-spots,30,,0,season:winter,slot,,
1001,,15,171,,,fish-spots,10,,0,season:winter,slot,,
1002,,15,171,,,fish-spots,10,,0,season:winter,slot,,
1001,,244,595,,,cave,20,1F,1,,slot,,
1002,,244,595,,,cave,20,1F,1,,slot,,
1001,,244,599,,,cave,20,1F,1,,slot,,
1002,,244,599,,,cave,20,1F,1,,slot,,
1001,,244,239,,,cave,10,1F,1,,slot,,
1002,,244,239,,,cave,10,1F,1,,slot,,
1001,,244,81,,,cave,10,1F,1,,slot,,
1002,,244,81,,,cave,10,1F,1,,slot,,
1001,,244,100,,,cave,10,1F,1,,slot,,
1002,,244,100,,,cave,10,1F,1,,slot,,
1001,,244,597,,,cave,10,1F,1,,slot,,
1002,,244,597,,,cave,10,1F,1,,slot,,
1001,,244,299,,,cave,10,1F,1,,slot,,
1002,,244,299,,,cave,10,1F,1,,slot,,
1001,,244,305,,,cave,10,1F,1,,slot,,
1002,,244,305,,,cave,10,1F,1,,slot,,
1001,,244,529,,,cave-spots,50,1F,1,,slot,,
1002,,244,529,,,cave-spots,50,1F,1,,slot,,
1001,,244,50,,,cave-spots,50,1F,1,,slot,,
1002,,244,50,,,cave-spots,50,1F,1,,slot,,
1001,,244,595,,,cave,20,B1F,2,,slot,,
1002,,244,595,,,cave,20,B1F,2,,slot,,
1001,,244,599,,,cave,20,B1F,2,,slot,,
1002,,244,599,,,cave,20,B1F,2,,slot,,
1001,,244,303,,,cave,10,B1F,2,,slot,,
1002,,244,303,,,cave,10,B1F,2,,slot,,
1001,,244,302,,,cave,10,B1F,2,,slot,,
1002,,244,302,,,cave,10,B1F,2,,slot,,
1001,,244,602,,,cave,10,B1F,2,,slot,,
1002,,244,602,,,cave,10,B1F,2,,slot,,
1001,,244,632,,,cave,10,B1F,2,,slot,,
1002,,244,632,,,cave,10,B1F,2,,slot,,
1001,,244,299,,,cave,10,B1F,2,,slot,,
1002,,244,299,,,cave,10,B1F,2,,slot,,
1001,,244,633,,,cave,10,B1F,2,,slot,,
1002,,244,633,,,cave,10,B1F,2,,slot,,
1001,,244,529,,,cave-spots,50,B1F,2,,slot,,
1002,,244,529,,,cave-spots,50,B1F,2,,slot,,
1001,,244,50,,,cave-spots,50,B1F,2,,slot,,
1002,,244,50,,,cave-spots,50,B1F,2,,slot,,
1001,,244,596,,,cave,20,B2F,3,,slot,,
1002,,244,596,,,cave,20,B2F,3,,slot,,
1001,,244,600,,,cave,20,B2F,3,,slot,,
1002,,244,600,,,cave,20,B2F,3,,slot,,
1001,,244,125,,,cave,10,B2F,3,,slot,,
1002,,244,125,,,cave,10,B2F,3,,slot,,
1001,,244,82,,,cave,10,B2F,3,,slot,,
1002,,244,82,,,cave,10,B2F,3,,slot,,
1001,,244,101,,,cave,10,B2F,3,,slot,,
1002,,244,101,,,cave,10,B2F,3,,slot,,
1001,,244,598,,,cave,10,B2F,3,,slot,,
1002,,244,598,,,cave,10,B2F,3,,slot,,
1001,,244,632,,,cave,5,B2F,3,,slot,,
1002,,244,632,,,cave,5,B2F,3,,slot,,
1001,,244,603,,,cave,5,B2F,3,,slot,,
1002,,244,603,,,cave,5,B2F,3,,slot,,
1001,,244,137,,,cave,5,B2F,3,,slot,,
1002,,244,137,,,cave,5,B2F,3,,slot,,
1001,,244,479,,,cave,4,B2F,3,,slot,,
1002,,244,479,,,cave,4,B2F,3,,slot,,
1001,,244,530,,,cave-spots,50,B2F,3,,slot,,
1002,,244,530,,,cave-spots,50,B2F,3,,slot,,
1001,,244,51,,,cave-spots,50,B2F,3,,slot,,
1002,,244,51,,,cave-spots,50,B2F,3,,slot,,
1001,,244,145,50,50,cave,1,B2F,3,,overlay,legendary,"Zapdos, like most Electric types, is drawn to high potential sources. Watch out - don't underestimate its power!"
1002,,244,145,50,50,cave,1,B2F,3,,overlay,legendary,"Zapdos, like most Electric types, is drawn to high potential sources. Watch out - don't underestimate its power!"
1001,,25,77,,,grass,20,,0,,slot,,
1002,,25,77,,,grass,20,,0,,slot,,
1001,,25,190,,,grass,20,,0,,slot,,
1002,,25,190,,,grass,20,,0,,slot,,
1001,,25,240,,,grass,10,,0,,slot,,
1002,,25,240,,,grass,10,,0,,slot,,
1001,,25,290,,,grass,10,,0,,slot,,
1002,,25,290,,,grass,10,,0,,slot,,
1001,,25,84,,,grass,10,,0,,slot,,
1002,,25,84,,,grass,10,,0,,slot,,
1001,,25,104,,,grass,10,,0,,slot,,
1002,,25,104,,,grass,10,,0,,slot,,
1001,,25,227,,,grass,5,,0,,slot,,
1002,,25,227,,,grass,5,,0,,slot,,
1001,,25,417,,,grass,5,,0,,slot,,
1002,,25,417,,,grass,5,,0,,slot,,
1001,,25,324,,,grass,5,,0,,slot,,
1002,,25,324,,,grass,5,,0,,slot,,
1001,,25,207,,,grass,5,,0,,slot,,
1002,,25,207,,,grass,5,,0,,slot,,
1001,,25,78,,,dark-grass,20,,0,,slot,,
1002,,25,78,,,dark-grass,20,,0,,slot,,
1001,,25,424,,,dark-grass,20,,0,,slot,,
1002,,25,424,,,dark-grass,20,,0,,slot,,
1001,,25,126,,,dark-grass,10,,0,,slot,,
1002,,25,126,,,dark-grass,10,,0,,slot,,
1001,,25,291,,,dark-grass,10,,0,,slot,,
1002,,25,291,,,dark-grass,10,,0,,slot,,
1001,,25,85,,,dark-grass,10,,0,,slot,,
1002,,25,85,,,dark-grass,10,,0,,slot,,
1001,,25,105,,,dark-grass,10,,0,,slot,,
1002,,25,105,,,dark-grass,10,,0,,slot,,
1001,,25,631,,,dark-grass,5,,0,,slot,,
1002,,25,631,,,dark-grass,5,,0,,slot,,
1001,,25,626,,,dark-grass,5,,0,,slot,,
1002,,25,626,,,dark-grass,5,,0,,slot,,
1001,,25,241,,,dark-grass,5,,0,,slot,,
1002,,25,241,,,dark-grass,5,,0,,slot,,
1001,,25,128,,,dark-grass,5,,0,,slot,,
1002,,25,128,,,dark-grass,5,,0,,slot,,
1001,,25,531,,,grass-spots,60,,0,,slot,,
1002,,25,531,,,grass-spots,60,,0,,slot,,
1001,,25,587,,,grass-spots,30,,0,,slot,,
1002,,25,587,,,grass-spots,30,,0,,slot,,
1001,,25,472,,,grass-spots,10,,0,,slot,,
1002,,25,472,,,grass-spots,10,,0,,slot,,
1001,,246,607,,,tower,20,"2F, 3F",1,,slot,,
1002,,246,607,,,tower,20,"2F, 3F",1,,slot,,
1001,,246,605,,,tower,20,"2F, 3F",1,,slot,,
1002,,246,605,,,tower,20,"2F, 3F",1,,slot,,
1001,,246,433,,,tower,10,"2F, 3F",1,,slot,,
1002,,246,433,,,tower,10,"2F, 3F",1,,slot,,
1001,,246,92,,,tower,10,"2F, 3F",1,,slot,,
1002,,246,92,,,tower,10,"2F, 3F",1,,slot,,
1001,,246,355,,,tower,10,"2F, 3F",1,,slot,,
1002,,246,355,,,tower,10,"2F, 3F",1,,slot,,
1001,,246,353,,,tower,10,"2F, 3F",1,,slot,,
1002,,246,353,,,tower,10,"2F, 3F",1,,slot,,
1001,,246,360,,,tower,10,"2F, 3F",1,,slot,,
1002,,246,360,,,tower,10,"2F, 3F",1,,slot,,
1001,,246,436,,,tower,10,"2F, 3F",1,,slot,,
1002,,246,436,,,tower,10,"2F, 3F",1,,slot,,
1001,,246,608,,,tower,20,4F,2,,slot,,
1002,,246,608,,,tower,20,4F,2,,slot,,
1001,,246,606,,,tower,20,4F,2,,slot,,
1002,,246,606,,,tower,20,4F,2,,slot,,
1001,,246,358,,,tower,10,4F,2,,slot,,
1002,,246,358,,,tower,10,4F,2,,slot,,
1001,,246,93,,,tower,10,4F,2,,slot,,
1002,,246,93,,,tower,10,4F,2,,slot,,
1001,,246,356,,,tower,10,4F,2,,slot,,
1002,,246,356,,,tower,10,4F,2,,slot,,
1001,,246,354,,,tower,10,4F,2,,slot,,
1002,,246,354,,,tower,10,4F,2,,slot,,
1001,,246,202,,,tower,10,4F,2,,slot,,
1002,,246,202,,,tower,10,4F,2,,slot,,
1001,,246,437,,,tower,10,4F,2,,slot,,
1002,,246,437,,,tower,10,4F,2,,slot,,
1001,,246,200,,,tower,20,5F (Roof),3,,slot,,
1002,,246,200,,,tower,20,5F (Roof),3,,slot,,
1001,,246,198,,,tower,20,5F (Roof),3,,slot,,
1002,,246,198,,,tower,20,5F (Roof),3,,slot,,
1001,,246,426,,,tower,20,5F (Roof),3,,slot,,
1002,,246,426,,,tower,20,5F (Roof),3,,slot,,
1001,,246,164,,,tower,20,5F (Roof),3,,slot,,
1002,,246,164,,,tower,20,5F (Roof),3,,slot,,
1001,,246,359,,,tower,10,5F (Roof),3,,slot,,
1002,,246,359,,,tower,10,5F (Roof),3,,slot,,
1001,,246,442,,,tower,10,5F (Roof),3,,slot,,
1002,,246,442,,,tower,10,5F (Roof),3,,slot,,
1001,,246,488,50,50,tower,1,5F (Roof),3,,overlay,legendary,"The mistress of the moon is kind, and takes pity upon the departed souls of Pokémon. You can interrupt her mourning and put her in a ball. Isn't that dandy?"
1002,,246,488,50,50,tower,1,5F (Roof),3,,overlay,legendary,"The mistress of the moon is kind, and takes pity upon the departed souls of Pokémon. You can interrupt her mourning and put her in a ball. Isn't that dandy?"
1001,,30,320,,,surf,60,,0,,slot,,
1002,,30,320,,,surf,60,,0,,slot,,
1001,,30,222,,,surf,30,,0,,slot,,
1002,,30,222,,,surf,30,,0,,slot,,
1001,,30,458,,,surf,10,,0,,slot,,
1002,,30,458,,,surf,10,,0,,slot,,
1001,,30,321,,,surf-spots,60,,0,,slot,,
1002,,30,321,,,surf-spots,60,,0,,slot,,
1001,,30,222,,,surf-spots,30,,0,,slot,,
1002,,30,222,,,surf-spots,30,,0,,slot,,
1001,,30,226,,,surf-spots,10,,0,,slot,,
1002,,30,226,,,surf-spots,10,,0,,slot,,
1001,,30,370,,,fish,100,,0,,slot,,
1002,,30,370,,,fish,100,,0,,slot,,
1001,,30,594,,,fish-spots,60,,0,,slot,,
1002,,30,594,,,fish-spots,60,,0,,slot,,
1001,,30,222,,,fish-spots,40,,0,,slot,,
1002,,30,222,,,fish-spots,40,,0,,slot,,
1001,,30,490,30,30,surf-spots,1,,0,,overlay,legendary,"Manaphy likes the colder seas of the Unova region, so its presence in the vast waters of Route 17 is not surprising. Go a little further and you might encounter its children, too."
1002,,30,490,30,30,surf-spots,1,,0,,overlay,legendary,"Manaphy likes the colder seas of the Unova region, so its presence in the vast waters of Route 17 is not surprising. Go a little further and you might encounter its children, too."
1001,,31,538,,,grass,20,,0,,slot,,
1002,,31,538,,,grass,20,,0,,slot,,
1001,,31,539,,,grass,20,,0,,slot,,
1002,,31,539,,,grass,20,,0,,slot,,
1001,,31,214,,,grass,10,,0,,slot,,
1002,,31,214,,,grass,10,,0,,slot,,
1001,,31,446,,,grass,10,,0,,slot,,
1002,,31,446,,,grass,10,,0,,slot,,
1001,,31,557,,,grass,10,,0,,slot,,
1002,,31,557,,,grass,10,,0,,slot,,
1001,,31,108,,,grass,10,,0,,slot,,
1002,,31,108,,,grass,10,,0,,slot,,
1001,,31,115,,,grass,10,,0,,slot,,
1002,,31,115,,,grass,10,,0,,slot,,
1001,,31,357,,,grass,10,,0,,slot,,
1002,,31,357,,,grass,10,,0,,slot,,
1001,,31,538,,,dark-grass,20,,0,,slot,,
1002,,31,538,,,dark-grass,20,,0,,slot,,
1001,,31,539,,,dark-grass,20,,0,,slot,,
1002,,31,539,,,dark-grass,20,,0,,slot,,
1001,,31,214,,,dark-grass,10,,0,,slot,,
1002,,31,214,,,dark-grass,10,,0,,slot,,
1001,,31,446,,,dark-grass,10,,0,,slot,,
1002,,31,446,,,dark-grass,10,,0,,slot,,
1001,,31,558,,,dark-grass,10,,0,,slot,,
1002,,31,558,,,dark-grass,10,,0,,slot,,
1001,,31,108,,,dark-grass,10,,0,,slot,,
1002,,31,108,,,dark-grass,10,,0,,slot,,
1001,,31,115,,,dark-grass,10,,0,,slot,,
1002,,31,115,,,dark-grass,10,,0,,slot,,
1001,,31,357,,,dark-grass,10,,0,,slot,,
1002,,31,357,,,dark-grass,10,,0,,slot,,
1001,,31,531,,,grass-spots,90,,0,,slot,,
1002,,31,531,,,grass-spots,90,,0,,slot,,
1001,,31,143,,,grass-spots,5,,0,,slot,,
1002,,31,143,,,grass-spots,5,,0,,slot,,
1001,,31,463,,,grass-spots,5,,0,,slot,,
1002,,31,463,,,grass-spots,5,,0,,slot,,
1001,,31,318,,,surf,60,,0,,slot,,
1002,,31,318,,,surf,60,,0,,slot,,
1001,,31,370,,,surf,30,,0,,slot,,
1002,,31,370,,,surf,30,,0,,slot,,
1001,,31,211,,,surf,10,,0,,slot,,
1002,,31,211,,,surf,10,,0,,slot,,
1001,,31,594,,,surf-spots,60,,0,,slot,,
1002,,31,594,,,surf-spots,60,,0,,slot,,
1001,,31,211,,,surf-spots,30,,0,,slot,,
1002,,31,211,,,surf-spots,30,,0,,slot,,
1001,,31,319,,,surf-spots,10,,0,,slot,,
1002,,31,319,,,surf-spots,10,,0,,slot,,
1001,,31,72,,,fish,60,,0,,slot,,
1002,,31,72,,,fish,60,,0,,slot,,
1001,,31,116,,,fish,40,,0,,slot,,
1002,,31,116,,,fish,40,,0,,slot,,
1001,,31,211,,,fish-spots,60,,0,,slot,,
1002,,31,211,,,fish-spots,60,,0,,slot,,
1001,,31,117,,,fish-spots,30,,0,,slot,,
1002,,31,117,,,fish-spots,30,,0,,slot,,
1001,,31,73,,,fish-spots,10,,0,,slot,,
1002,,31,73,,,fish-spots,10,,0,,slot,,
1001,,30,489,30,30,surf-spots,1,,0,,overlay,special,"This often debated Pokémon can sometimes be found in the warmer seas of the Unova region. It has gained more strength, but is still weaker than its fully grown counterpart."
1002,,30,489,30,30,surf-spots,1,,0,,overlay,special,"This often debated Pokémon can sometimes be found in the warmer seas of the Unova region. It has gained more strength, but is still weaker than its fully grown counterpart."
1001,,245,137,,,grass,20,,0,,slot,,
1002,,245,137,,,grass,20,,0,,slot,,
1001,,245,600,,,grass,20,,0,,slot,,
1002,,245,600,,,grass,20,,0,,slot,,
1001,,245,82,,,grass,20,,0,,slot,,
1002,,245,82,,,grass,20,,0,,slot,,
1001,,245,101,,,grass,20,,0,,slot,,
1002,,245,101,,,grass,20,,0,,slot,,
1001,,245,99,,,grass,10,,0,,slot,,
1002,,245,99,,,grass,10,,0,,slot,,
1001,,245,213,,,grass,10,,0,,slot,,
1002,,245,213,,,grass,10,,0,,slot,,
1001,,245,531,,,grass-spots,95,,0,,slot,,
1002,,245,531,,,grass-spots,95,,0,,slot,,
1001,,245,233,,,grass-spots,5,,0,,slot,,
1002,,245,233,,,grass-spots,5,,0,,slot,,
1001,,245,278,,,surf,60,,0,,slot,,
1002,,245,278,,,surf,60,,0,,slot,,
1001,,245,72,,,surf,30,,0,,slot,,
1002,,245,72,,,surf,30,,0,,slot,,
1001,,245,279,,,surf,10,,0,,slot,,
1002,,245,279,,,surf,10,,0,,slot,,
1001,,245,73,,,surf-spots,60,,0,,slot,,
1002,,245,73,,,surf-spots,60,,0,,slot,,
1001,,245,592,,,surf-spots,30,,0,,slot,,
1002,,245,592,,,surf-spots,30,,0,,slot,,
1001,,245,593,,,surf-spots,10,,0,,slot,,
1002,,245,593,,,surf-spots,10,,0,,slot,,
1001,,245,98,,,fish,60,,0,,slot,,
1002,,245,98,,,fish,60,,0,,slot,,
1001,,245,341,,,fish,40,,0,,slot,,
1002,,245,341,,,fish,40,,0,,slot,,
1001,,245,99,,,fish-spots,60,,0,,slot,,
1002,,245,99,,,fish-spots,60,,0,,slot,,
1001,,245,342,,,fish-spots,40,,0,,slot,,
1002,,245,342,,,fish-spots,40,,0,,slot,,
1001,,243,95,,,cave,20,1F - 2F,1,,slot,,
1002,,243,95,,,cave,20,1F - 2F,1,,slot,,
1001,,243,111,,,cave,20,1F - 2F,1,,slot,,
1002,,243,111,,,cave,20,1F - 2F,1,,slot,,
1001,,243,246,,,cave,10,1F - 2F,1,,slot,,
1002,,243,246,,,cave,10,1F - 2F,1,,slot,,
1001,,243,371,,,cave,10,1F - 2F,1,,slot,,
1002,,243,371,,,cave,10,1F - 2F,1,,slot,,
1001,,243,374,,,cave,10,1F - 2F,1,,slot,,
1002,,243,374,,,cave,10,1F - 2F,1,,slot,,
1001,,243,443,,,cave,10,1F - 2F,1,,slot,,
1002,,243,443,,,cave,10,1F - 2F,1,,slot,,
1001,,243,610,,,cave,10,1F - 2F,1,,slot,,
1002,,243,610,,,cave,10,1F - 2F,1,,slot,,
1001,,243,633,,,cave,10,1F - 2F,1,,slot,,
1002,,243,633,,,cave,10,1F - 2F,1,,slot,,
1001,,243,529,,,cave-spots,50,1F - 2F,1,,slot,,
1002,,243,529,,,cave-spots,50,1F - 2F,1,,slot,,
1001,,243,50,,,cave-spots,50,1F - 2F,1,,slot,,
1002,,243,50,,,cave-spots,50,1F - 2F,1,,slot,,
1001,,243,208,,,cave,20,3F (Guidance Chamber),2,,slot,,
1002,,243,208,,,cave,20,3F (Guidance Chamber),2,,slot,,
1001,,243,112,,,cave,20,3F (Guidance Chamber),2,,slot,,
1002,,243,112,,,cave,20,3F (Guidance Chamber),2,,slot,,
1001,,243,247,,,cave,10,3F (Guidance Chamber),2,,slot,,
1002,,243,247,,,cave,10,3F (Guidance Chamber),2,,slot,,
1001,,243,372,,,cave,10,3F (Guidance Chamber),2,,slot,,
1002,,243,372,,,cave,10,3F (Guidance Chamber),2,,slot,,
1001,,243,375,,,cave,10,3F (Guidance Chamber),2,,slot,,
1002,,243,375,,,cave,10,3F (Guidance Chamber),2,,slot,,
1001,,243,444,,,cave,10,3F (Guidance Chamber),2,,slot,,
1002,,243,444,,,cave,10,3F (Guidance Chamber),2,,slot,,
1001,,243,611,,,cave,10,3F (Guidance Chamber),2,,slot,,
1002,,243,611,,,cave,10,3F (Guidance Chamber),2,,slot,,
1001,,243,634,,,cave,10,3F (Guidance Chamber),2,,slot,,
1002,,243,634,,,cave,10,3F (Guidance Chamber),2,,slot,,
1001,,243,530,,,cave-spots,50,3F (Guidance Chamber),2,,slot,,
1002,,243,530,,,cave-spots,50,3F (Guidance Chamber),2,,slot,,
1001,,243,51,,,cave-spots,50,3F (Guidance Chamber),2,,slot,,
1002,,243,51,,,cave-spots,50,3F (Guidance Chamber),2,,slot,,
1001,,243,480,50,50,cave,1,1F - 2F,1,,overlay,legendary,"Mistralton Cave, though already home to the mythical Cobalion, is a dark cave close by to the bountiful rivers to Route 6. It's no lake, but it's a good enough place for the pixie trio to reside."
1002,,243,480,50,50,cave,1,1F - 2F,1,,overlay,legendary,"Mistralton Cave, though already home to the mythical Cobalion, is a dark cave close by to the bountiful rivers to Route 6. It's no lake, but it's a good enough place for the pixie trio to reside."
1001,,243,481,50,50,cave,1,1F - 2F,1,,overlay,legendary,"Mistralton Cave, though already home to the mythical Cobalion, is a dark cave close by to the bountiful rivers to Route 6. It's no lake, but it's a good enough place for the pixie trio to reside."
1002,,243,481,50,50,cave,1,1F - 2F,1,,overlay,legendary,"Mistralton Cave, though already home to the mythical Cobalion, is a dark cave close by to the bountiful rivers to Route 6. It's no lake, but it's a good enough place for the pixie trio to reside."
1001,,243,482,50,50,cave,1,3F (Guidance Chamber),2,,overlay,legendary,"Mistralton Cave, though already home to the mythical Cobalion, is a dark cave close by to the bountiful rivers to Route 6. It's no lake, but it's a good enough place for the pixie trio to reside."
1002,,243,482,50,50,cave,1,3F (Guidance Chamber),2,,overlay,legendary,"Mistralton Cave, though already home to the mythical Cobalion, is a dark cave close by to the bountiful rivers to Route 6. It's no lake, but it's a good enough place for the pixie trio to reside."
1001,,243,638,56,56,static,,3F (Guidance Chamber),2,,static,legendary,
1002,,243,638,56,56,static,,3F (Guidance Chamber),2,,static,legendary,
1001,,247,231,,,cave,20,1F,1,,slot,,
1002,,247,231,,,cave,20,1F,1,,slot,,
1001,,247,216,,,cave,20,1F,1,,slot,,
1002,,247,216,,,cave,20,1F,1,,slot,,
1001,,247,613,,,cave,10,1F,1,,slot,,
1002,,247,613,,,cave,10,1F,1,,slot,,
1001,,247,215,,,cave,10,1F,1,,slot,,
1002,,247,215,,,cave,10,1F,1,,slot,,
1001,,247,225,,,cave,10,1F,1,,slot,,
1002,,247,225,,,cave,10,1F,1,,slot,,
1001,,247,220,,,cave,10,1F,1,,slot,,
1002,,247,220,,,cave,10,1F,1,,slot,,
1001,,247,75,,,cave,5,1F,1,,slot,,
1002,,247,75,,,cave,5,1F,1,,slot,,
1001,,247,525,,,cave,5,1F,1,,slot,,
1002,,247,525,,,cave,5,1F,1,,slot,,
1001,,247,615,,,cave,5,1F,1,,slot,,
1002,,247,615,,,cave,5,1F,1,,slot,,
1001,,247,533,,,cave,5,1F,1,,slot,,
1002,,247,533,,,cave,5,1F,1,,slot,,
1001,,247,530,,,cave-spots,50,1F,1,,slot,,
1002,,247,530,,,cave-spots,50,1F,1,,slot,,
1001,,247,51,,,cave-spots,50,1F,1,,slot,,
1002,,247,51,,,cave-spots,50,1F,1,,slot,,
1001,,247,232,,,cave,20,Not 1F,2,,slot,,
1002,,247,232,,,cave,20,Not 1F,2,,slot,,
1001,,247,217,,,cave,20,Not 1F,2,,slot,,
1002,,247,217,,,cave,20,Not 1F,2,,slot,,
1001,,247,614,,,cave,10,Not 1F,2,,slot,,
1002,,247,614,,,cave,10,Not 1F,2,,slot,,
1001,,247,215,,,cave,10,Not 1F,2,,slot,,
1002,,247,215,,,cave,10,Not 1F,2,,slot,,
1001,,247,225,,,cave,10,Not 1F,2,,slot,,
1002,,247,225,,,cave,10,Not 1F,2,,slot,,
1001,,247,221,,,cave,10,Not 1F,2,,slot,,
1002,,247,221,,,cave,10,Not 1F,2,,slot,,
1001,,247,303,,,cave,5,Not 1F,2,,slot,,
1002,,247,303,,,cave,5,Not 1F,2,,slot,,
1001,,247,302,,,cave,5,Not 1F,2,,slot,,
1002,,247,302,,,cave,5,Not 1F,2,,slot,,
1001,,247,615,,,cave,5,Not 1F,2,,slot,,
1002,,247,615,,,cave,5,Not 1F,2,,slot,,
1001,,247,632,,,cave,5,Not 1F,2,,slot,,
1002,,247,632,,,cave,5,Not 1F,2,,slot,,
1001,,247,530,,,cave-spots,50,Not 1F,2,,slot,,
1002,,247,530,,,cave-spots,50,Not 1F,2,,slot,,
1001,,247,51,,,cave-spots,50,Not 1F,2,,slot,,
1002,,247,51,,,cave-spots,50,Not 1F,2,,slot,,
1001,,247,378,50,50,cave,1,Not 1F,2,season:winter,overlay,legendary,"Unlike its brothers, Regice prefers only the very coldest of climates. Try your luck in a harsh Winter at the depths of the area, and you might just have a chance at finding it."
1002,,247,378,50,50,cave,1,Not 1F,2,season:winter,overlay,legendary,"Unlike its brothers, Regice prefers only the very coldest of climates. Try your luck in a harsh Winter at the depths of the area, and you might just have a chance at finding it."
1001,,498,536,,,puddle,20,,0,,slot,,
1002,,498,536,,,puddle,20,,0,,slot,,
1001,,498,618,,,puddle,20,,0,,slot,,
1002,,498,618,,,puddle,20,,0,,slot,,
1001,,498,453,,,puddle,10,,0,,slot,,
1002,,498,453,,,puddle,10,,0,,slot,,
1001,,498,316,,,puddle,10,,0,,slot,,
1002,,498,316,,,puddle,10,,0,,slot,,
1001,,498,109,,,puddle,10,,0,,slot,,
1002,,498,109,,,puddle,10,,0,,slot,,
1001,,498,88,,,puddle,10,,0,,slot,,
1002,,498,88,,,puddle,10,,0,,slot,,
1001,,498,423,,,puddle,5,,0,,slot,,
1002,,498,423,,,puddle,5,,0,,slot,,
1001,,498,195,,,puddle,5,,0,,slot,,
1002,,498,195,,,puddle,5,,0,,slot,,
1001,,498,454,,,puddle,4,,0,,slot,,
1002,,498,454,,,puddle,4,,0,,slot,,
1001,,498,317,,,puddle,4,,0,,slot,,
1002,,498,317,,,puddle,4,,0,,slot,,
1001,,498,110,,,puddle,1,,0,,slot,,
1002,,498,110,,,puddle,1,,0,,slot,,
1001,,498,89,,,puddle,1,,0,,slot,,
1002,,498,89,,,puddle,1,,0,,slot,,
1001,,24,536,,,puddle,20,,0,,slot,,
1002,,24,536,,,puddle,20,,0,,slot,,
1001,,24,618,,,puddle,20,,0,,slot,,
1002,,24,618,,,puddle,20,,0,,slot,,
1001,,24,453,,,puddle,10,,0,,slot,,
1002,,24,453,,,puddle,10,,0,,slot,,
1001,,24,316,,,puddle,10,,0,,slot,,
1002,,24,316,,,puddle,10,,0,,slot,,
1001,,24,109,,,puddle,10,,0,,slot,,
1002,,24,109,,,puddle,10,,0,,slot,,
1001,,24,88,,,puddle,10,,0,,slot,,
1002,,24,88,,,puddle,10,,0,,slot,,
1001,,24,423,,,puddle,5,,0,,slot,,
1002,,24,423,,,puddle,5,,0,,slot,,
1001,,24,195,,,puddle,5,,0,,slot,,
1002,,24,195,,,puddle,5,,0,,slot,,
1001,,24,454,,,puddle,4,,0,,slot,,
1002,,24,454,,,puddle,4,,0,,slot,,
1001,,24,317,,,puddle,4,,0,,slot,,
1002,,24,317,,,puddle,4,,0,,slot,,
1001,,24,110,,,puddle,1,,0,,slot,,
1002,,24,110,,,puddle,1,,0,,slot,,
1001,,24,89,,,puddle,1,,0,,slot,,
1002,,24,89,,,puddle,1,,0,,slot,,
1001,,498,618,,,surf,60,,0,,slot,,
1002,,498,618,,,surf,60,,0,,slot,,
1001,,498,339,,,surf,40,,0,,slot,,
1002,,498,339,,,surf,40,,0,,slot,,
1001,,24,618,,,surf,60,,0,,slot,,
1002,,24,618,,,surf,60,,0,,slot,,
1001,,24,339,,,surf,40,,0,,slot,,
1002,,24,339,,,surf,40,,0,,slot,,
1001,,498,340,,,surf-spots,60,,0,,slot,,
1002,,498,340,,,surf-spots,60,,0,,slot,,
1001,,498,537,,,surf-spots,40,,0,,slot,,
1002,,498,537,,,surf-spots,40,,0,,slot,,
1001,,24,340,,,surf-spots,60,,0,,slot,,
1002,,24,340,,,surf-spots,60,,0,,slot,,
1001,,24,537,,,surf-spots,40,,0,,slot,,
1002,,24,537,,,surf-spots,40,,0,,slot,,
1001,,498,339,,,fish,70,,0,,slot,,
1002,,498,339,,,fish,70,,0,,slot,,
1001,,498,618,,,fish,30,,0,,slot,,
1002,,498,618,,,fish,30,,0,,slot,,
1001,,24,339,,,fish,70,,0,,slot,,
1002,,24,339,,,fish,70,,0,,slot,,
1001,,24,618,,,fish,30,,0,,slot,,
1002,,24,618,,,fish,30,,0,,slot,,
1001,,498,339,,,fish-spots,60,,0,,slot,,
1002,,498,339,,,fish-spots,60,,0,,slot,,
1001,,498,618,,,fish-spots,30,,0,,slot,,
1002,,498,618,,,fish-spots,30,,0,,slot,,
1001,,498,340,,,fish-spots,10,,0,,slot,,
1002,,498,340,,,fish-spots,10,,0,,slot,,
1001,,24,339,,,fish-spots,60,,0,,slot,,
1002,,24,339,,,fish-spots,60,,0,,slot,,
1001,,24,618,,,fish-spots,30,,0,,slot,,
1002,,24,618,,,fish-spots,30,,0,,slot,,
1001,,24,340,,,fish-spots,10,,0,,slot,,
1002,,24,340,,,fish-spots,10,,0,,slot,,
1001,,499,195,,,puddle,20,,0,,slot,,
1002,,499,195,,,puddle,20,,0,,slot,,
1001,,499,618,,,puddle,20,,0,,slot,,
1002,,499,618,,,puddle,20,,0,,slot,,
1001,,499,423,,,puddle,10,,0,,slot,,
1002,,499,423,,,puddle,10,,0,,slot,,
1001,,499,454,,,puddle,10,,0,,slot,,
1002,,499,454,,,puddle,10,,0,,slot,,
1001,,499,317,,,puddle,10,,0,,slot,,
1002,,499,317,,,puddle,10,,0,,slot,,
1001,,499,110,,,puddle,10,,0,,slot,,
1002,,499,110,,,puddle,10,,0,,slot,,
1001,,499,89,,,puddle,10,,0,,slot,,
1002,,499,89,,,puddle,10,,0,,slot,,
1001,,499,536,,,puddle,10,,0,,slot,,
1002,,499,536,,,puddle,10,,0,,slot,,
1001,,499,618,,,surf,60,,0,,slot,,
1002,,499,618,,,surf,60,,0,,slot,,
1001,,499,339,,,surf,40,,0,,slot,,
1002,,499,339,,,surf,40,,0,,slot,,
1001,,499,340,,,surf-spots,60,,0,,slot,,
1002,,499,340,,,surf-spots,60,,0,,slot,,
1001,,499,537,,,surf-spots,40,,0,,slot,,
1002,,499,537,,,surf-spots,40,,0,,slot,,
1001,,499,339,,,fish,70,,0,,slot,,
1002,,499,339,,,fish,70,,0,,slot,,
1001,,499,618,,,fish,30,,0,,slot,,
1002,,499,618,,,fish,30,,0,,slot,,
1001,,499,339,,,fish-spots,60,,0,,slot,,
1002,,499,339,,,fish-spots,60,,0,,slot,,
1001,,499,618,,,fish-spots,30,,0,,slot,,
1002,,499,618,,,fish-spots,30,,0,,slot,,
1001,,499,340,,,fish-spots,10,,0,,slot,,
1002,,499,340,,,fish-spots,10,,0,,slot,,
1001,,499,647,56,56,puddle,1,,0,season:autumn,overlay,legendary,"The Moor of Icirrus is a special place for Keldeo, and in the Autumn you may see this unicorn galloping past. If you can catch it, you'll have a chance at adding him to your team."
1002,,499,647,56,56,puddle,1,,0,season:autumn,overlay,legendary,"The Moor of Icirrus is a special place for Keldeo, and in the Autumn you may see this unicorn galloping past. If you can catch it, you'll have a chance at adding him to your team."
1001,,249,619,,,grass,20,Outside,1,"season:spring,summer,autumn",slot,,
1002,,249,619,,,grass,20,Outside,1,"season:spring,summer,autumn",slot,,
1001,,249,585,,,grass,20,Outside,1,"season:spring,summer,autumn",slot,,
1002,,249,585,,,grass,20,Outside,1,"season:spring,summer,autumn",slot,,
1001,,249,621,,,grass,20,Outside,1,"season:spring,summer,autumn",slot,,
1002,,249,621,,,grass,20,Outside,1,"season:spring,summer,autumn",slot,,
1001,,249,333,,,grass,20,Outside,1,"season:spring,summer,autumn",slot,,
1002,,249,333,,,grass,20,Outside,1,"season:spring,summer,autumn",slot,,
1001,,249,64,,,grass,20,Outside,1,"season:spring,summer,autumn",slot,,
1002,,249,64,,,grass,20,Outside,1,"season:spring,summer,autumn",slot,,
1001,,249,620,,,dark-grass,20,Outside,1,"season:spring,summer,autumn",slot,,
1002,,249,620,,,dark-grass,20,Outside,1,"season:spring,summer,autumn",slot,,
1001,,249,586,,,dark-grass,20,Outside,1,"season:spring,summer,autumn",slot,,
1002,,249,586,,,dark-grass,20,Outside,1,"season:spring,summer,autumn",slot,,
1001,,249,621,,,dark-grass,20,Outside,1,"season:spring,summer,autumn",slot,,
1002,,249,621,,,dark-grass,20,Outside,1,"season:spring,summer,autumn",slot,,
1001,,249,334,,,dark-grass,20,Outside,1,"season:spring,summer,autumn",slot,,
1002,,249,334,,,dark-grass,20,Outside,1,"season:spring,summer,autumn",slot,,
1001,,249,64,,,dark-grass,20,Outside,1,"season:spring,summer,autumn",slot,,
1002,,249,64,,,dark-grass,20,Outside,1,"season:spring,summer,autumn",slot,,
1001,,249,531,,,grass-spots,90,Outside,1,"season:spring,summer,autumn",slot,,
1002,,249,531,,,grass-spots,90,Outside,1,"season:spring,summer,autumn",slot,,
1001,,249,65,,,grass-spots,10,Outside,1,"season:spring,summer,autumn",slot,,
1002,,249,65,,,grass-spots,10,Outside,1,"season:spring,summer,autumn",slot,,
1001,,249,116,,,surf,60,Outside,1,"season:spring,summer,autumn",slot,,
1002,,249,116,,,surf,60,Outside,1,"season:spring,summer,autumn",slot,,
1001,,249,147,,,surf,40,Outside,1,"season:spring,summer,autumn",slot,,
1002,,249,147,,,surf,40,Outside,1,"season:spring,summer,autumn",slot,,
1001,,249,117,,,surf-spots,60,Outside,1,"season:spring,summer,autumn",slot,,
1002,,249,117,,,surf-spots,60,Outside,1,"season:spring,summer,autumn",slot,,
1001,,249,148,,,surf-spots,40,Outside,1,"season:spring,summer,autumn",slot,,
1002,,249,148,,,surf-spots,40,Outside,1,"season:spring,summer,autumn",slot,,
1001,,249,116,,,fish,60,Outside,1,"season:spring,summer,autumn",slot,,
1002,,249,116,,,fish,60,Outside,1,"season:spring,summer,autumn",slot,,
1001,,249,550,,,fish,30,Outside,1,"season:spring,summer,autumn",slot,,
1002,,249,550,,,fish,30,Outside,1,"season:spring,summer,autumn",slot,,
1001,,249,147,,,fish,10,Outside,1,"season:spring,summer,autumn",slot,,
1002,,249,147,,,fish,10,Outside,1,"season:spring,summer,autumn",slot,,
1001,,249,117,,,fish-spots,60,Outside,1,"season:spring,summer,autumn",slot,,
1002,,249,117,,,fish-spots,60,Outside,1,"season:spring,summer,autumn",slot,,
1001,,249,148,,,fish-spots,30,Outside,1,"season:spring,summer,autumn",slot,,
1002,,249,148,,,fish-spots,30,Outside,1,"season:spring,summer,autumn",slot,,
1001,,249,230,,,fish-spots,9,Outside,1,"season:spring,summer,autumn",slot,,
1002,,249,230,,,fish-spots,9,Outside,1,"season:spring,summer,autumn",slot,,
1001,,249,149,,,fish-spots,1,Outside,1,"season:spring,summer,autumn",slot,,
1002,,249,149,,,fish-spots,1,Outside,1,"season:spring,summer,autumn",slot,,
1001,,249,619,,,grass,20,Outside,1,season:winter,slot,,
1002,,249,619,,,grass,20,Outside,1,season:winter,slot,,
1001,,249,459,,,grass,20,Outside,1,season:winter,slot,,
1002,,249,459,,,grass,20,Outside,1,season:winter,slot,,
1001,,249,613,,,grass,20,Outside,1,season:winter,slot,,
1002,,249,613,,,grass,20,Outside,1,season:winter,slot,,
1001,,249,582,,,grass,20,Outside,1,season:winter,slot,,
1002,,249,582,,,grass,20,Outside,1,season:winter,slot,,
1001,,249,64,,,grass,20,Outside,1,season:winter,slot,,
1002,,249,64,,,grass,20,Outside,1,season:winter,slot,,
1001,,249,620,,,dark-grass,20,Outside,1,season:winter,slot,,
1002,,249,620,,,dark-grass,20,Outside,1,season:winter,slot,,
1001,,249,460,,,dark-grass,20,Outside,1,season:winter,slot,,
1002,,249,460,,,dark-grass,20,Outside,1,season:winter,slot,,
1001,,249,614,,,dark-grass,20,Outside,1,season:winter,slot,,
1002,,249,614,,,dark-grass,20,Outside,1,season:winter,slot,,
1001,,249,583,,,dark-grass,20,Outside,1,season:winter,slot,,
1002,,249,583,,,dark-grass,20,Outside,1,season:winter,slot,,
1001,,249,64,,,dark-grass,20,Outside,1,season:winter,slot,,
1002,,249,64,,,dark-grass,20,Outside,1,season:winter,slot,,
1001,,249,531,,,grass-spots,90,Outside,1,season:winter,slot,,
1002,,249,531,,,grass-spots,90,Outside,1,season:winter,slot,,
1001,,249,65,,,grass-spots,10,Outside,1,season:winter,slot,,
1002,,249,65,,,grass-spots,10,Outside,1,season:winter,slot,,
1001,,249,116,,,surf,60,Outside,1,season:winter,slot,,
1002,,249,116,,,surf,60,Outside,1,season:winter,slot,,
1001,,249,147,,,surf,40,Outside,1,season:winter,slot,,
1002,,249,147,,,surf,40,Outside,1,season:winter,slot,,
1001,,249,117,,,surf-spots,60,Outside,1,season:winter,slot,,
1002,,249,117,,,surf-spots,60,Outside,1,season:winter,slot,,
1001,,249,148,,,surf-spots,40,Outside,1,season:winter,slot,,
1002,,249,148,,,surf-spots,40,Outside,1,season:winter,slot,,
1001,,249,116,,,fish,60,Outside,1,season:winter,slot,,
1002,,249,116,,,fish,60,Outside,1,season:winter,slot,,
1001,,249,550,,,fish,30,Outside,1,season:winter,slot,,
1002,,249,550,,,fish,30,Outside,1,season:winter,slot,,
1001,,249,147,,,fish,10,Outside,1,season:winter,slot,,
1002,,249,147,,,fish,10,Outside,1,season:winter,slot,,
1001,,249,117,,,fish-spots,60,Outside,1,season:winter,slot,,
1002,,249,117,,,fish-spots,60,Outside,1,season:winter,slot,,
1001,,249,148,,,fish-spots,30,Outside,1,season:winter,slot,,
1002,,249,148,,,fish-spots,30,Outside,1,season:winter,slot,,
1001,,249,230,,,fish-spots,9,Outside,1,season:winter,slot,,
1002,,249,230,,,fish-spots,9,Outside,1,season:winter,slot,,
1001,,249,149,,,fish-spots,1,Outside,1,season:winter,slot,,
1002,,249,149,,,fish-spots,1,Outside,1,season:winter,slot,,
1001,,249,621,,,tower,40,Inside - Room One,2,,slot,,
1002,,249,621,,,tower,40,Inside - Room One,2,,slot,,
1001,,249,343,,,tower,30,Inside - Room One,2,,slot,,
1002,,249,343,,,tower,30,Inside - Room One,2,,slot,,
1001,,249,622,,,tower,30,Inside - Room One,2,,slot,,
1002,,249,622,,,tower,30,Inside - Room One,2,,slot,,
1001,,249,344,,,tower,50,Inside - Room Two,3,,slot,,
1002,,249,344,,,tower,50,Inside - Room Two,3,,slot,,
1001,,249,623,,,tower,50,Inside - Room Two,3,,slot,,
1002,,249,623,,,tower,50,Inside - Room Two,3,,slot,,
1001,,249,144,50,50,dark-grass,1,Outside,1,season:winter,overlay,legendary,"Only in the doubles grass right outside the tower! Articuno enjoys a rest in the snowy north of the Unova region, but you might be welcome to disturb it."
1002,,249,144,50,50,dark-grass,1,Outside,1,season:winter,overlay,legendary,"Only in the doubles grass right outside the tower! Articuno enjoys a rest in the snowy north of the Unova region, but you might be welcome to disturb it."
1001,,249,245,50,50,surf-spots,1,Outside,1,"season:spring,summer,autumn",overlay,legendary,"Suicune loves bouncing around the seas, not just the Johto region. Three times a year, this journey ends up leading it to the small lake in front of the ancient tower."
1002,,249,245,50,50,surf-spots,1,Outside,1,"season:spring,summer,autumn",overlay,legendary,"Suicune loves bouncing around the seas, not just the Johto region. Three times a year, this journey ends up leading it to the small lake in front of the ancient tower."
1001,,19,575,,,grass,20,,0,,slot,,
1002,,19,575,,,grass,20,,0,,slot,,
1001,,19,578,,,grass,20,,0,,slot,,
1002,,19,578,,,grass,20,,0,,slot,,
1001,,19,281,,,grass,10,,0,,slot,,
1002,,19,281,,,grass,10,,0,,slot,,
1001,,19,572,,,grass,10,,0,,slot,,
1002,,19,572,,,grass,10,,0,,slot,,
1001,,19,624,,,grass,10,,0,,slot,,
1002,,19,624,,,grass,10,,0,,slot,,
1001,,19,300,,,grass,10,,0,,slot,,
1002,,19,300,,,grass,10,,0,,slot,,
1001,,19,510,,,grass,10,,0,,slot,,
1002,,19,510,,,grass,10,,0,,slot,,
1001,,19,53,,,grass,10,,0,,slot,,
1002,,19,53,,,grass,10,,0,,slot,,
1001,,19,180,,,dark-grass,20,,0,,slot,,
1002,,19,180,,,dark-grass,20,,0,,slot,,
1001,,19,404,,,dark-grass,20,,0,,slot,,
1002,,19,404,,,dark-grass,20,,0,,slot,,
1001,,19,97,,,dark-grass,10,,0,,slot,,
1002,,19,97,,,dark-grass,10,,0,,slot,,
1001,,19,573,,,dark-grass,10,,0,,slot,,
1002,,19,573,,,dark-grass,10,,0,,slot,,
1001,,19,625,,,dark-grass,10,,0,,slot,,
1002,,19,625,,,dark-grass,10,,0,,slot,,
1001,,19,569,,,dark-grass,10,,0,,slot,,
1002,,19,569,,,dark-grass,10,,0,,slot,,
1001,,19,229,,,dark-grass,10,,0,,slot,,
1002,,19,229,,,dark-grass,10,,0,,slot,,
1001,,19,210,,,dark-grass,10,,0,,slot,,
1002,,19,210,,,dark-grass,10,,0,,slot,,
1001,,19,531,,,grass-spots,90,,0,,slot,,
1002,,19,531,,,grass-spots,90,,0,,slot,,
1001,,19,576,,,grass-spots,5,,0,,slot,,
1002,,19,576,,,grass-spots,5,,0,,slot,,
1001,,19,579,,,grass-spots,5,,0,,slot,,
1002,,19,579,,,grass-spots,5,,0,,slot,,
1001,,19,243,50,50,grass-spots,1,,0,,overlay,legendary,"You'll have to sift through loads of Audino for this beast. Raikou is naturally attracted to electricity, and the Department Store in the route has plenty of that."
1002,,19,243,50,50,grass-spots,1,,0,,overlay,legendary,"You'll have to sift through loads of Audino for this beast. Raikou is naturally attracted to electricity, and the Department Store in the route has plenty of that."
1001,,19,244,50,50,grass-spots,1,,0,,overlay,legendary,"Entei and Raikou are like best friends and brothers; they will always stay together, and Entei will follow Raikou to whatever attracts him."
1002,,19,244,50,50,grass-spots,1,,0,,overlay,legendary,"Entei and Raikou are like best friends and brothers; they will always stay together, and Entei will follow Raikou to whatever attracts him."
1001,,20,507,,,grass,20,Main Route,1,,slot,,
1002,,20,507,,,grass,20,Main Route,1,,slot,,
1001,,20,17,,,grass,20,Main Route,1,,slot,,
1002,,20,17,,,grass,20,Main Route,1,,slot,,
1001,,20,627,,,grass,10,Main Route,1,,slot,,
1002,,20,627,,,grass,10,Main Route,1,,slot,,
1001,,20,629,,,grass,10,Main Route,1,,slot,,
1002,,20,629,,,grass,10,Main Route,1,,slot,,
1001,,20,67,,,grass,10,Main Route,1,,slot,,
1002,,20,67,,,grass,10,Main Route,1,,slot,,
1001,,20,57,,,grass,10,Main Route,1,,slot,,
1002,,20,57,,,grass,10,Main Route,1,,slot,,
1001,,20,591,,,grass,10,Main Route,1,,slot,,
1002,,20,591,,,grass,10,Main Route,1,,slot,,
1001,,20,520,,,grass,10,Main Route,1,,slot,,
1002,,20,520,,,grass,10,Main Route,1,,slot,,
1001,,20,630,,,dark-grass,20,Main Route,1,,slot,,
1002,,20,630,,,dark-grass,20,Main Route,1,,slot,,
1001,,20,628,,,dark-grass,20,Main Route,1,,slot,,
1002,,20,628,,,dark-grass,20,Main Route,1,,slot,,
1001,,20,626,,,dark-grass,10,Main Route,1,,slot,,
1002,,20,626,,,dark-grass,10,Main Route,1,,slot,,
1001,,20,326,,,dark-grass,10,Main Route,1,,slot,,
1002,,20,326,,,dark-grass,10,Main Route,1,,slot,,
1001,,20,452,,,dark-grass,10,Main Route,1,,slot,,
1002,,20,452,,,dark-grass,10,Main Route,1,,slot,,
1001,,20,560,,,dark-grass,10,Main Route,1,,slot,,
1002,,20,560,,,dark-grass,10,Main Route,1,,slot,,
1001,,20,214,,,dark-grass,10,Main Route,1,,slot,,
1002,,20,214,,,dark-grass,10,Main Route,1,,slot,,
1001,,20,310,,,dark-grass,10,Main Route,1,,slot,,
1002,,20,310,,,dark-grass,10,Main Route,1,,slot,,
1001,,20,531,,,grass-spots,100,Main Route,1,,slot,,
1002,,20,531,,,grass-spots,100,Main Route,1,,slot,,
1002,,20,641,40,40,grass-spots,1,Main Route,1,,overlay,legendary,"While one wreaks havoc with the weather along Unova, the other will await you patiently in Route 10... if you can find it. Luckily, this one won't run. Don't let its low level fool you; it can still be quite difficult to capture."
1001,,20,642,40,40,grass-spots,1,Main Route,1,,overlay,legendary,"While one wreaks havoc with the weather along Unova, the other will await you patiently in Route 10... if you can find it. Luckily, this one won't run. Don't let its low level fool you; it can still be quite difficult to capture."
1001,,20,264,,,grass,20,League Path,2,,slot,,
1002,,20,264,,,grass,20,League Path,2,,slot,,
1001,,20,400,,,grass,20,League Path,2,,slot,,
1002,,20,400,,,grass,20,League Path,2,,slot,,
1001,,20,188,,,grass,10,League Path,2,,slot,,
1002,,20,188,,,grass,10,League Path,2,,slot,,
1001,,20,24,,,grass,10,League Path,2,,slot,,
1002,,20,24,,,grass,10,League Path,2,,slot,,
1001,,20,28,,,grass,10,League Path,2,,slot,,
1002,,20,28,,,grass,10,League Path,2,,slot,,
1001,,20,85,,,grass,10,League Path,2,,slot,,
1002,,20,85,,,grass,10,League Path,2,,slot,,
1001,,20,335,,,grass,10,League Path,2,,slot,,
1002,,20,335,,,grass,10,League Path,2,,slot,,
1001,,20,336,,,grass,10,League Path,2,,slot,,
1002,,20,336,,,grass,10,League Path,2,,slot,,
1001,,20,123,,,dark-grass,20,League Path,2,,slot,,
1002,,20,123,,,dark-grass,20,League Path,2,,slot,,
1001,,20,127,,,dark-grass,20,League Path,2,,slot,,
1002,,20,127,,,dark-grass,20,League Path,2,,slot,,
1001,,20,421,,,dark-grass,10,League Path,2,,slot,,
1002,,20,421,,,dark-grass,10,League Path,2,,slot,,
1001,,20,22,,,dark-grass,10,League Path,2,,slot,,
1002,,20,22,,,dark-grass,10,League Path,2,,slot,,
1001,,20,507,,,dark-grass,10,League Path,2,,slot,,
1002,,20,507,,,dark-grass,10,League Path,2,,slot,,
1001,,20,78,,,dark-grass,10,League Path,2,,slot,,
1002,,20,78,,,dark-grass,10,League Path,2,,slot,,
1001,,20,357,,,dark-grass,10,League Path,2,,slot,,
1002,,20,357,,,dark-grass,10,League Path,2,,slot,,
1001,,20,203,,,dark-grass,10,League Path,2,,slot,,
1002,,20,203,,,dark-grass,10,League Path,2,,slot,,
1001,,20,113,,,grass-spots,90,League Path,2,,slot,,
1002,,20,113,,,grass-spots,90,League Path,2,,slot,,
1001,,20,242,,,grass-spots,10,League Path,2,,slot,,
1002,,20,242,,,grass-spots,10,League Path,2,,slot,,
1001,,20,380,60,60,dark-grass,1,League Path,2,,overlay,legendary,"The Lati twins have always loved challenging destined League champions, and in Unova this is no exception. They even wait on the actual path to the League, just to be sure. Of course, they also like to test people by remaining hidden."
1002,,20,380,60,60,dark-grass,1,League Path,2,,overlay,legendary,"The Lati twins have always loved challenging destined League champions, and in Unova this is no exception. They even wait on the actual path to the League, just to be sure. Of course, they also like to test people by remaining hidden."
1001,,20,381,60,60,dark-grass,1,League Path,2,,overlay,legendary,"Anywhere where Latias goes, Latios does too."
1002,,20,381,60,60,dark-grass,1,League Path,2,,overlay,legendary,"Anywhere where Latias goes, Latios does too."
1001,,48,631,,,rocky-grass,20,Outside,1,,slot,,
1002,,48,631,,,rocky-grass,20,Outside,1,,slot,,
1001,,48,324,,,rocky-grass,20,Outside,1,,slot,,
1002,,48,324,,,rocky-grass,20,Outside,1,,slot,,
1001,,48,630,,,rocky-grass,10,Outside,1,,slot,,
1002,,48,630,,,rocky-grass,10,Outside,1,,slot,,
1001,,48,628,,,rocky-grass,10,Outside,1,,slot,,
1002,,48,628,,,rocky-grass,10,Outside,1,,slot,,
1001,,48,227,,,rocky-grass,10,Outside,1,,slot,,
1002,,48,227,,,rocky-grass,10,Outside,1,,slot,,
1001,,48,472,,,rocky-grass,10,Outside,1,,slot,,
1002,,48,472,,,rocky-grass,10,Outside,1,,slot,,
1001,,48,247,,,rocky-grass,10,Outside,1,,slot,,
1002,,48,247,,,rocky-grass,10,Outside,1,,slot,,
1001,,48,611,,,rocky-grass,9,Outside,1,,slot,,
1002,,48,611,,,rocky-grass,9,Outside,1,,slot,,
1001,,48,232,,,cave,20,Inside - Rooms with Water,2,,slot,,
1002,,48,232,,,cave,20,Inside - Rooms with Water,2,,slot,,
1001,,48,217,,,cave,20,Inside - Rooms with Water,2,,slot,,
1002,,48,217,,,cave,20,Inside - Rooms with Water,2,,slot,,
1001,,48,634,,,cave,10,Inside - Rooms with Water,2,,slot,,
1002,,48,634,,,cave,10,Inside - Rooms with Water,2,,slot,,
1001,,48,527,,,cave,10,Inside - Rooms with Water,2,,slot,,
1002,,48,527,,,cave,10,Inside - Rooms with Water,2,,slot,,
1001,,48,297,,,cave,10,Inside - Rooms with Water,2,,slot,,
1002,,48,297,,,cave,10,Inside - Rooms with Water,2,,slot,,
1001,,48,308,,,cave,10,Inside - Rooms with Water,2,,slot,,
1002,,48,308,,,cave,10,Inside - Rooms with Water,2,,slot,,
1001,,48,305,,,cave,10,Inside - Rooms with Water,2,,slot,,
1002,,48,305,,,cave,10,Inside - Rooms with Water,2,,slot,,
1001,,48,184,,,cave,10,Inside - Rooms with Water,2,,slot,,
1002,,48,184,,,cave,10,Inside - Rooms with Water,2,,slot,,
1001,,48,530,,,cave-spots,25,Inside - Rooms with Water,2,,slot,,
1002,,48,530,,,cave-spots,25,Inside - Rooms with Water,2,,slot,,
1001,,48,51,,,cave-spots,25,Inside - Rooms with Water,2,,slot,,
1002,,48,51,,,cave-spots,25,Inside - Rooms with Water,2,,slot,,
1001,,48,208,,,cave-spots,25,Inside - Rooms with Water,2,,slot,,
1002,,48,208,,,cave-spots,25,Inside - Rooms with Water,2,,slot,,
1001,,48,28,,,cave-spots,25,Inside - Rooms with Water,2,,slot,,
1002,,48,28,,,cave-spots,25,Inside - Rooms with Water,2,,slot,,
1001,,48,87,,,surf,60,Inside - Rooms with Water,2,,slot,,
1002,,48,87,,,surf,60,Inside - Rooms with Water,2,,slot,,
1001,,48,131,,,surf,40,Inside - Rooms with Water,2,,slot,,
1002,,48,131,,,surf,40,Inside - Rooms with Water,2,,slot,,
1001,,48,131,,,surf-spots,60,Inside - Rooms with Water,2,,slot,,
1002,,48,131,,,surf-spots,60,Inside - Rooms with Water,2,,slot,,
1001,,48,87,,,surf-spots,40,Inside - Rooms with Water,2,,slot,,
1002,,48,87,,,surf-spots,40,Inside - Rooms with Water,2,,slot,,
1001,,48,550,,,fish,60,Inside - Rooms with Water,2,,slot,,
1002,,48,550,,,fish,60,Inside - Rooms with Water,2,,slot,,
1001,,48,130,,,fish,30,Inside - Rooms with Water,2,,slot,,
1002,,48,130,,,fish,30,Inside - Rooms with Water,2,,slot,,
1001,,48,340,,,fish,10,Inside - Rooms with Water,2,,slot,,
1002,,48,340,,,fish,10,Inside - Rooms with Water,2,,slot,,
1001,,48,550,,,fish-spots,60,Inside - Rooms with Water,2,,slot,,
1002,,48,550,,,fish-spots,60,Inside - Rooms with Water,2,,slot,,
1001,,48,130,,,fish-spots,30,Inside - Rooms with Water,2,,slot,,
1002,,48,130,,,fish-spots,30,Inside - Rooms with Water,2,,slot,,
1001,,48,340,,,fish-spots,10,Inside - Rooms with Water,2,,slot,,
1002,,48,340,,,fish-spots,10,Inside - Rooms with Water,2,,slot,,
1001,,48,294,,,cave,20,Inside - Rooms without Water,3,,slot,,
1002,,48,294,,,cave,20,Inside - Rooms without Water,3,,slot,,
1001,,48,632,,,cave,20,Inside - Rooms without Water,3,,slot,,
1002,,48,632,,,cave,20,Inside - Rooms without Water,3,,slot,,
1001,,48,527,,,cave,10,Inside - Rooms without Water,3,,slot,,
1002,,48,527,,,cave,10,Inside - Rooms without Water,3,,slot,,
1001,,48,42,,,cave,10,Inside - Rooms without Water,3,,slot,,
1002,,48,42,,,cave,10,Inside - Rooms without Water,3,,slot,,
1001,,48,600,,,cave,10,Inside - Rooms without Water,3,,slot,,
1002,,48,600,,,cave,10,Inside - Rooms without Water,3,,slot,,
1001,,48,112,,,cave,10,Inside - Rooms without Water,3,,slot,,
1002,,48,112,,,cave,10,Inside - Rooms without Water,3,,slot,,
1001,,48,525,,,cave,10,Inside - Rooms without Water,3,,slot,,
1002,,48,525,,,cave,10,Inside - Rooms without Water,3,,slot,,
1001,,48,533,,,cave,10,Inside - Rooms without Water,3,,slot,,
1002,,48,533,,,cave,10,Inside - Rooms without Water,3,,slot,,
1001,,48,530,,,cave-spots,25,Inside - Rooms without Water,3,,slot,,
1002,,48,530,,,cave-spots,25,Inside - Rooms without Water,3,,slot,,
1001,,48,51,,,cave-spots,25,Inside - Rooms without Water,3,,slot,,
1002,,48,51,,,cave-spots,25,Inside - Rooms without Water,3,,slot,,
1001,,48,208,,,cave-spots,25,Inside - Rooms without Water,3,,slot,,
1002,,48,208,,,cave-spots,25,Inside - Rooms without Water,3,,slot,,
1001,,48,28,,,cave-spots,25,Inside - Rooms without Water,3,,slot,,
1002,,48,28,,,cave-spots,25,Inside - Rooms without Water,3,,slot,,
1001,,48,639,56,56,static,,Trial Chamber,4,,static,legendary,
1002,,48,639,56,56,static,,Trial Chamber,4,,static,legendary,
1001,,48,146,50,50,rocky-grass,1,Outside,1,,overlay,legendary,"Good luck using Repel with this bird! Moltres loves a rocky field, and after being shifted around by game desingers twice, it needed a rest. The peaks of Victory Road make for a great perch."
1002,,48,146,50,50,rocky-grass,1,Outside,1,,overlay,legendary,"Good luck using Repel with this bird! Moltres loves a rocky field, and after being shifted around by game desingers twice, it needed a rest. The peaks of Victory Road make for a great perch."
1001,,48,485,60,60,cave,1,Trial Chamber,4,,overlay,legendary,"Heatran also enjoys the mountainous area, and has appeared to visit his old friend Terrakion. You might run into him if you storm the same room."
1002,,48,485,60,60,cave,1,Trial Chamber,4,,overlay,legendary,"Heatran also enjoys the mountainous area, and has appeared to visit his old friend Terrakion. You might run into him if you storm the same room."
1001,,17,55,,,grass,20,,0,,slot,,
1002,,17,55,,,grass,20,,0,,slot,,
1001,,17,625,,,grass,20,,0,,slot,,
1002,,17,625,,,grass,20,,0,,slot,,
1001,,17,630,,,grass,10,,0,,slot,,
1002,,17,630,,,grass,10,,0,,slot,,
1001,,17,628,,,grass,10,,0,,slot,,
1002,,17,628,,,grass,10,,0,,slot,,
1001,,17,207,,,grass,10,,0,,slot,,
1002,,17,207,,,grass,10,,0,,slot,,
1001,,17,105,,,grass,10,,0,,slot,,
1002,,17,105,,,grass,10,,0,,slot,,
1001,,17,432,,,grass,10,,0,,slot,,
1002,,17,432,,,grass,10,,0,,slot,,
1001,,17,435,,,grass,10,,0,,slot,,
1002,,17,435,,,grass,10,,0,,slot,,
1001,,17,294,,,dark-grass,20,,0,,slot,,
1002,,17,294,,,dark-grass,20,,0,,slot,,
1001,,17,397,,,dark-grass,20,,0,,slot,,
1002,,17,397,,,dark-grass,20,,0,,slot,,
1001,,17,288,,,dark-grass,10,,0,,slot,,
1002,,17,288,,,dark-grass,10,,0,,slot,,
1001,,17,125,,,dark-grass,10,,0,,slot,,
1002,,17,125,,,dark-grass,10,,0,,slot,,
1001,,17,126,,,dark-grass,10,,0,,slot,,
1002,,17,126,,,dark-grass,10,,0,,slot,,
1001,,17,330,,,dark-grass,10,,0,,slot,,
1002,,17,330,,,dark-grass,10,,0,,slot,,
1001,,17,112,,,dark-grass,10,,0,,slot,,
1002,,17,112,,,dark-grass,10,,0,,slot,,
1001,,17,525,,,dark-grass,10,,0,,slot,,
1002,,17,525,,,dark-grass,10,,0,,slot,,
1001,,17,531,,,grass-spots,70,,0,,slot,,
1002,,17,531,,,grass-spots,70,,0,,slot,,
1001,,17,587,,,grass-spots,10,,0,,slot,,
1002,,17,587,,,grass-spots,10,,0,,slot,,
1001,,17,466,,,grass-spots,5,,0,,slot,,
1002,,17,466,,,grass-spots,5,,0,,slot,,
1001,,17,467,,,grass-spots,5,,0,,slot,,
1002,,17,467,,,grass-spots,5,,0,,slot,,
1001,,17,472,,,grass-spots,5,,0,,slot,,
1002,,17,472,,,grass-spots,5,,0,,slot,,
1001,,17,398,,,grass-spots,5,,0,,slot,,
1002,,17,398,,,grass-spots,5,,0,,slot,,
1001,,17,418,,,surf,60,,0,,slot,,
1002,,17,418,,,surf,60,,0,,slot,,
1001,,17,419,,,surf,40,,0,,slot,,
1002,,17,419,,,surf,40,,0,,slot,,
1001,,17,147,,,surf-spots,60,,0,,slot,,
1002,,17,147,,,surf-spots,60,,0,,slot,,
1001,,17,148,,,surf-spots,35,,0,,slot,,
1002,,17,148,,,surf-spots,35,,0,,slot,,
1001,,17,149,,,surf-spots,5,,0,,slot,,
1002,,17,149,,,surf-spots,5,,0,,slot,,
1001,,17,118,,,fish,70,,0,,slot,,
1002,,17,118,,,fish,70,,0,,slot,,
1001,,17,550,,,fish,30,,0,,slot,,
1002,,17,550,,,fish,30,,0,,slot,,
1001,,17,118,,,fish-spots,60,,0,,slot,,
1002,,17,118,,,fish-spots,60,,0,,slot,,
1001,,17,550,,,fish-spots,30,,0,,slot,,
1002,,17,550,,,fish-spots,30,,0,,slot,,
1001,,17,119,,,fish-spots,10,,0,,slot,,
1002,,17,119,,,fish-spots,10,,0,,slot,,
1001,,251,102,,,grass,20,,0,,slot,,
1002,,251,102,,,grass,20,,0,,slot,,
1001,,251,400,,,grass,20,,0,,slot,,
1002,,251,400,,,grass,20,,0,,slot,,
1001,,251,335,,,grass,10,,0,,slot,,
1002,,251,335,,,grass,10,,0,,slot,,
1001,,251,336,,,grass,10,,0,,slot,,
1002,,251,336,,,grass,10,,0,,slot,,
1001,,251,313,,,grass,10,,0,,slot,,
1002,,251,313,,,grass,10,,0,,slot,,
1001,,251,314,,,grass,10,,0,,slot,,
1002,,251,314,,,grass,10,,0,,slot,,
1001,,251,83,,,grass,10,,0,,slot,,
1002,,251,83,,,grass,10,,0,,slot,,
1001,,251,441,,,grass,10,,0,,slot,,
1002,,251,441,,,grass,10,,0,,slot,,
1001,,251,180,,,dark-grass,20,,0,,slot,,
1002,,251,180,,,dark-grass,20,,0,,slot,,
1001,,251,64,,,dark-grass,20,,0,,slot,,
1002,,251,64,,,dark-grass,20,,0,,slot,,
1001,,251,271,,,dark-grass,20,,0,,slot,,
1002,,251,271,,,dark-grass,20,,0,,slot,,
1001,,251,274,,,dark-grass,20,,0,,slot,,
1002,,251,274,,,dark-grass,20,,0,,slot,,
1001,,251,315,,,dark-grass,10,,0,,slot,,
1002,,251,315,,,dark-grass,10,,0,,slot,,
1001,,251,175,,,dark-grass,10,,0,,slot,,
1002,,251,175,,,dark-grass,10,,0,,slot,,
1001,,251,113,,,grass-spots,75,,0,,slot,,
1002,,251,113,,,grass-spots,75,,0,,slot,,
1001,,251,587,,,grass-spots,10,,0,,slot,,
1002,,251,587,,,grass-spots,10,,0,,slot,,
1001,,251,176,,,grass-spots,5,,0,,slot,,
1002,,251,176,,,grass-spots,5,,0,,slot,,
1001,,251,103,,,grass-spots,5,,0,,slot,,
1002,,251,103,,,grass-spots,5,,0,,slot,,
1001,,251,407,,,grass-spots,5,,0,,slot,,
1002,,251,407,,,grass-spots,5,,0,,slot,,
1001,,251,73,,,surf,60,,0,,slot,,
1002,,251,73,,,surf,60,,0,,slot,,
1001,,251,319,,,surf,40,,0,,slot,,
1002,,251,319,,,surf,40,,0,,slot,,
1001,,251,319,,,surf-spots,60,,0,,slot,,
1002,,251,319,,,surf-spots,60,,0,,slot,,
1001,,251,593,,,surf-spots,40,,0,,slot,,
1002,,251,593,,,surf-spots,40,,0,,slot,,
1001,,251,318,,,fish,70,,0,,slot,,
1002,,251,318,,,fish,70,,0,,slot,,
1001,,251,550,,,fish,30,,0,,slot,,
1002,,251,550,,,fish,30,,0,,slot,,
1001,,251,318,,,fish-spots,60,,0,,slot,,
1002,,251,318,,,fish-spots,60,,0,,slot,,
1001,,251,550,,,fish-spots,30,,0,,slot,,
1002,,251,550,,,fish-spots,30,,0,,slot,,
1001,,251,319,,,fish-spots,10,,0,,slot,,
1002,,251,319,,,fish-spots,10,,0,,slot,,
1001,,251,492,50,50,dark-grass,1,,0,,overlay,legendary,"This little hedgehog loves the peaceful river and vegetation of the Village Bridge, and can be found dancing among the flowers to the music. A run in with this small legendary is unlikely, but not impossible."
1002,,251,492,50,50,dark-grass,1,,0,,overlay,legendary,"This little hedgehog loves the peaceful river and vegetation of the Village Bridge, and can be found dancing among the flowers to the music. A run in with this small legendary is unlikely, but not impossible."
1001,,251,648,50,50,dark-grass,1,,0,,overlay,legendary,"Meloetta, the Queen of Song, also highly enjoys the area, joining in with the vocal peformances given by the residents. Her sound lends her location, but it'll be a tricky place to find."
1002,,251,648,50,50,dark-grass,1,,0,,overlay,legendary,"Meloetta, the Queen of Song, also highly enjoys the area, joining in with the vocal peformances given by the residents. Her sound lends her location, but it'll be a tricky place to find."
1001,,23,421,,,grass,20,,0,,slot,,
1002,,23,421,,,grass,20,,0,,slot,,
1001,,23,415,,,grass,20,,0,,slot,,
1002,,23,415,,,grass,20,,0,,slot,,
1001,,23,191,,,grass,10,,0,,slot,,
1002,,23,191,,,grass,10,,0,,slot,,
1001,,23,127,,,grass,10,,0,,slot,,
1002,,23,127,,,grass,10,,0,,slot,,
1001,,23,214,,,grass,10,,0,,slot,,
1002,,23,214,,,grass,10,,0,,slot,,
1001,,23,123,,,grass,10,,0,,slot,,
1002,,23,123,,,grass,10,,0,,slot,,
1001,,23,78,,,grass,10,,0,,slot,,
1002,,23,78,,,grass,10,,0,,slot,,
1001,,23,523,,,grass,10,,0,,slot,,
1002,,23,523,,,grass,10,,0,,slot,,
1001,,23,520,,,dark-grass,40,,0,,slot,,
1002,,23,520,,,dark-grass,40,,0,,slot,,
1001,,23,12,,,dark-grass,10,,0,,slot,,
1002,,23,12,,,dark-grass,10,,0,,slot,,
1001,,23,15,,,dark-grass,10,,0,,slot,,
1002,,23,15,,,dark-grass,10,,0,,slot,,
1001,,23,267,,,dark-grass,10,,0,,slot,,
1002,,23,267,,,dark-grass,10,,0,,slot,,
1001,,23,269,,,dark-grass,10,,0,,slot,,
1002,,23,269,,,dark-grass,10,,0,,slot,,
1001,,23,541,,,dark-grass,10,,0,,slot,,
1002,,23,541,,,dark-grass,10,,0,,slot,,
1001,,23,544,,,dark-grass,10,,0,,slot,,
1002,,23,544,,,dark-grass,10,,0,,slot,,
1001,,23,587,,,grass-spots,95,,0,,slot,,
1002,,23,587,,,grass-spots,95,,0,,slot,,
1001,,23,192,,,grass-spots,5,,0,,slot,,
1002,,23,192,,,grass-spots,5,,0,,slot,,
1001,,23,416,,,grass-spots,5,,0,,slot,,
1002,,23,416,,,grass-spots,5,,0,,slot,,
1001,,36,359,,,grass,20,,0,,slot,,
1002,,36,359,,,grass,20,,0,,slot,,
1001,,36,426,,,grass,20,,0,,slot,,
1002,,36,426,,,grass,20,,0,,slot,,
1001,,36,277,,,grass,10,,0,,slot,,
1002,,36,277,,,grass,10,,0,,slot,,
1001,,36,337,,,grass,10,,0,,slot,,
1002,,36,337,,,grass,10,,0,,slot,,
1001,,36,338,,,grass,10,,0,,slot,,
1002,,36,338,,,grass,10,,0,,slot,,
1001,,36,413,,,grass,10,,0,,slot,,
1002,,36,413,,,grass,10,,0,,slot,,
1001,,36,414,,,grass,10,,0,,slot,,
1002,,36,414,,,grass,10,,0,,slot,,
1001,,36,279,,,grass,10,,0,,slot,,
1002,,36,279,,,grass,10,,0,,slot,,
1001,,36,42,,,dark-grass,20,,0,,slot,,
1002,,36,42,,,dark-grass,20,,0,,slot,,
1001,,36,114,,,dark-grass,20,,0,,slot,,
1002,,36,114,,,dark-grass,20,,0,,slot,,
1001,,36,33,,,dark-grass,10,,0,,slot,,
1002,,36,33,,,dark-grass,10,,0,,slot,,
1001,,36,30,,,dark-grass,10,,0,,slot,,
1002,,36,30,,,dark-grass,10,,0,,slot,,
1001,,36,193,,,dark-grass,10,,0,,slot,,
1002,,36,193,,,dark-grass,10,,0,,slot,,
1001,,36,44,,,dark-grass,10,,0,,slot,,
1002,,36,44,,,dark-grass,10,,0,,slot,,
1001,,36,70,,,dark-grass,10,,0,,slot,,
1002,,36,70,,,dark-grass,10,,0,,slot,,
1001,,36,188,,,dark-grass,10,,0,,slot,,
1002,,36,188,,,dark-grass,10,,0,,slot,,
1001,,36,531,,,grass-spots,80,,0,,slot,,
1002,,36,531,,,grass-spots,80,,0,,slot,,
1001,,36,465,,,grass-spots,5,,0,,slot,,
1002,,36,465,,,grass-spots,5,,0,,slot,,
1001,,36,169,,,grass-spots,5,,0,,slot,,
1002,,36,169,,,grass-spots,5,,0,,slot,,
1001,,36,34,,,grass-spots,5,,0,,slot,,
1002,,36,34,,,grass-spots,5,,0,,slot,,
1001,,36,31,,,grass-spots,5,,0,,slot,,
1002,,36,31,,,grass-spots,5,,0,,slot,,
1001,,36,279,,,surf,60,,0,,slot,,
1002,,36,279,,,surf,60,,0,,slot,,
1001,,36,222,,,surf,40,,0,,slot,,
1002,,36,222,,,surf,40,,0,,slot,,
1001,,36,73,,,surf-spots,60,,0,,slot,,
1002,,36,73,,,surf-spots,60,,0,,slot,,
1001,,36,121,,,surf-spots,30,,0,,slot,,
1002,,36,121,,,surf-spots,30,,0,,slot,,
1001,,36,230,,,surf-spots,10,,0,,slot,,
1002,,36,230,,,surf-spots,10,,0,,slot,,
1001,,36,90,,,fish,65,,0,,slot,,
1002,,36,90,,,fish,65,,0,,slot,,
1001,,36,98,,,fish,30,,0,,slot,,
1002,,36,98,,,fish,30,,0,,slot,,
1001,,36,370,,,fish,5,,0,,slot,,
1002,,36,370,,,fish,5,,0,,slot,,
1001,,36,90,,,fish-spots,60,,0,,slot,,
1002,,36,90,,,fish-spots,60,,0,,slot,,
1001,,36,370,,,fish-spots,30,,0,,slot,,
1002,,36,370,,,fish-spots,30,,0,,slot,,
1001,,36,99,,,fish-spots,5,,0,,slot,,
1002,,36,99,,,fish-spots,5,,0,,slot,,
1001,,36,91,,,fish-spots,5,,0,,slot,,
1002,,36,91,,,fish-spots,5,,0,,slot,,
1001,,36,249,70,70,surf-spots,1,,0,,overlay,legendary,"The sea is vast, and allows Lugia to spy on the humans it so dearly tries to protect. Of course, it'll not hesitate to fight if a gifted trainer comes along, looking for a challenge..."
1002,,36,249,70,70,surf-spots,1,,0,,overlay,legendary,"The sea is vast, and allows Lugia to spy on the humans it so dearly tries to protect. Of course, it'll not hesitate to fight if a gifted trainer comes along, looking for a challenge..."
1001,,271,359,,,grass,20,Outside Area,1,,slot,,
1002,,271,359,,,grass,20,Outside Area,1,,slot,,
1001,,271,426,,,grass,20,Outside Area,1,,slot,,
1002,,271,426,,,grass,20,Outside Area,1,,slot,,
1001,,271,277,,,grass,10,Outside Area,1,,slot,,
1002,,271,277,,,grass,10,Outside Area,1,,slot,,
1001,,271,337,,,grass,10,Outside Area,1,,slot,,
1002,,271,337,,,grass,10,Outside Area,1,,slot,,
1001,,271,338,,,grass,10,Outside Area,1,,slot,,
1002,,271,338,,,grass,10,Outside Area,1,,slot,,
1001,,271,413,,,grass,10,Outside Area,1,,slot,,
1002,,271,413,,,grass,10,Outside Area,1,,slot,,
1001,,271,414,,,grass,10,Outside Area,1,,slot,,
1002,,271,414,,,grass,10,Outside Area,1,,slot,,
1001,,271,279,,,grass,10,Outside Area,1,,slot,,
1002,,271,279,,,grass,10,Outside Area,1,,slot,,
1001,,271,42,,,dark-grass,20,Outside Area,1,,slot,,
1002,,271,42,,,dark-grass,20,Outside Area,1,,slot,,
1001,,271,114,,,dark-grass,20,Outside Area,1,,slot,,
1002,,271,114,,,dark-grass,20,Outside Area,1,,slot,,
1001,,271,33,,,dark-grass,10,Outside Area,1,,slot,,
1002,,271,33,,,dark-grass,10,Outside Area,1,,slot,,
1001,,271,30,,,dark-grass,10,Outside Area,1,,slot,,
1002,,271,30,,,dark-grass,10,Outside Area,1,,slot,,
1001,,271,193,,,dark-grass,10,Outside Area,1,,slot,,
1002,,271,193,,,dark-grass,10,Outside Area,1,,slot,,
1001,,271,44,,,dark-grass,10,Outside Area,1,,slot,,
1002,,271,44,,,dark-grass,10,Outside Area,1,,slot,,
1001,,271,70,,,dark-grass,10,Outside Area,1,,slot,,
1002,,271,70,,,dark-grass,10,Outside Area,1,,slot,,
1001,,271,188,,,dark-grass,10,Outside Area,1,,slot,,
1002,,271,188,,,dark-grass,10,Outside Area,1,,slot,,
1001,,271,531,,,grass-spots,80,Outside Area,1,,slot,,
1002,,271,531,,,grass-spots,80,Outside Area,1,,slot,,
1001,,271,465,,,grass-spots,5,Outside Area,1,,slot,,
1002,,271,465,,,grass-spots,5,Outside Area,1,,slot,,
1001,,271,169,,,grass-spots,5,Outside Area,1,,slot,,
1002,,271,169,,,grass-spots,5,Outside Area,1,,slot,,
1001,,271,34,,,grass-spots,5,Outside Area,1,,slot,,
1002,,271,34,,,grass-spots,5,Outside Area,1,,slot,,
1001,,271,31,,,grass-spots,5,Outside Area,1,,slot,,
1002,,271,31,,,grass-spots,5,Outside Area,1,,slot,,
1001,,271,386,70,70,dark-grass,1,Outside Area,1,,overlay,legendary,"With stories of the Giant Chasm formed from a meteor, it's not unlikely to imagine that Deoxys has made a settlement somewhere near. Perhaps you might encounter it while it searches for meteorite."
1002,,271,386,70,70,dark-grass,1,Outside Area,1,,overlay,legendary,"With stories of the Giant Chasm formed from a meteor, it's not unlikely to imagine that Deoxys has made a settlement somewhere near. Perhaps you might encounter it while it searches for meteorite."
1001,,271,527,,,cave,20,Inside Cave,2,,slot,,
1002,,271,527,,,cave,20,Inside Cave,2,,slot,,
1001,,271,124,,,cave,20,Inside Cave,2,,slot,,
1002,,271,124,,,cave,20,Inside Cave,2,,slot,,
1001,,271,362,,,cave,10,Inside Cave,2,,slot,,
1002,,271,362,,,cave,10,Inside Cave,2,,slot,,
1001,,271,614,,,cave,10,Inside Cave,2,,slot,,
1002,,271,614,,,cave,10,Inside Cave,2,,slot,,
1001,,271,80,,,cave,10,Inside Cave,2,,slot,,
1002,,271,80,,,cave,10,Inside Cave,2,,slot,,
1001,,271,221,,,cave,10,Inside Cave,2,,slot,,
1002,,271,221,,,cave,10,Inside Cave,2,,slot,,
1001,,271,75,,,cave,10,Inside Cave,2,,slot,,
1002,,271,75,,,cave,10,Inside Cave,2,,slot,,
1001,,271,525,,,cave,10,Inside Cave,2,,slot,,
1002,,271,525,,,cave,10,Inside Cave,2,,slot,,
1001,,271,530,,,cave-spots,100,Inside Cave,2,,slot,,
1002,,271,530,,,cave-spots,100,Inside Cave,2,,slot,,
1001,,271,86,,,surf,60,Inside Cave,2,,slot,,
1002,,271,86,,,surf,60,Inside Cave,2,,slot,,
1001,,271,87,,,surf,40,Inside Cave,2,,slot,,
1002,,271,87,,,surf,40,Inside Cave,2,,slot,,
1001,,271,365,,,surf-spots,100,Inside Cave,2,,slot,,
1002,,271,365,,,surf-spots,100,Inside Cave,2,,slot,,
1001,,271,60,,,fish,65,Inside Cave,2,,slot,,
1002,,271,60,,,fish,65,Inside Cave,2,,slot,,
1001,,271,550,,,fish,30,Inside Cave,2,,slot,,
1002,,271,550,,,fish,30,Inside Cave,2,,slot,,
1001,,271,61,,,fish,5,Inside Cave,2,,slot,,
1002,,271,61,,,fish,5,Inside Cave,2,,slot,,
1001,,271,61,,,fish-spots,65,Inside Cave,2,,slot,,
1002,,271,61,,,fish-spots,65,Inside Cave,2,,slot,,
1001,,271,550,,,fish-spots,30,Inside Cave,2,,slot,,
1002,,271,550,,,fish-spots,30,Inside Cave,2,,slot,,
1001,,271,62,,,fish-spots,5,Inside Cave,2,,slot,,
1002,,271,62,,,fish-spots,5,Inside Cave,2,,slot,,
1001,,271,483,70,70,cave,1,Inside Cave,2,,overlay,legendary,"The Giant Chasm, ruled by Kyurem, is sometimes rumoured to also be related to the powers of time. Dialga's visits to this place mean you might just find it, or perhaps its counterpart, Palkia."
1002,,271,483,70,70,cave,1,Inside Cave,2,,overlay,legendary,"The Giant Chasm, ruled by Kyurem, is sometimes rumoured to also be related to the powers of time. Dialga's visits to this place mean you might just find it, or perhaps its counterpart, Palkia."
1001,,271,484,70,70,cave,1,Inside Cave,2,,overlay,legendary,"Equally, the distortions in space mean Palkia has taken residence in this unknown area of the world."
1002,,271,484,70,70,cave,1,Inside Cave,2,,overlay,legendary,"Equally, the distortions in space mean Palkia has taken residence in this unknown area of the world."
1001,,271,35,,,grass,20,Inside Plains,3,,slot,,
1002,,271,35,,,grass,20,Inside Plains,3,,slot,,
1001,,271,39,,,grass,20,Inside Plains,3,,slot,,
1002,,271,39,,,grass,20,Inside Plains,3,,slot,,
1001,,271,300,,,grass,10,Inside Plains,3,,slot,,
1002,,271,300,,,grass,10,Inside Plains,3,,slot,,
1001,,271,215,,,grass,10,Inside Plains,3,,slot,,
1002,,271,215,,,grass,10,Inside Plains,3,,slot,,
1001,,271,375,,,grass,10,Inside Plains,3,,slot,,
1002,,271,375,,,grass,10,Inside Plains,3,,slot,,
1001,,271,583,,,grass,10,Inside Plains,3,,slot,,
1002,,271,583,,,grass,10,Inside Plains,3,,slot,,
1001,,271,42,,,grass,10,Inside Plains,3,,slot,,
1002,,271,42,,,grass,10,Inside Plains,3,,slot,,
1001,,271,137,,,grass,10,Inside Plains,3,,slot,,
1002,,271,137,,,grass,10,Inside Plains,3,,slot,,
1001,,271,221,,,dark-grass,20,Inside Plains,3,,slot,,
1002,,271,221,,,dark-grass,20,Inside Plains,3,,slot,,
1001,,271,460,,,dark-grass,20,Inside Plains,3,,slot,,
1002,,271,460,,,dark-grass,20,Inside Plains,3,,slot,,
1001,,271,626,,,dark-grass,10,Inside Plains,3,,slot,,
1002,,271,626,,,dark-grass,10,Inside Plains,3,,slot,,
1001,,271,338,,,dark-grass,10,Inside Plains,3,,slot,,
1002,,271,338,,,dark-grass,10,Inside Plains,3,,slot,,
1001,,271,337,,,dark-grass,10,Inside Plains,3,,slot,,
1002,,271,337,,,dark-grass,10,Inside Plains,3,,slot,,
1001,,271,188,,,dark-grass,10,Inside Plains,3,,slot,,
1002,,271,188,,,dark-grass,10,Inside Plains,3,,slot,,
1001,,271,375,,,dark-grass,10,Inside Plains,3,,slot,,
1002,,271,375,,,dark-grass,10,Inside Plains,3,,slot,,
1001,,271,132,,,dark-grass,10,Inside Plains,3,,slot,,
1002,,271,132,,,dark-grass,10,Inside Plains,3,,slot,,
1001,,271,531,,,grass-spots,80,Inside Plains,3,,slot,,
1002,,271,531,,,grass-spots,80,Inside Plains,3,,slot,,
1001,,271,36,,,grass-spots,5,Inside Plains,3,,slot,,
1002,,271,36,,,grass-spots,5,Inside Plains,3,,slot,,
1001,,271,40,,,grass-spots,5,Inside Plains,3,,slot,,
1002,,271,40,,,grass-spots,5,Inside Plains,3,,slot,,
1001,,271,473,,,grass-spots,5,Inside Plains,3,,slot,,
1002,,271,473,,,grass-spots,5,Inside Plains,3,,slot,,
1001,,271,376,,,grass-spots,5,Inside Plains,3,,slot,,
1002,,271,376,,,grass-spots,5,Inside Plains,3,,slot,,
1001,,271,487,70,70,dark-grass,1,Inside Plains,3,,overlay,legendary,"Giratina, the third dragon of Sinnoh, also makes an appearance. Though he intends to see the Celestial Tower, the Giant Chasm is an ideal place for rest."
1002,,271,487,70,70,dark-grass,1,Inside Plains,3,,overlay,legendary,"Giratina, the third dragon of Sinnoh, also makes an appearance. Though he intends to see the Celestial Tower, the Giant Chasm is an ideal place for rest."
1002,,271,643,70,70,dark-grass,1,Inside Plains,3,,overlay,legendary,"The remaining Tao dragon also appears, having split off from N and returning to greet the third member of its trio. You might be able to find it, if you're lucky..."
1001,,271,644,70,70,dark-grass,1,Inside Plains,3,,overlay,legendary,"The remaining Tao dragon also appears, having split off from N and returning to greet the third member of its trio. You might be able to find it, if you're lucky..."
1001,,271,646,75,75,static,,Rear Cave,4,,static,legendary,
1002,,271,646,75,75,static,,Rear Cave,4,,static,legendary,
1001,,252,370,,,surf,60,,0,,slot,,
1002,,252,370,,,surf,60,,0,,slot,,
1001,,252,222,,,surf,40,,0,,slot,,
1002,,252,222,,,surf,40,,0,,slot,,
1001,,252,594,,,surf-spots,100,,0,,slot,,
1002,,252,594,,,surf-spots,100,,0,,slot,,
1001,,252,223,,,fish,65,,0,,slot,,
1002,,252,223,,,fish,65,,0,,slot,,
1001,,252,90,,,fish,30,,0,,slot,,
1002,,252,90,,,fish,30,,0,,slot,,
1001,,252,370,,,fish,5,,0,,slot,,
1002,,252,370,,,fish,5,,0,,slot,,
1001,,252,90,,,fish-spots,60,,0,,slot,,
1002,,252,90,,,fish-spots,60,,0,,slot,,
1001,,252,370,,,fish-spots,30,,0,,slot,,
1002,,252,370,,,fish-spots,30,,0,,slot,,
1001,,252,224,,,fish-spots,5,,0,,slot,,
1002,,252,224,,,fish-spots,5,,0,,slot,,
1001,,252,91,,,fish-spots,5,,0,,slot,,
1002,,252,91,,,fish-spots,5,,0,,slot,,
1001,,259,458,,,surf,60,,0,,slot,,
1002,,259,458,,,surf,60,,0,,slot,,
1001,,259,320,,,surf,40,,0,,slot,,
1002,,259,320,,,surf,40,,0,,slot,,
1001,,259,226,,,surf-spots,60,,0,,slot,,
1002,,259,226,,,surf-spots,60,,0,,slot,,
1001,,259,321,,,surf-spots,40,,0,,slot,,
1002,,259,321,,,surf-spots,40,,0,,slot,,
1001,,259,223,,,fish,65,,0,,slot,,
1002,,259,223,,,fish,65,,0,,slot,,
1001,,259,90,,,fish,30,,0,,slot,,
1002,,259,90,,,fish,30,,0,,slot,,
1001,,259,370,,,fish,5,,0,,slot,,
1002,,259,370,,,fish,5,,0,,slot,,
1001,,259,90,,,fish-spots,60,,0,,slot,,
1002,,259,90,,,fish-spots,60,,0,,slot,,
1001,,259,370,,,fish-spots,30,,0,,slot,,
1002,,259,370,,,fish-spots,30,,0,,slot,,
1001,,259,224,,,fish-spots,5,,0,,slot,,
1002,,259,224,,,fish-spots,5,,0,,slot,,
1001,,259,91,,,fish-spots,5,,0,,slot,,
1002,,259,91,,,fish-spots,5,,0,,slot,,
1001,,259,382,70,70,surf-spots,1,,0,season:summer,overlay,legendary,"The vast waters of the Undella Bay are perfect for Kyogre, who awakens only once in the four-season period. The hot temperatures of Summer might lead a lucky - or doomed - trainer to find this beast."
1002,,259,382,70,70,surf-spots,1,,0,season:summer,overlay,legendary,"The vast waters of the Undella Bay are perfect for Kyogre, who awakens only once in the four-season period. The hot temperatures of Summer might lead a lucky - or doomed - trainer to find this beast."
1001,,35,575,,,grass,20,,0,,slot,,
1002,,35,575,,,grass,20,,0,,slot,,
1001,,35,578,,,grass,20,,0,,slot,,
1002,,35,578,,,grass,20,,0,,slot,,
1001,,35,281,,,grass,10,,0,,slot,,
1002,,35,281,,,grass,10,,0,,slot,,
1001,,35,271,,,grass,10,,0,,slot,,
1002,,35,271,,,grass,10,,0,,slot,,
1001,,35,213,,,grass,10,,0,,slot,,
1002,,35,213,,,grass,10,,0,,slot,,
1001,,35,404,,,grass,10,,0,,slot,,
1002,,35,404,,,grass,10,,0,,slot,,
1001,,35,455,,,grass,10,,0,,slot,,
1002,,35,455,,,grass,10,,0,,slot,,
1001,,35,188,,,grass,10,,0,,slot,,
1002,,35,188,,,grass,10,,0,,slot,,
1001,,35,334,,,dark-grass,20,,0,,slot,,
1002,,35,334,,,dark-grass,20,,0,,slot,,
1001,,35,620,,,dark-grass,20,,0,,slot,,
1002,,35,620,,,dark-grass,20,,0,,slot,,
1001,,35,606,,,dark-grass,10,,0,,slot,,
1002,,35,606,,,dark-grass,10,,0,,slot,,
1001,,35,326,,,dark-grass,10,,0,,slot,,
1002,,35,326,,,dark-grass,10,,0,,slot,,
1001,,35,426,,,dark-grass,10,,0,,slot,,
1002,,35,426,,,dark-grass,10,,0,,slot,,
1001,,35,286,,,dark-grass,10,,0,,slot,,
1002,,35,286,,,dark-grass,10,,0,,slot,,
1001,,35,357,,,dark-grass,10,,0,,slot,,
1002,,35,357,,,dark-grass,10,,0,,slot,,
1001,,35,596,,,dark-grass,10,,0,,slot,,
1002,,35,596,,,dark-grass,10,,0,,slot,,
1001,,35,113,,,grass-spots,75,,0,,slot,,
1002,,35,113,,,grass-spots,75,,0,,slot,,
1001,,35,242,,,grass-spots,25,,0,,slot,,
1002,,35,242,,,grass-spots,25,,0,,slot,,
1001,,35,119,,,surf,60,,0,,slot,,
1002,,35,119,,,surf,60,,0,,slot,,
1001,,35,457,,,surf,40,,0,,slot,,
1002,,35,457,,,surf,40,,0,,slot,,
1001,,35,186,,,surf-spots,60,,0,,slot,,
1002,,35,186,,,surf-spots,60,,0,,slot,,
1001,,35,350,,,surf-spots,40,,0,,slot,,
1002,,35,350,,,surf-spots,40,,0,,slot,,
1001,,35,118,,,fish,70,,0,,slot,,
1002,,35,118,,,fish,70,,0,,slot,,
1001,,35,550,,,fish,30,,0,,slot,,
1002,,35,550,,,fish,30,,0,,slot,,
1001,,35,118,,,fish-spots,60,,0,,slot,,
1002,,35,118,,,fish-spots,60,,0,,slot,,
1001,,35,550,,,fish-spots,30,,0,,slot,,
1002,,35,550,,,fish-spots,30,,0,,slot,,
1001,,35,119,,,fish-spots,10,,0,,slot,,
1002,,35,119,,,fish-spots,10,,0,,slot,,
1001,,253,358,,,grass,20,,0,,slot,,
1002,,253,358,,,grass,20,,0,,slot,,
1001,,253,37,,,grass,20,,0,,slot,,
1002,,253,37,,,grass,20,,0,,slot,,
1001,,253,58,,,grass,10,,0,,slot,,
1002,,253,58,,,grass,10,,0,,slot,,
1001,,253,546,,,grass,10,,0,,slot,,
1002,,253,546,,,grass,10,,0,,slot,,
1001,,253,548,,,grass,10,,0,,slot,,
1002,,253,548,,,grass,10,,0,,slot,,
1001,,253,436,,,grass,10,,0,,slot,,
1002,,253,436,,,grass,10,,0,,slot,,
1001,,253,198,,,grass,10,,0,,slot,,
1002,,253,198,,,grass,10,,0,,slot,,
1001,,253,200,,,grass,10,,0,,slot,,
1002,,253,200,,,grass,10,,0,,slot,,
1001,,253,133,,,dark-grass,20,,0,,slot,,
1002,,253,133,,,dark-grass,20,,0,,slot,,
1001,,253,437,,,dark-grass,20,,0,,slot,,
1002,,253,437,,,dark-grass,20,,0,,slot,,
1001,,253,203,,,dark-grass,10,,0,,slot,,
1002,,253,203,,,dark-grass,10,,0,,slot,,
1001,,253,234,,,dark-grass,10,,0,,slot,,
1002,,253,234,,,dark-grass,10,,0,,slot,,
1001,,253,97,,,dark-grass,10,,0,,slot,,
1002,,253,97,,,dark-grass,10,,0,,slot,,
1001,,253,262,,,dark-grass,10,,0,,slot,,
1002,,253,262,,,dark-grass,10,,0,,slot,,
1001,,253,122,,,dark-grass,10,,0,,slot,,
1002,,253,122,,,dark-grass,10,,0,,slot,,
1001,,253,185,,,dark-grass,10,,0,,slot,,
1002,,253,185,,,dark-grass,10,,0,,slot,,
1001,,253,531,,,grass-spots,70,,0,,slot,,
1002,,253,531,,,grass-spots,70,,0,,slot,,
1001,,253,587,,,grass-spots,10,,0,,slot,,
1002,,253,587,,,grass-spots,10,,0,,slot,,
1001,,253,59,,,grass-spots,5,,0,,slot,,
1002,,253,59,,,grass-spots,5,,0,,slot,,
1001,,253,38,,,grass-spots,5,,0,,slot,,
1002,,253,38,,,grass-spots,5,,0,,slot,,
1001,,253,547,,,grass-spots,5,,0,,slot,,
1002,,253,547,,,grass-spots,5,,0,,slot,,
1001,,253,549,,,grass-spots,5,,0,,slot,,
1002,,253,549,,,grass-spots,5,,0,,slot,,
1001,,253,79,,,surf,100,,0,,slot,,
1002,,253,79,,,surf,100,,0,,slot,,
1001,,253,199,,,surf-spots,60,,0,,slot,,
1002,,253,199,,,surf-spots,60,,0,,slot,,
1001,,253,80,,,surf-spots,40,,0,,slot,,
1002,,253,80,,,surf-spots,40,,0,,slot,,
1001,,253,118,,,fish,70,,0,,slot,,
1002,,253,118,,,fish,70,,0,,slot,,
1001,,253,550,,,fish,30,,0,,slot,,
1002,,253,550,,,fish,30,,0,,slot,,
1001,,253,118,,,fish-spots,60,,0,,slot,,
1002,,253,118,,,fish-spots,60,,0,,slot,,
1001,,253,550,,,fish-spots,30,,0,,slot,,
1002,,253,550,,,fish-spots,30,,0,,slot,,
1001,,253,119,,,fish-spots,10,,0,,slot,,
1002,,253,119,,,fish-spots,10,,0,,slot,,
1001,,253,250,70,70,grass-spots,1,,0,,overlay,legendary,"Ho-oh sometimes visits the shrine as a peace offering from Johto. Legendaries have culture too, you know! If you're lucky, you might catch a glimpse of it."
1002,,253,250,70,70,grass-spots,1,,0,,overlay,legendary,"Ho-oh sometimes visits the shrine as a peace offering from Johto. Legendaries have culture too, you know! If you're lucky, you might catch a glimpse of it."
1001,,253,645,75,75,static,,,0,,static,legendary,
1002,,253,645,75,75,static,,,0,,static,legendary,
1001,,34,538,,,grass,20,,0,,slot,,
1002,,34,538,,,grass,20,,0,,slot,,
1001,,34,539,,,grass,20,,0,,slot,,
1002,,34,539,,,grass,20,,0,,slot,,
1001,,34,236,,,grass,10,,0,,slot,,
1002,,34,236,,,grass,10,,0,,slot,,
1001,,34,75,,,grass,10,,0,,slot,,
1002,,34,75,,,grass,10,,0,,slot,,
1001,,34,444,,,grass,10,,0,,slot,,
1002,,34,444,,,grass,10,,0,,slot,,
1001,,34,247,,,grass,10,,0,,slot,,
1002,,34,247,,,grass,10,,0,,slot,,
1001,,34,115,,,grass,10,,0,,slot,,
1002,,34,115,,,grass,10,,0,,slot,,
1001,,34,105,,,grass,10,,0,,slot,,
1002,,34,105,,,grass,10,,0,,slot,,
1001,,34,67,,,dark-grass,20,,0,,slot,,
1002,,34,67,,,dark-grass,20,,0,,slot,,
1001,,34,533,,,dark-grass,20,,0,,slot,,
1002,,34,533,,,dark-grass,20,,0,,slot,,
1001,,34,247,,,dark-grass,10,,0,,slot,,
1002,,34,247,,,dark-grass,10,,0,,slot,,
1001,,34,207,,,dark-grass,10,,0,,slot,,
1002,,34,207,,,dark-grass,10,,0,,slot,,
1001,,34,115,,,dark-grass,10,,0,,slot,,
1002,,34,115,,,dark-grass,10,,0,,slot,,
1001,,34,232,,,dark-grass,10,,0,,slot,,
1002,,34,232,,,dark-grass,10,,0,,slot,,
1001,,34,217,,,dark-grass,10,,0,,slot,,
1002,,34,217,,,dark-grass,10,,0,,slot,,
1001,,34,105,,,dark-grass,10,,0,,slot,,
1002,,34,105,,,dark-grass,10,,0,,slot,,
1001,,34,531,,,grass-spots,70,,0,,slot,,
1002,,34,531,,,grass-spots,70,,0,,slot,,
1001,,34,587,,,grass-spots,10,,0,,slot,,
1002,,34,587,,,grass-spots,10,,0,,slot,,
1001,,34,248,,,grass-spots,5,,0,,slot,,
1002,,34,248,,,grass-spots,5,,0,,slot,,
1001,,34,472,,,grass-spots,5,,0,,slot,,
1002,,34,472,,,grass-spots,5,,0,,slot,,
1001,,34,68,,,grass-spots,5,,0,,slot,,
1002,,34,68,,,grass-spots,5,,0,,slot,,
1001,,34,534,,,grass-spots,5,,0,,slot,,
1002,,34,534,,,grass-spots,5,,0,,slot,,
1001,,34,383,70,70,dark-grass,1,,0,,overlay,legendary,"With the lack of volcanoes in Unova there isn't much for Groudon to enjoy, but the mountainous terrain of Route 15 gives it at least some solace. Perhaps you'll find it after shifting you a sea of various Rock, Ground, Normal and Fighting Pokémon. If you're lucky."
1002,,34,383,70,70,dark-grass,1,,0,,overlay,legendary,"With the lack of volcanoes in Unova there isn't much for Groudon to enjoy, but the mountainous terrain of Route 15 gives it at least some solace. Perhaps you'll find it after shifting you a sea of various Rock, Ground, Normal and Fighting Pokémon. If you're lucky."
1001,,255,581,,,bridge-spots,20,,0,,slot,,
1002,,255,581,,,bridge-spots,20,,0,,slot,,
1001,,255,279,,,bridge-spots,20,,0,,slot,,
1002,,255,279,,,bridge-spots,20,,0,,slot,,
1001,,255,334,,,bridge-spots,20,,0,,slot,,
1002,,255,334,,,bridge-spots,20,,0,,slot,,
1001,,255,22,,,bridge-spots,20,,0,,slot,,
1002,,255,22,,,bridge-spots,20,,0,,slot,,
1001,,255,188,,,bridge-spots,20,,0,,slot,,
1002,,255,188,,,bridge-spots,20,,0,,slot,,
1001,,255,384,70,70,bridge-spots,1,,0,,overlay,legendary,"At the altitude of the Wonder Bridge, it isn't all that uncommon to see Rayquaza flying by. Well, it is, but regardless it needs to keep an eye on Kyogre and Groudon. Perhaps if a trainer looks straight up at the sky, they may just be lucky enough to see it..."
1002,,255,384,70,70,bridge-spots,1,,0,,overlay,legendary,"At the altitude of the Wonder Bridge, it isn't all that uncommon to see Rayquaza flying by. Well, it is, but regardless it needs to keep an eye on Kyogre and Groudon. Perhaps if a trainer looks straight up at the sky, they may just be lucky enough to see it..."
1001,,495,303,,,cave,20,1F,1,,slot,,
1002,,495,303,,,cave,20,1F,1,,slot,,
1001,,495,302,,,cave,20,1F,1,,slot,,
1002,,495,302,,,cave,20,1F,1,,slot,,
1001,,495,108,,,cave,10,1F,1,,slot,,
1002,,495,108,,,cave,10,1F,1,,slot,,
1001,,495,75,,,cave,10,1F,1,,slot,,
1002,,495,75,,,cave,10,1F,1,,slot,,
1001,,495,527,,,cave,10,1F,1,,slot,,
1002,,495,527,,,cave,10,1F,1,,slot,,
1001,,495,525,,,cave,10,1F,1,,slot,,
1002,,495,525,,,cave,10,1F,1,,slot,,
1001,,495,105,,,cave,10,1F,1,,slot,,
1002,,495,105,,,cave,10,1F,1,,slot,,
1001,,495,297,,,cave,10,1F,1,,slot,,
1002,,495,297,,,cave,10,1F,1,,slot,,
1001,,495,530,,,cave-spots,50,1F,1,,slot,,
1002,,495,530,,,cave-spots,50,1F,1,,slot,,
1001,,495,51,,,cave-spots,50,1F,1,,slot,,
1002,,495,51,,,cave-spots,50,1F,1,,slot,,
1001,,495,649,75,75,cave,1,1F,1,,overlay,legendary,"Though previously seen in the hands of Ghetsis, the artificial Genesect now appears in the top floors of the looming Challenger's Cave. The threats below keep it from descending, but this insect might just drop on your head. It won't be pretty."
1002,,495,649,75,75,cave,1,1F,1,,overlay,legendary,"Though previously seen in the hands of Ghetsis, the artificial Genesect now appears in the top floors of the looming Challenger's Cave. The threats below keep it from descending, but this insect might just drop on your head. It won't be pretty."
1001,,495,303,,,cave,20,B1F,2,,slot,,
1002,,495,303,,,cave,20,B1F,2,,slot,,
1001,,495,302,,,cave,20,B1F,2,,slot,,
1002,,495,302,,,cave,20,B1F,2,,slot,,
1001,,495,82,,,cave,10,B1F,2,,slot,,
1002,,495,82,,,cave,10,B1F,2,,slot,,
1001,,495,42,,,cave,10,B1F,2,,slot,,
1002,,495,42,,,cave,10,B1F,2,,slot,,
1001,,495,202,,,cave,10,B1F,2,,slot,,
1002,,495,202,,,cave,10,B1F,2,,slot,,
1001,,495,47,,,cave,10,B1F,2,,slot,,
1002,,495,47,,,cave,10,B1F,2,,slot,,
1001,,495,105,,,cave,10,B1F,2,,slot,,
1002,,495,105,,,cave,10,B1F,2,,slot,,
1001,,495,101,,,cave,10,B1F,2,,slot,,
1002,,495,101,,,cave,10,B1F,2,,slot,,
1001,,495,530,,,cave-spots,50,B1F,2,,slot,,
1002,,495,530,,,cave-spots,50,B1F,2,,slot,,
1001,,495,51,,,cave-spots,50,B1F,2,,slot,,
1002,,495,51,,,cave-spots,50,B1F,2,,slot,,
1001,,495,150,75,75,cave,1,B1F,2,,overlay,legendary,"Mewtwo returns in a post League cave once more. Challenger's Cave is a lot like Cerulean's Cave, but a certain Pokémon God stopped him getting into the real bottom floor. Still, the dark and damp is enough to make it feel like home."
1002,,495,150,75,75,cave,1,B1F,2,,overlay,legendary,"Mewtwo returns in a post League cave once more. Challenger's Cave is a lot like Cerulean's Cave, but a certain Pokémon God stopped him getting into the real bottom floor. Still, the dark and damp is enough to make it feel like home."
1001,,495,491,70,70,cave,1,B1F,2,,overlay,legendary,"The dark, mid-depths of the Challenger's Cave are also of intrigue to Darkrai, who loves the darkness and occasionally likes to taunt the people of Icirrus City and Opelucid City with nightmares. But you don't need to hear about that."
1002,,495,491,70,70,cave,1,B1F,2,,overlay,legendary,"The dark, mid-depths of the Challenger's Cave are also of intrigue to Darkrai, who loves the darkness and occasionally likes to taunt the people of Icirrus City and Opelucid City with nightmares. But you don't need to hear about that."
1001,,495,303,,,cave,20,B2F,3,,slot,,
1002,,495,303,,,cave,20,B2F,3,,slot,,
1001,,495,302,,,cave,20,B2F,3,,slot,,
1002,,495,302,,,cave,20,B2F,3,,slot,,
1001,,495,64,,,cave,10,B2F,3,,slot,,
1002,,495,64,,,cave,10,B2F,3,,slot,,
1001,,495,42,,,cave,10,B2F,3,,slot,,
1002,,495,42,,,cave,10,B2F,3,,slot,,
1001,,495,634,,,cave,10,B2F,3,,slot,,
1002,,495,634,,,cave,10,B2F,3,,slot,,
1001,,495,308,,,cave,10,B2F,3,,slot,,
1002,,495,308,,,cave,10,B2F,3,,slot,,
1001,,495,217,,,cave,10,B2F,3,,slot,,
1002,,495,217,,,cave,10,B2F,3,,slot,,
1001,,495,232,,,cave,10,B2F,3,,slot,,
1002,,495,232,,,cave,10,B2F,3,,slot,,
1001,,495,530,,,cave-spots,50,B2F,3,,slot,,
1002,,495,530,,,cave-spots,50,B2F,3,,slot,,
1001,,495,51,,,cave-spots,50,B2F,3,,slot,,
1002,,495,51,,,cave-spots,50,B2F,3,,slot,,
1001,,495,54,,,surf,90,B2F,3,,slot,,
1002,,495,54,,,surf,90,B2F,3,,slot,,
1001,,495,72,,,surf,10,B2F,3,,slot,,
1002,,495,72,,,surf,10,B2F,3,,slot,,
1001,,495,73,,,surf-spots,60,B2F,3,,slot,,
1002,,495,73,,,surf-spots,60,B2F,3,,slot,,
1001,,495,55,,,surf-spots,30,B2F,3,,slot,,
1002,,495,55,,,surf-spots,30,B2F,3,,slot,,
1001,,495,121,,,surf-spots,10,B2F,3,,slot,,
1002,,495,121,,,surf-spots,10,B2F,3,,slot,,
1001,,495,118,,,fish,90,B2F,3,,slot,,
1002,,495,118,,,fish,90,B2F,3,,slot,,
1001,,495,61,,,fish,10,B2F,3,,slot,,
1002,,495,61,,,fish,10,B2F,3,,slot,,
1001,,495,119,,,fish-spots,60,B2F,3,,slot,,
1002,,495,119,,,fish-spots,60,B2F,3,,slot,,
1001,,495,130,,,fish-spots,30,B2F,3,,slot,,
1002,,495,130,,,fish-spots,30,B2F,3,,slot,,
1001,,495,62,,,fish-spots,5,B2F,3,,slot,,
1002,,495,62,,,fish-spots,5,B2F,3,,slot,,
1001,,495,186,,,fish-spots,5,B2F,3,,slot,,
1002,,495,186,,,fish-spots,5,B2F,3,,slot,,
1001,,495,493,80,80,cave,1,B2F,3,,overlay,legendary,"Only those who reach the very bottom of the most challenging cave in Unova are able to have a chance of seeing the god of all Pokemon. Should you be lucky to come in contact with it, don't underestimate its power."
1002,,495,493,80,80,cave,1,B2F,3,,overlay,legendary,"Only those who reach the very bottom of the most challenging cave in Unova are able to have a chance of seeing the god of all Pokemon. Should you be lucky to come in contact with it, don't underestimate its power."
