species_id,move_id,learn_method,learn_level,version_group_id
1,33,level-up,1,1001
1,45,level-up,3,1001
1,73,level-up,7,1001
1,22,level-up,9,1001
1,77,level-up,13,1001
1,79,level-up,13,1001
1,36,level-up,15,1001
1,75,level-up,19,1001
1,230,level-up,21,1001
1,74,level-up,25,1001
1,38,level-up,27,1001
1,267,level-up,29,1001
1,388,level-up,31,1001
1,235,level-up,33,1001
1,402,level-up,37,1001
1,438,level-up,41,1001
2,33,level-up,1,1001
2,45,level-up,1,1001
2,73,level-up,1,1001
2,22,level-up,9,1001
2,77,level-up,13,1001
2,79,level-up,13,1001
2,36,level-up,15,1001
2,75,level-up,20,1001
2,230,level-up,23,1001
2,74,level-up,28,1001
2,38,level-up,31,1001
2,267,level-up,33,1001
2,388,level-up,36,1001
2,235,level-up,39,1001
2,76,level-up,44,1001
2,438,level-up,49,1001
2,437,level-up,53,1001
3,22,level-up,1,1001
3,33,level-up,1,1001
3,45,level-up,1,1001
3,73,level-up,1,1001
3,246,level-up,1,1001
3,77,level-up,13,1001
3,79,level-up,13,1001
3,36,level-up,15,1001
3,75,level-up,20,1001
3,230,level-up,23,1001
3,74,level-up,28,1001
3,38,level-up,31,1001
3,80,level-up,32,1001
3,267,level-up,36,1001
3,388,level-up,39,1001
3,235,level-up,45,1001
3,76,level-up,53,1001
3,438,level-up,57,1001
3,437,level-up,63,1001
4,10,level-up,1,1001
4,45,level-up,1,1001
4,52,level-up,7,1001
4,108,level-up,10,1001
4,82,level-up,16,1001
4,184,level-up,19,1001
4,424,level-up,25,1001
4,481,level-up,28,1001
4,163,level-up,34,1001
4,53,level-up,37,1001
4,83,level-up,43,1001
4,517,level-up,46,1001
4,187,level-up,50,1001
5,10,level-up,1,1001
5,45,level-up,1,1001
5,52,level-up,1,1001
5,108,level-up,10,1001
5,82,level-up,17,1001
5,184,level-up,21,1001
5,424,level-up,28,1001
5,481,level-up,32,1001
5,163,level-up,39,1001
5,53,level-up,43,1001
5,83,level-up,50,1001
5,517,level-up,54,1001
5,187,level-up,61,1001
6,10,level-up,1,1001
6,45,level-up,1,1001
6,52,level-up,1,1001
6,108,level-up,1,1001
6,242,level-up,1,1001
6,337,level-up,1,1001
6,403,level-up,1,1001
6,421,level-up,1,1001
6,82,level-up,17,1001
6,184,level-up,21,1001
6,424,level-up,28,1001
6,481,level-up,32,1001
6,17,level-up,36,1001
6,406,level-up,41,1001
6,53,level-up,47,1001
6,349,level-up,56,1001
6,517,level-up,61,1001
6,200,level-up,66,1001
6,257,level-up,71,1001
6,394,level-up,77,1001
6,187,level-up,83,1001
7,33,level-up,1,1001
7,39,level-up,4,1001
7,145,level-up,7,1001
7,110,level-up,10,1001
7,55,level-up,13,1001
7,44,level-up,16,1001
7,229,level-up,19,1001
7,182,level-up,22,1001
7,352,level-up,25,1001
7,401,level-up,28,1001
7,130,level-up,31,1001
7,428,level-up,31,1001
7,334,level-up,34,1001
7,240,level-up,37,1001
7,56,level-up,40,1001
7,323,level-up,43,1001
7,504,level-up,46,1001
8,33,level-up,1,1001
8,39,level-up,1,1001
8,145,level-up,1,1001
8,110,level-up,10,1001
8,55,level-up,13,1001
8,44,level-up,16,1001
8,453,level-up,16,1001
8,229,level-up,20,1001
8,182,level-up,24,1001
8,352,level-up,28,1001
8,401,level-up,32,1001
8,130,level-up,36,1001
8,428,level-up,36,1001
8,334,level-up,40,1001
8,240,level-up,44,1001
8,56,level-up,48,1001
8,323,level-up,52,1001
8,504,level-up,56,1001
9,33,level-up,1,1001
9,39,level-up,1,1001
9,110,level-up,1,1001
9,145,level-up,1,1001
9,192,level-up,1,1001
9,430,level-up,1,1001
9,55,level-up,13,1001
9,44,level-up,16,1001
9,453,level-up,16,1001
9,229,level-up,20,1001
9,182,level-up,24,1001
9,352,level-up,28,1001
9,401,level-up,32,1001
9,130,level-up,39,1001
9,428,level-up,39,1001
9,334,level-up,46,1001
9,240,level-up,53,1001
9,56,level-up,60,1001
9,323,level-up,67,1001
9,504,level-up,74,1001
10,33,level-up,1,1001
10,81,level-up,1,1001
10,173,level-up,1,1001
10,450,level-up,1,1001
10,522,level-up,6,1001
12,93,level-up,1,1001
12,522,level-up,1,1001
12,314,level-up,10,1001
12,77,level-up,12,1001
12,78,level-up,12,1001
12,79,level-up,12,1001
12,16,level-up,16,1001
12,48,level-up,18,1001
12,18,level-up,22,1001
12,60,level-up,24,1001
12,202,level-up,26,1001
12,318,level-up,28,1001
12,366,level-up,30,1001
12,403,level-up,32,1001
12,476,level-up,34,1001
12,219,level-up,36,1001
12,355,level-up,38,1001
12,445,level-up,40,1001
12,405,level-up,42,1001
12,483,level-up,46,1001
12,226,level-up,50,1001
13,40,level-up,1,1001
13,81,level-up,1,1001
13,450,level-up,1,1001
13,342,level-up,6,1001
15,31,level-up,1,1001
15,450,level-up,1,1001
15,99,level-up,10,1001
15,440,level-up,10,1001
15,116,level-up,13,1001
15,41,level-up,16,1001
15,404,level-up,19,1001
15,228,level-up,22,1001
15,390,level-up,25,1001
15,42,level-up,28,1001
15,97,level-up,31,1001
15,372,level-up,34,1001
15,398,level-up,37,1001
15,283,level-up,40,1001
15,224,level-up,43,1001
15,226,level-up,46,1001
16,13,level-up,1,1001
16,16,level-up,1,1001
16,33,level-up,1,1001
16,28,level-up,5,1001
16,365,level-up,9,1001
16,98,level-up,11,1001
16,185,level-up,13,1001
16,18,level-up,15,1001
16,369,level-up,17,1001
16,189,level-up,19,1001
16,239,level-up,21,1001
16,297,level-up,25,1001
16,97,level-up,29,1001
16,17,level-up,33,1001
16,355,level-up,37,1001
16,366,level-up,41,1001
16,119,level-up,45,1001
16,403,level-up,49,1001
16,542,level-up,53,1001
16,413,level-up,57,1001
17,13,level-up,1,1001
17,16,level-up,1,1001
17,28,level-up,1,1001
17,33,level-up,1,1001
17,365,level-up,9,1001
17,98,level-up,11,1001
17,185,level-up,13,1001
17,18,level-up,15,1001
17,369,level-up,17,1001
17,512,level-up,18,1001
17,211,level-up,20,1001
17,239,level-up,22,1001
17,297,level-up,27,1001
17,97,level-up,32,1001
17,17,level-up,37,1001
17,355,level-up,42,1001
17,366,level-up,47,1001
17,119,level-up,52,1001
17,403,level-up,57,1001
17,542,level-up,62,1001
17,413,level-up,67,1001
18,13,level-up,1,1001
18,16,level-up,1,1001
18,28,level-up,1,1001
18,33,level-up,1,1001
18,365,level-up,9,1001
18,98,level-up,11,1001
18,185,level-up,13,1001
18,18,level-up,15,1001
18,369,level-up,17,1001
18,512,level-up,18,1001
18,370,level-up,20,1001
18,239,level-up,22,1001
18,297,level-up,27,1001
18,97,level-up,32,1001
18,17,level-up,38,1001
18,355,level-up,44,1001
18,366,level-up,50,1001
18,119,level-up,56,1001
18,403,level-up,62,1001
18,542,level-up,68,1001
18,413,level-up,74,1001
19,33,level-up,1,1001
19,39,level-up,1,1001
19,44,level-up,1,1001
19,98,level-up,4,1001
19,116,level-up,7,1001
19,172,level-up,10,1001
19,228,level-up,13,1001
19,158,level-up,16,1001
19,389,level-up,19,1001
19,242,level-up,22,1001
19,372,level-up,25,1001
19,162,level-up,28,1001
19,38,level-up,31,1001
19,179,level-up,34,1001
19,283,level-up,37,1001
19,382,level-up,40,1001
19,515,level-up,43,1001
20,33,level-up,1,1001
20,39,level-up,1,1001
20,44,level-up,1,1001
20,98,level-up,1,1001
20,116,level-up,1,1001
20,172,level-up,10,1001
20,228,level-up,13,1001
20,158,level-up,16,1001
20,389,level-up,19,1001
20,14,level-up,20,1001
20,184,level-up,20,1001
20,422,level-up,20,1001
20,423,level-up,20,1001
20,424,level-up,20,1001
20,242,level-up,24,1001
20,372,level-up,29,1001
20,162,level-up,34,1001
20,38,level-up,39,1001
20,179,level-up,44,1001
20,283,level-up,49,1001
20,382,level-up,54,1001
20,515,level-up,59,1001
21,45,level-up,1,1001
21,49,level-up,1,1001
21,64,level-up,1,1001
21,228,level-up,1,1001
21,43,level-up,5,1001
21,31,level-up,9,1001
21,211,level-up,13,1001
21,332,level-up,17,1001
21,119,level-up,21,1001
21,97,level-up,25,1001
21,372,level-up,29,1001
21,355,level-up,33,1001
21,65,level-up,37,1001
22,31,level-up,1,1001
22,43,level-up,1,1001
22,45,level-up,1,1001
22,64,level-up,1,1001
22,228,level-up,1,1001
22,365,level-up,1,1001
22,211,level-up,13,1001
22,332,level-up,17,1001
22,119,level-up,23,1001
22,97,level-up,29,1001
22,372,level-up,35,1001
22,355,level-up,41,1001
22,65,level-up,47,1001
22,529,level-up,53,1001
23,35,level-up,1,1001
23,43,level-up,1,1001
23,40,level-up,4,1001
23,44,level-up,9,1001
23,137,level-up,12,1001
23,103,level-up,17,1001
23,51,level-up,20,1001
23,342,level-up,22,1001
23,254,level-up,25,1001
23,255,level-up,25,1001
23,256,level-up,25,1001
23,491,level-up,28,1001
23,426,level-up,33,1001
23,380,level-up,36,1001
23,114,level-up,41,1001
23,489,level-up,44,1001
23,441,level-up,49,1001
24,35,level-up,1,1001
24,40,level-up,1,1001
24,43,level-up,1,1001
24,44,level-up,1,1001
24,422,level-up,1,1001
24,423,level-up,1,1001
24,424,level-up,1,1001
24,137,level-up,12,1001
24,103,level-up,17,1001
24,51,level-up,20,1001
24,242,level-up,22,1001
24,342,level-up,23,1001
24,254,level-up,27,1001
24,255,level-up,27,1001
24,256,level-up,27,1001
24,491,level-up,32,1001
24,426,level-up,39,1001
24,380,level-up,44,1001
24,114,level-up,51,1001
24,489,level-up,56,1001
24,441,level-up,63,1001
25,45,level-up,1,1001
25,84,level-up,1,1001
25,39,level-up,5,1001
25,86,level-up,10,1001
25,98,level-up,13,1001
25,486,level-up,18,1001
25,104,level-up,21,1001
25,21,level-up,26,1001
25,85,level-up,29,1001
25,268,level-up,32,1001
25,364,level-up,34,1001
25,97,level-up,37,1001
25,435,level-up,42,1001
25,113,level-up,45,1001
25,87,level-up,50,1001
25,344,level-up,54,1001
26,39,level-up,1,1001
26,84,level-up,1,1001
26,85,level-up,1,1001
26,98,level-up,1,1001
26,344,level-up,54,1001
27,10,level-up,1,1001
27,111,level-up,3,1001
27,28,level-up,7,1001
27,40,level-up,9,1001
27,229,level-up,13,1001
27,129,level-up,15,1001
27,400,level-up,17,1001
27,154,level-up,19,1001
27,205,level-up,21,1001
27,232,level-up,23,1001
27,210,level-up,25,1001
27,328,level-up,27,1001
27,162,level-up,29,1001
27,163,level-up,31,1001
27,360,level-up,33,1001
27,201,level-up,37,1001
28,10,level-up,1,1001
28,28,level-up,1,1001
28,111,level-up,1,1001
28,40,level-up,9,1001
28,229,level-up,13,1001
28,129,level-up,15,1001
28,400,level-up,17,1001
28,154,level-up,19,1001
28,205,level-up,21,1001
28,306,level-up,22,1001
28,232,level-up,25,1001
28,210,level-up,28,1001
28,328,level-up,33,1001
28,162,level-up,37,1001
28,163,level-up,40,1001
28,360,level-up,45,1001
28,201,level-up,52,1001
29,10,level-up,1,1001
29,45,level-up,1,1001
29,236,level-up,1,1001
29,39,level-up,7,1001
29,24,level-up,9,1001
29,186,level-up,11,1001
29,40,level-up,13,1001
29,142,level-up,16,1001
29,154,level-up,19,1001
29,44,level-up,21,1001
29,270,level-up,25,1001
29,162,level-up,28,1001
29,390,level-up,31,1001
29,260,level-up,33,1001
29,242,level-up,37,1001
29,445,level-up,43,1001
29,305,level-up,45,1001
30,10,level-up,1,1001
30,45,level-up,1,1001
30,39,level-up,7,1001
30,24,level-up,9,1001
30,40,level-up,13,1001
30,154,level-up,20,1001
30,44,level-up,23,1001
30,270,level-up,28,1001
30,162,level-up,31,1001
30,390,level-up,35,1001
30,260,level-up,38,1001
30,242,level-up,43,1001
30,445,level-up,50,1001
30,305,level-up,58,1001
32,43,level-up,1,1001
32,64,level-up,1,1001
32,234,level-up,1,1001
32,116,level-up,7,1001
32,24,level-up,9,1001
32,186,level-up,11,1001
32,40,level-up,13,1001
32,142,level-up,16,1001
32,31,level-up,19,1001
32,30,level-up,21,1001
32,270,level-up,25,1001
32,162,level-up,28,1001
32,390,level-up,31,1001
32,260,level-up,33,1001
32,398,level-up,37,1001
32,445,level-up,43,1001
32,32,level-up,45,1001
33,43,level-up,1,1001
33,64,level-up,1,1001
33,116,level-up,7,1001
33,24,level-up,9,1001
33,40,level-up,13,1001
33,31,level-up,20,1001
33,30,level-up,23,1001
33,270,level-up,28,1001
33,162,level-up,31,1001
33,390,level-up,35,1001
33,260,level-up,38,1001
33,398,level-up,43,1001
33,445,level-up,50,1001
33,32,level-up,58,1001
35,1,level-up,1,1001
35,45,level-up,1,1001
35,118,level-up,1,1001
35,227,level-up,4,1001
35,47,level-up,7,1001
35,3,level-up,10,1001
35,111,level-up,13,1001
35,266,level-up,16,1001
35,107,level-up,19,1001
35,358,level-up,22,1001
35,516,level-up,25,1001
35,322,level-up,28,1001
35,381,level-up,31,1001
35,312,level-up,34,1001
35,356,level-up,37,1001
35,236,level-up,40,1001
35,500,level-up,43,1001
35,113,level-up,46,1001
35,361,level-up,49,1001
35,495,level-up,52,1001
35,309,level-up,55,1001
36,3,level-up,1,1001
36,47,level-up,1,1001
36,107,level-up,1,1001
36,118,level-up,1,1001
36,7,level-up,23,1001
36,8,level-up,23,1001
36,9,level-up,23,1001
36,187,level-up,35,1001
36,273,level-up,47,1001
37,52,level-up,1,1001
37,83,level-up,1,1001
37,39,level-up,4,1001
37,46,level-up,7,1001
37,98,level-up,11,1001
37,481,level-up,14,1001
37,109,level-up,17,1001
37,286,level-up,21,1001
37,506,level-up,24,1001
37,219,level-up,27,1001
37,261,level-up,31,1001
37,399,level-up,34,1001
37,53,level-up,37,1001
37,445,level-up,41,1001
37,517,level-up,44,1001
37,288,level-up,47,1001
37,326,level-up,51,1001
37,126,level-up,54,1001
38,52,level-up,1,1001
38,98,level-up,1,1001
38,109,level-up,1,1001
38,219,level-up,1,1001
38,417,level-up,1,1001
38,466,level-up,23,1001
38,95,level-up,30,1001
38,257,level-up,37,1001
38,384,level-up,44,1001
38,234,level-up,51,1001
39,47,level-up,1,1001
39,118,level-up,1,1001
39,111,level-up,5,1001
39,1,level-up,9,1001
39,50,level-up,13,1001
39,496,level-up,17,1001
39,195,level-up,19,1001
39,205,level-up,21,1001
39,273,level-up,23,1001
39,3,level-up,25,1001
39,156,level-up,29,1001
39,34,level-up,33,1001
39,360,level-up,37,1001
39,358,level-up,41,1001
39,102,level-up,45,1001
39,304,level-up,49,1001
39,38,level-up,53,1001
40,3,level-up,1,1001
40,47,level-up,1,1001
40,50,level-up,1,1001
40,111,level-up,1,1001
40,356,level-up,23,1001
40,277,level-up,35,1001
40,215,level-up,47,1001
41,141,level-up,1,1001
41,175,level-up,1,1001
41,48,level-up,5,1001
41,310,level-up,9,1001
41,44,level-up,13,1001
41,17,level-up,16,1001
41,95,level-up,18,1001
41,109,level-up,21,1001
41,314,level-up,25,1001
41,212,level-up,29,1001
41,512,level-up,33,1001
41,305,level-up,37,1001
41,114,level-up,41,1001
41,403,level-up,45,1001
41,417,level-up,49,1001
41,413,level-up,53,1001
42,48,level-up,1,1001
42,103,level-up,1,1001
42,141,level-up,1,1001
42,310,level-up,1,1001
42,44,level-up,13,1001
42,17,level-up,16,1001
42,95,level-up,18,1001
42,109,level-up,21,1001
42,355,level-up,22,1001
42,314,level-up,27,1001
42,212,level-up,33,1001
42,512,level-up,39,1001
42,305,level-up,45,1001
42,114,level-up,51,1001
42,403,level-up,57,1001
42,417,level-up,63,1001
42,413,level-up,69,1001
43,71,level-up,1,1001
43,73,level-up,1,1001
43,230,level-up,5,1001
43,51,level-up,9,1001
43,75,level-up,11,1001
43,77,level-up,13,1001
43,78,level-up,15,1001
43,79,level-up,17,1001
43,267,level-up,19,1001
43,72,level-up,21,1001
43,298,level-up,23,1001
43,381,level-up,25,1001
43,363,level-up,29,1001
43,236,level-up,33,1001
43,202,level-up,37,1001
43,80,level-up,41,1001
44,51,level-up,1,1001
44,71,level-up,1,1001
44,230,level-up,1,1001
44,75,level-up,11,1001
44,77,level-up,13,1001
44,78,level-up,15,1001
44,79,level-up,17,1001
44,267,level-up,19,1001
44,409,level-up,21,1001
44,72,level-up,23,1001
44,298,level-up,26,1001
44,381,level-up,29,1001
44,363,level-up,35,1001
44,236,level-up,41,1001
44,202,level-up,47,1001
44,80,level-up,53,1001
45,72,level-up,1,1001
45,77,level-up,1,1001
45,78,level-up,1,1001
45,312,level-up,1,1001
45,414,level-up,38,1001
45,80,level-up,53,1001
45,76,level-up,65,1001
46,10,level-up,1,1001
46,210,level-up,1,1001
46,235,level-up,1,1001
46,77,level-up,6,1001
46,78,level-up,6,1001
46,141,level-up,11,1001
46,450,level-up,17,1001
46,73,level-up,22,1001
46,147,level-up,22,1001
46,163,level-up,27,1001
46,440,level-up,27,1001
46,74,level-up,33,1001
46,202,level-up,38,1001
46,312,level-up,43,1001
46,476,level-up,49,1001
46,404,level-up,54,1001
47,10,level-up,1,1001
47,77,level-up,1,1001
47,78,level-up,1,1001
47,141,level-up,1,1001
47,210,level-up,1,1001
47,450,level-up,17,1001
47,73,level-up,22,1001
47,147,level-up,22,1001
47,163,level-up,29,1001
47,440,level-up,29,1001
47,74,level-up,37,1001
47,202,level-up,44,1001
47,312,level-up,51,1001
47,476,level-up,59,1001
47,404,level-up,66,1001
48,33,level-up,1,1001
48,50,level-up,1,1001
48,141,level-up,1,1001
48,193,level-up,1,1001
48,48,level-up,5,1001
48,93,level-up,11,1001
48,77,level-up,13,1001
48,324,level-up,17,1001
48,78,level-up,23,1001
48,60,level-up,25,1001
48,79,level-up,29,1001
48,324,level-up,35,1001
48,428,level-up,37,1001
48,305,level-up,41,1001
48,94,level-up,47,1001
49,33,level-up,1,1001
49,48,level-up,1,1001
49,50,level-up,1,1001
49,141,level-up,1,1001
49,193,level-up,1,1001
49,318,level-up,1,1001
49,93,level-up,11,1001
49,77,level-up,13,1001
49,324,level-up,17,1001
49,78,level-up,23,1001
49,60,level-up,25,1001
49,79,level-up,29,1001
49,16,level-up,31,1001
49,324,level-up,37,1001
49,428,level-up,41,1001
49,305,level-up,47,1001
49,94,level-up,55,1001
49,405,level-up,59,1001
49,483,level-up,63,1001
52,10,level-up,1,1001
52,45,level-up,1,1001
52,44,level-up,6,1001
52,252,level-up,9,1001
52,95,level-up,12,1001
52,154,level-up,14,1001
52,103,level-up,17,1001
52,290,level-up,20,1001
52,185,level-up,22,1001
52,269,level-up,25,1001
52,492,level-up,28,1001
52,6,level-up,30,1001
52,163,level-up,33,1001
52,417,level-up,38,1001
52,372,level-up,41,1001
52,445,level-up,46,1001
52,400,level-up,49,1001
52,364,level-up,54,1001
53,10,level-up,1,1001
53,44,level-up,1,1001
53,45,level-up,1,1001
53,196,level-up,1,1001
53,252,level-up,1,1001
53,352,level-up,1,1001
53,415,level-up,1,1001
53,95,level-up,12,1001
53,154,level-up,14,1001
53,103,level-up,17,1001
53,290,level-up,20,1001
53,185,level-up,22,1001
53,269,level-up,25,1001
53,492,level-up,28,1001
53,408,level-up,32,1001
53,163,level-up,37,1001
53,417,level-up,44,1001
53,372,level-up,49,1001
53,445,level-up,56,1001
53,400,level-up,61,1001
53,364,level-up,68,1001
54,10,level-up,1,1001
54,80,level-up,1,1001
54,161,level-up,1,1001
54,346,level-up,1,1001
54,39,level-up,5,1001
54,55,level-up,9,1001
54,95,level-up,12,1001
54,50,level-up,14,1001
54,93,level-up,18,1001
54,352,level-up,22,1001
54,60,level-up,25,1001
54,154,level-up,27,1001
54,103,level-up,31,1001
54,487,level-up,35,1001
54,244,level-up,40,1001
54,428,level-up,44,1001
54,133,level-up,48,1001
54,56,level-up,53,1001
54,472,level-up,57,1001
55,10,level-up,1,1001
55,39,level-up,1,1001
55,55,level-up,1,1001
55,346,level-up,1,1001
55,453,level-up,1,1001
55,95,level-up,12,1001
55,50,level-up,14,1001
55,93,level-up,18,1001
55,352,level-up,22,1001
55,60,level-up,25,1001
55,154,level-up,27,1001
55,103,level-up,31,1001
55,238,level-up,33,1001
55,487,level-up,37,1001
55,244,level-up,44,1001
55,428,level-up,50,1001
55,133,level-up,56,1001
55,56,level-up,63,1001
55,472,level-up,69,1001
57,10,level-up,1,1001
57,43,level-up,1,1001
57,67,level-up,1,1001
57,116,level-up,1,1001
57,374,level-up,1,1001
57,154,level-up,9,1001
57,2,level-up,13,1001
57,69,level-up,17,1001
57,103,level-up,21,1001
57,372,level-up,25,1001
57,7,level-up,28,1001
57,8,level-up,28,1001
57,9,level-up,28,1001
57,99,level-up,28,1001
57,207,level-up,35,1001
57,238,level-up,41,1001
57,37,level-up,47,1001
57,386,level-up,53,1001
57,370,level-up,59,1001
57,515,level-up,63,1001
58,44,level-up,1,1001
58,46,level-up,1,1001
58,52,level-up,6,1001
58,43,level-up,9,1001
58,24,level-up,11,1001
58,316,level-up,14,1001
58,270,level-up,17,1001
58,172,level-up,20,1001
58,179,level-up,25,1001
58,424,level-up,28,1001
58,481,level-up,31,1001
58,36,level-up,34,1001
58,53,level-up,39,1001
58,97,level-up,42,1001
58,242,level-up,45,1001
58,514,level-up,48,1001
58,257,level-up,51,1001
58,394,level-up,56,1001
59,44,level-up,1,1001
59,46,level-up,1,1001
59,316,level-up,1,1001
59,406,level-up,1,1001
59,422,level-up,1,1001
59,424,level-up,1,1001
59,242,level-up,25,1001
59,234,level-up,32,1001
59,245,level-up,39,1001
59,370,level-up,47,1001
59,394,level-up,56,1001
60,74,level-up,1,1001
60,142,level-up,1,1001
60,186,level-up,1,1001
60,346,level-up,1,1001
60,145,level-up,5,1001
60,95,level-up,8,1001
60,55,level-up,11,1001
60,341,level-up,13,1001
60,3,level-up,15,1001
60,240,level-up,18,1001
60,34,level-up,21,1001
60,61,level-up,25,1001
60,341,level-up,28,1001
60,187,level-up,31,1001
60,358,level-up,35,1001
60,56,level-up,38,1001
60,426,level-up,41,1001
61,95,level-up,1,1001
61,145,level-up,1,1001
61,346,level-up,1,1001
61,55,level-up,11,1001
61,341,level-up,13,1001
61,3,level-up,15,1001
61,240,level-up,18,1001
61,34,level-up,21,1001
61,118,level-up,25,1001
61,61,level-up,27,1001
61,341,level-up,32,1001
61,187,level-up,37,1001
61,358,level-up,43,1001
61,56,level-up,48,1001
61,426,level-up,53,1001
62,3,level-up,1,1001
62,61,level-up,1,1001
62,66,level-up,1,1001
62,95,level-up,1,1001
62,410,level-up,1,1001
62,409,level-up,13,1001
62,8,level-up,22,1001
62,223,level-up,32,1001
62,170,level-up,43,1001
62,509,level-up,53,1001
62,370,level-up,60,1001
63,100,level-up,1,1001
63,118,level-up,1,1001
63,193,level-up,1,1001
64,93,level-up,1,1001
64,100,level-up,1,1001
64,134,level-up,1,1001
64,50,level-up,18,1001
64,351,level-up,20,1001
64,357,level-up,22,1001
64,502,level-up,24,1001
64,60,level-up,28,1001
64,115,level-up,30,1001
64,356,level-up,32,1001
64,477,level-up,34,1001
64,105,level-up,36,1001
64,427,level-up,40,1001
64,272,level-up,42,1001
64,94,level-up,46,1001
64,248,level-up,48,1001
64,271,level-up,52,1001
65,93,level-up,1,1001
65,100,level-up,1,1001
65,134,level-up,1,1001
65,356,level-up,1,1001
65,50,level-up,18,1001
65,351,level-up,20,1001
65,357,level-up,22,1001
65,502,level-up,24,1001
65,60,level-up,28,1001
65,115,level-up,30,1001
65,356,level-up,32,1001
65,477,level-up,34,1001
65,105,level-up,36,1001
65,427,level-up,40,1001
65,347,level-up,42,1001
65,94,level-up,46,1001
65,248,level-up,48,1001
65,271,level-up,52,1001
65,396,level-up,56,1001
66,37,level-up,1,1001
66,43,level-up,1,1001
66,67,level-up,1,1001
66,116,level-up,7,1001
66,2,level-up,10,1001
66,490,level-up,13,1001
66,118,level-up,16,1001
66,193,level-up,19,1001
66,69,level-up,22,1001
66,279,level-up,25,1001
66,233,level-up,31,1001
66,66,level-up,34,1001
66,358,level-up,37,1001
66,238,level-up,43,1001
66,184,level-up,46,1001
66,223,level-up,49,1001
66,370,level-up,52,1001
67,2,level-up,1,1001
67,43,level-up,1,1001
67,67,level-up,1,1001
67,116,level-up,1,1001
67,490,level-up,13,1001
67,118,level-up,16,1001
67,193,level-up,19,1001
67,69,level-up,22,1001
67,279,level-up,25,1001
67,233,level-up,32,1001
67,66,level-up,36,1001
67,358,level-up,40,1001
67,238,level-up,44,1001
67,184,level-up,51,1001
67,223,level-up,55,1001
67,370,level-up,59,1001
68,2,level-up,1,1001
68,7,level-up,1,1001
68,8,level-up,1,1001
68,9,level-up,1,1001
68,43,level-up,1,1001
68,67,level-up,1,1001
68,116,level-up,1,1001
68,418,level-up,1,1001
68,469,level-up,1,1001
68,490,level-up,13,1001
68,118,level-up,16,1001
68,193,level-up,19,1001
68,69,level-up,22,1001
68,279,level-up,25,1001
68,233,level-up,32,1001
68,66,level-up,36,1001
68,358,level-up,40,1001
68,238,level-up,44,1001
68,184,level-up,51,1001
68,223,level-up,55,1001
68,370,level-up,59,1001
69,22,level-up,1,1001
69,186,level-up,3,1001
69,142,level-up,5,1001
69,74,level-up,7,1001
69,141,level-up,9,1001
69,35,level-up,11,1001
69,79,level-up,13,1001
69,77,level-up,15,1001
69,78,level-up,17,1001
69,75,level-up,19,1001
69,499,level-up,21,1001
69,51,level-up,23,1001
69,282,level-up,27,1001
69,230,level-up,29,1001
69,380,level-up,35,1001
69,75,level-up,39,1001
69,21,level-up,41,1001
69,378,level-up,47,1001
69,438,level-up,51,1001
70,22,level-up,1,1001
70,35,level-up,1,1001
70,74,level-up,1,1001
70,141,level-up,9,1001
70,79,level-up,13,1001
70,77,level-up,15,1001
70,78,level-up,17,1001
70,75,level-up,19,1001
70,499,level-up,21,1001
70,51,level-up,23,1001
70,282,level-up,27,1001
70,230,level-up,29,1001
70,380,level-up,35,1001
70,75,level-up,39,1001
70,21,level-up,41,1001
70,378,level-up,47,1001
70,438,level-up,51,1001
71,22,level-up,1,1001
71,75,level-up,1,1001
71,79,level-up,1,1001
71,230,level-up,1,1001
71,254,level-up,1,1001
71,255,level-up,1,1001
71,256,level-up,1,1001
71,311,level-up,1,1001
71,389,level-up,17,1001
71,536,level-up,27,1001
71,242,level-up,37,1001
71,348,level-up,47,1001
71,437,level-up,47,1001
72,40,level-up,1,1001
72,109,level-up,1,1001
72,48,level-up,5,1001
72,132,level-up,8,1001
72,51,level-up,12,1001
72,390,level-up,15,1001
72,61,level-up,19,1001
72,35,level-up,22,1001
72,491,level-up,26,1001
72,112,level-up,29,1001
72,352,level-up,33,1001
72,398,level-up,36,1001
72,103,level-up,40,1001
72,506,level-up,43,1001
72,56,level-up,47,1001
72,482,level-up,50,1001
72,378,level-up,54,1001
72,367,level-up,59,1001
73,40,level-up,1,1001
73,48,level-up,1,1001
73,132,level-up,1,1001
73,51,level-up,12,1001
73,390,level-up,15,1001
73,61,level-up,19,1001
73,35,level-up,22,1001
73,491,level-up,26,1001
73,112,level-up,29,1001
73,352,level-up,34,1001
73,398,level-up,38,1001
73,103,level-up,43,1001
73,506,level-up,47,1001
73,56,level-up,52,1001
73,482,level-up,56,1001
73,378,level-up,61,1001
73,367,level-up,66,1001
74,33,level-up,1,1001
74,111,level-up,1,1001
74,229,level-up,1,1001
74,300,level-up,4,1001
74,397,level-up,8,1001
74,88,level-up,11,1001
74,222,level-up,15,1001
74,205,level-up,18,1001
74,350,level-up,22,1001
74,479,level-up,25,1001
74,120,level-up,29,1001
74,523,level-up,32,1001
74,446,level-up,36,1001
74,89,level-up,39,1001
74,153,level-up,43,1001
74,38,level-up,46,1001
74,444,level-up,50,1001
74,359,level-up,53,1001
75,33,level-up,1,1001
75,111,level-up,1,1001
75,300,level-up,1,1001
75,397,level-up,1,1001
75,88,level-up,11,1001
75,222,level-up,15,1001
75,205,level-up,18,1001
75,350,level-up,22,1001
75,479,level-up,27,1001
75,120,level-up,31,1001
75,523,level-up,36,1001
75,446,level-up,42,1001
75,89,level-up,47,1001
75,153,level-up,53,1001
75,38,level-up,58,1001
75,444,level-up,64,1001
75,359,level-up,70,1001
76,7,level-up,1,1001
76,9,level-up,1,1001
76,33,level-up,1,1001
76,111,level-up,1,1001
76,300,level-up,1,1001
76,397,level-up,1,1001
76,88,level-up,11,1001
76,222,level-up,15,1001
76,523,level-up,18,1001
76,350,level-up,22,1001
76,479,level-up,27,1001
76,120,level-up,31,1001
76,537,level-up,36,1001
76,446,level-up,42,1001
76,89,level-up,47,1001
76,153,level-up,53,1001
76,38,level-up,58,1001
76,444,level-up,64,1001
76,484,level-up,69,1001
76,359,level-up,70,1001
77,33,level-up,1,1001
77,45,level-up,1,1001
77,226,level-up,1,1001
77,39,level-up,4,1001
77,52,level-up,9,1001
77,172,level-up,13,1001
77,23,level-up,17,1001
77,488,level-up,21,1001
77,24,level-up,23,1001
77,83,level-up,25,1001
77,67,level-up,27,1001
77,36,level-up,29,1001
77,517,level-up,33,1001
77,95,level-up,35,1001
77,97,level-up,37,1001
77,126,level-up,41,1001
77,340,level-up,45,1001
77,394,level-up,49,1001
78,39,level-up,1,1001
78,45,level-up,1,1001
78,52,level-up,1,1001
78,98,level-up,1,1001
78,224,level-up,1,1001
78,226,level-up,1,1001
78,234,level-up,1,1001
78,398,level-up,1,1001
78,172,level-up,13,1001
78,23,level-up,17,1001
78,488,level-up,21,1001
78,24,level-up,23,1001
78,83,level-up,25,1001
78,67,level-up,27,1001
78,36,level-up,29,1001
78,517,level-up,33,1001
78,95,level-up,35,1001
78,97,level-up,37,1001
78,31,level-up,40,1001
78,126,level-up,41,1001
78,340,level-up,45,1001
78,394,level-up,49,1001
78,32,level-up,53,1001
79,33,level-up,1,1001
79,174,level-up,1,1001
79,281,level-up,1,1001
79,45,level-up,5,1001
79,55,level-up,9,1001
79,93,level-up,14,1001
79,50,level-up,19,1001
79,362,level-up,21,1001
79,29,level-up,23,1001
79,352,level-up,28,1001
79,428,level-up,32,1001
79,303,level-up,36,1001
79,133,level-up,41,1001
79,94,level-up,45,1001
79,240,level-up,49,1001
79,244,level-up,54,1001
79,505,level-up,58,1001
80,33,level-up,1,1001
80,45,level-up,1,1001
80,174,level-up,1,1001
80,281,level-up,1,1001
80,55,level-up,9,1001
80,93,level-up,14,1001
80,50,level-up,19,1001
80,362,level-up,21,1001
80,29,level-up,23,1001
80,352,level-up,28,1001
80,428,level-up,32,1001
80,303,level-up,36,1001
80,110,level-up,37,1001
80,133,level-up,43,1001
80,94,level-up,49,1001
80,240,level-up,55,1001
80,244,level-up,62,1001
80,505,level-up,68,1001
81,33,level-up,1,1001
81,97,level-up,1,1001
81,319,level-up,1,1001
81,84,level-up,6,1001
81,48,level-up,11,1001
81,49,level-up,14,1001
81,86,level-up,17,1001
81,209,level-up,22,1001
81,324,level-up,25,1001
81,486,level-up,27,1001
81,199,level-up,30,1001
81,443,level-up,33,1001
81,103,level-up,38,1001
81,435,level-up,43,1001
81,429,level-up,46,1001
81,393,level-up,49,1001
81,360,level-up,54,1001
81,192,level-up,59,1001
82,33,level-up,1,1001
82,48,level-up,1,1001
82,84,level-up,1,1001
82,319,level-up,1,1001
82,49,level-up,14,1001
82,86,level-up,17,1001
82,209,level-up,22,1001
82,324,level-up,25,1001
82,486,level-up,27,1001
82,161,level-up,30,1001
82,199,level-up,30,1001
82,443,level-up,34,1001
82,103,level-up,40,1001
82,435,level-up,46,1001
82,429,level-up,50,1001
82,393,level-up,54,1001
82,360,level-up,60,1001
82,192,level-up,66,1001
83,28,level-up,1,1001
83,43,level-up,1,1001
83,64,level-up,1,1001
83,210,level-up,1,1001
83,398,level-up,1,1001
83,31,level-up,7,1001
83,282,level-up,9,1001
83,332,level-up,13,1001
83,279,level-up,16,1001
83,163,level-up,19,1001
83,314,level-up,21,1001
83,14,level-up,25,1001
83,348,level-up,28,1001
83,97,level-up,31,1001
83,400,level-up,33,1001
83,533,level-up,35,1001
83,512,level-up,37,1001
83,364,level-up,43,1001
83,206,level-up,45,1001
83,403,level-up,49,1001
83,370,level-up,52,1001
83,413,level-up,55,1001
84,45,level-up,1,1001
84,64,level-up,1,1001
84,67,level-up,1,1001
84,98,level-up,5,1001
84,99,level-up,10,1001
84,31,level-up,14,1001
84,228,level-up,19,1001
84,253,level-up,23,1001
84,367,level-up,28,1001
84,458,level-up,32,1001
84,97,level-up,37,1001
84,65,level-up,41,1001
84,283,level-up,46,1001
84,37,level-up,50,1001
84,413,level-up,54,1001
85,45,level-up,1,1001
85,64,level-up,1,1001
85,98,level-up,1,1001
85,99,level-up,1,1001
85,365,level-up,1,1001
85,31,level-up,14,1001
85,228,level-up,19,1001
85,253,level-up,23,1001
85,367,level-up,28,1001
85,529,level-up,31,1001
85,161,level-up,34,1001
85,97,level-up,41,1001
85,65,level-up,47,1001
85,283,level-up,54,1001
85,37,level-up,60,1001
85,413,level-up,66,1001
88,1,level-up,1,1001
88,139,level-up,1,1001
88,106,level-up,4,1001
88,189,level-up,7,1001
88,50,level-up,12,1001
88,425,level-up,15,1001
88,107,level-up,17,1001
88,124,level-up,20,1001
88,426,level-up,23,1001
88,325,level-up,25,1001
88,374,level-up,28,1001
88,103,level-up,33,1001
88,188,level-up,36,1001
88,151,level-up,39,1001
88,482,level-up,44,1001
88,441,level-up,49,1001
88,262,level-up,52,1001
89,1,level-up,1,1001
89,106,level-up,1,1001
89,139,level-up,1,1001
89,174,level-up,1,1001
89,189,level-up,1,1001
89,50,level-up,12,1001
89,425,level-up,15,1001
89,107,level-up,17,1001
89,124,level-up,20,1001
89,426,level-up,23,1001
89,325,level-up,25,1001
89,374,level-up,28,1001
89,103,level-up,33,1001
89,188,level-up,36,1001
89,151,level-up,42,1001
89,482,level-up,50,1001
89,441,level-up,58,1001
89,262,level-up,64,1001
90,33,level-up,1,1001
90,110,level-up,4,1001
90,48,level-up,7,1001
90,61,level-up,10,1001
90,333,level-up,13,1001
90,182,level-up,16,1001
90,43,level-up,20,1001
90,128,level-up,25,1001
90,420,level-up,28,1001
90,534,level-up,32,1001
90,62,level-up,37,1001
90,250,level-up,40,1001
90,362,level-up,44,1001
90,334,level-up,49,1001
90,58,level-up,52,1001
90,504,level-up,56,1001
90,56,level-up,61,1001
91,48,level-up,1,1001
91,62,level-up,1,1001
91,110,level-up,1,1001
91,182,level-up,1,1001
91,350,level-up,1,1001
91,390,level-up,1,1001
91,131,level-up,13,1001
91,191,level-up,28,1001
91,556,level-up,52,1001
91,504,level-up,63,1001
91,56,level-up,71,1001
92,95,level-up,1,1001
92,122,level-up,1,1001
92,180,level-up,5,1001
92,212,level-up,8,1001
92,174,level-up,12,1001
92,101,level-up,15,1001
92,466,level-up,17,1001
92,109,level-up,19,1001
92,389,level-up,22,1001
92,499,level-up,24,1001
92,371,level-up,26,1001
92,247,level-up,29,1001
92,196,level-up,31,1001
92,138,level-up,33,1001
92,399,level-up,36,1001
92,194,level-up,40,1001
92,506,level-up,43,1001
92,171,level-up,47,1001
93,95,level-up,1,1001
93,122,level-up,1,1001
93,180,level-up,1,1001
93,212,level-up,8,1001
93,174,level-up,12,1001
93,101,level-up,15,1001
93,466,level-up,17,1001
93,109,level-up,19,1001
93,389,level-up,22,1001
93,499,level-up,24,1001
93,325,level-up,25,1001
93,371,level-up,28,1001
93,247,level-up,33,1001
93,196,level-up,36,1001
93,138,level-up,39,1001
93,399,level-up,44,1001
93,194,level-up,50,1001
93,506,level-up,55,1001
93,171,level-up,61,1001
94,95,level-up,1,1001
94,118,level-up,1,1001
94,122,level-up,1,1001
94,180,level-up,1,1001
94,212,level-up,8,1001
94,174,level-up,12,1001
94,101,level-up,15,1001
94,466,level-up,17,1001
94,109,level-up,19,1001
94,389,level-up,22,1001
94,499,level-up,24,1001
94,325,level-up,25,1001
94,371,level-up,28,1001
94,247,level-up,33,1001
94,196,level-up,36,1001
94,138,level-up,39,1001
94,399,level-up,44,1001
94,194,level-up,50,1001
94,506,level-up,55,1001
94,171,level-up,61,1001
94,396,level-up,68,1001
95,20,level-up,1,1001
95,33,level-up,1,1001
95,106,level-up,1,1001
95,300,level-up,1,1001
95,489,level-up,3,1001
95,103,level-up,6,1001
95,88,level-up,9,1001
95,99,level-up,14,1001
95,317,level-up,17,1001
95,479,level-up,22,1001
95,201,level-up,25,1001
95,397,level-up,30,1001
95,21,level-up,33,1001
95,446,level-up,38,1001
95,225,level-up,41,1001
95,174,level-up,46,1001
95,231,level-up,49,1001
95,328,level-up,54,1001
95,38,level-up,57,1001
95,444,level-up,62,1001
96,1,level-up,1,1001
96,95,level-up,1,1001
96,133,level-up,1,1001
96,50,level-up,5,1001
96,93,level-up,9,1001
96,29,level-up,13,1001
96,138,level-up,13,1001
96,139,level-up,17,1001
96,409,level-up,19,1001
96,96,level-up,21,1001
96,60,level-up,25,1001
96,244,level-up,33,1001
96,485,level-up,37,1001
96,427,level-up,41,1001
96,428,level-up,41,1001
96,207,level-up,45,1001
96,94,level-up,49,1001
96,417,level-up,53,1001
96,473,level-up,57,1001
96,248,level-up,61,1001
97,1,level-up,1,1001
97,50,level-up,1,1001
97,93,level-up,1,1001
97,95,level-up,1,1001
97,171,level-up,1,1001
97,415,level-up,1,1001
97,29,level-up,13,1001
97,138,level-up,13,1001
97,139,level-up,17,1001
97,409,level-up,19,1001
97,96,level-up,21,1001
97,60,level-up,25,1001
97,244,level-up,33,1001
97,485,level-up,37,1001
97,427,level-up,41,1001
97,428,level-up,41,1001
97,207,level-up,45,1001
97,94,level-up,49,1001
97,417,level-up,53,1001
97,473,level-up,57,1001
97,248,level-up,61,1001
98,145,level-up,1,1001
98,300,level-up,1,1001
98,11,level-up,5,1001
98,43,level-up,9,1001
98,106,level-up,11,1001
98,61,level-up,15,1001
98,341,level-up,19,1001
98,232,level-up,21,1001
98,23,level-up,25,1001
98,182,level-up,29,1001
98,12,level-up,31,1001
98,21,level-up,35,1001
98,362,level-up,39,1001
98,152,level-up,41,1001
98,175,level-up,45,1001
98,276,level-up,49,1001
99,11,level-up,1,1001
99,43,level-up,1,1001
99,145,level-up,1,1001
99,300,level-up,1,1001
99,469,level-up,1,1001
99,106,level-up,11,1001
99,61,level-up,15,1001
99,341,level-up,19,1001
99,232,level-up,21,1001
99,23,level-up,25,1001
99,182,level-up,32,1001
99,12,level-up,37,1001
99,21,level-up,44,1001
99,362,level-up,51,1001
99,152,level-up,56,1001
99,175,level-up,63,1001
99,276,level-up,70,1001
100,97,level-up,1,1001
100,268,level-up,1,1001
100,33,level-up,5,1001
100,49,level-up,8,1001
100,209,level-up,12,1001
100,205,level-up,15,1001
100,103,level-up,19,1001
100,451,level-up,22,1001
100,324,level-up,24,1001
100,113,level-up,26,1001
100,486,level-up,29,1001
100,120,level-up,33,1001
100,129,level-up,36,1001
100,393,level-up,40,1001
100,360,level-up,43,1001
100,153,level-up,47,1001
100,243,level-up,50,1001
101,33,level-up,1,1001
101,49,level-up,1,1001
101,209,level-up,1,1001
101,268,level-up,1,1001
101,205,level-up,15,1001
101,103,level-up,19,1001
101,451,level-up,22,1001
101,324,level-up,24,1001
101,113,level-up,26,1001
101,486,level-up,29,1001
101,120,level-up,35,1001
101,129,level-up,40,1001
101,393,level-up,46,1001
101,360,level-up,51,1001
101,153,level-up,57,1001
101,243,level-up,62,1001
102,95,level-up,1,1001
102,140,level-up,1,1001
102,230,level-up,1,1001
102,253,level-up,1,1001
102,115,level-up,7,1001
102,73,level-up,11,1001
102,93,level-up,14,1001
102,331,level-up,17,1001
102,78,level-up,19,1001
102,77,level-up,21,1001
102,79,level-up,23,1001
102,235,level-up,25,1001
102,202,level-up,27,1001
102,388,level-up,33,1001
102,363,level-up,37,1001
102,76,level-up,43,1001
102,94,level-up,47,1001
102,516,level-up,53,1001
103,23,level-up,1,1001
103,67,level-up,1,1001
103,93,level-up,1,1001
103,95,level-up,1,1001
103,140,level-up,1,1001
103,267,level-up,1,1001
103,402,level-up,1,1001
103,473,level-up,17,1001
103,121,level-up,27,1001
103,452,level-up,37,1001
103,437,level-up,47,1001
104,45,level-up,1,1001
104,39,level-up,3,1001
104,125,level-up,7,1001
104,29,level-up,11,1001
104,43,level-up,13,1001
104,116,level-up,17,1001
104,155,level-up,21,1001
104,99,level-up,23,1001
104,206,level-up,27,1001
104,37,level-up,31,1001
104,374,level-up,33,1001
104,198,level-up,37,1001
104,283,level-up,41,1001
104,38,level-up,43,1001
104,514,level-up,47,1001
104,187,level-up,51,1001
104,195,level-up,55,1001
105,7,level-up,1,1001
105,9,level-up,1,1001
105,29,level-up,1,1001
105,39,level-up,1,1001
105,45,level-up,1,1001
105,47,level-up,1,1001
105,125,level-up,1,1001
105,43,level-up,13,1001
105,116,level-up,17,1001
105,155,level-up,21,1001
105,99,level-up,23,1001
105,206,level-up,27,1001
105,37,level-up,33,1001
105,374,level-up,37,1001
105,198,level-up,43,1001
105,283,level-up,49,1001
105,38,level-up,53,1001
105,514,level-up,59,1001
105,187,level-up,64,1001
105,195,level-up,70,1001
106,24,level-up,1,1001
106,279,level-up,1,1001
106,96,level-up,5,1001
106,27,level-up,9,1001
106,26,level-up,13,1001
106,280,level-up,17,1001
106,116,level-up,21,1001
106,364,level-up,25,1001
106,136,level-up,29,1001
106,170,level-up,33,1001
106,193,level-up,37,1001
106,469,level-up,41,1001
106,299,level-up,45,1001
106,203,level-up,49,1001
106,25,level-up,53,1001
106,370,level-up,57,1001
106,179,level-up,61,1001
106,340,level-up,65,1001
107,4,level-up,1,1001
107,279,level-up,1,1001
107,97,level-up,6,1001
107,228,level-up,11,1001
107,183,level-up,16,1001
107,418,level-up,16,1001
107,364,level-up,21,1001
107,410,level-up,26,1001
107,501,level-up,31,1001
107,7,level-up,36,1001
107,8,level-up,36,1001
107,9,level-up,36,1001
107,409,level-up,36,1001
107,327,level-up,41,1001
107,5,level-up,46,1001
107,197,level-up,51,1001
107,264,level-up,56,1001
107,68,level-up,61,1001
107,370,level-up,66,1001
108,122,level-up,1,1001
108,48,level-up,5,1001
108,111,level-up,9,1001
108,282,level-up,13,1001
108,35,level-up,17,1001
108,23,level-up,21,1001
108,50,level-up,25,1001
108,21,level-up,29,1001
108,205,level-up,33,1001
108,498,level-up,37,1001
108,382,level-up,41,1001
108,287,level-up,45,1001
108,103,level-up,49,1001
108,438,level-up,53,1001
108,378,level-up,57,1001
108,187,level-up,61,1001
108,359,level-up,65,1001
109,33,level-up,1,1001
109,139,level-up,1,1001
109,123,level-up,6,1001
109,108,level-up,10,1001
109,372,level-up,15,1001
109,499,level-up,19,1001
109,120,level-up,24,1001
109,124,level-up,28,1001
109,114,level-up,33,1001
109,360,level-up,37,1001
109,153,level-up,42,1001
109,188,level-up,46,1001
109,194,level-up,51,1001
109,262,level-up,55,1001
109,220,level-up,59,1001
109,194,level-up,63,1001
109,441,level-up,67,1001
110,33,level-up,1,1001
110,108,level-up,1,1001
110,123,level-up,1,1001
110,139,level-up,1,1001
110,372,level-up,15,1001
110,499,level-up,19,1001
110,120,level-up,24,1001
110,124,level-up,28,1001
110,114,level-up,33,1001
110,458,level-up,39,1001
110,153,level-up,46,1001
110,188,level-up,52,1001
110,194,level-up,59,1001
110,262,level-up,65,1001
110,220,level-up,71,1001
110,194,level-up,77,1001
110,441,level-up,83,1001
111,30,level-up,1,1001
111,39,level-up,1,1001
111,23,level-up,8,1001
111,31,level-up,12,1001
111,184,level-up,19,1001
111,350,level-up,23,1001
111,242,level-up,27,1001
111,523,level-up,30,1001
111,498,level-up,34,1001
111,36,level-up,41,1001
111,529,level-up,45,1001
111,407,level-up,49,1001
111,444,level-up,52,1001
111,89,level-up,56,1001
111,32,level-up,63,1001
111,224,level-up,67,1001
111,38,level-up,73,1001
112,23,level-up,1,1001
112,30,level-up,1,1001
112,31,level-up,1,1001
112,39,level-up,1,1001
112,276,level-up,1,1001
112,184,level-up,19,1001
112,350,level-up,23,1001
112,242,level-up,27,1001
112,523,level-up,30,1001
112,498,level-up,34,1001
112,36,level-up,41,1001
112,359,level-up,42,1001
112,529,level-up,47,1001
112,407,level-up,52,1001
112,444,level-up,56,1001
112,89,level-up,62,1001
112,32,level-up,71,1001
112,224,level-up,77,1001
112,38,level-up,85,1001
113,1,level-up,1,1001
113,45,level-up,1,1001
113,111,level-up,1,1001
113,230,level-up,1,1001
113,39,level-up,5,1001
113,287,level-up,9,1001
113,3,level-up,12,1001
113,135,level-up,16,1001
113,516,level-up,20,1001
113,107,level-up,23,1001
113,68,level-up,25,1001
113,36,level-up,27,1001
113,312,level-up,29,1001
113,47,level-up,31,1001
113,374,level-up,34,1001
113,505,level-up,38,1001
113,121,level-up,42,1001
113,113,level-up,46,1001
113,361,level-up,50,1001
113,38,level-up,54,1001
113,356,level-up,58,1001
114,132,level-up,1,1001
114,235,level-up,1,1001
114,275,level-up,1,1001
114,79,level-up,5,1001
114,71,level-up,8,1001
114,74,level-up,12,1001
114,77,level-up,15,1001
114,267,level-up,17,1001
114,22,level-up,19,1001
114,20,level-up,22,1001
114,72,level-up,26,1001
114,78,level-up,29,1001
114,202,level-up,31,1001
114,282,level-up,33,1001
114,246,level-up,36,1001
114,363,level-up,40,1001
114,21,level-up,43,1001
114,321,level-up,47,1001
114,378,level-up,50,1001
114,438,level-up,54,1001
115,4,level-up,1,1001
115,7,level-up,1,1001
115,8,level-up,1,1001
115,9,level-up,1,1001
115,43,level-up,1,1001
115,185,level-up,1,1001
115,252,level-up,7,1001
115,39,level-up,10,1001
115,44,level-up,13,1001
115,458,level-up,19,1001
115,99,level-up,22,1001
115,5,level-up,25,1001
115,498,level-up,31,1001
115,146,level-up,34,1001
115,242,level-up,37,1001
115,409,level-up,40,1001
115,203,level-up,43,1001
115,200,level-up,46,1001
115,389,level-up,49,1001
115,179,level-up,55,1001
115,38,level-up,61,1001
116,82,level-up,1,1001
116,114,level-up,1,1001
116,145,level-up,1,1001
116,108,level-up,4,1001
116,43,level-up,8,1001
116,55,level-up,11,1001
116,116,level-up,14,1001
116,61,level-up,18,1001
116,190,level-up,21,1001
116,97,level-up,23,1001
116,239,level-up,26,1001
116,362,level-up,30,1001
116,225,level-up,32,1001
116,56,level-up,35,1001
116,349,level-up,38,1001
116,406,level-up,42,1001
117,43,level-up,1,1001
117,55,level-up,1,1001
117,82,level-up,1,1001
117,108,level-up,1,1001
117,145,level-up,1,1001
117,116,level-up,14,1001
117,61,level-up,18,1001
117,190,level-up,21,1001
117,97,level-up,23,1001
117,239,level-up,26,1001
117,362,level-up,30,1001
117,225,level-up,32,1001
117,56,level-up,40,1001
117,349,level-up,48,1001
117,406,level-up,57,1001
118,14,level-up,1,1001
118,39,level-up,1,1001
118,64,level-up,1,1001
118,346,level-up,1,1001
118,48,level-up,7,1001
118,30,level-up,11,1001
118,352,level-up,17,1001
118,175,level-up,21,1001
118,392,level-up,27,1001
118,31,level-up,31,1001
118,127,level-up,37,1001
118,32,level-up,41,1001
118,97,level-up,47,1001
118,487,level-up,51,1001
118,224,level-up,57,1001
118,340,level-up,64,1001
119,39,level-up,1,1001
119,48,level-up,1,1001
119,64,level-up,1,1001
119,346,level-up,1,1001
119,398,level-up,1,1001
119,401,level-up,1,1001
119,30,level-up,11,1001
119,352,level-up,17,1001
119,175,level-up,21,1001
119,392,level-up,27,1001
119,31,level-up,31,1001
119,34,level-up,33,1001
119,127,level-up,40,1001
119,32,level-up,47,1001
119,97,level-up,56,1001
119,487,level-up,63,1001
119,224,level-up,72,1001
119,340,level-up,81,1001
120,33,level-up,1,1001
120,106,level-up,1,1001
120,55,level-up,6,1001
120,229,level-up,10,1001
120,105,level-up,15,1001
120,293,level-up,19,1001
120,324,level-up,22,1001
120,129,level-up,24,1001
120,61,level-up,28,1001
120,107,level-up,33,1001
120,360,level-up,37,1001
120,113,level-up,42,1001
120,513,level-up,46,1001
120,408,level-up,51,1001
120,322,level-up,55,1001
120,56,level-up,60,1001
121,55,level-up,1,1001
121,105,level-up,1,1001
121,129,level-up,1,1001
121,229,level-up,1,1001
121,239,level-up,1,1001
121,109,level-up,28,1001
121,220,level-up,46,1001
121,396,level-up,64,1001
123,43,level-up,1,1001
123,49,level-up,1,1001
123,98,level-up,1,1001
123,400,level-up,1,1001
123,410,level-up,1,1001
123,116,level-up,5,1001
123,228,level-up,9,1001
123,206,level-up,13,1001
123,97,level-up,17,1001
123,17,level-up,21,1001
123,210,level-up,25,1001
123,163,level-up,29,1001
123,13,level-up,33,1001
123,104,level-up,37,1001
123,404,level-up,41,1001
123,400,level-up,45,1001
123,458,level-up,49,1001
123,403,level-up,53,1001
123,14,level-up,57,1001
123,364,level-up,61,1001
123,450,level-up,65,1001
124,1,level-up,1,1001
124,80,level-up,1,1001
124,122,level-up,1,1001
124,142,level-up,1,1001
124,181,level-up,1,1001
124,273,level-up,1,1001
124,352,level-up,1,1001
124,3,level-up,15,1001
124,8,level-up,18,1001
124,531,level-up,21,1001
124,212,level-up,25,1001
124,313,level-up,28,1001
124,358,level-up,33,1001
124,419,level-up,39,1001
124,34,level-up,44,1001
124,378,level-up,49,1001
124,195,level-up,55,1001
124,59,level-up,60,1001
124,417,level-up,65,1001
124,354,level-up,71,1001
125,43,level-up,1,1001
125,84,level-up,1,1001
125,98,level-up,1,1001
125,67,level-up,11,1001
125,129,level-up,16,1001
125,351,level-up,21,1001
125,113,level-up,26,1001
125,192,level-up,30,1001
125,486,level-up,32,1001
125,9,level-up,38,1001
125,238,level-up,41,1001
125,435,level-up,44,1001
125,85,level-up,50,1001
125,103,level-up,56,1001
125,87,level-up,62,1001
126,43,level-up,1,1001
126,52,level-up,1,1001
126,123,level-up,1,1001
126,108,level-up,11,1001
126,185,level-up,16,1001
126,83,level-up,21,1001
126,109,level-up,26,1001
126,257,level-up,30,1001
126,481,level-up,32,1001
126,7,level-up,38,1001
126,238,level-up,41,1001
126,436,level-up,44,1001
126,53,level-up,50,1001
126,241,level-up,56,1001
126,126,level-up,62,1001
127,11,level-up,1,1001
127,88,level-up,1,1001
127,116,level-up,1,1001
127,20,level-up,4,1001
127,69,level-up,8,1001
127,106,level-up,13,1001
127,279,level-up,18,1001
127,280,level-up,21,1001
127,233,level-up,25,1001
127,404,level-up,30,1001
127,37,level-up,35,1001
127,14,level-up,38,1001
127,66,level-up,42,1001
127,12,level-up,47,1001
127,276,level-up,52,1001
127,370,level-up,57,1001
127,224,level-up,62,1001
128,33,level-up,1,1001
128,98,level-up,1,1001
128,39,level-up,3,1001
128,99,level-up,5,1001
128,30,level-up,8,1001
128,184,level-up,11,1001
128,228,level-up,15,1001
128,156,level-up,19,1001
128,371,level-up,24,1001
128,526,level-up,29,1001
128,428,level-up,35,1001
128,36,level-up,41,1001
128,207,level-up,48,1001
128,37,level-up,55,1001
128,38,level-up,63,1001
128,224,level-up,72,1001
128,416,level-up,81,1001
129,145,level-up,1,1001
129,150,level-up,1,1001
129,179,level-up,1,1001
129,340,level-up,1,1001
129,33,level-up,15,1001
129,175,level-up,30,1001
130,37,level-up,1,1001
130,44,level-up,20,1001
130,82,level-up,23,1001
130,43,level-up,26,1001
130,239,level-up,29,1001
130,423,level-up,32,1001
130,401,level-up,35,1001
130,240,level-up,38,1001
130,56,level-up,41,1001
130,349,level-up,44,1001
130,63,level-up,47,1001
130,242,level-up,50,1001
130,200,level-up,53,1001
131,44,level-up,1,1001
131,45,level-up,1,1001
131,47,level-up,1,1001
131,55,level-up,1,1001
131,248,level-up,1,1001
131,54,level-up,4,1001
131,109,level-up,7,1001
131,420,level-up,10,1001
131,352,level-up,14,1001
131,34,level-up,18,1001
131,240,level-up,22,1001
131,195,level-up,27,1001
131,58,level-up,32,1001
131,362,level-up,37,1001
131,219,level-up,43,1001
131,56,level-up,49,1001
131,349,level-up,53,1001
131,200,level-up,57,1001
131,401,level-up,61,1001
131,329,level-up,65,1001
131,504,level-up,69,1001
133,33,level-up,1,1001
133,39,level-up,1,1001
133,74,level-up,1,1001
133,270,level-up,1,1001
133,28,level-up,8,1001
133,45,level-up,13,1001
133,98,level-up,18,1001
133,44,level-up,23,1001
133,281,level-up,28,1001
133,226,level-up,33,1001
133,36,level-up,38,1001
133,273,level-up,43,1001
133,387,level-up,48,1001
133,376,level-up,53,1001
134,33,level-up,1,1001
134,39,level-up,1,1001
134,74,level-up,1,1001
134,270,level-up,1,1001
134,28,level-up,8,1001
134,55,level-up,13,1001
134,98,level-up,18,1001
134,44,level-up,23,1001
134,352,level-up,28,1001
134,62,level-up,33,1001
134,392,level-up,38,1001
134,503,level-up,43,1001
134,387,level-up,48,1001
134,114,level-up,53,1001
134,151,level-up,58,1001
134,56,level-up,63,1001
134,330,level-up,68,1001
134,215,level-up,73,1001
135,33,level-up,1,1001
135,39,level-up,1,1001
135,74,level-up,1,1001
135,270,level-up,1,1001
135,28,level-up,8,1001
135,84,level-up,13,1001
135,98,level-up,18,1001
135,24,level-up,23,1001
135,351,level-up,28,1001
135,42,level-up,33,1001
135,422,level-up,38,1001
135,486,level-up,43,1001
135,387,level-up,48,1001
135,86,level-up,53,1001
135,97,level-up,58,1001
135,87,level-up,63,1001
135,435,level-up,68,1001
135,344,level-up,73,1001
136,33,level-up,1,1001
136,39,level-up,1,1001
136,74,level-up,1,1001
136,270,level-up,1,1001
136,28,level-up,8,1001
136,52,level-up,13,1001
136,98,level-up,18,1001
136,44,level-up,23,1001
136,172,level-up,28,1001
136,83,level-up,33,1001
136,424,level-up,38,1001
136,276,level-up,43,1001
136,387,level-up,48,1001
136,123,level-up,53,1001
136,184,level-up,58,1001
136,126,level-up,63,1001
136,436,level-up,68,1001
136,394,level-up,73,1001
137,33,level-up,1,1001
137,112,level-up,1,1001
137,144,level-up,1,1001
137,159,level-up,1,1001
137,160,level-up,1,1001
137,176,level-up,1,1001
137,60,level-up,7,1001
137,97,level-up,12,1001
137,105,level-up,18,1001
137,393,level-up,23,1001
137,324,level-up,29,1001
137,278,level-up,34,1001
137,435,level-up,40,1001
137,199,level-up,45,1001
137,161,level-up,51,1001
137,277,level-up,56,1001
137,192,level-up,62,1001
137,356,level-up,67,1001
138,110,level-up,1,1001
138,132,level-up,1,1001
138,44,level-up,7,1001
138,55,level-up,10,1001
138,205,level-up,16,1001
138,43,level-up,19,1001
138,341,level-up,25,1001
138,362,level-up,28,1001
138,182,level-up,34,1001
138,246,level-up,37,1001
138,408,level-up,40,1001
138,321,level-up,43,1001
138,350,level-up,46,1001
138,504,level-up,52,1001
138,56,level-up,55,1001
138,414,level-up,58,1001
139,44,level-up,1,1001
139,110,level-up,1,1001
139,132,level-up,1,1001
139,55,level-up,10,1001
139,205,level-up,16,1001
139,43,level-up,19,1001
139,341,level-up,25,1001
139,362,level-up,28,1001
139,182,level-up,34,1001
139,246,level-up,37,1001
139,131,level-up,40,1001
139,408,level-up,40,1001
139,321,level-up,48,1001
139,350,level-up,56,1001
139,504,level-up,67,1001
139,56,level-up,75,1001
139,414,level-up,83,1001
142,17,level-up,1,1001
142,44,level-up,1,1001
142,48,level-up,1,1001
142,184,level-up,1,1001
142,422,level-up,1,1001
142,423,level-up,1,1001
142,424,level-up,1,1001
142,46,level-up,9,1001
142,97,level-up,17,1001
142,246,level-up,25,1001
142,242,level-up,33,1001
142,36,level-up,41,1001
142,507,level-up,49,1001
142,442,level-up,57,1001
142,63,level-up,65,1001
142,157,level-up,73,1001
142,349,level-up,81,1001
142,457,level-up,89,1001
142,416,level-up,97,1001
143,33,level-up,1,1001
143,402,level-up,1,1001
143,441,level-up,1,1001
143,111,level-up,4,1001
143,133,level-up,9,1001
143,122,level-up,12,1001
143,187,level-up,17,1001
143,281,level-up,20,1001
143,498,level-up,25,1001
143,156,level-up,28,1001
143,173,level-up,28,1001
143,214,level-up,33,1001
143,34,level-up,36,1001
143,335,level-up,41,1001
143,205,level-up,44,1001
143,242,level-up,49,1001
143,484,level-up,52,1001
143,416,level-up,57,1001
143,303,level-up,62,1001
143,38,level-up,67,1001
143,120,level-up,72,1001
147,35,level-up,1,1001
147,43,level-up,1,1001
147,56,level-up,1,1001
147,86,level-up,5,1001
147,239,level-up,11,1001
147,82,level-up,15,1001
147,21,level-up,21,1001
147,97,level-up,25,1001
147,525,level-up,31,1001
147,401,level-up,35,1001
147,407,level-up,41,1001
147,219,level-up,45,1001
147,349,level-up,51,1001
147,200,level-up,55,1001
147,406,level-up,61,1001
147,63,level-up,65,1001
148,35,level-up,1,1001
148,43,level-up,1,1001
148,86,level-up,1,1001
148,239,level-up,1,1001
148,489,level-up,1,1001
148,82,level-up,15,1001
148,21,level-up,21,1001
148,97,level-up,25,1001
148,525,level-up,33,1001
148,401,level-up,39,1001
148,407,level-up,47,1001
148,219,level-up,53,1001
148,349,level-up,61,1001
148,200,level-up,67,1001
148,406,level-up,75,1001
148,63,level-up,81,1001
149,7,level-up,1,1001
149,9,level-up,1,1001
149,35,level-up,1,1001
149,43,level-up,1,1001
149,86,level-up,1,1001
149,239,level-up,1,1001
149,245,level-up,1,1001
149,355,level-up,1,1001
149,82,level-up,15,1001
149,21,level-up,21,1001
149,97,level-up,25,1001
149,525,level-up,33,1001
149,401,level-up,39,1001
149,407,level-up,47,1001
149,219,level-up,53,1001
149,17,level-up,55,1001
149,349,level-up,61,1001
149,200,level-up,67,1001
149,406,level-up,75,1001
149,542,level-up,81,1001
149,63,level-up,89,1001
152,33,level-up,1,1001
152,45,level-up,1,1001
152,75,level-up,6,1001
152,77,level-up,9,1001
152,78,level-up,9,1001
152,79,level-up,9,1001
152,235,level-up,12,1001
152,267,level-up,15,1001
152,115,level-up,17,1001
152,345,level-up,20,1001
152,363,level-up,23,1001
152,230,level-up,28,1001
152,113,level-up,31,1001
152,34,level-up,34,1001
152,219,level-up,39,1001
152,312,level-up,42,1001
152,76,level-up,45,1001
152,437,level-up,48,1001
153,33,level-up,1,1001
153,45,level-up,1,1001
153,75,level-up,1,1001
153,77,level-up,1,1001
153,78,level-up,9,1001
153,79,level-up,9,1001
153,235,level-up,12,1001
153,267,level-up,15,1001
153,115,level-up,18,1001
153,345,level-up,22,1001
153,363,level-up,26,1001
153,230,level-up,32,1001
153,113,level-up,36,1001
153,34,level-up,40,1001
153,219,level-up,46,1001
153,312,level-up,50,1001
153,76,level-up,54,1001
153,437,level-up,58,1001
154,33,level-up,1,1001
154,45,level-up,1,1001
154,75,level-up,1,1001
154,77,level-up,1,1001
154,320,level-up,1,1001
154,78,level-up,9,1001
154,79,level-up,9,1001
154,235,level-up,12,1001
154,267,level-up,15,1001
154,115,level-up,18,1001
154,345,level-up,22,1001
154,363,level-up,26,1001
154,80,level-up,32,1001
154,230,level-up,34,1001
154,113,level-up,40,1001
154,34,level-up,46,1001
154,219,level-up,54,1001
154,312,level-up,60,1001
154,76,level-up,66,1001
154,437,level-up,72,1001
155,33,level-up,1,1001
155,43,level-up,1,1001
155,108,level-up,6,1001
155,52,level-up,10,1001
155,98,level-up,13,1001
155,326,level-up,16,1001
155,172,level-up,19,1001
155,111,level-up,22,1001
155,488,level-up,28,1001
155,129,level-up,31,1001
155,436,level-up,37,1001
155,53,level-up,40,1001
155,517,level-up,46,1001
155,205,level-up,49,1001
155,267,level-up,52,1001
155,38,level-up,55,1001
155,284,level-up,58,1001
156,33,level-up,1,1001
156,43,level-up,1,1001
156,108,level-up,1,1001
156,52,level-up,10,1001
156,98,level-up,13,1001
156,326,level-up,16,1001
156,172,level-up,20,1001
156,111,level-up,24,1001
156,129,level-up,31,1001
156,488,level-up,35,1001
156,436,level-up,42,1001
156,53,level-up,46,1001
156,517,level-up,53,1001
156,205,level-up,57,1001
156,267,level-up,61,1001
156,38,level-up,64,1001
156,284,level-up,68,1001
157,9,level-up,1,1001
157,33,level-up,1,1001
157,43,level-up,1,1001
157,52,level-up,1,1001
157,108,level-up,1,1001
157,360,level-up,1,1001
157,414,level-up,1,1001
157,98,level-up,13,1001
157,326,level-up,16,1001
157,172,level-up,20,1001
157,111,level-up,24,1001
157,129,level-up,31,1001
157,488,level-up,35,1001
157,436,level-up,43,1001
157,53,level-up,48,1001
157,517,level-up,56,1001
157,205,level-up,61,1001
157,267,level-up,65,1001
157,38,level-up,69,1001
157,284,level-up,74,1001
158,10,level-up,1,1001
158,43,level-up,1,1001
158,55,level-up,6,1001
158,99,level-up,8,1001
158,44,level-up,13,1001
158,184,level-up,15,1001
158,423,level-up,20,1001
158,175,level-up,22,1001
158,242,level-up,27,1001
158,498,level-up,29,1001
158,163,level-up,34,1001
158,103,level-up,36,1001
158,37,level-up,41,1001
158,401,level-up,43,1001
158,276,level-up,48,1001
158,56,level-up,50,1001
158,349,level-up,54,1001
159,10,level-up,1,1001
159,43,level-up,1,1001
159,55,level-up,1,1001
159,99,level-up,8,1001
159,44,level-up,13,1001
159,184,level-up,15,1001
159,423,level-up,21,1001
159,175,level-up,24,1001
159,242,level-up,30,1001
159,498,level-up,33,1001
159,163,level-up,39,1001
159,103,level-up,42,1001
159,37,level-up,48,1001
159,401,level-up,51,1001
159,276,level-up,57,1001
159,56,level-up,60,1001
159,349,level-up,64,1001
160,8,level-up,1,1001
160,10,level-up,1,1001
160,43,level-up,1,1001
160,55,level-up,1,1001
160,66,level-up,1,1001
160,99,level-up,1,1001
160,44,level-up,13,1001
160,184,level-up,15,1001
160,423,level-up,21,1001
160,175,level-up,24,1001
160,97,level-up,30,1001
160,242,level-up,32,1001
160,498,level-up,37,1001
160,163,level-up,45,1001
160,103,level-up,50,1001
160,37,level-up,58,1001
160,401,level-up,63,1001
160,276,level-up,71,1001
160,56,level-up,76,1001
160,349,level-up,81,1001
161,10,level-up,1,1001
161,146,level-up,1,1001
161,193,level-up,1,1001
161,111,level-up,4,1001
161,98,level-up,7,1001
161,154,level-up,13,1001
161,270,level-up,16,1001
161,266,level-up,19,1001
161,162,level-up,22,1001
161,21,level-up,25,1001
161,156,level-up,28,1001
161,389,level-up,31,1001
161,133,level-up,36,1001
161,226,level-up,39,1001
161,382,level-up,42,1001
161,304,level-up,47,1001
162,10,level-up,1,1001
162,98,level-up,1,1001
162,111,level-up,1,1001
162,193,level-up,1,1001
162,154,level-up,13,1001
162,270,level-up,17,1001
162,266,level-up,21,1001
162,162,level-up,25,1001
162,21,level-up,28,1001
162,156,level-up,32,1001
162,389,level-up,36,1001
162,133,level-up,42,1001
162,226,level-up,46,1001
162,382,level-up,50,1001
162,304,level-up,56,1001
163,33,level-up,1,1001
163,45,level-up,1,1001
163,101,level-up,1,1001
163,193,level-up,1,1001
163,95,level-up,5,1001
163,64,level-up,9,1001
163,253,level-up,13,1001
163,115,level-up,17,1001
163,93,level-up,21,1001
163,497,level-up,25,1001
163,36,level-up,29,1001
163,403,level-up,33,1001
163,428,level-up,37,1001
163,485,level-up,41,1001
163,326,level-up,45,1001
163,375,level-up,49,1001
163,355,level-up,53,1001
163,138,level-up,57,1001
163,417,level-up,61,1001
164,33,level-up,1,1001
164,45,level-up,1,1001
164,95,level-up,1,1001
164,143,level-up,1,1001
164,193,level-up,1,1001
164,257,level-up,1,1001
164,318,level-up,1,1001
164,466,level-up,1,1001
164,64,level-up,9,1001
164,253,level-up,13,1001
164,115,level-up,17,1001
164,93,level-up,22,1001
164,497,level-up,27,1001
164,36,level-up,32,1001
164,403,level-up,37,1001
164,428,level-up,42,1001
164,485,level-up,47,1001
164,326,level-up,52,1001
164,375,level-up,57,1001
164,355,level-up,62,1001
164,138,level-up,67,1001
164,417,level-up,72,1001
166,4,level-up,1,1001
166,33,level-up,1,1001
166,48,level-up,1,1001
166,113,level-up,14,1001
166,115,level-up,14,1001
166,219,level-up,14,1001
166,183,level-up,17,1001
166,7,level-up,18,1001
166,8,level-up,18,1001
166,9,level-up,18,1001
166,146,level-up,18,1001
166,409,level-up,18,1001
166,226,level-up,24,1001
166,318,level-up,29,1001
166,97,level-up,36,1001
166,129,level-up,41,1001
166,38,level-up,48,1001
166,405,level-up,53,1001
167,40,level-up,1,1001
167,81,level-up,1,1001
167,184,level-up,5,1001
167,132,level-up,8,1001
167,141,level-up,12,1001
167,450,level-up,12,1001
167,101,level-up,15,1001
167,527,level-up,17,1001
167,425,level-up,19,1001
167,154,level-up,22,1001
167,389,level-up,26,1001
167,169,level-up,29,1001
167,97,level-up,33,1001
167,42,level-up,36,1001
167,94,level-up,40,1001
167,398,level-up,43,1001
167,440,level-up,47,1001
168,40,level-up,1,1001
168,81,level-up,1,1001
168,132,level-up,1,1001
168,184,level-up,1,1001
168,450,level-up,1,1001
168,141,level-up,12,1001
168,450,level-up,12,1001
168,101,level-up,15,1001
168,527,level-up,17,1001
168,425,level-up,19,1001
168,154,level-up,23,1001
168,389,level-up,28,1001
168,169,level-up,32,1001
168,97,level-up,37,1001
168,42,level-up,41,1001
168,94,level-up,46,1001
168,398,level-up,50,1001
168,440,level-up,55,1001
169,48,level-up,1,1001
169,103,level-up,1,1001
169,141,level-up,1,1001
169,257,level-up,1,1001
169,310,level-up,1,1001
169,440,level-up,1,1001
169,44,level-up,13,1001
169,17,level-up,16,1001
169,95,level-up,18,1001
169,109,level-up,21,1001
169,355,level-up,22,1001
169,314,level-up,27,1001
169,212,level-up,33,1001
169,512,level-up,39,1001
169,305,level-up,45,1001
169,114,level-up,51,1001
169,403,level-up,57,1001
169,417,level-up,63,1001
169,413,level-up,69,1001
170,48,level-up,1,1001
170,113,level-up,1,1001
170,145,level-up,1,1001
170,86,level-up,6,1001
170,175,level-up,9,1001
170,109,level-up,12,1001
170,55,level-up,17,1001
170,209,level-up,20,1001
170,36,level-up,23,1001
170,486,level-up,28,1001
170,61,level-up,31,1001
170,324,level-up,34,1001
170,435,level-up,39,1001
170,392,level-up,42,1001
170,56,level-up,45,1001
170,268,level-up,50,1001
172,84,level-up,1,1001
172,204,level-up,1,1001
172,39,level-up,5,1001
172,86,level-up,10,1001
172,186,level-up,13,1001
172,417,level-up,18,1001
172,273,level-up,23,1001
172,47,level-up,28,1001
172,80,level-up,33,1001
172,146,level-up,38,1001
173,1,level-up,1,1001
173,118,level-up,1,1001
173,204,level-up,1,1001
173,227,level-up,4,1001
173,47,level-up,7,1001
173,186,level-up,10,1001
173,383,level-up,13,1001
173,345,level-up,16,1001
173,500,level-up,19,1001
173,129,level-up,22,1001
173,80,level-up,25,1001
174,47,level-up,1,1001
174,118,level-up,1,1001
174,204,level-up,1,1001
174,111,level-up,5,1001
174,1,level-up,9,1001
174,186,level-up,13,1001
174,383,level-up,17,1001
174,313,level-up,21,1001
174,102,level-up,25,1001
174,80,level-up,29,1001
175,45,level-up,1,1001
175,204,level-up,1,1001
175,326,level-up,1,1001
175,118,level-up,5,1001
175,186,level-up,9,1001
175,281,level-up,13,1001
175,161,level-up,15,1001
175,227,level-up,17,1001
175,266,level-up,21,1001
175,516,level-up,25,1001
175,500,level-up,27,1001
175,273,level-up,29,1001
175,135,level-up,31,1001
175,246,level-up,33,1001
175,219,level-up,37,1001
175,226,level-up,41,1001
175,38,level-up,45,1001
175,387,level-up,49,1001
175,495,level-up,53,1001
176,45,level-up,1,1001
176,118,level-up,1,1001
176,186,level-up,1,1001
176,204,level-up,1,1001
176,326,level-up,1,1001
176,345,level-up,1,1001
176,281,level-up,13,1001
176,161,level-up,15,1001
176,227,level-up,17,1001
176,266,level-up,21,1001
176,516,level-up,25,1001
176,500,level-up,27,1001
176,273,level-up,29,1001
176,135,level-up,31,1001
176,246,level-up,33,1001
176,219,level-up,37,1001
176,226,level-up,41,1001
176,38,level-up,45,1001
176,387,level-up,49,1001
176,495,level-up,53,1001
177,219,level-up,1,1001
177,314,level-up,1,1001
177,101,level-up,6,1001
177,100,level-up,9,1001
177,381,level-up,12,1001
177,93,level-up,14,1001
177,357,level-up,17,1001
177,382,level-up,20,1001
177,109,level-up,23,1001
177,273,level-up,28,1001
177,427,level-up,30,1001
177,375,level-up,33,1001
177,248,level-up,36,1001
177,500,level-up,39,1001
177,403,level-up,42,1001
177,466,level-up,44,1001
177,384,level-up,47,1001
177,385,level-up,47,1001
177,94,level-up,50,1001
178,314,level-up,1,1001
178,101,level-up,6,1001
178,100,level-up,9,1001
178,381,level-up,12,1001
178,93,level-up,14,1001
178,357,level-up,17,1001
178,382,level-up,20,1001
178,109,level-up,23,1001
178,366,level-up,27,1001
178,273,level-up,30,1001
178,427,level-up,33,1001
178,375,level-up,37,1001
178,248,level-up,42,1001
178,500,level-up,47,1001
178,403,level-up,51,1001
178,384,level-up,54,1001
178,466,level-up,54,1001
178,385,level-up,59,1001
178,94,level-up,66,1001
179,33,level-up,1,1001
179,268,level-up,1,1001
179,45,level-up,5,1001
179,84,level-up,10,1001
179,86,level-up,14,1001
179,351,level-up,16,1001
179,178,level-up,19,1001
179,268,level-up,23,1001
179,486,level-up,28,1001
179,538,level-up,32,1001
179,435,level-up,37,1001
179,324,level-up,41,1001
179,113,level-up,46,1001
179,408,level-up,50,1001
179,87,level-up,55,1001
179,192,level-up,60,1001
180,33,level-up,1,1001
180,45,level-up,1,1001
180,84,level-up,1,1001
180,268,level-up,1,1001
180,86,level-up,14,1001
180,351,level-up,17,1001
180,178,level-up,20,1001
180,268,level-up,25,1001
180,486,level-up,31,1001
180,538,level-up,36,1001
180,435,level-up,42,1001
180,324,level-up,47,1001
180,113,level-up,53,1001
180,408,level-up,59,1001
180,87,level-up,65,1001
180,192,level-up,71,1001
181,7,level-up,1,1001
181,33,level-up,1,1001
181,45,level-up,1,1001
181,84,level-up,1,1001
181,86,level-up,1,1001
181,268,level-up,1,1001
181,294,level-up,1,1001
181,406,level-up,1,1001
181,351,level-up,17,1001
181,178,level-up,20,1001
181,268,level-up,25,1001
181,9,level-up,30,1001
181,486,level-up,33,1001
181,538,level-up,40,1001
181,435,level-up,48,1001
181,324,level-up,55,1001
181,113,level-up,63,1001
181,408,level-up,71,1001
181,87,level-up,79,1001
181,192,level-up,87,1001
182,72,level-up,1,1001
182,78,level-up,1,1001
182,80,level-up,1,1001
182,230,level-up,1,1001
182,241,level-up,1,1001
182,348,level-up,1,1001
182,345,level-up,23,1001
182,483,level-up,38,1001
182,437,level-up,53,1001
182,414,level-up,65,1001
183,33,level-up,1,1001
183,146,level-up,1,1001
183,111,level-up,2,1001
183,39,level-up,7,1001
183,55,level-up,10,1001
183,205,level-up,15,1001
183,61,level-up,18,1001
183,453,level-up,21,1001
183,392,level-up,23,1001
183,8,level-up,25,1001
183,38,level-up,27,1001
183,240,level-up,32,1001
183,401,level-up,37,1001
183,56,level-up,42,1001
183,276,level-up,47,1001
184,33,level-up,1,1001
184,39,level-up,1,1001
184,55,level-up,1,1001
184,111,level-up,1,1001
184,205,level-up,15,1001
184,61,level-up,20,1001
184,453,level-up,24,1001
184,392,level-up,27,1001
184,8,level-up,30,1001
184,38,level-up,33,1001
184,240,level-up,40,1001
184,401,level-up,47,1001
184,56,level-up,54,1001
184,276,level-up,61,1001
185,7,level-up,1,1001
185,8,level-up,1,1001
185,9,level-up,1,1001
185,67,level-up,1,1001
185,88,level-up,1,1001
185,175,level-up,1,1001
185,383,level-up,1,1001
185,452,level-up,1,1001
185,102,level-up,17,1001
185,335,level-up,22,1001
185,185,level-up,25,1001
185,317,level-up,30,1001
185,157,level-up,33,1001
185,21,level-up,38,1001
185,389,level-up,41,1001
185,38,level-up,46,1001
185,359,level-up,49,1001
185,120,level-up,53,1001
187,97,level-up,1,1001
187,150,level-up,1,1001
187,235,level-up,4,1001
187,39,level-up,7,1001
187,33,level-up,10,1001
187,77,level-up,12,1001
187,78,level-up,14,1001
187,79,level-up,16,1001
187,331,level-up,19,1001
187,73,level-up,22,1001
187,72,level-up,25,1001
187,512,level-up,28,1001
187,476,level-up,31,1001
187,178,level-up,34,1001
187,369,level-up,37,1001
187,388,level-up,40,1001
187,202,level-up,43,1001
187,340,level-up,46,1001
187,262,level-up,49,1001
187,538,level-up,52,1001
188,33,level-up,1,1001
188,39,level-up,1,1001
188,150,level-up,1,1001
188,235,level-up,1,1001
188,77,level-up,12,1001
188,78,level-up,14,1001
188,79,level-up,16,1001
188,331,level-up,20,1001
188,73,level-up,24,1001
188,72,level-up,28,1001
188,512,level-up,32,1001
188,476,level-up,36,1001
188,178,level-up,40,1001
188,369,level-up,44,1001
188,388,level-up,48,1001
188,202,level-up,52,1001
188,340,level-up,56,1001
188,262,level-up,60,1001
188,538,level-up,64,1001
189,33,level-up,1,1001
189,39,level-up,1,1001
189,150,level-up,1,1001
189,235,level-up,1,1001
189,77,level-up,12,1001
189,78,level-up,14,1001
189,79,level-up,16,1001
189,331,level-up,20,1001
189,73,level-up,24,1001
189,72,level-up,29,1001
189,512,level-up,34,1001
189,476,level-up,39,1001
189,178,level-up,44,1001
189,369,level-up,49,1001
189,388,level-up,54,1001
189,202,level-up,59,1001
189,340,level-up,64,1001
189,262,level-up,69,1001
189,538,level-up,74,1001
189,312,level-up,79,1001
190,10,level-up,1,1001
190,39,level-up,1,1001
190,28,level-up,4,1001
190,310,level-up,8,1001
190,226,level-up,11,1001
190,321,level-up,15,1001
190,154,level-up,18,1001
190,129,level-up,22,1001
190,103,level-up,25,1001
190,97,level-up,29,1001
190,458,level-up,32,1001
190,374,level-up,36,1001
190,417,level-up,39,1001
190,387,level-up,43,1001
190,252,level-up,47,1001
191,71,level-up,1,1001
191,74,level-up,1,1001
191,72,level-up,5,1001
191,275,level-up,9,1001
191,320,level-up,13,1001
191,73,level-up,17,1001
191,267,level-up,20,1001
191,283,level-up,21,1001
191,388,level-up,25,1001
191,75,level-up,29,1001
191,414,level-up,32,1001
191,235,level-up,33,1001
191,241,level-up,37,1001
191,234,level-up,38,1001
191,202,level-up,41,1001
191,402,level-up,45,1001
192,1,level-up,1,1001
192,71,level-up,1,1001
192,74,level-up,1,1001
192,72,level-up,5,1001
192,275,level-up,9,1001
192,320,level-up,13,1001
192,73,level-up,17,1001
192,267,level-up,20,1001
192,331,level-up,21,1001
192,388,level-up,25,1001
192,75,level-up,29,1001
192,414,level-up,32,1001
192,80,level-up,33,1001
192,241,level-up,37,1001
192,552,level-up,38,1001
192,76,level-up,41,1001
192,437,level-up,45,1001
193,33,level-up,1,1001
193,193,level-up,1,1001
193,211,level-up,1,1001
193,98,level-up,6,1001
193,104,level-up,11,1001
193,49,level-up,14,1001
193,197,level-up,17,1001
193,314,level-up,20,1001
193,48,level-up,22,1001
193,324,level-up,25,1001
193,253,level-up,27,1001
193,228,level-up,30,1001
193,246,level-up,33,1001
193,202,level-up,36,1001
193,95,level-up,38,1001
193,17,level-up,43,1001
193,103,level-up,46,1001
193,369,level-up,49,1001
193,403,level-up,54,1001
193,405,level-up,57,1001
194,39,level-up,1,1001
194,55,level-up,1,1001
194,187,level-up,1,1001
194,300,level-up,5,1001
194,341,level-up,9,1001
194,491,level-up,12,1001
194,21,level-up,15,1001
194,426,level-up,19,1001
194,133,level-up,23,1001
194,401,level-up,26,1001
194,281,level-up,29,1001
194,89,level-up,33,1001
194,240,level-up,37,1001
194,54,level-up,43,1001
194,114,level-up,43,1001
194,330,level-up,47,1001
194,105,level-up,51,1001
195,34,level-up,1,1001
195,39,level-up,1,1001
195,55,level-up,1,1001
195,300,level-up,1,1001
195,341,level-up,9,1001
195,491,level-up,12,1001
195,21,level-up,15,1001
195,426,level-up,19,1001
195,133,level-up,24,1001
195,401,level-up,28,1001
195,281,level-up,31,1001
195,89,level-up,36,1001
195,240,level-up,41,1001
195,54,level-up,48,1001
195,114,level-up,48,1001
195,330,level-up,53,1001
195,105,level-up,58,1001
196,33,level-up,1,1001
196,39,level-up,1,1001
196,74,level-up,1,1001
196,270,level-up,1,1001
196,28,level-up,8,1001
196,93,level-up,13,1001
196,98,level-up,18,1001
196,129,level-up,23,1001
196,408,level-up,28,1001
196,60,level-up,33,1001
196,248,level-up,38,1001
196,313,level-up,43,1001
196,387,level-up,48,1001
196,244,level-up,53,1001
196,94,level-up,58,1001
196,234,level-up,63,1001
196,384,level-up,68,1001
196,396,level-up,73,1001
197,33,level-up,1,1001
197,39,level-up,1,1001
197,74,level-up,1,1001
197,270,level-up,1,1001
197,28,level-up,8,1001
197,228,level-up,13,1001
197,98,level-up,18,1001
197,109,level-up,23,1001
197,321,level-up,28,1001
197,185,level-up,33,1001
197,372,level-up,38,1001
197,492,level-up,43,1001
197,387,level-up,48,1001
197,212,level-up,53,1001
197,103,level-up,58,1001
197,236,level-up,63,1001
197,385,level-up,68,1001
197,379,level-up,73,1001
198,64,level-up,1,1001
198,251,level-up,1,1001
198,310,level-up,1,1001
198,228,level-up,5,1001
198,114,level-up,11,1001
198,17,level-up,15,1001
198,101,level-up,21,1001
198,372,level-up,25,1001
198,269,level-up,31,1001
198,65,level-up,35,1001
198,185,level-up,35,1001
198,212,level-up,41,1001
198,492,level-up,45,1001
198,366,level-up,51,1001
198,389,level-up,55,1001
198,259,level-up,61,1001
198,511,level-up,65,1001
198,413,level-up,71,1001
199,33,level-up,1,1001
199,174,level-up,1,1001
199,237,level-up,1,1001
199,281,level-up,1,1001
199,408,level-up,1,1001
199,45,level-up,5,1001
199,55,level-up,9,1001
199,93,level-up,14,1001
199,50,level-up,19,1001
199,362,level-up,21,1001
199,29,level-up,23,1001
199,352,level-up,28,1001
199,428,level-up,32,1001
199,417,level-up,36,1001
199,207,level-up,41,1001
199,94,level-up,45,1001
199,376,level-up,49,1001
199,244,level-up,54,1001
199,505,level-up,58,1001
199,396,level-up,62,1001
200,45,level-up,1,1001
200,149,level-up,1,1001
200,180,level-up,5,1001
200,310,level-up,10,1001
200,109,level-up,14,1001
200,212,level-up,19,1001
200,506,level-up,23,1001
200,60,level-up,28,1001
200,220,level-up,32,1001
200,371,level-up,37,1001
200,247,level-up,41,1001
200,195,level-up,46,1001
200,288,level-up,50,1001
200,408,level-up,55,1001
200,417,level-up,60,1001
200,95,level-up,64,1001
200,194,level-up,69,1001
201,237,level-up,1,1001
201,290,level-up,11,1001
201,267,level-up,21,1001
201,246,level-up,31,1001
201,322,level-up,41,1001
201,414,level-up,51,1001
201,500,level-up,61,1001
202,68,level-up,1,1001
202,194,level-up,1,1001
202,219,level-up,1,1001
202,243,level-up,1,1001
202,102,level-up,15,1001
203,33,level-up,1,1001
203,45,level-up,1,1001
203,93,level-up,1,1001
203,310,level-up,1,1001
203,384,level-up,1,1001
203,385,level-up,1,1001
203,316,level-up,5,1001
203,23,level-up,10,1001
203,97,level-up,14,1001
203,60,level-up,19,1001
203,226,level-up,23,1001
203,372,level-up,28,1001
203,458,level-up,32,1001
203,94,level-up,37,1001
203,428,level-up,41,1001
203,242,level-up,46,1001
203,417,level-up,51,1001
204,33,level-up,1,1001
204,182,level-up,1,1001
204,120,level-up,6,1001
204,450,level-up,9,1001
204,36,level-up,12,1001
204,229,level-up,17,1001
204,117,level-up,20,1001
204,363,level-up,23,1001
204,68,level-up,26,1001
204,191,level-up,28,1001
204,371,level-up,31,1001
204,153,level-up,34,1001
204,334,level-up,39,1001
204,360,level-up,42,1001
204,38,level-up,45,1001
205,33,level-up,1,1001
205,120,level-up,1,1001
205,182,level-up,1,1001
205,390,level-up,1,1001
205,450,level-up,1,1001
205,36,level-up,12,1001
205,229,level-up,17,1001
205,117,level-up,20,1001
205,363,level-up,23,1001
205,68,level-up,26,1001
205,191,level-up,28,1001
205,429,level-up,31,1001
205,475,level-up,32,1001
205,371,level-up,36,1001
205,153,level-up,42,1001
205,334,level-up,46,1001
205,360,level-up,50,1001
205,38,level-up,56,1001
205,393,level-up,60,1001
205,192,level-up,64,1001
205,484,level-up,70,1001
206,32,level-up,1,1001
206,99,level-up,1,1001
206,111,level-up,4,1001
206,281,level-up,8,1001
206,137,level-up,12,1001
206,205,level-up,16,1001
206,180,level-up,20,1001
206,228,level-up,24,1001
206,103,level-up,28,1001
206,355,level-up,33,1001
206,36,level-up,38,1001
206,489,level-up,43,1001
206,246,level-up,48,1001
206,91,level-up,53,1001
206,283,level-up,58,1001
206,175,level-up,63,1001
208,20,level-up,1,1001
208,33,level-up,1,1001
208,106,level-up,1,1001
208,300,level-up,1,1001
208,422,level-up,1,1001
208,423,level-up,1,1001
208,424,level-up,1,1001
208,489,level-up,3,1001
208,103,level-up,6,1001
208,88,level-up,9,1001
208,99,level-up,14,1001
208,317,level-up,17,1001
208,479,level-up,22,1001
208,201,level-up,25,1001
208,475,level-up,30,1001
208,21,level-up,33,1001
208,446,level-up,38,1001
208,225,level-up,41,1001
208,174,level-up,46,1001
208,231,level-up,49,1001
208,242,level-up,54,1001
208,38,level-up,57,1001
208,444,level-up,62,1001
209,33,level-up,1,1001
209,39,level-up,1,1001
209,118,level-up,1,1001
209,142,level-up,1,1001
209,184,level-up,1,1001
209,204,level-up,1,1001
209,422,level-up,1,1001
209,423,level-up,1,1001
209,424,level-up,1,1001
209,44,level-up,7,1001
209,122,level-up,13,1001
209,29,level-up,19,1001
209,46,level-up,25,1001
209,99,level-up,31,1001
209,36,level-up,37,1001
209,371,level-up,43,1001
209,242,level-up,49,1001
209,370,level-up,53,1001
210,33,level-up,1,1001
210,39,level-up,1,1001
210,118,level-up,1,1001
210,184,level-up,1,1001
210,204,level-up,1,1001
210,422,level-up,1,1001
210,423,level-up,1,1001
210,424,level-up,1,1001
210,44,level-up,7,1001
210,122,level-up,13,1001
210,29,level-up,19,1001
210,46,level-up,27,1001
210,99,level-up,35,1001
210,36,level-up,43,1001
210,371,level-up,51,1001
210,242,level-up,59,1001
210,370,level-up,61,1001
210,200,level-up,67,1001
211,33,level-up,1,1001
211,38,level-up,1,1001
211,40,level-up,1,1001
211,191,level-up,1,1001
211,106,level-up,9,1001
211,107,level-up,9,1001
211,55,level-up,13,1001
211,205,level-up,17,1001
211,390,level-up,21,1001
211,254,level-up,25,1001
211,255,level-up,25,1001
211,279,level-up,29,1001
211,362,level-up,33,1001
211,42,level-up,37,1001
211,36,level-up,41,1001
211,401,level-up,45,1001
211,398,level-up,49,1001
211,194,level-up,53,1001
211,56,level-up,57,1001
211,220,level-up,61,1001
212,43,level-up,1,1001
212,98,level-up,1,1001
212,152,level-up,1,1001
212,400,level-up,1,1001
212,418,level-up,1,1001
212,116,level-up,5,1001
212,228,level-up,9,1001
212,206,level-up,13,1001
212,97,level-up,17,1001
212,232,level-up,21,1001
212,210,level-up,25,1001
212,163,level-up,29,1001
212,13,level-up,33,1001
212,334,level-up,37,1001
212,404,level-up,41,1001
212,400,level-up,45,1001
212,458,level-up,49,1001
212,442,level-up,53,1001
212,14,level-up,57,1001
212,364,level-up,61,1001
212,450,level-up,65,1001
214,30,level-up,1,1001
214,33,level-up,1,1001
214,43,level-up,1,1001
214,203,level-up,1,1001
214,400,level-up,1,1001
214,450,level-up,3,1001
214,31,level-up,7,1001
214,332,level-up,13,1001
214,280,level-up,19,1001
214,68,level-up,25,1001
214,36,level-up,31,1001
214,370,level-up,37,1001
214,179,level-up,43,1001
214,364,level-up,49,1001
214,224,level-up,55,1001
214,32,level-up,67,1001
215,10,level-up,1,1001
215,43,level-up,1,1001
215,236,level-up,1,1001
215,269,level-up,1,1001
215,98,level-up,8,1001
215,103,level-up,10,1001
215,185,level-up,14,1001
215,154,level-up,21,1001
215,97,level-up,24,1001
215,196,level-up,28,1001
215,8,level-up,32,1001
215,468,level-up,35,1001
215,163,level-up,38,1001
215,251,level-up,42,1001
215,232,level-up,49,1001
215,420,level-up,51,1001
215,242,level-up,56,1001
217,7,level-up,1,1001
217,8,level-up,1,1001
217,9,level-up,1,1001
217,10,level-up,1,1001
217,43,level-up,1,1001
217,122,level-up,1,1001
217,242,level-up,1,1001
217,313,level-up,1,1001
217,343,level-up,1,1001
217,409,level-up,1,1001
217,154,level-up,8,1001
217,185,level-up,15,1001
217,230,level-up,22,1001
217,163,level-up,29,1001
217,370,level-up,30,1001
217,184,level-up,38,1001
217,156,level-up,47,1001
217,173,level-up,49,1001
217,37,level-up,58,1001
217,359,level-up,67,1001
218,123,level-up,1,1001
218,281,level-up,1,1001
218,52,level-up,5,1001
218,88,level-up,10,1001
218,106,level-up,14,1001
218,105,level-up,19,1001
218,481,level-up,23,1001
218,246,level-up,28,1001
218,133,level-up,32,1001
218,436,level-up,37,1001
218,157,level-up,41,1001
218,34,level-up,46,1001
218,53,level-up,50,1001
218,414,level-up,55,1001
218,408,level-up,60,1001
219,52,level-up,1,1001
219,88,level-up,1,1001
219,123,level-up,1,1001
219,281,level-up,1,1001
219,106,level-up,14,1001
219,105,level-up,19,1001
219,481,level-up,23,1001
219,246,level-up,28,1001
219,133,level-up,32,1001
219,436,level-up,37,1001
219,504,level-up,38,1001
219,157,level-up,44,1001
219,34,level-up,52,1001
219,53,level-up,59,1001
219,414,level-up,67,1001
219,408,level-up,74,1001
220,33,level-up,1,1001
220,316,level-up,1,1001
220,300,level-up,4,1001
220,181,level-up,8,1001
220,333,level-up,11,1001
220,189,level-up,13,1001
220,203,level-up,16,1001
220,426,level-up,20,1001
220,34,level-up,23,1001
220,196,level-up,25,1001
220,420,level-up,28,1001
220,419,level-up,30,1001
220,36,level-up,32,1001
220,89,level-up,37,1001
220,54,level-up,40,1001
220,556,level-up,42,1001
220,59,level-up,44,1001
220,133,level-up,49,1001
221,64,level-up,1,1001
221,181,level-up,1,1001
221,246,level-up,1,1001
221,300,level-up,1,1001
221,316,level-up,1,1001
221,333,level-up,11,1001
221,189,level-up,13,1001
221,203,level-up,16,1001
221,426,level-up,20,1001
221,34,level-up,23,1001
221,196,level-up,25,1001
221,423,level-up,28,1001
221,419,level-up,30,1001
221,36,level-up,32,1001
221,31,level-up,33,1001
221,89,level-up,40,1001
221,54,level-up,48,1001
221,556,level-up,52,1001
221,59,level-up,56,1001
221,133,level-up,65,1001
223,54,level-up,1,1001
223,55,level-up,1,1001
223,133,level-up,1,1001
223,199,level-up,6,1001
223,60,level-up,10,1001
223,62,level-up,14,1001
223,61,level-up,19,1001
223,116,level-up,23,1001
223,331,level-up,27,1001
223,352,level-up,32,1001
223,324,level-up,36,1001
223,58,level-up,40,1001
223,63,level-up,45,1001
223,487,level-up,49,1001
224,55,level-up,1,1001
224,60,level-up,1,1001
224,62,level-up,1,1001
224,132,level-up,1,1001
224,350,level-up,1,1001
224,402,level-up,1,1001
224,441,level-up,1,1001
224,491,level-up,1,1001
224,61,level-up,19,1001
224,116,level-up,23,1001
224,190,level-up,25,1001
224,331,level-up,29,1001
224,378,level-up,36,1001
224,324,level-up,42,1001
224,58,level-up,48,1001
224,63,level-up,55,1001
224,487,level-up,61,1001
225,6,level-up,1,1001
225,181,level-up,1,1001
225,217,level-up,1,1001
225,512,level-up,8,1001
225,54,level-up,15,1001
225,98,level-up,22,1001
225,226,level-up,29,1001
225,524,level-up,36,1001
225,402,level-up,43,1001
225,252,level-up,50,1001
225,59,level-up,57,1001
225,417,level-up,64,1001
225,542,level-up,71,1001
225,366,level-up,78,1001
226,16,level-up,1,1001
226,33,level-up,1,1001
226,48,level-up,1,1001
226,60,level-up,1,1001
226,61,level-up,1,1001
226,145,level-up,1,1001
226,324,level-up,1,1001
226,331,level-up,1,1001
226,29,level-up,13,1001
226,97,level-up,19,1001
226,17,level-up,22,1001
226,352,level-up,28,1001
226,36,level-up,31,1001
226,109,level-up,37,1001
226,340,level-up,40,1001
226,392,level-up,46,1001
226,56,level-up,49,1001
226,243,level-up,53,1001
227,43,level-up,1,1001
227,64,level-up,1,1001
227,210,level-up,1,1001
227,28,level-up,6,1001
227,129,level-up,9,1001
227,97,level-up,12,1001
227,31,level-up,17,1001
227,364,level-up,20,1001
227,507,level-up,22,1001
227,314,level-up,24,1001
227,355,level-up,26,1001
227,191,level-up,28,1001
227,319,level-up,31,1001
227,211,level-up,34,1001
227,65,level-up,37,1001
227,475,level-up,39,1001
227,403,level-up,42,1001
227,163,level-up,45,1001
227,400,level-up,50,1001
227,413,level-up,56,1001
228,43,level-up,1,1001
228,52,level-up,1,1001
228,336,level-up,4,1001
228,123,level-up,8,1001
228,46,level-up,13,1001
228,44,level-up,16,1001
228,316,level-up,20,1001
228,555,level-up,23,1001
228,251,level-up,25,1001
228,424,level-up,28,1001
228,185,level-up,32,1001
228,373,level-up,37,1001
228,399,level-up,38,1001
228,492,level-up,40,1001
228,53,level-up,44,1001
228,242,level-up,49,1001
228,417,level-up,52,1001
228,517,level-up,56,1001
229,43,level-up,1,1001
229,52,level-up,1,1001
229,123,level-up,1,1001
229,336,level-up,1,1001
229,422,level-up,1,1001
229,46,level-up,13,1001
229,44,level-up,16,1001
229,316,level-up,20,1001
229,555,level-up,23,1001
229,251,level-up,26,1001
229,424,level-up,30,1001
229,185,level-up,35,1001
229,373,level-up,41,1001
229,399,level-up,43,1001
229,492,level-up,45,1001
229,53,level-up,50,1001
229,242,level-up,56,1001
229,417,level-up,60,1001
229,517,level-up,65,1001
230,43,level-up,1,1001
230,55,level-up,1,1001
230,82,level-up,1,1001
230,108,level-up,1,1001
230,145,level-up,1,1001
230,281,level-up,1,1001
230,116,level-up,14,1001
230,61,level-up,18,1001
230,190,level-up,21,1001
230,97,level-up,23,1001
230,239,level-up,26,1001
230,362,level-up,30,1001
230,225,level-up,32,1001
230,56,level-up,40,1001
230,349,level-up,48,1001
230,406,level-up,57,1001
230,200,level-up,65,1001
231,33,level-up,1,1001
231,45,level-up,1,1001
231,111,level-up,1,1001
231,316,level-up,1,1001
231,175,level-up,6,1001
231,36,level-up,10,1001
231,205,level-up,15,1001
231,363,level-up,19,1001
231,402,level-up,21,1001
231,21,level-up,24,1001
231,203,level-up,28,1001
231,204,level-up,33,1001
231,387,level-up,37,1001
231,38,level-up,42,1001
232,30,level-up,1,1001
232,45,level-up,1,1001
232,68,level-up,1,1001
232,111,level-up,1,1001
232,422,level-up,1,1001
232,424,level-up,1,1001
232,523,level-up,1,1001
232,229,level-up,6,1001
232,282,level-up,10,1001
232,205,level-up,15,1001
232,222,level-up,19,1001
232,420,level-up,21,1001
232,21,level-up,24,1001
232,31,level-up,25,1001
232,372,level-up,31,1001
232,184,level-up,39,1001
232,89,level-up,46,1001
232,416,level-up,54,1001
232,457,level-up,63,1001
233,33,level-up,1,1001
233,111,level-up,1,1001
233,144,level-up,1,1001
233,160,level-up,1,1001
233,176,level-up,1,1001
233,60,level-up,7,1001
233,97,level-up,12,1001
233,105,level-up,18,1001
233,393,level-up,23,1001
233,324,level-up,29,1001
233,278,level-up,34,1001
233,435,level-up,40,1001
233,199,level-up,45,1001
233,161,level-up,51,1001
233,277,level-up,56,1001
233,192,level-up,62,1001
233,63,level-up,67,1001
233,356,level-up,72,1001
234,33,level-up,1,1001
234,43,level-up,3,1001
234,310,level-up,7,1001
234,95,level-up,10,1001
234,23,level-up,13,1001
234,28,level-up,16,1001
234,36,level-up,21,1001
234,109,level-up,23,1001
234,347,level-up,27,1001
234,272,level-up,33,1001
234,428,level-up,38,1001
234,26,level-up,43,1001
234,532,level-up,45,1001
234,286,level-up,49,1001
234,445,level-up,53,1001
234,382,level-up,55,1001
234,224,level-up,58,1001
238,1,level-up,1,1001
238,80,level-up,1,1001
238,122,level-up,5,1001
238,186,level-up,8,1001
238,181,level-up,11,1001
238,93,level-up,15,1001
238,47,level-up,18,1001
238,531,level-up,21,1001
238,212,level-up,25,1001
238,313,level-up,28,1001
238,118,level-up,30,1001
238,381,level-up,31,1001
238,419,level-up,35,1001
238,94,level-up,38,1001
238,383,level-up,41,1001
238,195,level-up,45,1001
238,59,level-up,48,1001
238,417,level-up,51,1001
239,43,level-up,1,1001
239,98,level-up,1,1001
239,146,level-up,1,1001
239,84,level-up,6,1001
239,67,level-up,11,1001
239,129,level-up,16,1001
239,351,level-up,21,1001
239,113,level-up,26,1001
239,228,level-up,30,1001
239,486,level-up,31,1001
239,9,level-up,36,1001
239,238,level-up,38,1001
239,435,level-up,41,1001
239,85,level-up,46,1001
239,103,level-up,51,1001
239,87,level-up,56,1001
240,43,level-up,1,1001
240,123,level-up,1,1001
240,52,level-up,7,1001
240,108,level-up,10,1001
240,185,level-up,16,1001
240,83,level-up,19,1001
240,109,level-up,25,1001
240,481,level-up,28,1001
240,185,level-up,30,1001
240,7,level-up,34,1001
240,238,level-up,36,1001
240,436,level-up,37,1001
240,53,level-up,43,1001
240,241,level-up,46,1001
240,126,level-up,49,1001
241,25,level-up,1,1001
241,33,level-up,1,1001
241,45,level-up,3,1001
241,111,level-up,5,1001
241,23,level-up,8,1001
241,208,level-up,11,1001
241,117,level-up,15,1001
241,205,level-up,19,1001
241,34,level-up,24,1001
241,428,level-up,29,1001
241,445,level-up,35,1001
241,360,level-up,41,1001
241,215,level-up,48,1001
241,358,level-up,55,1001
241,359,level-up,61,1001
241,38,level-up,67,1001
242,1,level-up,1,1001
242,45,level-up,1,1001
242,111,level-up,1,1001
242,39,level-up,5,1001
242,287,level-up,9,1001
242,3,level-up,12,1001
242,135,level-up,16,1001
242,516,level-up,20,1001
242,107,level-up,23,1001
242,68,level-up,25,1001
242,36,level-up,27,1001
242,312,level-up,29,1001
242,47,level-up,31,1001
242,374,level-up,34,1001
242,505,level-up,38,1001
242,121,level-up,42,1001
242,113,level-up,46,1001
242,361,level-up,50,1001
242,38,level-up,54,1001
242,356,level-up,58,1001
243,43,level-up,1,1001
243,44,level-up,1,1001
243,192,level-up,1,1001
243,245,level-up,1,1001
243,311,level-up,1,1001
243,396,level-up,1,1001
243,84,level-up,8,1001
243,46,level-up,15,1001
243,98,level-up,22,1001
243,209,level-up,29,1001
243,115,level-up,36,1001
243,242,level-up,43,1001
243,422,level-up,50,1001
243,435,level-up,57,1001
243,326,level-up,64,1001
243,240,level-up,71,1001
243,347,level-up,78,1001
243,87,level-up,85,1001
244,43,level-up,1,1001
244,44,level-up,1,1001
244,245,level-up,1,1001
244,306,level-up,1,1001
244,336,level-up,1,1001
244,394,level-up,1,1001
244,52,level-up,8,1001
244,46,level-up,15,1001
244,83,level-up,22,1001
244,23,level-up,29,1001
244,53,level-up,36,1001
244,207,level-up,43,1001
244,424,level-up,50,1001
244,436,level-up,57,1001
244,326,level-up,64,1001
244,126,level-up,71,1001
244,347,level-up,78,1001
244,284,level-up,85,1001
245,43,level-up,1,1001
245,44,level-up,1,1001
245,245,level-up,1,1001
245,329,level-up,1,1001
245,392,level-up,1,1001
245,403,level-up,1,1001
245,61,level-up,8,1001
245,240,level-up,15,1001
245,16,level-up,22,1001
245,62,level-up,29,1001
245,54,level-up,36,1001
245,243,level-up,43,1001
245,423,level-up,50,1001
245,366,level-up,57,1001
245,326,level-up,64,1001
245,56,level-up,71,1001
245,347,level-up,78,1001
245,59,level-up,85,1001
246,43,level-up,1,1001
246,44,level-up,1,1001
246,446,level-up,1,1001
246,201,level-up,5,1001
246,103,level-up,10,1001
246,498,level-up,14,1001
246,157,level-up,19,1001
246,184,level-up,23,1001
246,231,level-up,25,1001
246,37,level-up,28,1001
246,399,level-up,32,1001
246,371,level-up,37,1001
246,242,level-up,41,1001
246,89,level-up,46,1001
246,444,level-up,50,1001
246,63,level-up,55,1001
247,43,level-up,1,1001
247,44,level-up,1,1001
247,103,level-up,1,1001
247,201,level-up,1,1001
247,446,level-up,1,1001
247,498,level-up,14,1001
247,157,level-up,19,1001
247,184,level-up,23,1001
247,334,level-up,25,1001
247,37,level-up,28,1001
247,399,level-up,34,1001
247,371,level-up,41,1001
247,242,level-up,47,1001
247,89,level-up,54,1001
247,444,level-up,60,1001
247,63,level-up,67,1001
248,7,level-up,1,1001
248,43,level-up,1,1001
248,44,level-up,1,1001
248,103,level-up,1,1001
248,201,level-up,1,1001
248,422,level-up,1,1001
248,423,level-up,1,1001
248,424,level-up,1,1001
248,446,level-up,1,1001
248,498,level-up,14,1001
248,157,level-up,19,1001
248,184,level-up,23,1001
248,231,level-up,25,1001
248,37,level-up,28,1001
248,399,level-up,34,1001
248,371,level-up,41,1001
248,242,level-up,47,1001
248,89,level-up,54,1001
248,349,level-up,55,1001
248,444,level-up,63,1001
248,63,level-up,73,1001
248,416,level-up,82,1001
251,73,level-up,1,1001
251,93,level-up,1,1001
251,105,level-up,1,1001
251,215,level-up,1,1001
251,417,level-up,1,1001
251,219,level-up,10,1001
251,345,level-up,19,1001
251,246,level-up,28,1001
251,226,level-up,37,1001
251,363,level-up,46,1001
251,377,level-up,55,1001
251,248,level-up,64,1001
251,361,level-up,73,1001
251,437,level-up,82,1001
251,195,level-up,91,1001
253,1,level-up,1,1001
253,43,level-up,1,1001
253,71,level-up,1,1001
253,98,level-up,1,1001
253,210,level-up,16,1001
253,345,level-up,16,1001
253,228,level-up,17,1001
253,103,level-up,23,1001
253,348,level-up,29,1001
253,97,level-up,35,1001
253,21,level-up,41,1001
253,197,level-up,47,1001
253,206,level-up,53,1001
253,437,level-up,59,1001
254,1,level-up,1,1001
254,9,level-up,1,1001
254,43,level-up,1,1001
254,67,level-up,1,1001
254,71,level-up,1,1001
254,98,level-up,1,1001
254,400,level-up,1,1001
254,345,level-up,16,1001
254,404,level-up,16,1001
254,228,level-up,17,1001
254,103,level-up,23,1001
254,348,level-up,29,1001
254,97,level-up,35,1001
254,406,level-up,36,1001
254,21,level-up,43,1001
254,197,level-up,51,1001
254,206,level-up,59,1001
254,437,level-up,67,1001
255,10,level-up,1,1001
255,45,level-up,1,1001
255,116,level-up,7,1001
255,52,level-up,10,1001
255,64,level-up,16,1001
255,28,level-up,19,1001
255,226,level-up,22,1001
255,83,level-up,25,1001
255,98,level-up,28,1001
255,163,level-up,34,1001
255,119,level-up,37,1001
255,53,level-up,43,1001
256,10,level-up,1,1001
256,45,level-up,1,1001
256,52,level-up,1,1001
256,116,level-up,1,1001
256,24,level-up,16,1001
256,64,level-up,17,1001
256,28,level-up,21,1001
256,67,level-up,25,1001
256,339,level-up,28,1001
256,98,level-up,32,1001
256,163,level-up,39,1001
256,119,level-up,43,1001
256,327,level-up,50,1001
256,394,level-up,54,1001
257,7,level-up,1,1001
257,9,level-up,1,1001
257,10,level-up,1,1001
257,45,level-up,1,1001
257,52,level-up,1,1001
257,116,level-up,1,1001
257,136,level-up,1,1001
257,400,level-up,1,1001
257,24,level-up,16,1001
257,64,level-up,17,1001
257,28,level-up,21,1001
257,67,level-up,25,1001
257,339,level-up,28,1001
257,98,level-up,32,1001
257,299,level-up,36,1001
257,163,level-up,42,1001
257,413,level-up,49,1001
257,327,level-up,59,1001
257,394,level-up,66,1001
258,33,level-up,1,1001
258,45,level-up,1,1001
258,281,level-up,1,1001
258,189,level-up,6,1001
258,55,level-up,10,1001
258,117,level-up,15,1001
258,193,level-up,19,1001
258,301,level-up,21,1001
258,300,level-up,24,1001
258,36,level-up,28,1001
258,250,level-up,33,1001
258,182,level-up,37,1001
258,56,level-up,42,1001
258,283,level-up,46,1001
259,33,level-up,1,1001
259,45,level-up,1,1001
259,55,level-up,1,1001
259,189,level-up,1,1001
259,281,level-up,1,1001
259,117,level-up,15,1001
259,341,level-up,16,1001
259,193,level-up,20,1001
259,426,level-up,25,1001
259,36,level-up,31,1001
259,330,level-up,37,1001
259,182,level-up,42,1001
259,89,level-up,46,1001
259,283,level-up,53,1001
259,276,level-up,57,1001
260,33,level-up,1,1001
260,45,level-up,1,1001
260,55,level-up,1,1001
260,68,level-up,1,1001
260,189,level-up,1,1001
260,243,level-up,1,1001
260,281,level-up,1,1001
260,117,level-up,15,1001
260,341,level-up,16,1001
260,193,level-up,20,1001
260,426,level-up,25,1001
260,36,level-up,31,1001
260,330,level-up,39,1001
260,182,level-up,46,1001
260,89,level-up,52,1001
260,283,level-up,61,1001
260,359,level-up,69,1001
260,276,level-up,77,1001
262,28,level-up,1,1001
262,33,level-up,1,1001
262,44,level-up,1,1001
262,162,level-up,1,1001
262,336,level-up,1,1001
262,316,level-up,17,1001
262,242,level-up,20,1001
262,422,level-up,20,1001
262,423,level-up,20,1001
262,424,level-up,20,1001
262,46,level-up,22,1001
262,207,level-up,27,1001
262,372,level-up,32,1001
262,184,level-up,37,1001
262,269,level-up,42,1001
262,373,level-up,47,1001
262,36,level-up,52,1001
262,168,level-up,57,1001
262,389,level-up,62,1001
264,29,level-up,1,1001
264,33,level-up,1,1001
264,39,level-up,1,1001
264,45,level-up,1,1001
264,162,level-up,1,1001
264,415,level-up,1,1001
264,431,level-up,1,1001
264,28,level-up,13,1001
264,316,level-up,17,1001
264,245,level-up,20,1001
264,300,level-up,23,1001
264,154,level-up,29,1001
264,343,level-up,35,1001
264,516,level-up,41,1001
264,163,level-up,47,1001
264,156,level-up,53,1001
264,187,level-up,59,1001
264,374,level-up,65,1001
265,33,level-up,1,1001
265,40,level-up,1,1001
265,81,level-up,1,1001
265,450,level-up,1,1001
267,71,level-up,1,1001
267,314,level-up,10,1001
267,522,level-up,10,1001
267,16,level-up,13,1001
267,78,level-up,17,1001
267,79,level-up,17,1001
267,234,level-up,20,1001
267,72,level-up,24,1001
267,18,level-up,27,1001
267,213,level-up,31,1001
267,318,level-up,34,1001
267,202,level-up,38,1001
267,405,level-up,41,1001
267,483,level-up,45,1001
267,403,level-up,49,1001
269,93,level-up,1,1001
269,499,level-up,10,1001
269,522,level-up,10,1001
269,16,level-up,13,1001
269,113,level-up,17,1001
269,115,level-up,17,1001
269,182,level-up,17,1001
269,236,level-up,20,1001
269,60,level-up,24,1001
269,18,level-up,27,1001
269,113,level-up,31,1001
269,318,level-up,34,1001
269,92,level-up,38,1001
269,405,level-up,41,1001
269,483,level-up,45,1001
269,366,level-up,49,1001
270,310,level-up,1,1001
270,45,level-up,3,1001
270,71,level-up,5,1001
270,267,level-up,7,1001
270,55,level-up,9,1001
270,54,level-up,11,1001
270,73,level-up,13,1001
270,363,level-up,15,1001
270,235,level-up,17,1001
270,72,level-up,19,1001
270,75,level-up,22,1001
270,61,level-up,25,1001
270,428,level-up,31,1001
270,240,level-up,37,1001
270,412,level-up,45,1001
271,310,level-up,1,1001
271,45,level-up,3,1001
271,71,level-up,5,1001
271,267,level-up,7,1001
271,55,level-up,9,1001
271,252,level-up,11,1001
271,73,level-up,13,1001
271,154,level-up,15,1001
271,352,level-up,17,1001
271,346,level-up,19,1001
271,75,level-up,22,1001
271,61,level-up,25,1001
271,428,level-up,31,1001
271,253,level-up,37,1001
271,56,level-up,45,1001
272,7,level-up,1,1001
272,8,level-up,1,1001
272,9,level-up,1,1001
272,45,level-up,1,1001
272,68,level-up,1,1001
272,72,level-up,1,1001
272,240,level-up,1,1001
272,267,level-up,1,1001
272,298,level-up,1,1001
272,310,level-up,1,1001
272,409,level-up,1,1001
272,56,level-up,50,1001
273,98,level-up,1,1001
273,117,level-up,1,1001
273,331,level-up,1,1001
273,106,level-up,3,1001
273,74,level-up,7,1001
273,267,level-up,13,1001
273,402,level-up,17,1001
273,235,level-up,21,1001
273,73,level-up,26,1001
273,241,level-up,31,1001
273,153,level-up,43,1001
274,1,level-up,1,1001
274,98,level-up,1,1001
274,106,level-up,3,1001
274,74,level-up,7,1001
274,267,level-up,13,1001
274,75,level-up,14,1001
274,492,level-up,16,1001
274,252,level-up,19,1001
274,67,level-up,22,1001
274,259,level-up,25,1001
274,251,level-up,28,1001
274,185,level-up,31,1001
274,399,level-up,34,1001
274,13,level-up,37,1001
274,207,level-up,43,1001
274,326,level-up,49,1001
275,18,level-up,1,1001
275,75,level-up,1,1001
275,185,level-up,1,1001
275,196,level-up,1,1001
275,239,level-up,1,1001
275,257,level-up,1,1001
275,318,level-up,1,1001
275,348,level-up,1,1001
275,417,level-up,1,1001
275,466,level-up,1,1001
275,542,level-up,1,1001
275,536,level-up,19,1001
275,399,level-up,34,1001
275,437,level-up,49,1001
276,45,level-up,1,1001
276,64,level-up,1,1001
276,116,level-up,4,1001
276,98,level-up,8,1001
276,17,level-up,13,1001
276,119,level-up,16,1001
276,104,level-up,19,1001
276,211,level-up,22,1001
276,283,level-up,26,1001
276,332,level-up,34,1001
276,97,level-up,43,1001
276,403,level-up,53,1001
276,413,level-up,59,1001
277,45,level-up,1,1001
277,64,level-up,1,1001
277,98,level-up,1,1001
277,116,level-up,1,1001
277,276,level-up,1,1001
277,365,level-up,1,1001
277,17,level-up,13,1001
277,119,level-up,16,1001
277,104,level-up,19,1001
277,211,level-up,22,1001
277,245,level-up,22,1001
277,283,level-up,28,1001
277,332,level-up,38,1001
277,97,level-up,49,1001
277,403,level-up,61,1001
277,413,level-up,69,1001
279,17,level-up,1,1001
279,45,level-up,1,1001
279,55,level-up,1,1001
279,346,level-up,1,1001
279,351,level-up,1,1001
279,487,level-up,1,1001
279,48,level-up,6,1001
279,54,level-up,16,1001
279,352,level-up,19,1001
279,371,level-up,24,1001
279,182,level-up,25,1001
279,355,level-up,31,1001
279,254,level-up,38,1001
279,255,level-up,38,1001
279,256,level-up,38,1001
279,374,level-up,43,1001
279,366,level-up,50,1001
279,56,level-up,57,1001
279,542,level-up,63,1001
280,45,level-up,1,1001
280,93,level-up,6,1001
280,104,level-up,10,1001
280,100,level-up,12,1001
280,60,level-up,15,1001
280,381,level-up,17,1001
280,351,level-up,19,1001
280,345,level-up,21,1001
280,505,level-up,23,1001
280,109,level-up,25,1001
280,347,level-up,28,1001
280,94,level-up,32,1001
280,286,level-up,34,1001
280,248,level-up,39,1001
280,204,level-up,43,1001
280,95,level-up,45,1001
280,138,level-up,50,1001
280,500,level-up,54,1001
281,45,level-up,1,1001
281,93,level-up,1,1001
281,100,level-up,1,1001
281,104,level-up,1,1001
281,60,level-up,15,1001
281,381,level-up,17,1001
281,351,level-up,19,1001
281,345,level-up,22,1001
281,505,level-up,25,1001
281,109,level-up,28,1001
281,347,level-up,31,1001
281,94,level-up,36,1001
281,286,level-up,39,1001
281,248,level-up,45,1001
281,204,level-up,50,1001
281,95,level-up,53,1001
281,138,level-up,59,1001
281,500,level-up,64,1001
282,45,level-up,1,1001
282,93,level-up,1,1001
282,100,level-up,1,1001
282,104,level-up,1,1001
282,361,level-up,1,1001
282,60,level-up,15,1001
282,273,level-up,17,1001
282,351,level-up,19,1001
282,345,level-up,22,1001
282,505,level-up,25,1001
282,109,level-up,28,1001
282,347,level-up,33,1001
282,94,level-up,40,1001
282,286,level-up,45,1001
282,248,level-up,53,1001
282,445,level-up,60,1001
282,95,level-up,65,1001
282,138,level-up,73,1001
282,500,level-up,80,1001
282,396,level-up,85,1001
283,145,level-up,1,1001
283,98,level-up,7,1001
283,230,level-up,13,1001
283,346,level-up,19,1001
283,61,level-up,25,1001
283,60,level-up,28,1001
283,97,level-up,31,1001
283,202,level-up,34,1001
283,54,level-up,37,1001
283,114,level-up,37,1001
283,226,level-up,43,1001
284,98,level-up,1,1001
284,145,level-up,1,1001
284,230,level-up,1,1001
284,346,level-up,1,1001
284,466,level-up,1,1001
284,16,level-up,22,1001
284,184,level-up,26,1001
284,503,level-up,29,1001
284,78,level-up,33,1001
284,318,level-up,40,1001
284,403,level-up,47,1001
284,18,level-up,54,1001
284,405,level-up,61,1001
284,56,level-up,65,1001
284,483,level-up,68,1001
284,542,level-up,73,1001
285,71,level-up,1,1001
285,33,level-up,5,1001
285,78,level-up,9,1001
285,73,level-up,13,1001
285,331,level-up,13,1001
285,72,level-up,17,1001
285,29,level-up,21,1001
285,77,level-up,25,1001
285,388,level-up,29,1001
285,74,level-up,33,1001
285,202,level-up,37,1001
285,402,level-up,41,1001
285,147,level-up,45,1001
286,9,level-up,1,1001
286,33,level-up,1,1001
286,71,level-up,1,1001
286,73,level-up,1,1001
286,78,level-up,1,1001
286,331,level-up,13,1001
286,72,level-up,17,1001
286,29,level-up,21,1001
286,183,level-up,23,1001
286,68,level-up,25,1001
286,395,level-up,29,1001
286,327,level-up,33,1001
286,170,level-up,37,1001
286,402,level-up,41,1001
286,223,level-up,45,1001
286,409,level-up,49,1001
286,147,level-up,53,1001
286,264,level-up,57,1001
288,10,level-up,1,1001
288,116,level-up,1,1001
288,227,level-up,1,1001
288,253,level-up,1,1001
288,400,level-up,18,1001
288,154,level-up,19,1001
288,203,level-up,25,1001
288,163,level-up,31,1001
288,68,level-up,37,1001
288,498,level-up,43,1001
288,264,level-up,49,1001
288,179,level-up,55,1001
289,7,level-up,1,1001
289,8,level-up,1,1001
289,9,level-up,1,1001
289,10,level-up,1,1001
289,227,level-up,1,1001
289,281,level-up,1,1001
289,303,level-up,1,1001
289,400,level-up,18,1001
289,185,level-up,19,1001
289,133,level-up,25,1001
289,343,level-up,31,1001
289,207,level-up,36,1001
289,306,level-up,36,1001
289,498,level-up,37,1001
289,68,level-up,43,1001
289,175,level-up,49,1001
289,374,level-up,55,1001
289,386,level-up,61,1001
289,359,level-up,67,1001
290,10,level-up,1,1001
290,106,level-up,1,1001
290,450,level-up,1,1001
290,141,level-up,5,1001
290,28,level-up,9,1001
290,154,level-up,14,1001
290,170,level-up,19,1001
290,206,level-up,25,1001
290,189,level-up,31,1001
290,232,level-up,38,1001
290,91,level-up,45,1001
291,10,level-up,1,1001
291,28,level-up,1,1001
291,106,level-up,1,1001
291,141,level-up,1,1001
291,450,level-up,1,1001
291,154,level-up,14,1001
291,170,level-up,19,1001
291,103,level-up,20,1001
291,104,level-up,20,1001
291,210,level-up,20,1001
291,245,level-up,20,1001
291,400,level-up,20,1001
291,14,level-up,25,1001
291,163,level-up,31,1001
291,97,level-up,38,1001
291,226,level-up,45,1001
291,404,level-up,52,1001
293,1,level-up,1,1001
293,313,level-up,1,1001
293,253,level-up,5,1001
293,310,level-up,11,1001
293,336,level-up,15,1001
293,48,level-up,21,1001
293,23,level-up,25,1001
293,103,level-up,31,1001
293,46,level-up,35,1001
293,485,level-up,41,1001
293,156,level-up,45,1001
293,214,level-up,45,1001
293,304,level-up,51,1001
294,1,level-up,1,1001
294,253,level-up,1,1001
294,310,level-up,1,1001
294,313,level-up,1,1001
294,336,level-up,1,1001
294,44,level-up,20,1001
294,48,level-up,23,1001
294,23,level-up,29,1001
294,103,level-up,37,1001
294,46,level-up,43,1001
294,485,level-up,51,1001
294,156,level-up,57,1001
294,214,level-up,57,1001
294,304,level-up,65,1001
295,1,level-up,1,1001
295,7,level-up,1,1001
295,8,level-up,1,1001
295,9,level-up,1,1001
295,253,level-up,1,1001
295,310,level-up,1,1001
295,313,level-up,1,1001
295,336,level-up,1,1001
295,422,level-up,1,1001
295,423,level-up,1,1001
295,424,level-up,1,1001
295,44,level-up,20,1001
295,48,level-up,23,1001
295,23,level-up,29,1001
295,103,level-up,37,1001
295,242,level-up,40,1001
295,46,level-up,45,1001
295,509,level-up,50,1001
295,156,level-up,55,1001
295,485,level-up,55,1001
295,214,level-up,63,1001
295,359,level-up,67,1001
295,304,level-up,71,1001
295,63,level-up,79,1001
296,33,level-up,1,1001
296,116,level-up,1,1001
296,28,level-up,4,1001
296,292,level-up,7,1001
296,233,level-up,10,1001
296,252,level-up,13,1001
296,18,level-up,16,1001
296,282,level-up,19,1001
296,265,level-up,22,1001
296,187,level-up,25,1001
296,395,level-up,28,1001
296,69,level-up,31,1001
296,358,level-up,34,1001
296,203,level-up,37,1001
296,370,level-up,40,1001
296,179,level-up,43,1001
296,484,level-up,46,1001
296,238,level-up,49,1001
297,7,level-up,1,1001
297,8,level-up,1,1001
297,9,level-up,1,1001
297,28,level-up,1,1001
297,33,level-up,1,1001
297,116,level-up,1,1001
297,292,level-up,1,1001
297,362,level-up,1,1001
297,233,level-up,10,1001
297,252,level-up,13,1001
297,18,level-up,16,1001
297,282,level-up,19,1001
297,265,level-up,22,1001
297,187,level-up,27,1001
297,395,level-up,32,1001
297,69,level-up,37,1001
297,358,level-up,42,1001
297,203,level-up,47,1001
297,370,level-up,52,1001
297,179,level-up,57,1001
297,484,level-up,62,1001
297,238,level-up,67,1001
298,150,level-up,1,1001
298,204,level-up,2,1001
298,39,level-up,7,1001
298,145,level-up,10,1001
298,21,level-up,15,1001
298,55,level-up,18,1001
298,47,level-up,21,1001
299,33,level-up,1,1001
299,106,level-up,7,1001
299,88,level-up,13,1001
299,335,level-up,19,1001
299,351,level-up,22,1001
299,86,level-up,25,1001
299,246,level-up,28,1001
299,157,level-up,31,1001
299,414,level-up,37,1001
299,156,level-up,43,1001
299,408,level-up,49,1001
299,435,level-up,55,1001
299,444,level-up,61,1001
299,192,level-up,67,1001
299,199,level-up,73,1001
299,201,level-up,79,1001
299,457,level-up,85,1001
300,6,level-up,1,1001
300,33,level-up,1,1001
300,39,level-up,1,1001
300,45,level-up,1,1001
300,252,level-up,1,1001
300,193,level-up,4,1001
300,213,level-up,8,1001
300,47,level-up,11,1001
300,3,level-up,15,1001
300,383,level-up,18,1001
300,274,level-up,22,1001
300,204,level-up,25,1001
300,185,level-up,29,1001
300,358,level-up,32,1001
300,343,level-up,36,1001
300,215,level-up,39,1001
300,38,level-up,42,1001
300,445,level-up,46,1001
301,3,level-up,1,1001
301,6,level-up,1,1001
301,47,level-up,1,1001
301,213,level-up,1,1001
301,252,level-up,1,1001
301,273,level-up,25,1001
301,445,level-up,35,1001
301,389,level-up,45,1001
301,38,level-up,55,1001
302,10,level-up,1,1001
302,43,level-up,1,1001
302,193,level-up,4,1001
302,101,level-up,8,1001
302,310,level-up,11,1001
302,154,level-up,15,1001
302,252,level-up,18,1001
302,197,level-up,22,1001
302,425,level-up,25,1001
302,282,level-up,29,1001
302,185,level-up,32,1001
302,386,level-up,36,1001
302,421,level-up,39,1001
302,408,level-up,43,1001
302,109,level-up,46,1001
302,492,level-up,50,1001
302,428,level-up,53,1001
302,247,level-up,57,1001
302,212,level-up,60,1001
302,105,level-up,63,1001
302,368,level-up,66,1001
303,232,level-up,1,1001
303,310,level-up,1,1001
303,422,level-up,1,1001
303,423,level-up,1,1001
303,424,level-up,1,1001
303,313,level-up,6,1001
303,44,level-up,11,1001
303,230,level-up,16,1001
303,8,level-up,21,1001
303,9,level-up,21,1001
303,11,level-up,21,1001
303,185,level-up,26,1001
303,226,level-up,31,1001
303,242,level-up,36,1001
303,334,level-up,41,1001
303,389,level-up,46,1001
303,254,level-up,51,1001
303,255,level-up,51,1001
303,256,level-up,51,1001
303,442,level-up,56,1001
303,368,level-up,61,1001
306,29,level-up,1,1001
306,33,level-up,1,1001
306,106,level-up,1,1001
306,189,level-up,1,1001
306,276,level-up,1,1001
306,418,level-up,1,1001
306,457,level-up,1,1001
306,232,level-up,15,1001
306,334,level-up,18,1001
306,46,level-up,22,1001
306,36,level-up,25,1001
306,442,level-up,29,1001
306,182,level-up,34,1001
306,319,level-up,40,1001
306,231,level-up,48,1001
306,475,level-up,57,1001
306,484,level-up,65,1001
306,38,level-up,74,1001
306,368,level-up,82,1001
307,117,level-up,1,1001
307,96,level-up,4,1001
307,93,level-up,8,1001
307,197,level-up,11,1001
307,237,level-up,15,1001
307,170,level-up,18,1001
307,395,level-up,20,1001
307,364,level-up,22,1001
307,347,level-up,25,1001
307,427,level-up,28,1001
307,136,level-up,32,1001
307,244,level-up,36,1001
307,367,level-up,39,1001
307,379,level-up,43,1001
307,179,level-up,46,1001
307,105,level-up,50,1001
308,7,level-up,1,1001
308,8,level-up,1,1001
308,9,level-up,1,1001
308,93,level-up,1,1001
308,96,level-up,1,1001
308,117,level-up,1,1001
308,197,level-up,1,1001
308,418,level-up,1,1001
308,237,level-up,15,1001
308,170,level-up,18,1001
308,395,level-up,20,1001
308,364,level-up,22,1001
308,347,level-up,25,1001
308,427,level-up,28,1001
308,136,level-up,32,1001
308,244,level-up,36,1001
308,409,level-up,37,1001
308,367,level-up,42,1001
308,379,level-up,49,1001
308,179,level-up,55,1001
308,105,level-up,62,1001
310,33,level-up,1,1001
310,43,level-up,1,1001
310,86,level-up,1,1001
310,336,level-up,1,1001
310,424,level-up,1,1001
310,98,level-up,17,1001
310,209,level-up,20,1001
310,316,level-up,25,1001
310,481,level-up,26,1001
310,44,level-up,30,1001
310,422,level-up,37,1001
310,46,level-up,42,1001
310,435,level-up,49,1001
310,268,level-up,54,1001
310,528,level-up,61,1001
310,87,level-up,66,1001
313,33,level-up,1,1001
313,148,level-up,1,1001
313,104,level-up,5,1001
313,109,level-up,9,1001
313,236,level-up,13,1001
313,84,level-up,15,1001
313,98,level-up,17,1001
313,522,level-up,19,1001
313,294,level-up,21,1001
313,351,level-up,23,1001
313,324,level-up,25,1001
313,182,level-up,29,1001
313,270,level-up,33,1001
313,85,level-up,35,1001
313,428,level-up,37,1001
313,405,level-up,41,1001
313,38,level-up,45,1001
313,226,level-up,49,1001
313,366,level-up,53,1001
314,33,level-up,1,1001
314,230,level-up,5,1001
314,204,level-up,9,1001
314,236,level-up,13,1001
314,84,level-up,15,1001
314,98,level-up,17,1001
314,522,level-up,19,1001
314,273,level-up,21,1001
314,351,level-up,23,1001
314,227,level-up,25,1001
314,260,level-up,29,1001
314,483,level-up,31,1001
314,270,level-up,33,1001
314,85,level-up,35,1001
314,428,level-up,37,1001
314,405,level-up,41,1001
314,343,level-up,45,1001
314,226,level-up,49,1001
314,366,level-up,53,1001
315,71,level-up,1,1001
315,74,level-up,4,1001
315,40,level-up,7,1001
315,78,level-up,10,1001
315,72,level-up,13,1001
315,73,level-up,16,1001
315,345,level-up,19,1001
315,320,level-up,22,1001
315,202,level-up,25,1001
315,390,level-up,28,1001
315,230,level-up,31,1001
315,275,level-up,34,1001
315,92,level-up,37,1001
315,80,level-up,40,1001
315,312,level-up,43,1001
315,235,level-up,46,1001
315,79,level-up,49,1001
315,437,level-up,52,1001
315,483,level-up,55,1001
317,1,level-up,1,1001
317,124,level-up,1,1001
317,139,level-up,1,1001
317,220,level-up,1,1001
317,281,level-up,1,1001
317,402,level-up,1,1001
317,133,level-up,17,1001
317,227,level-up,23,1001
317,34,level-up,26,1001
317,92,level-up,30,1001
317,491,level-up,38,1001
317,254,level-up,45,1001
317,255,level-up,45,1001
317,256,level-up,45,1001
317,188,level-up,52,1001
317,380,level-up,59,1001
317,378,level-up,66,1001
317,441,level-up,73,1001
318,43,level-up,1,1001
318,44,level-up,1,1001
318,99,level-up,6,1001
318,116,level-up,8,1001
318,184,level-up,11,1001
318,423,level-up,16,1001
318,103,level-up,18,1001
318,207,level-up,21,1001
318,372,level-up,26,1001
318,242,level-up,28,1001
318,453,level-up,31,1001
318,97,level-up,36,1001
318,36,level-up,38,1001
318,399,level-up,41,1001
318,56,level-up,45,1001
319,43,level-up,1,1001
319,44,level-up,1,1001
319,99,level-up,1,1001
319,116,level-up,1,1001
319,162,level-up,1,1001
319,364,level-up,1,1001
319,428,level-up,1,1001
319,184,level-up,11,1001
319,423,level-up,16,1001
319,103,level-up,18,1001
319,207,level-up,21,1001
319,372,level-up,26,1001
319,242,level-up,28,1001
319,163,level-up,30,1001
319,453,level-up,34,1001
319,269,level-up,40,1001
319,97,level-up,45,1001
319,130,level-up,50,1001
319,400,level-up,56,1001
319,399,level-up,62,1001
319,56,level-up,68,1001
320,150,level-up,1,1001
320,45,level-up,4,1001
320,55,level-up,7,1001
320,205,level-up,11,1001
320,250,level-up,14,1001
320,310,level-up,17,1001
320,352,level-up,21,1001
320,54,level-up,24,1001
320,156,level-up,27,1001
320,362,level-up,31,1001
320,323,level-up,34,1001
320,133,level-up,37,1001
320,291,level-up,41,1001
320,340,level-up,44,1001
320,56,level-up,47,1001
320,484,level-up,50,1001
320,90,level-up,53,1001
321,45,level-up,1,1001
321,55,level-up,1,1001
321,150,level-up,1,1001
321,205,level-up,1,1001
321,428,level-up,1,1001
321,250,level-up,14,1001
321,310,level-up,17,1001
321,352,level-up,21,1001
321,54,level-up,24,1001
321,156,level-up,27,1001
321,362,level-up,31,1001
321,323,level-up,34,1001
321,133,level-up,37,1001
321,291,level-up,46,1001
321,340,level-up,54,1001
321,56,level-up,62,1001
321,484,level-up,70,1001
321,90,level-up,78,1001
323,33,level-up,1,1001
323,45,level-up,1,1001
323,52,level-up,1,1001
323,222,level-up,1,1001
323,257,level-up,1,1001
323,116,level-up,15,1001
323,481,level-up,21,1001
323,36,level-up,25,1001
323,133,level-up,31,1001
323,436,level-up,33,1001
323,157,level-up,39,1001
323,414,level-up,49,1001
323,89,level-up,57,1001
323,284,level-up,67,1001
323,90,level-up,75,1001
324,52,level-up,1,1001
324,281,level-up,1,1001
324,123,level-up,4,1001
324,110,level-up,7,1001
324,174,level-up,12,1001
324,83,level-up,17,1001
324,108,level-up,20,1001
324,229,level-up,23,1001
324,53,level-up,28,1001
324,34,level-up,33,1001
324,182,level-up,36,1001
324,436,level-up,39,1001
324,334,level-up,44,1001
324,133,level-up,49,1001
324,175,level-up,52,1001
324,257,level-up,55,1001
324,414,level-up,58,1001
324,517,level-up,60,1001
324,504,level-up,65,1001
324,284,level-up,68,1001
324,446,level-up,78,1001
325,150,level-up,1,1001
325,149,level-up,7,1001
325,316,level-up,10,1001
325,60,level-up,14,1001
325,244,level-up,15,1001
325,109,level-up,18,1001
325,277,level-up,21,1001
325,428,level-up,26,1001
325,326,level-up,27,1001
325,351,level-up,28,1001
325,156,level-up,29,1001
325,173,level-up,29,1001
325,473,level-up,34,1001
325,371,level-up,41,1001
325,94,level-up,46,1001
325,408,level-up,48,1001
325,340,level-up,53,1001
326,60,level-up,1,1001
326,149,level-up,1,1001
326,150,level-up,1,1001
326,316,level-up,1,1001
326,244,level-up,15,1001
326,109,level-up,18,1001
326,277,level-up,21,1001
326,428,level-up,26,1001
326,326,level-up,27,1001
326,351,level-up,28,1001
326,156,level-up,29,1001
326,173,level-up,29,1001
326,473,level-up,37,1001
326,371,level-up,47,1001
326,94,level-up,55,1001
326,408,level-up,60,1001
326,340,level-up,68,1001
327,33,level-up,1,1001
327,118,level-up,1,1001
327,252,level-up,1,1001
327,253,level-up,5,1001
327,383,level-up,10,1001
327,185,level-up,14,1001
327,60,level-up,19,1001
327,95,level-up,23,1001
327,146,level-up,28,1001
327,389,level-up,32,1001
327,298,level-up,37,1001
327,244,level-up,41,1001
327,38,level-up,46,1001
327,175,level-up,50,1001
327,37,level-up,55,1001
327,276,level-up,60,1001
327,354,level-up,63,1001
328,44,level-up,1,1001
328,450,level-up,1,1001
328,28,level-up,9,1001
328,185,level-up,17,1001
328,328,level-up,25,1001
328,242,level-up,33,1001
328,202,level-up,35,1001
328,91,level-up,41,1001
328,201,level-up,49,1001
328,63,level-up,57,1001
328,414,level-up,65,1001
328,89,level-up,73,1001
328,364,level-up,81,1001
328,90,level-up,89,1001
329,28,level-up,1,1001
329,49,level-up,1,1001
329,185,level-up,1,1001
329,328,level-up,1,1001
329,48,level-up,33,1001
329,225,level-up,35,1001
329,349,level-up,35,1001
329,103,level-up,41,1001
329,201,level-up,49,1001
329,63,level-up,57,1001
330,28,level-up,1,1001
330,49,level-up,1,1001
330,185,level-up,1,1001
330,202,level-up,1,1001
330,257,level-up,1,1001
330,328,level-up,1,1001
330,405,level-up,1,1001
330,48,level-up,33,1001
330,225,level-up,35,1001
330,349,level-up,35,1001
330,103,level-up,41,1001
330,337,level-up,45,1001
330,324,level-up,48,1001
330,414,level-up,51,1001
330,201,level-up,54,1001
330,406,level-up,57,1001
330,525,level-up,61,1001
330,483,level-up,65,1001
330,200,level-up,69,1001
330,63,level-up,73,1001
331,40,level-up,1,1001
331,43,level-up,1,1001
331,71,level-up,5,1001
331,74,level-up,9,1001
331,73,level-up,13,1001
331,28,level-up,17,1001
331,42,level-up,21,1001
331,275,level-up,25,1001
331,185,level-up,29,1001
331,191,level-up,33,1001
331,389,level-up,37,1001
331,371,level-up,41,1001
331,302,level-up,45,1001
331,178,level-up,49,1001
331,201,level-up,53,1001
331,194,level-up,57,1001
331,298,level-up,61,1001
332,9,level-up,1,1001
332,40,level-up,1,1001
332,43,level-up,1,1001
332,71,level-up,1,1001
332,74,level-up,1,1001
332,279,level-up,1,1001
332,417,level-up,1,1001
332,73,level-up,13,1001
332,28,level-up,17,1001
332,42,level-up,21,1001
332,275,level-up,25,1001
332,185,level-up,29,1001
332,399,level-up,33,1001
332,402,level-up,33,1001
332,191,level-up,35,1001
332,389,level-up,41,1001
332,371,level-up,47,1001
332,302,level-up,53,1001
332,178,level-up,59,1001
332,201,level-up,65,1001
332,194,level-up,71,1001
332,298,level-up,77,1001
333,45,level-up,1,1001
333,64,level-up,1,1001
333,355,level-up,1,1001
333,310,level-up,5,1001
333,47,level-up,9,1001
333,31,level-up,13,1001
333,219,level-up,18,1001
333,54,level-up,23,1001
333,36,level-up,28,1001
333,363,level-up,32,1001
333,119,level-up,36,1001
333,538,level-up,40,1001
333,287,level-up,45,1001
333,406,level-up,50,1001
333,195,level-up,55,1001
334,45,level-up,1,1001
334,47,level-up,1,1001
334,64,level-up,1,1001
334,310,level-up,1,1001
334,355,level-up,1,1001
334,365,level-up,1,1001
334,31,level-up,13,1001
334,219,level-up,18,1001
334,54,level-up,23,1001
334,36,level-up,28,1001
334,363,level-up,32,1001
334,225,level-up,35,1001
334,349,level-up,39,1001
334,304,level-up,42,1001
334,538,level-up,46,1001
334,200,level-up,50,1001
334,287,level-up,54,1001
334,406,level-up,62,1001
334,195,level-up,70,1001
334,143,level-up,77,1001
335,7,level-up,1,1001
335,8,level-up,1,1001
335,9,level-up,1,1001
335,10,level-up,1,1001
335,43,level-up,1,1001
335,400,level-up,1,1001
335,98,level-up,5,1001
335,14,level-up,9,1001
335,210,level-up,14,1001
335,163,level-up,18,1001
335,228,level-up,22,1001
335,373,level-up,27,1001
335,306,level-up,31,1001
335,269,level-up,35,1001
335,197,level-up,40,1001
335,206,level-up,44,1001
335,404,level-up,48,1001
335,370,level-up,53,1001
335,515,level-up,57,1001
335,245,level-up,62,1001
336,35,level-up,1,1001
336,122,level-up,7,1001
336,44,level-up,10,1001
336,342,level-up,16,1001
336,103,level-up,19,1001
336,137,level-up,25,1001
336,242,level-up,28,1001
336,305,level-up,34,1001
336,207,level-up,37,1001
336,114,level-up,43,1001
336,400,level-up,46,1001
336,398,level-up,52,1001
336,474,level-up,55,1001
336,378,level-up,61,1001
336,489,level-up,64,1001
336,441,level-up,67,1001
337,33,level-up,1,1001
337,93,level-up,1,1001
337,106,level-up,1,1001
337,236,level-up,1,1001
337,88,level-up,9,1001
337,95,level-up,12,1001
337,397,level-up,20,1001
337,149,level-up,23,1001
337,246,level-up,28,1001
337,373,level-up,31,1001
337,322,level-up,34,1001
337,414,level-up,37,1001
337,377,level-up,42,1001
337,94,level-up,45,1001
337,56,level-up,48,1001
337,248,level-up,53,1001
337,153,level-up,56,1001
337,478,level-up,64,1001
338,33,level-up,1,1001
338,93,level-up,1,1001
338,106,level-up,1,1001
338,234,level-up,1,1001
338,88,level-up,9,1001
338,83,level-up,12,1001
338,397,level-up,20,1001
338,149,level-up,23,1001
338,428,level-up,28,1001
338,373,level-up,31,1001
338,322,level-up,34,1001
338,442,level-up,37,1001
338,377,level-up,42,1001
338,157,level-up,45,1001
338,394,level-up,48,1001
338,76,level-up,53,1001
338,153,level-up,56,1001
338,472,level-up,64,1001
339,189,level-up,1,1001
339,300,level-up,6,1001
339,346,level-up,6,1001
339,55,level-up,10,1001
339,426,level-up,14,1001
339,133,level-up,18,1001
339,352,level-up,22,1001
339,222,level-up,26,1001
339,156,level-up,31,1001
339,173,level-up,31,1001
339,401,level-up,35,1001
339,89,level-up,39,1001
339,248,level-up,43,1001
339,90,level-up,47,1001
339,349,level-up,51,1001
339,56,level-up,54,1001
340,189,level-up,1,1001
340,209,level-up,1,1001
340,300,level-up,1,1001
340,321,level-up,1,1001
340,346,level-up,1,1001
340,428,level-up,1,1001
340,55,level-up,10,1001
340,426,level-up,14,1001
340,133,level-up,18,1001
340,352,level-up,22,1001
340,222,level-up,26,1001
340,156,level-up,33,1001
340,173,level-up,33,1001
340,401,level-up,39,1001
340,89,level-up,45,1001
340,248,level-up,51,1001
340,90,level-up,57,1001
340,349,level-up,63,1001
340,56,level-up,69,1001
341,145,level-up,1,1001
341,106,level-up,7,1001
341,11,level-up,10,1001
341,43,level-up,13,1001
341,61,level-up,20,1001
341,182,level-up,23,1001
341,282,level-up,26,1001
341,269,level-up,32,1001
341,400,level-up,35,1001
341,152,level-up,38,1001
341,14,level-up,44,1001
341,242,level-up,47,1001
341,349,level-up,50,1001
341,12,level-up,53,1001
341,276,level-up,56,1001
342,11,level-up,1,1001
342,43,level-up,1,1001
342,106,level-up,1,1001
342,145,level-up,1,1001
342,419,level-up,1,1001
342,61,level-up,20,1001
342,182,level-up,23,1001
342,282,level-up,26,1001
342,129,level-up,30,1001
342,269,level-up,34,1001
342,400,level-up,39,1001
342,152,level-up,44,1001
342,14,level-up,52,1001
342,242,level-up,57,1001
342,349,level-up,61,1001
342,12,level-up,65,1001
342,276,level-up,70,1001
344,93,level-up,1,1001
344,100,level-up,1,1001
344,106,level-up,1,1001
344,229,level-up,1,1001
344,356,level-up,1,1001
344,189,level-up,11,1001
344,60,level-up,15,1001
344,317,level-up,18,1001
344,120,level-up,21,1001
344,246,level-up,26,1001
344,379,level-up,31,1001
344,201,level-up,34,1001
344,63,level-up,36,1001
344,326,level-up,39,1001
344,322,level-up,47,1001
344,470,level-up,54,1001
344,471,level-up,54,1001
344,414,level-up,59,1001
344,377,level-up,64,1001
344,153,level-up,72,1001
345,132,level-up,1,1001
345,310,level-up,1,1001
345,51,level-up,8,1001
345,275,level-up,15,1001
345,109,level-up,22,1001
345,133,level-up,29,1001
345,380,level-up,36,1001
345,246,level-up,43,1001
345,412,level-up,50,1001
345,254,level-up,57,1001
345,255,level-up,57,1001
345,256,level-up,57,1001
345,378,level-up,64,1001
345,414,level-up,71,1001
346,51,level-up,1,1001
346,132,level-up,1,1001
346,243,level-up,1,1001
346,275,level-up,1,1001
346,310,level-up,1,1001
346,402,level-up,1,1001
346,109,level-up,22,1001
346,133,level-up,29,1001
346,246,level-up,36,1001
346,105,level-up,40,1001
346,380,level-up,46,1001
346,412,level-up,56,1001
346,254,level-up,66,1001
346,255,level-up,66,1001
346,256,level-up,66,1001
346,378,level-up,76,1001
346,414,level-up,86,1001
348,10,level-up,1,1001
348,55,level-up,1,1001
348,106,level-up,1,1001
348,276,level-up,1,1001
348,300,level-up,1,1001
348,401,level-up,1,1001
348,440,level-up,1,1001
348,232,level-up,19,1001
348,182,level-up,25,1001
348,246,level-up,31,1001
348,210,level-up,37,1001
348,163,level-up,46,1001
348,350,level-up,55,1001
348,306,level-up,67,1001
348,404,level-up,73,1001
349,150,level-up,1,1001
349,95,level-up,10,1001
349,33,level-up,15,1001
349,362,level-up,20,1001
349,406,level-up,25,1001
349,175,level-up,30,1001
350,35,level-up,1,1001
350,55,level-up,1,1001
350,346,level-up,5,1001
350,287,level-up,9,1001
350,352,level-up,13,1001
350,239,level-up,17,1001
350,105,level-up,21,1001
350,445,level-up,25,1001
350,401,level-up,29,1001
350,240,level-up,33,1001
350,56,level-up,37,1001
350,213,level-up,41,1001
350,219,level-up,45,1001
350,392,level-up,49,1001
350,243,level-up,53,1001
352,10,level-up,1,1001
352,39,level-up,1,1001
352,122,level-up,1,1001
352,168,level-up,1,1001
352,252,level-up,1,1001
352,310,level-up,1,1001
352,20,level-up,4,1001
352,185,level-up,7,1001
352,154,level-up,10,1001
352,364,level-up,14,1001
352,60,level-up,18,1001
352,425,level-up,22,1001
352,163,level-up,27,1001
352,103,level-up,32,1001
352,164,level-up,37,1001
352,389,level-up,43,1001
352,421,level-up,49,1001
352,246,level-up,55,1001
352,485,level-up,58,1001
352,105,level-up,61,1001
353,282,level-up,1,1001
353,425,level-up,1,1001
353,103,level-up,5,1001
353,101,level-up,8,1001
353,174,level-up,13,1001
353,180,level-up,16,1001
353,220,level-up,16,1001
353,425,level-up,20,1001
353,261,level-up,23,1001
353,185,level-up,28,1001
353,506,level-up,31,1001
353,247,level-up,35,1001
353,389,level-up,38,1001
353,373,level-up,43,1001
353,289,level-up,46,1001
353,288,level-up,50,1001
353,271,level-up,55,1001
353,441,level-up,58,1001
354,101,level-up,1,1001
354,103,level-up,1,1001
354,174,level-up,1,1001
354,282,level-up,1,1001
354,425,level-up,1,1001
354,180,level-up,16,1001
354,220,level-up,16,1001
354,425,level-up,20,1001
354,261,level-up,23,1001
354,185,level-up,28,1001
354,506,level-up,31,1001
354,247,level-up,35,1001
354,389,level-up,42,1001
354,373,level-up,51,1001
354,289,level-up,58,1001
354,288,level-up,66,1001
354,271,level-up,75,1001
354,441,level-up,81,1001
355,43,level-up,1,1001
355,101,level-up,1,1001
355,50,level-up,6,1001
355,193,level-up,9,1001
355,310,level-up,14,1001
355,109,level-up,17,1001
355,425,level-up,22,1001
355,228,level-up,25,1001
355,174,level-up,30,1001
355,261,level-up,33,1001
355,506,level-up,38,1001
355,212,level-up,41,1001
355,371,level-up,46,1001
355,248,level-up,49,1001
355,271,level-up,49,1001
356,7,level-up,1,1001
356,8,level-up,1,1001
356,9,level-up,1,1001
356,20,level-up,1,1001
356,43,level-up,1,1001
356,50,level-up,1,1001
356,101,level-up,1,1001
356,356,level-up,1,1001
356,193,level-up,9,1001
356,310,level-up,14,1001
356,109,level-up,17,1001
356,425,level-up,22,1001
356,228,level-up,25,1001
356,174,level-up,30,1001
356,261,level-up,33,1001
356,325,level-up,37,1001
356,506,level-up,42,1001
356,212,level-up,49,1001
356,371,level-up,58,1001
356,248,level-up,61,1001
356,271,level-up,61,1001
357,16,level-up,1,1001
357,43,level-up,1,1001
357,348,level-up,1,1001
357,349,level-up,1,1001
357,74,level-up,7,1001
357,75,level-up,11,1001
357,23,level-up,17,1001
357,230,level-up,21,1001
357,18,level-up,27,1001
357,345,level-up,31,1001
357,34,level-up,37,1001
357,235,level-up,41,1001
357,536,level-up,47,1001
357,403,level-up,51,1001
357,516,level-up,57,1001
357,76,level-up,61,1001
357,363,level-up,67,1001
357,437,level-up,71,1001
357,200,level-up,77,1001
357,542,level-up,81,1001
358,35,level-up,1,1001
358,95,level-up,1,1001
358,105,level-up,1,1001
358,45,level-up,6,1001
358,310,level-up,9,1001
358,93,level-up,14,1001
358,253,level-up,17,1001
358,36,level-up,22,1001
358,281,level-up,25,1001
358,149,level-up,30,1001
358,304,level-up,30,1001
358,38,level-up,33,1001
358,215,level-up,38,1001
358,219,level-up,41,1001
358,326,level-up,46,1001
358,505,level-up,49,1001
358,485,level-up,54,1001
358,361,level-up,57,1001
359,10,level-up,1,1001
359,364,level-up,1,1001
359,43,level-up,4,1001
359,269,level-up,9,1001
359,98,level-up,12,1001
359,13,level-up,17,1001
359,228,level-up,20,1001
359,14,level-up,25,1001
359,97,level-up,25,1001
359,44,level-up,28,1001
359,104,level-up,33,1001
359,163,level-up,36,1001
359,248,level-up,41,1001
359,389,level-up,44,1001
359,197,level-up,49,1001
359,400,level-up,52,1001
359,382,level-up,57,1001
359,427,level-up,60,1001
359,195,level-up,65,1001
359,224,level-up,68,1001
359,389,level-up,72,1001
359,276,level-up,77,1001
362,43,level-up,1,1001
362,44,level-up,1,1001
362,104,level-up,1,1001
362,181,level-up,1,1001
362,196,level-up,13,1001
362,29,level-up,19,1001
362,182,level-up,22,1001
362,423,level-up,28,1001
362,242,level-up,31,1001
362,419,level-up,37,1001
362,258,level-up,40,1001
362,205,level-up,42,1001
362,59,level-up,51,1001
362,329,level-up,59,1001
362,457,level-up,65,1001
362,439,level-up,73,1001
365,45,level-up,1,1001
365,55,level-up,1,1001
365,162,level-up,1,1001
365,174,level-up,1,1001
365,181,level-up,1,1001
365,227,level-up,1,1001
365,242,level-up,1,1001
365,401,level-up,1,1001
365,301,level-up,13,1001
365,34,level-up,19,1001
365,62,level-up,25,1001
365,258,level-up,31,1001
365,207,level-up,32,1001
365,156,level-up,39,1001
365,173,level-up,39,1001
365,423,level-up,44,1001
365,59,level-up,52,1001
365,329,level-up,65,1001
366,55,level-up,1,1001
366,128,level-up,1,1001
366,250,level-up,1,1001
366,334,level-up,1,1001
366,330,level-up,25,1001
366,112,level-up,30,1001
366,504,level-up,35,1001
369,33,level-up,1,1001
369,106,level-up,1,1001
369,428,level-up,1,1001
369,55,level-up,8,1001
369,317,level-up,15,1001
369,281,level-up,22,1001
369,36,level-up,29,1001
369,300,level-up,36,1001
369,246,level-up,43,1001
369,38,level-up,50,1001
369,291,level-up,57,1001
369,156,level-up,64,1001
369,56,level-up,71,1001
369,457,level-up,78,1001
371,99,level-up,1,1001
371,44,level-up,5,1001
371,43,level-up,10,1001
371,29,level-up,16,1001
371,116,level-up,20,1001
371,52,level-up,25,1001
371,225,level-up,31,1001
371,428,level-up,35,1001
371,184,level-up,40,1001
371,242,level-up,46,1001
371,337,level-up,50,1001
371,38,level-up,55,1001
371,349,level-up,61,1001
371,200,level-up,65,1001
372,29,level-up,1,1001
372,43,level-up,1,1001
372,44,level-up,1,1001
372,99,level-up,1,1001
372,116,level-up,20,1001
372,52,level-up,25,1001
372,182,level-up,30,1001
372,225,level-up,32,1001
372,428,level-up,37,1001
372,184,level-up,43,1001
372,242,level-up,50,1001
372,337,level-up,55,1001
372,38,level-up,61,1001
372,349,level-up,66,1001
372,200,level-up,72,1001
373,29,level-up,1,1001
373,43,level-up,1,1001
373,44,level-up,1,1001
373,56,level-up,1,1001
373,99,level-up,1,1001
373,355,level-up,1,1001
373,422,level-up,1,1001
373,424,level-up,1,1001
373,116,level-up,20,1001
373,52,level-up,25,1001
373,182,level-up,30,1001
373,225,level-up,32,1001
373,428,level-up,37,1001
373,184,level-up,43,1001
373,19,level-up,50,1001
373,242,level-up,53,1001
373,337,level-up,61,1001
373,38,level-up,70,1001
373,349,level-up,75,1001
373,525,level-up,80,1001
373,200,level-up,85,1001
374,29,level-up,1,1001
374,36,level-up,1,1001
374,428,level-up,1,1001
374,442,level-up,1,1001
376,8,level-up,1,1001
376,9,level-up,1,1001
376,36,level-up,1,1001
376,93,level-up,1,1001
376,232,level-up,1,1001
376,393,level-up,1,1001
376,184,level-up,24,1001
376,228,level-up,28,1001
376,418,level-up,32,1001
376,94,level-up,36,1001
376,334,level-up,40,1001
376,97,level-up,44,1001
376,359,level-up,45,1001
376,309,level-up,53,1001
376,428,level-up,62,1001
376,63,level-up,71,1001
387,33,level-up,1,1001
387,110,level-up,5,1001
387,71,level-up,9,1001
387,75,level-up,13,1001
387,174,level-up,17,1001
387,44,level-up,21,1001
387,72,level-up,25,1001
387,73,level-up,29,1001
387,235,level-up,33,1001
387,242,level-up,37,1001
387,202,level-up,41,1001
387,437,level-up,45,1001
387,402,level-up,49,1001
388,33,level-up,1,1001
388,110,level-up,1,1001
388,71,level-up,9,1001
388,75,level-up,13,1001
388,174,level-up,17,1001
388,44,level-up,22,1001
388,72,level-up,27,1001
388,73,level-up,32,1001
388,235,level-up,37,1001
388,242,level-up,42,1001
388,202,level-up,47,1001
388,437,level-up,52,1001
388,402,level-up,57,1001
389,33,level-up,1,1001
389,71,level-up,1,1001
389,75,level-up,1,1001
389,110,level-up,1,1001
389,452,level-up,1,1001
389,174,level-up,17,1001
389,44,level-up,22,1001
389,72,level-up,27,1001
389,89,level-up,32,1001
389,73,level-up,33,1001
389,235,level-up,39,1001
389,242,level-up,45,1001
389,202,level-up,51,1001
389,437,level-up,57,1001
389,402,level-up,63,1001
389,504,level-up,69,1001
392,7,level-up,1,1001
392,9,level-up,1,1001
392,10,level-up,1,1001
392,43,level-up,1,1001
392,52,level-up,1,1001
392,252,level-up,1,1001
392,269,level-up,1,1001
392,183,level-up,14,1001
392,154,level-up,16,1001
392,172,level-up,19,1001
392,364,level-up,26,1001
392,386,level-up,29,1001
392,370,level-up,36,1001
392,83,level-up,42,1001
392,512,level-up,52,1001
392,347,level-up,58,1001
392,394,level-up,68,1001
393,1,level-up,1,1001
393,45,level-up,4,1001
393,145,level-up,8,1001
393,346,level-up,11,1001
393,362,level-up,13,1001
393,64,level-up,15,1001
393,61,level-up,18,1001
393,117,level-up,22,1001
393,31,level-up,25,1001
393,362,level-up,29,1001
393,250,level-up,32,1001
393,54,level-up,36,1001
393,65,level-up,39,1001
393,56,level-up,43,1001
394,33,level-up,1,1001
394,45,level-up,1,1001
394,145,level-up,8,1001
394,346,level-up,11,1001
394,362,level-up,13,1001
394,64,level-up,15,1001
394,232,level-up,16,1001
394,61,level-up,19,1001
394,117,level-up,24,1001
394,31,level-up,28,1001
394,362,level-up,33,1001
394,250,level-up,37,1001
394,54,level-up,42,1001
394,65,level-up,46,1001
394,56,level-up,51,1001
395,33,level-up,1,1001
395,45,level-up,1,1001
395,145,level-up,1,1001
395,14,level-up,11,1001
395,362,level-up,13,1001
395,64,level-up,15,1001
395,232,level-up,16,1001
395,61,level-up,19,1001
395,207,level-up,24,1001
395,31,level-up,28,1001
395,362,level-up,33,1001
395,453,level-up,36,1001
395,250,level-up,39,1001
395,54,level-up,46,1001
395,65,level-up,52,1001
395,56,level-up,59,1001
396,33,level-up,1,1001
396,45,level-up,1,1001
396,98,level-up,5,1001
396,17,level-up,9,1001
396,104,level-up,13,1001
396,283,level-up,17,1001
396,18,level-up,21,1001
396,332,level-up,25,1001
396,36,level-up,29,1001
396,97,level-up,33,1001
396,413,level-up,37,1001
396,515,level-up,41,1001
396,38,level-up,45,1001
397,33,level-up,1,1001
397,45,level-up,1,1001
397,98,level-up,1,1001
397,17,level-up,9,1001
397,104,level-up,13,1001
397,283,level-up,18,1001
397,18,level-up,23,1001
397,332,level-up,28,1001
397,36,level-up,33,1001
397,97,level-up,38,1001
397,413,level-up,43,1001
397,515,level-up,48,1001
397,38,level-up,53,1001
398,17,level-up,1,1001
398,33,level-up,1,1001
398,45,level-up,1,1001
398,98,level-up,1,1001
398,355,level-up,1,1001
398,104,level-up,13,1001
398,283,level-up,18,1001
398,18,level-up,23,1001
398,332,level-up,28,1001
398,36,level-up,33,1001
398,370,level-up,34,1001
398,97,level-up,41,1001
398,413,level-up,49,1001
398,515,level-up,57,1001
398,38,level-up,65,1001
399,33,level-up,1,1001
399,45,level-up,5,1001
399,111,level-up,9,1001
399,205,level-up,13,1001
399,29,level-up,17,1001
399,158,level-up,21,1001
399,281,level-up,25,1001
399,133,level-up,29,1001
399,36,level-up,33,1001
399,162,level-up,37,1001
399,276,level-up,41,1001
399,174,level-up,45,1001
399,38,level-up,49,1001
400,33,level-up,1,1001
400,45,level-up,1,1001
400,111,level-up,9,1001
400,205,level-up,13,1001
400,401,level-up,15,1001
400,29,level-up,18,1001
400,158,level-up,23,1001
400,281,level-up,28,1001
400,133,level-up,33,1001
400,36,level-up,38,1001
400,162,level-up,43,1001
400,276,level-up,48,1001
400,174,level-up,53,1001
400,38,level-up,58,1001
401,45,level-up,1,1001
401,117,level-up,1,1001
401,450,level-up,1,1001
401,522,level-up,1,1001
403,33,level-up,1,1001
403,44,level-up,1,1001
403,43,level-up,5,1001
403,268,level-up,9,1001
403,209,level-up,13,1001
403,86,level-up,17,1001
403,46,level-up,21,1001
403,207,level-up,25,1001
403,422,level-up,29,1001
403,242,level-up,33,1001
403,184,level-up,37,1001
403,435,level-up,41,1001
403,528,level-up,45,1001
404,33,level-up,1,1001
404,43,level-up,1,1001
404,44,level-up,1,1001
404,268,level-up,9,1001
404,209,level-up,13,1001
404,24,level-up,15,1001
404,400,level-up,18,1001
404,46,level-up,23,1001
404,207,level-up,28,1001
404,422,level-up,33,1001
404,242,level-up,38,1001
404,184,level-up,43,1001
404,435,level-up,48,1001
404,528,level-up,53,1001
405,33,level-up,1,1001
405,43,level-up,1,1001
405,44,level-up,1,1001
405,268,level-up,1,1001
405,423,level-up,1,1001
405,424,level-up,1,1001
405,209,level-up,13,1001
405,24,level-up,15,1001
405,400,level-up,18,1001
405,46,level-up,23,1001
405,207,level-up,28,1001
405,399,level-up,30,1001
405,422,level-up,35,1001
405,242,level-up,42,1001
405,184,level-up,49,1001
405,435,level-up,56,1001
405,528,level-up,63,1001
405,344,level-up,70,1001
406,71,level-up,1,1001
406,74,level-up,4,1001
406,346,level-up,7,1001
406,78,level-up,10,1001
406,72,level-up,13,1001
406,388,level-up,16,1001
406,326,level-up,19,1001
406,79,level-up,22,1001
406,202,level-up,25,1001
407,40,level-up,1,1001
407,72,level-up,1,1001
407,230,level-up,1,1001
407,311,level-up,1,1001
407,345,level-up,1,1001
407,80,level-up,55,1001
408,29,level-up,1,1001
408,43,level-up,1,1001
408,116,level-up,6,1001
408,228,level-up,10,1001
408,36,level-up,15,1001
408,184,level-up,19,1001
408,372,level-up,24,1001
408,498,level-up,28,1001
408,246,level-up,33,1001
408,428,level-up,37,1001
408,103,level-up,42,1001
408,457,level-up,46,1001
408,242,level-up,50,1001
408,359,level-up,55,1001
409,7,level-up,1,1001
409,9,level-up,1,1001
409,29,level-up,1,1001
409,43,level-up,1,1001
409,116,level-up,6,1001
409,228,level-up,10,1001
409,36,level-up,15,1001
409,184,level-up,19,1001
409,372,level-up,24,1001
409,498,level-up,28,1001
409,283,level-up,30,1001
409,246,level-up,36,1001
409,428,level-up,43,1001
409,103,level-up,51,1001
409,457,level-up,58,1001
409,242,level-up,64,1001
409,359,level-up,69,1001
411,33,level-up,1,1001
411,182,level-up,1,1001
411,269,level-up,1,1001
411,319,level-up,1,1001
411,393,level-up,1,1001
411,36,level-up,15,1001
411,334,level-up,19,1001
411,207,level-up,24,1001
411,246,level-up,28,1001
411,335,level-up,30,1001
411,203,level-up,36,1001
411,368,level-up,43,1001
411,442,level-up,51,1001
411,484,level-up,58,1001
412,81,level-up,1,1001
412,173,level-up,1,1001
412,182,level-up,1,1001
412,33,level-up,10,1001
412,450,level-up,15,1001
412,237,level-up,20,1001
414,33,level-up,1,1001
414,202,level-up,1,1001
414,182,level-up,10,1001
414,450,level-up,15,1001
414,237,level-up,20,1001
414,314,level-up,20,1001
414,93,level-up,23,1001
414,16,level-up,26,1001
414,77,level-up,29,1001
414,60,level-up,32,1001
414,293,level-up,35,1001
414,318,level-up,38,1001
414,403,level-up,41,1001
414,94,level-up,44,1001
414,405,level-up,47,1001
414,483,level-up,50,1001
414,542,level-up,53,1001
415,16,level-up,1,1001
415,230,level-up,1,1001
415,450,level-up,13,1001
415,366,level-up,16,1001
415,283,level-up,19,1001
416,16,level-up,1,1001
416,230,level-up,1,1001
416,40,level-up,3,1001
416,109,level-up,7,1001
416,210,level-up,9,1001
416,455,level-up,13,1001
416,228,level-up,15,1001
416,154,level-up,19,1001
416,408,level-up,21,1001
416,318,level-up,23,1001
416,456,level-up,25,1001
416,92,level-up,27,1001
416,512,level-up,29,1001
416,163,level-up,31,1001
416,445,level-up,33,1001
416,454,level-up,37,1001
416,207,level-up,39,1001
416,194,level-up,43,1001
417,45,level-up,1,1001
417,117,level-up,1,1001
417,98,level-up,5,1001
417,204,level-up,9,1001
417,209,level-up,13,1001
417,203,level-up,17,1001
417,129,level-up,21,1001
417,486,level-up,25,1001
417,186,level-up,29,1001
417,86,level-up,33,1001
417,162,level-up,37,1001
417,435,level-up,41,1001
417,387,level-up,45,1001
417,158,level-up,49,1001
417,313,level-up,53,1001
417,253,level-up,57,1001
418,45,level-up,1,1001
418,49,level-up,1,1001
418,346,level-up,1,1001
418,98,level-up,3,1001
418,55,level-up,6,1001
418,228,level-up,10,1001
418,129,level-up,15,1001
418,453,level-up,21,1001
418,97,level-up,28,1001
418,8,level-up,32,1001
418,250,level-up,36,1001
418,541,level-up,40,1001
418,13,level-up,45,1001
418,401,level-up,55,1001
419,45,level-up,1,1001
419,49,level-up,1,1001
419,67,level-up,1,1001
419,98,level-up,1,1001
419,346,level-up,1,1001
419,423,level-up,1,1001
419,55,level-up,6,1001
419,228,level-up,10,1001
419,129,level-up,15,1001
419,453,level-up,21,1001
419,242,level-up,26,1001
419,97,level-up,29,1001
419,8,level-up,34,1001
419,250,level-up,39,1001
419,541,level-up,45,1001
419,13,level-up,50,1001
419,401,level-up,62,1001
421,33,level-up,1,1001
421,74,level-up,1,1001
421,234,level-up,1,1001
421,311,level-up,1,1001
421,73,level-up,10,1001
421,270,level-up,13,1001
421,345,level-up,19,1001
421,241,level-up,22,1001
421,80,level-up,25,1001
421,388,level-up,30,1001
421,36,level-up,35,1001
421,76,level-up,43,1001
421,381,level-up,48,1001
422,189,level-up,1,1001
422,300,level-up,2,1001
422,106,level-up,4,1001
422,352,level-up,7,1001
422,426,level-up,11,1001
422,237,level-up,16,1001
422,362,level-up,19,1001
422,240,level-up,22,1001
422,34,level-up,29,1001
422,330,level-up,37,1001
422,414,level-up,41,1001
422,105,level-up,46,1001
423,68,level-up,1,1001
423,106,level-up,1,1001
423,189,level-up,1,1001
423,243,level-up,1,1001
423,300,level-up,1,1001
423,352,level-up,1,1001
423,426,level-up,11,1001
423,237,level-up,16,1001
423,362,level-up,19,1001
423,240,level-up,22,1001
423,34,level-up,29,1001
423,330,level-up,41,1001
423,414,level-up,47,1001
423,105,level-up,54,1001
424,7,level-up,1,1001
424,8,level-up,1,1001
424,9,level-up,1,1001
424,10,level-up,1,1001
424,28,level-up,1,1001
424,39,level-up,1,1001
424,310,level-up,1,1001
424,226,level-up,11,1001
424,321,level-up,15,1001
424,154,level-up,18,1001
424,129,level-up,22,1001
424,103,level-up,25,1001
424,97,level-up,29,1001
424,458,level-up,32,1001
424,374,level-up,36,1001
424,417,level-up,39,1001
424,387,level-up,43,1001
424,252,level-up,47,1001
425,107,level-up,1,1001
425,132,level-up,1,1001
425,310,level-up,6,1001
425,16,level-up,11,1001
425,116,level-up,14,1001
425,371,level-up,17,1001
425,506,level-up,22,1001
425,254,level-up,27,1001
425,255,level-up,30,1001
425,256,level-up,30,1001
425,466,level-up,33,1001
425,226,level-up,38,1001
425,247,level-up,43,1001
425,153,level-up,46,1001
425,95,level-up,49,1001
425,194,level-up,52,1001
425,366,level-up,55,1001
425,542,level-up,58,1001
426,16,level-up,1,1001
426,107,level-up,1,1001
426,132,level-up,1,1001
426,310,level-up,1,1001
426,351,level-up,1,1001
426,116,level-up,14,1001
426,371,level-up,17,1001
426,506,level-up,22,1001
426,254,level-up,27,1001
426,314,level-up,28,1001
426,255,level-up,32,1001
426,256,level-up,32,1001
426,466,level-up,37,1001
426,226,level-up,44,1001
426,247,level-up,51,1001
426,153,level-up,56,1001
426,95,level-up,61,1001
426,194,level-up,66,1001
426,366,level-up,71,1001
426,542,level-up,76,1001
427,1,level-up,1,1001
427,111,level-up,1,1001
427,150,level-up,1,1001
427,193,level-up,1,1001
427,203,level-up,6,1001
427,218,level-up,13,1001
427,98,level-up,16,1001
427,252,level-up,19,1001
427,26,level-up,23,1001
427,226,level-up,26,1001
427,327,level-up,29,1001
427,97,level-up,33,1001
427,146,level-up,36,1001
427,215,level-up,39,1001
427,495,level-up,43,1001
427,204,level-up,46,1001
427,494,level-up,53,1001
427,340,level-up,56,1001
427,361,level-up,63,1001
428,1,level-up,1,1001
428,111,level-up,1,1001
428,150,level-up,1,1001
428,193,level-up,1,1001
428,243,level-up,1,1001
428,277,level-up,1,1001
428,203,level-up,6,1001
428,216,level-up,13,1001
428,98,level-up,16,1001
428,252,level-up,19,1001
428,26,level-up,23,1001
428,226,level-up,26,1001
428,327,level-up,29,1001
428,97,level-up,33,1001
428,146,level-up,36,1001
428,215,level-up,39,1001
428,495,level-up,43,1001
428,204,level-up,46,1001
428,494,level-up,53,1001
428,340,level-up,56,1001
428,361,level-up,63,1001
429,45,level-up,1,1001
429,149,level-up,1,1001
429,180,level-up,1,1001
429,310,level-up,1,1001
429,345,level-up,1,1001
429,381,level-up,1,1001
429,517,level-up,1,1001
429,472,level-up,25,1001
429,196,level-up,35,1001
429,417,level-up,45,1001
429,95,level-up,55,1001
429,194,level-up,65,1001
430,17,level-up,1,1001
430,114,level-up,1,1001
430,228,level-up,1,1001
430,257,level-up,1,1001
430,310,level-up,1,1001
430,207,level-up,25,1001
430,65,level-up,35,1001
430,417,level-up,35,1001
430,492,level-up,45,1001
430,400,level-up,55,1001
430,511,level-up,65,1001
430,399,level-up,75,1001
430,413,level-up,85,1001
431,252,level-up,1,1001
431,10,level-up,5,1001
431,45,level-up,8,1001
431,44,level-up,11,1001
431,95,level-up,13,1001
431,185,level-up,17,1001
431,154,level-up,20,1001
431,204,level-up,25,1001
431,274,level-up,29,1001
431,445,level-up,32,1001
431,163,level-up,37,1001
431,389,level-up,41,1001
431,213,level-up,44,1001
431,468,level-up,48,1001
431,162,level-up,52,1001
432,10,level-up,1,1001
432,45,level-up,1,1001
432,252,level-up,1,1001
432,44,level-up,11,1001
432,95,level-up,13,1001
432,185,level-up,17,1001
432,154,level-up,20,1001
432,204,level-up,25,1001
432,274,level-up,29,1001
432,445,level-up,32,1001
432,163,level-up,37,1001
432,207,level-up,38,1001
432,34,level-up,45,1001
432,213,level-up,52,1001
432,468,level-up,60,1001
432,162,level-up,68,1001
433,35,level-up,1,1001
433,95,level-up,1,1001
433,105,level-up,1,1001
433,45,level-up,6,1001
433,310,level-up,9,1001
433,93,level-up,14,1001
433,253,level-up,17,1001
433,387,level-up,22,1001
433,494,level-up,25,1001
433,304,level-up,30,1001
434,10,level-up,1,1001
434,116,level-up,1,1001
434,139,level-up,4,1001
434,103,level-up,7,1001
434,154,level-up,10,1001
434,108,level-up,14,1001
434,364,level-up,18,1001
434,389,level-up,18,1001
434,163,level-up,22,1001
434,481,level-up,25,1001
434,92,level-up,27,1001
434,491,level-up,32,1001
434,400,level-up,37,1001
434,262,level-up,43,1001
434,153,level-up,49,1001
434,492,level-up,55,1001
435,10,level-up,1,1001
435,116,level-up,1,1001
435,139,level-up,1,1001
435,103,level-up,7,1001
435,154,level-up,10,1001
435,108,level-up,14,1001
435,364,level-up,18,1001
435,389,level-up,18,1001
435,163,level-up,22,1001
435,481,level-up,25,1001
435,92,level-up,27,1001
435,491,level-up,32,1001
435,53,level-up,34,1001
435,400,level-up,41,1001
435,262,level-up,51,1001
435,153,level-up,61,1001
435,492,level-up,71,1001
436,33,level-up,1,1001
436,93,level-up,1,1001
436,95,level-up,7,1001
436,286,level-up,12,1001
436,109,level-up,14,1001
436,205,level-up,16,1001
436,326,level-up,19,1001
436,174,level-up,23,1001
436,334,level-up,26,1001
436,219,level-up,30,1001
436,360,level-up,35,1001
436,248,level-up,37,1001
436,185,level-up,41,1001
436,371,level-up,49,1001
436,377,level-up,52,1001
436,484,level-up,54,1001
437,33,level-up,1,1001
437,93,level-up,1,1001
437,95,level-up,1,1001
437,240,level-up,1,1001
437,241,level-up,1,1001
437,271,level-up,1,1001
437,286,level-up,1,1001
437,356,level-up,1,1001
437,109,level-up,14,1001
437,205,level-up,16,1001
437,326,level-up,19,1001
437,174,level-up,23,1001
437,334,level-up,26,1001
437,219,level-up,30,1001
437,335,level-up,33,1001
437,360,level-up,38,1001
437,248,level-up,43,1001
437,185,level-up,50,1001
437,371,level-up,61,1001
437,377,level-up,67,1001
437,484,level-up,72,1001
439,93,level-up,1,1001
439,112,level-up,1,1001
439,321,level-up,1,1001
439,383,level-up,4,1001
439,96,level-up,8,1001
439,227,level-up,11,1001
439,95,level-up,13,1001
439,3,level-up,15,1001
439,102,level-up,18,1001
439,113,level-up,22,1001
439,115,level-up,22,1001
439,60,level-up,25,1001
439,417,level-up,27,1001
439,164,level-up,29,1001
439,278,level-up,32,1001
439,271,level-up,36,1001
439,94,level-up,39,1001
439,272,level-up,43,1001
439,226,level-up,46,1001
439,219,level-up,50,1001
440,1,level-up,1,1001
440,69,level-up,1,1001
440,204,level-up,1,1001
440,273,level-up,1,1001
440,383,level-up,5,1001
440,287,level-up,9,1001
440,186,level-up,12,1001
440,387,level-up,16,1001
441,64,level-up,1,1001
441,417,level-up,1,1001
441,45,level-up,5,1001
441,119,level-up,9,1001
441,47,level-up,13,1001
441,31,level-up,17,1001
441,448,level-up,21,1001
441,269,level-up,25,1001
441,496,level-up,29,1001
441,102,level-up,33,1001
441,497,level-up,37,1001
441,355,level-up,41,1001
441,253,level-up,45,1001
441,485,level-up,49,1001
441,297,level-up,53,1001
441,304,level-up,57,1001
441,542,level-up,61,1001
441,257,level-up,65,1001
442,109,level-up,1,1001
442,174,level-up,1,1001
442,180,level-up,1,1001
442,196,level-up,1,1001
442,228,level-up,1,1001
442,425,level-up,1,1001
442,185,level-up,7,1001
442,95,level-up,13,1001
442,138,level-up,19,1001
442,466,level-up,25,1001
442,389,level-up,31,1001
442,417,level-up,37,1001
442,262,level-up,43,1001
442,399,level-up,49,1001
442,425,level-up,55,1001
442,220,level-up,61,1001
443,33,level-up,1,1001
443,28,level-up,3,1001
443,82,level-up,7,1001
443,201,level-up,13,1001
443,36,level-up,15,1001
443,328,level-up,19,1001
443,163,level-up,25,1001
443,337,level-up,27,1001
443,91,level-up,31,1001
443,407,level-up,37,1001
443,200,level-up,44,1001
444,28,level-up,1,1001
444,33,level-up,1,1001
444,82,level-up,7,1001
444,201,level-up,13,1001
444,36,level-up,15,1001
444,328,level-up,19,1001
444,530,level-up,24,1001
444,163,level-up,28,1001
444,337,level-up,33,1001
444,91,level-up,40,1001
444,407,level-up,49,1001
444,200,level-up,58,1001
445,28,level-up,1,1001
445,33,level-up,1,1001
445,82,level-up,1,1001
445,201,level-up,1,1001
445,401,level-up,1,1001
445,424,level-up,1,1001
445,36,level-up,15,1001
445,328,level-up,19,1001
445,530,level-up,24,1001
445,163,level-up,28,1001
445,337,level-up,33,1001
445,91,level-up,40,1001
445,242,level-up,48,1001
445,407,level-up,55,1001
445,200,level-up,63,1001
445,245,level-up,69,1001
446,33,level-up,1,1001
446,118,level-up,1,1001
446,142,level-up,1,1001
446,186,level-up,1,1001
446,316,level-up,1,1001
446,111,level-up,4,1001
446,133,level-up,9,1001
446,122,level-up,12,1001
446,278,level-up,17,1001
446,103,level-up,20,1001
446,498,level-up,25,1001
446,254,level-up,28,1001
446,256,level-up,33,1001
446,34,level-up,36,1001
446,374,level-up,41,1001
446,205,level-up,44,1001
446,363,level-up,49,1001
446,289,level-up,52,1001
446,387,level-up,57,1001
446,303,level-up,62,1001
446,38,level-up,67,1001
446,120,level-up,72,1001
447,98,level-up,1,1001
447,193,level-up,1,1001
447,203,level-up,1,1001
447,410,level-up,1,1001
447,68,level-up,6,1001
447,395,level-up,11,1001
447,364,level-up,15,1001
447,179,level-up,19,1001
447,242,level-up,22,1001
447,103,level-up,24,1001
447,67,level-up,26,1001
447,383,level-up,29,1001
447,136,level-up,33,1001
447,417,level-up,47,1001
447,515,level-up,55,1001
448,8,level-up,1,1001
448,9,level-up,1,1001
448,98,level-up,1,1001
448,193,level-up,1,1001
448,197,level-up,1,1001
448,232,level-up,1,1001
448,299,level-up,1,1001
448,399,level-up,1,1001
448,68,level-up,6,1001
448,395,level-up,11,1001
448,364,level-up,15,1001
448,198,level-up,19,1001
448,319,level-up,24,1001
448,382,level-up,29,1001
448,501,level-up,33,1001
448,14,level-up,37,1001
448,505,level-up,42,1001
448,347,level-up,47,1001
448,396,level-up,51,1001
448,370,level-up,55,1001
448,406,level-up,60,1001
448,245,level-up,65,1001
449,28,level-up,1,1001
449,33,level-up,1,1001
449,44,level-up,7,1001
449,281,level-up,13,1001
449,36,level-up,19,1001
449,91,level-up,19,1001
449,328,level-up,25,1001
449,242,level-up,31,1001
449,89,level-up,37,1001
449,38,level-up,44,1001
449,90,level-up,50,1001
449,303,level-up,56,1001
449,276,level-up,63,1001
450,28,level-up,1,1001
450,33,level-up,1,1001
450,44,level-up,1,1001
450,281,level-up,1,1001
450,422,level-up,1,1001
450,423,level-up,1,1001
450,424,level-up,1,1001
450,36,level-up,19,1001
450,91,level-up,19,1001
450,328,level-up,25,1001
450,242,level-up,31,1001
450,89,level-up,40,1001
450,38,level-up,50,1001
450,90,level-up,60,1001
450,303,level-up,70,1001
450,276,level-up,80,1001
452,40,level-up,1,1001
452,43,level-up,1,1001
452,44,level-up,1,1001
452,282,level-up,1,1001
452,401,level-up,1,1001
452,422,level-up,1,1001
452,423,level-up,1,1001
452,424,level-up,1,1001
452,42,level-up,12,1001
452,367,level-up,17,1001
452,184,level-up,23,1001
452,390,level-up,28,1001
452,450,level-up,34,1001
452,305,level-up,39,1001
452,400,level-up,40,1001
452,480,level-up,40,1001
452,468,level-up,48,1001
452,474,level-up,56,1001
452,242,level-up,65,1001
452,440,level-up,73,1001
453,310,level-up,1,1001
453,189,level-up,3,1001
453,40,level-up,8,1001
453,269,level-up,10,1001
453,228,level-up,15,1001
453,185,level-up,17,1001
453,279,level-up,22,1001
453,207,level-up,24,1001
453,409,level-up,26,1001
453,426,level-up,29,1001
453,389,level-up,31,1001
453,238,level-up,33,1001
453,474,level-up,36,1001
453,417,level-up,38,1001
453,398,level-up,43,1001
453,188,level-up,45,1001
453,260,level-up,50,1001
453,441,level-up,55,1001
454,8,level-up,1,1001
454,9,level-up,1,1001
454,40,level-up,1,1001
454,189,level-up,1,1001
454,310,level-up,1,1001
454,269,level-up,10,1001
454,228,level-up,15,1001
454,185,level-up,17,1001
454,279,level-up,22,1001
454,207,level-up,24,1001
454,409,level-up,26,1001
454,426,level-up,29,1001
454,389,level-up,31,1001
454,238,level-up,33,1001
454,474,level-up,36,1001
454,417,level-up,41,1001
454,398,level-up,49,1001
454,188,level-up,54,1001
454,260,level-up,62,1001
454,441,level-up,70,1001
455,20,level-up,1,1001
455,74,level-up,1,1001
455,44,level-up,7,1001
455,22,level-up,11,1001
455,331,level-up,14,1001
455,230,level-up,17,1001
455,275,level-up,21,1001
455,79,level-up,24,1001
455,185,level-up,27,1001
455,536,level-up,31,1001
455,402,level-up,34,1001
455,254,level-up,37,1001
455,255,level-up,37,1001
455,256,level-up,37,1001
455,242,level-up,41,1001
455,450,level-up,44,1001
455,378,level-up,47,1001
455,438,level-up,51,1001
455,437,level-up,54,1001
457,1,level-up,1,1001
457,55,level-up,1,1001
457,60,level-up,1,1001
457,213,level-up,1,1001
457,466,level-up,1,1001
457,240,level-up,13,1001
457,16,level-up,17,1001
457,352,level-up,22,1001
457,445,level-up,26,1001
457,219,level-up,29,1001
457,483,level-up,31,1001
457,392,level-up,35,1001
457,250,level-up,42,1001
457,369,level-up,48,1001
457,340,level-up,53,1001
457,318,level-up,59,1001
457,487,level-up,66,1001
458,33,level-up,1,1001
458,145,level-up,1,1001
458,48,level-up,4,1001
458,61,level-up,10,1001
458,29,level-up,13,1001
458,97,level-up,19,1001
458,17,level-up,22,1001
458,352,level-up,28,1001
458,36,level-up,31,1001
458,109,level-up,37,1001
458,340,level-up,40,1001
458,392,level-up,46,1001
458,56,level-up,49,1001
458,243,level-up,53,1001
459,43,level-up,1,1001
459,181,level-up,1,1001
459,75,level-up,5,1001
459,196,level-up,9,1001
459,320,level-up,13,1001
459,207,level-up,17,1001
459,54,level-up,21,1001
459,420,level-up,26,1001
459,275,level-up,31,1001
459,452,level-up,36,1001
459,59,level-up,41,1001
459,329,level-up,46,1001
459,402,level-up,51,1001
460,8,level-up,1,1001
460,43,level-up,1,1001
460,75,level-up,1,1001
460,181,level-up,1,1001
460,196,level-up,1,1001
460,320,level-up,13,1001
460,207,level-up,17,1001
460,54,level-up,21,1001
460,420,level-up,26,1001
460,275,level-up,31,1001
460,452,level-up,36,1001
460,59,level-up,47,1001
460,329,level-up,58,1001
460,402,level-up,69,1001
461,10,level-up,1,1001
461,43,level-up,1,1001
461,98,level-up,1,1001
461,252,level-up,1,1001
461,269,level-up,1,1001
461,279,level-up,1,1001
461,372,level-up,1,1001
461,373,level-up,1,1001
461,103,level-up,10,1001
461,185,level-up,14,1001
461,154,level-up,21,1001
461,417,level-up,24,1001
461,196,level-up,28,1001
461,8,level-up,32,1001
461,468,level-up,35,1001
461,400,level-up,38,1001
461,374,level-up,42,1001
461,232,level-up,49,1001
461,399,level-up,51,1001
461,67,level-up,56,1001
462,33,level-up,1,1001
462,48,level-up,1,1001
462,84,level-up,1,1001
462,112,level-up,1,1001
462,243,level-up,1,1001
462,319,level-up,1,1001
462,49,level-up,14,1001
462,86,level-up,17,1001
462,209,level-up,22,1001
462,324,level-up,25,1001
462,486,level-up,27,1001
462,199,level-up,30,1001
462,443,level-up,34,1001
462,103,level-up,40,1001
462,435,level-up,46,1001
462,429,level-up,50,1001
462,393,level-up,54,1001
462,360,level-up,60,1001
462,192,level-up,66,1001
463,122,level-up,1,1001
463,48,level-up,5,1001
463,111,level-up,9,1001
463,282,level-up,13,1001
463,35,level-up,17,1001
463,23,level-up,21,1001
463,50,level-up,25,1001
463,21,level-up,29,1001
463,205,level-up,33,1001
463,498,level-up,37,1001
463,382,level-up,41,1001
463,287,level-up,45,1001
463,103,level-up,49,1001
463,438,level-up,53,1001
463,378,level-up,57,1001
463,360,level-up,61,1001
463,187,level-up,65,1001
463,359,level-up,69,1001
464,23,level-up,1,1001
464,30,level-up,1,1001
464,31,level-up,1,1001
464,39,level-up,1,1001
464,276,level-up,1,1001
464,398,level-up,1,1001
464,422,level-up,1,1001
464,423,level-up,1,1001
464,424,level-up,1,1001
464,184,level-up,19,1001
464,350,level-up,23,1001
464,242,level-up,27,1001
464,498,level-up,30,1001
464,36,level-up,41,1001
464,359,level-up,42,1001
464,529,level-up,47,1001
464,407,level-up,52,1001
464,444,level-up,56,1001
464,89,level-up,62,1001
464,32,level-up,71,1001
464,224,level-up,77,1001
464,38,level-up,85,1001
464,439,level-up,86,1001
465,132,level-up,1,1001
465,275,level-up,1,1001
465,79,level-up,5,1001
465,71,level-up,8,1001
465,74,level-up,12,1001
465,77,level-up,15,1001
465,267,level-up,17,1001
465,22,level-up,19,1001
465,20,level-up,22,1001
465,72,level-up,26,1001
465,78,level-up,29,1001
465,202,level-up,31,1001
465,282,level-up,33,1001
465,246,level-up,36,1001
465,363,level-up,40,1001
465,21,level-up,43,1001
465,321,level-up,47,1001
465,378,level-up,50,1001
465,438,level-up,54,1001
465,335,level-up,57,1001
465,437,level-up,60,1001
466,7,level-up,1,1001
466,8,level-up,1,1001
466,43,level-up,1,1001
466,67,level-up,1,1001
466,84,level-up,1,1001
466,98,level-up,1,1001
466,129,level-up,16,1001
466,351,level-up,21,1001
466,113,level-up,26,1001
466,509,level-up,32,1001
466,9,level-up,38,1001
466,238,level-up,41,1001
466,435,level-up,44,1001
466,370,level-up,50,1001
466,103,level-up,56,1001
466,344,level-up,62,1001
466,416,level-up,68,1001
467,9,level-up,1,1001
467,43,level-up,1,1001
467,52,level-up,1,1001
467,108,level-up,1,1001
467,123,level-up,1,1001
467,417,level-up,1,1001
467,185,level-up,16,1001
467,83,level-up,21,1001
467,109,level-up,26,1001
467,394,level-up,32,1001
467,7,level-up,38,1001
467,238,level-up,41,1001
467,436,level-up,44,1001
467,396,level-up,50,1001
467,241,level-up,56,1001
467,463,level-up,62,1001
467,63,level-up,68,1001
468,143,level-up,1,1001
468,245,level-up,1,1001
468,257,level-up,1,1001
468,355,level-up,1,1001
468,396,level-up,1,1001
468,403,level-up,1,1001
468,417,level-up,50,1001
469,33,level-up,1,1001
469,98,level-up,1,1001
469,104,level-up,1,1001
469,193,level-up,1,1001
469,400,level-up,1,1001
469,450,level-up,1,1001
469,49,level-up,14,1001
469,197,level-up,17,1001
469,314,level-up,20,1001
469,48,level-up,22,1001
469,324,level-up,25,1001
469,253,level-up,27,1001
469,228,level-up,30,1001
469,246,level-up,33,1001
469,202,level-up,36,1001
469,364,level-up,38,1001
469,163,level-up,43,1001
469,103,level-up,46,1001
469,369,level-up,49,1001
469,403,level-up,54,1001
469,405,level-up,57,1001
470,33,level-up,1,1001
470,39,level-up,1,1001
470,74,level-up,1,1001
470,270,level-up,1,1001
470,28,level-up,8,1001
470,75,level-up,13,1001
470,98,level-up,18,1001
470,235,level-up,23,1001
470,312,level-up,28,1001
470,345,level-up,33,1001
470,202,level-up,38,1001
470,407,level-up,43,1001
470,387,level-up,48,1001
470,320,level-up,53,1001
470,241,level-up,58,1001
470,348,level-up,63,1001
470,14,level-up,68,1001
470,452,level-up,73,1001
471,33,level-up,1,1001
471,39,level-up,1,1001
471,74,level-up,1,1001
471,270,level-up,1,1001
471,28,level-up,8,1001
471,196,level-up,13,1001
471,98,level-up,18,1001
471,44,level-up,23,1001
471,62,level-up,28,1001
471,420,level-up,33,1001
471,423,level-up,38,1001
471,414,level-up,43,1001
471,387,level-up,48,1001
471,243,level-up,53,1001
471,258,level-up,58,1001
471,59,level-up,63,1001
471,112,level-up,68,1001
471,329,level-up,73,1001
473,64,level-up,1,1001
473,181,level-up,1,1001
473,246,level-up,1,1001
473,276,level-up,1,1001
473,300,level-up,1,1001
473,316,level-up,1,1001
473,420,level-up,1,1001
473,333,level-up,11,1001
473,189,level-up,13,1001
473,203,level-up,16,1001
473,426,level-up,20,1001
473,34,level-up,23,1001
473,258,level-up,25,1001
473,423,level-up,28,1001
473,419,level-up,30,1001
473,36,level-up,32,1001
473,458,level-up,33,1001
473,89,level-up,40,1001
473,54,level-up,48,1001
473,556,level-up,52,1001
473,59,level-up,56,1001
473,184,level-up,65,1001
474,33,level-up,1,1001
474,144,level-up,1,1001
474,160,level-up,1,1001
474,176,level-up,1,1001
474,220,level-up,1,1001
474,399,level-up,1,1001
474,417,level-up,1,1001
474,433,level-up,1,1001
474,60,level-up,7,1001
474,97,level-up,12,1001
474,105,level-up,18,1001
474,393,level-up,23,1001
474,324,level-up,29,1001
474,373,level-up,34,1001
474,435,level-up,40,1001
474,199,level-up,45,1001
474,161,level-up,51,1001
474,277,level-up,56,1001
474,192,level-up,62,1001
474,63,level-up,67,1001
474,356,level-up,72,1001
475,7,level-up,1,1001
475,8,level-up,1,1001
475,9,level-up,1,1001
475,43,level-up,1,1001
475,93,level-up,1,1001
475,100,level-up,1,1001
475,104,level-up,1,1001
475,348,level-up,1,1001
475,400,level-up,1,1001
475,533,level-up,1,1001
475,210,level-up,17,1001
475,163,level-up,22,1001
475,505,level-up,25,1001
475,14,level-up,31,1001
475,427,level-up,36,1001
475,270,level-up,39,1001
475,364,level-up,45,1001
475,206,level-up,50,1001
475,182,level-up,53,1001
475,370,level-up,59,1001
475,500,level-up,64,1001
476,33,level-up,1,1001
476,334,level-up,1,1001
476,335,level-up,1,1001
476,356,level-up,1,1001
476,393,level-up,1,1001
476,443,level-up,1,1001
476,351,level-up,22,1001
476,86,level-up,25,1001
476,246,level-up,28,1001
476,157,level-up,31,1001
476,414,level-up,37,1001
476,156,level-up,43,1001
476,408,level-up,49,1001
476,435,level-up,55,1001
476,444,level-up,61,1001
476,192,level-up,67,1001
476,199,level-up,73,1001
476,201,level-up,79,1001
476,457,level-up,85,1001
477,7,level-up,1,1001
477,8,level-up,1,1001
477,9,level-up,1,1001
477,20,level-up,1,1001
477,43,level-up,1,1001
477,50,level-up,1,1001
477,101,level-up,1,1001
477,356,level-up,1,1001
477,193,level-up,9,1001
477,310,level-up,14,1001
477,109,level-up,17,1001
477,425,level-up,22,1001
477,228,level-up,25,1001
477,174,level-up,30,1001
477,261,level-up,33,1001
477,325,level-up,37,1001
477,506,level-up,42,1001
477,212,level-up,49,1001
477,371,level-up,58,1001
477,248,level-up,61,1001
477,271,level-up,61,1001
478,43,level-up,1,1001
478,104,level-up,1,1001
478,181,level-up,1,1001
478,310,level-up,1,1001
478,196,level-up,13,1001
478,109,level-up,19,1001
478,466,level-up,22,1001
478,358,level-up,28,1001
478,445,level-up,31,1001
478,58,level-up,37,1001
478,258,level-up,40,1001
478,59,level-up,51,1001
478,194,level-up,59,1001
479,84,level-up,1,1001
479,86,level-up,1,1001
479,109,level-up,1,1001
479,271,level-up,1,1001
479,310,level-up,1,1001
479,324,level-up,1,1001
479,253,level-up,8,1001
479,104,level-up,15,1001
479,351,level-up,22,1001
479,466,level-up,29,1001
479,164,level-up,36,1001
479,486,level-up,43,1001
479,506,level-up,50,1001
479,268,level-up,57,1001
479,435,level-up,64,1001
494,93,level-up,1,1001
494,98,level-up,1,1001
494,116,level-up,1,1001
494,510,level-up,1,1001
494,545,level-up,1,1001
494,557,level-up,1,1001
494,558,level-up,1,1001
494,559,level-up,1,1001
494,203,level-up,9,1001
494,29,level-up,17,1001
494,488,level-up,25,1001
494,179,level-up,33,1001
494,481,level-up,41,1001
494,428,level-up,49,1001
494,517,level-up,57,1001
494,38,level-up,65,1001
494,394,level-up,73,1001
494,515,level-up,81,1001
494,500,level-up,89,1001
494,315,level-up,97,1001
496,22,level-up,1,1001
496,33,level-up,1,1001
496,35,level-up,1,1001
496,43,level-up,1,1001
496,74,level-up,13,1001
496,536,level-up,16,1001
496,239,level-up,17,1001
496,73,level-up,20,1001
496,428,level-up,24,1001
496,21,level-up,28,1001
496,348,level-up,32,1001
496,489,level-up,36,1001
496,202,level-up,40,1001
496,378,level-up,44,1001
496,380,level-up,48,1001
496,437,level-up,52,1001
497,22,level-up,1,1001
497,33,level-up,1,1001
497,35,level-up,1,1001
497,43,level-up,1,1001
497,74,level-up,13,1001
497,536,level-up,16,1001
497,239,level-up,17,1001
497,73,level-up,20,1001
497,428,level-up,24,1001
497,21,level-up,28,1001
497,348,level-up,32,1001
497,225,level-up,36,1001
497,489,level-up,38,1001
497,231,level-up,44,1001
497,406,level-up,50,1001
497,438,level-up,56,1001
497,200,level-up,62,1001
497,243,level-up,68,1001
497,437,level-up,74,1001
499,33,level-up,1,1001
499,39,level-up,1,1001
499,52,level-up,1,1001
499,316,level-up,1,1001
499,111,level-up,13,1001
499,488,level-up,15,1001
499,222,level-up,17,1001
499,292,level-up,20,1001
499,205,level-up,23,1001
499,389,level-up,28,1001
499,535,level-up,31,1001
499,523,level-up,34,1001
499,372,level-up,36,1001
499,53,level-up,39,1001
499,89,level-up,42,1001
499,457,level-up,44,1001
499,46,level-up,47,1001
499,394,level-up,52,1001
500,7,level-up,1,1001
500,9,level-up,1,1001
500,33,level-up,1,1001
500,39,level-up,1,1001
500,52,level-up,1,1001
500,264,level-up,1,1001
500,276,level-up,1,1001
500,316,level-up,1,1001
500,359,level-up,1,1001
500,111,level-up,13,1001
500,488,level-up,15,1001
500,222,level-up,17,1001
500,292,level-up,20,1001
500,205,level-up,23,1001
500,389,level-up,28,1001
500,535,level-up,31,1001
500,523,level-up,34,1001
500,372,level-up,38,1001
500,53,level-up,43,1001
500,89,level-up,47,1001
500,457,level-up,50,1001
500,46,level-up,55,1001
500,394,level-up,62,1001
502,33,level-up,1,1001
502,39,level-up,1,1001
502,55,level-up,1,1001
502,346,level-up,1,1001
502,116,level-up,13,1001
502,2,level-up,17,1001
502,534,level-up,17,1001
502,210,level-up,20,1001
502,352,level-up,25,1001
502,279,level-up,28,1001
502,453,level-up,33,1001
502,227,level-up,36,1001
502,401,level-up,41,1001
502,514,level-up,44,1001
502,14,level-up,49,1001
502,56,level-up,52,1001
502,370,level-up,55,1001
503,33,level-up,1,1001
503,39,level-up,1,1001
503,55,level-up,1,1001
503,224,level-up,1,1001
503,346,level-up,1,1001
503,548,level-up,1,1001
503,116,level-up,13,1001
503,2,level-up,17,1001
503,534,level-up,17,1001
503,210,level-up,20,1001
503,352,level-up,25,1001
503,279,level-up,28,1001
503,453,level-up,33,1001
503,163,level-up,36,1001
503,533,level-up,36,1001
503,227,level-up,38,1001
503,401,level-up,45,1001
503,514,level-up,50,1001
503,14,level-up,57,1001
503,56,level-up,62,1001
503,370,level-up,69,1001
503,504,level-up,76,1001
504,33,level-up,1,1001
504,43,level-up,3,1001
504,44,level-up,6,1001
504,117,level-up,8,1001
504,197,level-up,11,1001
504,28,level-up,13,1001
504,242,level-up,16,1001
504,95,level-up,18,1001
504,162,level-up,21,1001
504,495,level-up,23,1001
504,526,level-up,26,1001
504,158,level-up,28,1001
504,212,level-up,31,1001
504,226,level-up,33,1001
504,21,level-up,36,1001
504,428,level-up,39,1001
505,33,level-up,1,1001
505,43,level-up,1,1001
505,44,level-up,1,1001
505,67,level-up,1,1001
505,117,level-up,8,1001
505,197,level-up,11,1001
505,28,level-up,13,1001
505,242,level-up,16,1001
505,95,level-up,18,1001
505,109,level-up,20,1001
505,162,level-up,22,1001
505,495,level-up,25,1001
505,244,level-up,29,1001
505,158,level-up,32,1001
505,212,level-up,36,1001
505,226,level-up,39,1001
505,21,level-up,43,1001
505,428,level-up,46,1001
509,10,level-up,1,1001
509,45,level-up,3,1001
509,274,level-up,6,1001
509,185,level-up,8,1001
509,28,level-up,10,1001
509,154,level-up,12,1001
509,228,level-up,15,1001
509,400,level-up,17,1001
509,259,level-up,19,1001
509,252,level-up,21,1001
509,468,level-up,24,1001
509,372,level-up,28,1001
509,163,level-up,30,1001
509,445,level-up,33,1001
509,492,level-up,37,1001
509,289,level-up,39,1001
509,417,level-up,42,1001
509,389,level-up,46,1001
509,399,level-up,50,1001
510,10,level-up,1,1001
510,28,level-up,1,1001
510,45,level-up,1,1001
510,274,level-up,1,1001
510,185,level-up,8,1001
510,154,level-up,12,1001
510,228,level-up,15,1001
510,400,level-up,17,1001
510,259,level-up,19,1001
510,252,level-up,22,1001
510,468,level-up,26,1001
510,372,level-up,31,1001
510,163,level-up,34,1001
510,269,level-up,38,1001
510,492,level-up,43,1001
510,289,level-up,47,1001
510,417,level-up,50,1001
510,389,level-up,55,1001
510,399,level-up,60,1001
511,10,level-up,1,1001
511,43,level-up,6,1001
511,22,level-up,8,1001
511,468,level-up,10,1001
511,512,level-up,12,1001
511,345,level-up,14,1001
511,122,level-up,16,1001
511,73,level-up,18,1001
511,402,level-up,20,1001
511,259,level-up,22,1001
511,242,level-up,24,1001
511,374,level-up,26,1001
511,363,level-up,28,1001
511,520,level-up,30,1001
511,67,level-up,32,1001
511,417,level-up,34,1001
511,320,level-up,36,1001
511,438,level-up,38,1001
511,437,level-up,40,1001
511,338,level-up,42,1001
511,226,level-up,46,1001
512,43,level-up,1,1001
512,67,level-up,1,1001
512,122,level-up,1,1001
512,154,level-up,1,1001
512,402,level-up,1,1001
512,417,level-up,1,1001
512,437,level-up,49,1001
513,10,level-up,1,1001
513,43,level-up,6,1001
513,510,level-up,8,1001
513,468,level-up,10,1001
513,512,level-up,12,1001
513,481,level-up,14,1001
513,122,level-up,16,1001
513,281,level-up,18,1001
513,436,level-up,20,1001
513,259,level-up,22,1001
513,242,level-up,24,1001
513,374,level-up,26,1001
513,363,level-up,28,1001
513,519,level-up,30,1001
513,67,level-up,32,1001
513,417,level-up,34,1001
513,214,level-up,36,1001
513,126,level-up,38,1001
513,315,level-up,40,1001
513,307,level-up,42,1001
513,226,level-up,46,1001
514,43,level-up,1,1001
514,67,level-up,1,1001
514,122,level-up,1,1001
514,154,level-up,1,1001
514,417,level-up,1,1001
514,481,level-up,1,1001
514,315,level-up,49,1001
515,10,level-up,1,1001
515,43,level-up,6,1001
515,55,level-up,8,1001
515,468,level-up,10,1001
515,512,level-up,12,1001
515,352,level-up,14,1001
515,122,level-up,16,1001
515,321,level-up,18,1001
515,503,level-up,20,1001
515,259,level-up,22,1001
515,242,level-up,24,1001
515,374,level-up,26,1001
515,363,level-up,28,1001
515,518,level-up,30,1001
515,67,level-up,32,1001
515,417,level-up,34,1001
515,272,level-up,36,1001
515,56,level-up,38,1001
515,323,level-up,40,1001
515,308,level-up,42,1001
515,226,level-up,46,1001
516,43,level-up,1,1001
516,67,level-up,1,1001
516,122,level-up,1,1001
516,154,level-up,1,1001
516,417,level-up,1,1001
516,503,level-up,1,1001
516,323,level-up,49,1001
517,111,level-up,1,1001
517,149,level-up,1,1001
517,381,level-up,5,1001
517,281,level-up,7,1001
517,60,level-up,11,1001
517,286,level-up,13,1001
517,236,level-up,17,1001
517,95,level-up,19,1001
517,226,level-up,21,1001
517,428,level-up,23,1001
517,485,level-up,25,1001
517,473,level-up,27,1001
517,171,level-up,29,1001
517,248,level-up,31,1001
517,347,level-up,35,1001
517,94,level-up,37,1001
517,138,level-up,41,1001
517,477,level-up,43,1001
517,500,level-up,47,1001
518,60,level-up,1,1001
518,95,level-up,1,1001
518,111,level-up,1,1001
518,381,level-up,1,1001
518,94,level-up,39,1001
519,16,level-up,1,1001
519,45,level-up,4,1001
519,43,level-up,8,1001
519,129,level-up,11,1001
519,314,level-up,15,1001
519,355,level-up,18,1001
519,197,level-up,22,1001
519,269,level-up,25,1001
519,403,level-up,29,1001
519,304,level-up,32,1001
519,297,level-up,36,1001
519,207,level-up,39,1001
519,263,level-up,43,1001
519,366,level-up,46,1001
519,542,level-up,50,1001
520,16,level-up,1,1001
520,43,level-up,1,1001
520,45,level-up,1,1001
520,98,level-up,1,1001
520,129,level-up,11,1001
520,314,level-up,15,1001
520,355,level-up,18,1001
520,197,level-up,23,1001
520,269,level-up,27,1001
520,403,level-up,32,1001
520,304,level-up,36,1001
520,297,level-up,41,1001
520,207,level-up,45,1001
520,263,level-up,50,1001
520,366,level-up,54,1001
520,542,level-up,59,1001
521,16,level-up,1,1001
521,43,level-up,1,1001
521,45,level-up,1,1001
521,95,level-up,1,1001
521,98,level-up,1,1001
521,234,level-up,1,1001
521,257,level-up,1,1001
521,318,level-up,1,1001
521,466,level-up,1,1001
521,129,level-up,11,1001
521,314,level-up,15,1001
521,355,level-up,18,1001
521,197,level-up,23,1001
521,269,level-up,27,1001
521,403,level-up,33,1001
521,304,level-up,38,1001
521,297,level-up,44,1001
521,207,level-up,49,1001
521,263,level-up,55,1001
521,366,level-up,60,1001
521,542,level-up,66,1001
522,98,level-up,1,1001
522,39,level-up,4,1001
522,268,level-up,8,1001
522,351,level-up,11,1001
522,24,level-up,13,1001
522,86,level-up,15,1001
522,488,level-up,18,1001
522,228,level-up,22,1001
522,209,level-up,25,1001
522,23,level-up,29,1001
522,435,level-up,32,1001
522,97,level-up,36,1001
522,528,level-up,39,1001
522,37,level-up,43,1001
522,344,level-up,47,1001
523,39,level-up,1,1001
523,86,level-up,1,1001
523,98,level-up,1,1001
523,268,level-up,1,1001
523,351,level-up,11,1001
523,24,level-up,13,1001
523,488,level-up,18,1001
523,228,level-up,22,1001
523,209,level-up,25,1001
523,23,level-up,31,1001
523,435,level-up,36,1001
523,97,level-up,42,1001
523,528,level-up,47,1001
523,37,level-up,53,1001
523,344,level-up,58,1001
524,33,level-up,1,1001
524,106,level-up,4,1001
524,28,level-up,7,1001
524,29,level-up,10,1001
524,222,level-up,12,1001
524,350,level-up,14,1001
524,189,level-up,17,1001
524,334,level-up,20,1001
524,479,level-up,23,1001
524,157,level-up,27,1001
524,446,level-up,30,1001
524,201,level-up,33,1001
524,444,level-up,36,1001
524,153,level-up,40,1001
525,28,level-up,1,1001
525,29,level-up,1,1001
525,33,level-up,1,1001
525,106,level-up,1,1001
525,222,level-up,12,1001
525,350,level-up,14,1001
525,189,level-up,17,1001
525,334,level-up,20,1001
525,479,level-up,23,1001
525,408,level-up,25,1001
525,157,level-up,30,1001
525,446,level-up,36,1001
525,201,level-up,42,1001
525,444,level-up,48,1001
525,153,level-up,55,1001
526,28,level-up,1,1001
526,29,level-up,1,1001
526,33,level-up,1,1001
526,106,level-up,1,1001
526,356,level-up,1,1001
526,484,level-up,1,1001
526,222,level-up,12,1001
526,350,level-up,14,1001
526,189,level-up,17,1001
526,334,level-up,20,1001
526,479,level-up,23,1001
526,408,level-up,25,1001
526,157,level-up,30,1001
526,446,level-up,36,1001
526,201,level-up,42,1001
526,444,level-up,48,1001
526,153,level-up,55,1001
527,93,level-up,1,1001
527,316,level-up,4,1001
527,16,level-up,8,1001
527,372,level-up,12,1001
527,531,level-up,15,1001
527,286,level-up,19,1001
527,314,level-up,21,1001
527,213,level-up,25,1001
527,133,level-up,29,1001
527,347,level-up,29,1001
527,403,level-up,32,1001
527,248,level-up,36,1001
527,94,level-up,41,1001
527,283,level-up,47,1001
527,500,level-up,52,1001
528,16,level-up,1,1001
528,93,level-up,1,1001
528,316,level-up,1,1001
528,355,level-up,1,1001
528,372,level-up,1,1001
528,531,level-up,15,1001
528,286,level-up,19,1001
528,314,level-up,21,1001
528,213,level-up,25,1001
528,133,level-up,29,1001
528,347,level-up,29,1001
528,403,level-up,32,1001
528,248,level-up,36,1001
528,94,level-up,41,1001
528,283,level-up,47,1001
528,500,level-up,52,1001
530,10,level-up,1,1001
530,189,level-up,1,1001
530,229,level-up,1,1001
530,300,level-up,1,1001
530,442,level-up,1,1001
530,154,level-up,12,1001
530,232,level-up,15,1001
530,91,level-up,19,1001
530,468,level-up,22,1001
530,163,level-up,26,1001
530,157,level-up,29,1001
530,32,level-up,31,1001
530,89,level-up,36,1001
530,14,level-up,42,1001
530,201,level-up,49,1001
530,529,level-up,55,1001
530,90,level-up,62,1001
531,1,level-up,1,1001
531,45,level-up,1,1001
531,215,level-up,1,1001
531,227,level-up,1,1001
531,270,level-up,1,1001
531,281,level-up,1,1001
531,287,level-up,5,1001
531,3,level-up,10,1001
531,213,level-up,15,1001
531,290,level-up,20,1001
531,494,level-up,25,1001
531,36,level-up,30,1001
531,505,level-up,35,1001
531,495,level-up,40,1001
531,493,level-up,45,1001
531,38,level-up,50,1001
531,387,level-up,55,1001
531,361,level-up,60,1001
531,273,level-up,65,1001
531,356,level-up,70,1001
532,1,level-up,1,1001
532,43,level-up,1,1001
532,116,level-up,4,1001
532,117,level-up,8,1001
532,67,level-up,12,1001
532,88,level-up,16,1001
532,358,level-up,20,1001
532,498,level-up,24,1001
532,339,level-up,28,1001
532,157,level-up,31,1001
532,223,level-up,34,1001
532,184,level-up,37,1001
532,359,level-up,40,1001
532,444,level-up,43,1001
532,264,level-up,46,1001
532,276,level-up,49,1001
532,409,level-up,53,1001
533,1,level-up,1,1001
533,43,level-up,1,1001
533,116,level-up,1,1001
533,117,level-up,1,1001
533,67,level-up,12,1001
533,88,level-up,16,1001
533,358,level-up,20,1001
533,498,level-up,24,1001
533,339,level-up,29,1001
533,157,level-up,33,1001
533,223,level-up,37,1001
533,184,level-up,41,1001
533,359,level-up,45,1001
533,444,level-up,49,1001
533,264,level-up,53,1001
533,276,level-up,57,1001
533,409,level-up,61,1001
534,1,level-up,1,1001
534,7,level-up,1,1001
534,8,level-up,1,1001
534,9,level-up,1,1001
534,43,level-up,1,1001
534,116,level-up,1,1001
534,117,level-up,1,1001
534,183,level-up,1,1001
534,67,level-up,12,1001
534,88,level-up,16,1001
534,358,level-up,20,1001
534,498,level-up,24,1001
534,339,level-up,29,1001
534,157,level-up,33,1001
534,223,level-up,37,1001
534,184,level-up,41,1001
534,359,level-up,45,1001
534,444,level-up,49,1001
534,264,level-up,53,1001
534,276,level-up,57,1001
534,409,level-up,61,1001
535,45,level-up,1,1001
535,145,level-up,1,1001
535,48,level-up,5,1001
535,496,level-up,9,1001
535,61,level-up,12,1001
535,341,level-up,16,1001
535,392,level-up,20,1001
535,253,level-up,23,1001
535,330,level-up,27,1001
535,240,level-up,31,1001
535,175,level-up,34,1001
535,497,level-up,38,1001
535,56,level-up,42,1001
535,304,level-up,45,1001
535,414,level-up,48,1001
536,45,level-up,1,1001
536,48,level-up,1,1001
536,145,level-up,1,1001
536,496,level-up,1,1001
536,61,level-up,12,1001
536,341,level-up,16,1001
536,392,level-up,20,1001
536,253,level-up,23,1001
536,330,level-up,28,1001
536,240,level-up,33,1001
536,175,level-up,37,1001
536,497,level-up,42,1001
536,56,level-up,47,1001
536,304,level-up,51,1001
536,414,level-up,55,1001
537,8,level-up,1,1001
537,45,level-up,1,1001
537,48,level-up,1,1001
537,145,level-up,1,1001
537,441,level-up,1,1001
537,496,level-up,1,1001
537,61,level-up,12,1001
537,341,level-up,16,1001
537,392,level-up,20,1001
537,253,level-up,23,1001
537,330,level-up,28,1001
537,240,level-up,33,1001
537,51,level-up,36,1001
537,175,level-up,39,1001
537,409,level-up,44,1001
537,497,level-up,49,1001
537,56,level-up,53,1001
537,304,level-up,59,1001
537,414,level-up,64,1001
538,7,level-up,1,1001
538,8,level-up,1,1001
538,9,level-up,1,1001
538,20,level-up,1,1001
538,43,level-up,1,1001
538,117,level-up,5,1001
538,116,level-up,9,1001
538,69,level-up,13,1001
538,233,level-up,17,1001
538,279,level-up,21,1001
538,480,level-up,25,1001
538,34,level-up,29,1001
538,339,level-up,33,1001
538,509,level-up,37,1001
538,203,level-up,41,1001
538,469,level-up,45,1001
538,276,level-up,49,1001
538,179,level-up,53,1001
538,68,level-up,57,1001
539,7,level-up,1,1001
539,8,level-up,1,1001
539,9,level-up,1,1001
539,43,level-up,1,1001
539,249,level-up,1,1001
539,117,level-up,5,1001
539,116,level-up,9,1001
539,24,level-up,13,1001
539,490,level-up,17,1001
539,68,level-up,21,1001
539,2,level-up,25,1001
539,280,level-up,29,1001
539,339,level-up,33,1001
539,514,level-up,37,1001
539,203,level-up,41,1001
539,501,level-up,45,1001
539,370,level-up,49,1001
539,179,level-up,53,1001
539,67,level-up,57,1001
541,33,level-up,1,1001
541,75,level-up,1,1001
541,81,level-up,1,1001
541,320,level-up,1,1001
541,450,level-up,1,1001
541,182,level-up,20,1001
541,235,level-up,20,1001
542,33,level-up,1,1001
542,75,level-up,1,1001
542,81,level-up,1,1001
542,206,level-up,1,1001
542,450,level-up,1,1001
542,522,level-up,22,1001
542,103,level-up,25,1001
542,163,level-up,29,1001
542,270,level-up,32,1001
542,348,level-up,36,1001
542,404,level-up,39,1001
542,494,level-up,43,1001
542,14,level-up,46,1001
542,437,level-up,50,1001
542,382,level-up,54,1001
542,97,level-up,58,1001
543,111,level-up,1,1001
543,205,level-up,1,1001
543,40,level-up,5,1001
543,103,level-up,8,1001
543,228,level-up,12,1001
543,182,level-up,15,1001
543,41,level-up,17,1001
543,342,level-up,19,1001
543,450,level-up,22,1001
543,474,level-up,26,1001
543,97,level-up,29,1001
543,537,level-up,33,1001
543,92,level-up,36,1001
543,431,level-up,40,1001
543,38,level-up,43,1001
544,40,level-up,1,1001
544,103,level-up,1,1001
544,111,level-up,1,1001
544,205,level-up,1,1001
544,228,level-up,12,1001
544,182,level-up,15,1001
544,41,level-up,17,1001
544,342,level-up,19,1001
544,334,level-up,22,1001
544,450,level-up,23,1001
544,474,level-up,28,1001
544,97,level-up,32,1001
544,537,level-up,37,1001
544,92,level-up,41,1001
544,431,level-up,46,1001
544,38,level-up,50,1001
545,40,level-up,1,1001
545,103,level-up,1,1001
545,111,level-up,1,1001
545,191,level-up,1,1001
545,205,level-up,1,1001
545,224,level-up,1,1001
545,390,level-up,1,1001
545,228,level-up,12,1001
545,182,level-up,15,1001
545,41,level-up,17,1001
545,342,level-up,19,1001
545,450,level-up,23,1001
545,474,level-up,28,1001
545,226,level-up,30,1001
545,97,level-up,33,1001
545,537,level-up,39,1001
545,92,level-up,44,1001
545,431,level-up,50,1001
545,38,level-up,55,1001
545,276,level-up,61,1001
547,72,level-up,1,1001
547,73,level-up,1,1001
547,74,level-up,1,1001
547,178,level-up,1,1001
547,227,level-up,1,1001
547,321,level-up,1,1001
547,415,level-up,1,1001
547,16,level-up,10,1001
547,366,level-up,28,1001
547,542,level-up,46,1001
547,320,level-up,64,1001
548,71,level-up,1,1001
548,74,level-up,4,1001
548,73,level-up,8,1001
548,79,level-up,10,1001
548,72,level-up,13,1001
548,326,level-up,15,1001
548,235,level-up,17,1001
548,345,level-up,19,1001
548,78,level-up,22,1001
548,202,level-up,26,1001
548,312,level-up,28,1001
548,270,level-up,31,1001
548,412,level-up,35,1001
548,494,level-up,37,1001
548,241,level-up,40,1001
548,495,level-up,44,1001
548,437,level-up,46,1001
549,72,level-up,1,1001
549,73,level-up,1,1001
549,74,level-up,1,1001
549,204,level-up,1,1001
549,230,level-up,1,1001
549,235,level-up,1,1001
549,275,level-up,1,1001
549,298,level-up,10,1001
549,483,level-up,28,1001
549,80,level-up,46,1001
549,414,level-up,64,1001
550,33,level-up,1,1001
550,55,level-up,1,1001
550,279,level-up,1,1001
550,253,level-up,4,1001
550,29,level-up,7,1001
550,44,level-up,10,1001
550,453,level-up,13,1001
550,498,level-up,16,1001
550,36,level-up,20,1001
550,242,level-up,24,1001
550,401,level-up,28,1001
550,487,level-up,32,1001
550,38,level-up,36,1001
550,184,level-up,41,1001
550,175,level-up,46,1001
550,515,level-up,51,1001
550,37,level-up,56,1001
550,162,level-up,61,1001
551,43,level-up,1,1001
551,99,level-up,1,1001
551,44,level-up,4,1001
551,28,level-up,7,1001
551,259,level-up,10,1001
551,328,level-up,13,1001
551,372,level-up,16,1001
551,189,level-up,19,1001
551,373,level-up,22,1001
551,207,level-up,25,1001
551,242,level-up,28,1001
551,91,level-up,31,1001
551,184,level-up,34,1001
551,492,level-up,37,1001
551,201,level-up,40,1001
551,89,level-up,43,1001
551,37,level-up,46,1001
551,389,level-up,49,1001
552,28,level-up,1,1001
552,43,level-up,1,1001
552,44,level-up,1,1001
552,99,level-up,1,1001
552,259,level-up,10,1001
552,328,level-up,13,1001
552,372,level-up,16,1001
552,189,level-up,19,1001
552,373,level-up,22,1001
552,207,level-up,25,1001
552,242,level-up,28,1001
552,91,level-up,32,1001
552,184,level-up,36,1001
552,492,level-up,40,1001
552,201,level-up,44,1001
552,89,level-up,48,1001
552,37,level-up,52,1001
552,389,level-up,56,1001
553,28,level-up,1,1001
553,43,level-up,1,1001
553,44,level-up,1,1001
553,99,level-up,1,1001
553,422,level-up,1,1001
553,424,level-up,1,1001
553,259,level-up,10,1001
553,328,level-up,13,1001
553,372,level-up,16,1001
553,189,level-up,19,1001
553,373,level-up,22,1001
553,207,level-up,25,1001
553,242,level-up,28,1001
553,91,level-up,32,1001
553,184,level-up,36,1001
553,492,level-up,42,1001
553,201,level-up,48,1001
553,89,level-up,54,1001
553,200,level-up,60,1001
553,389,level-up,66,1001
554,33,level-up,1,1001
554,281,level-up,1,1001
554,205,level-up,3,1001
554,510,level-up,6,1001
554,99,level-up,9,1001
554,424,level-up,11,1001
554,29,level-up,14,1001
554,253,level-up,17,1001
554,263,level-up,19,1001
554,7,level-up,22,1001
554,526,level-up,25,1001
554,37,level-up,27,1001
554,187,level-up,30,1001
554,394,level-up,33,1001
554,269,level-up,35,1001
554,276,level-up,39,1001
554,315,level-up,42,1001
555,33,level-up,1,1001
555,99,level-up,1,1001
555,205,level-up,1,1001
555,281,level-up,1,1001
555,510,level-up,1,1001
555,424,level-up,11,1001
555,29,level-up,14,1001
555,207,level-up,17,1001
555,263,level-up,19,1001
555,7,level-up,22,1001
555,526,level-up,25,1001
555,37,level-up,27,1001
555,187,level-up,30,1001
555,394,level-up,33,1001
555,359,level-up,35,1001
555,269,level-up,39,1001
555,276,level-up,47,1001
555,315,level-up,54,1001
555,264,level-up,61,1001
556,64,level-up,1,1001
556,71,level-up,1,1001
556,230,level-up,3,1001
556,74,level-up,6,1001
556,42,level-up,10,1001
556,72,level-up,13,1001
556,235,level-up,15,1001
556,178,level-up,18,1001
556,302,level-up,22,1001
556,191,level-up,24,1001
556,202,level-up,26,1001
556,367,level-up,29,1001
556,275,level-up,33,1001
556,320,level-up,35,1001
556,80,level-up,38,1001
556,389,level-up,42,1001
556,241,level-up,45,1001
556,340,level-up,47,1001
556,76,level-up,50,1001
556,452,level-up,53,1001
556,538,level-up,55,1001
556,495,level-up,57,1001
557,210,level-up,1,1001
557,350,level-up,5,1001
557,110,level-up,7,1001
557,28,level-up,11,1001
557,185,level-up,13,1001
557,479,level-up,17,1001
557,397,level-up,19,1001
557,450,level-up,23,1001
557,446,level-up,24,1001
557,157,level-up,29,1001
557,163,level-up,31,1001
557,400,level-up,33,1001
557,404,level-up,35,1001
557,504,level-up,37,1001
557,175,level-up,41,1001
557,439,level-up,43,1001
558,28,level-up,1,1001
558,110,level-up,1,1001
558,350,level-up,1,1001
558,504,level-up,1,1001
558,185,level-up,13,1001
558,479,level-up,17,1001
558,397,level-up,19,1001
558,450,level-up,23,1001
558,446,level-up,24,1001
558,157,level-up,29,1001
558,163,level-up,31,1001
558,400,level-up,33,1001
558,404,level-up,38,1001
558,175,level-up,50,1001
558,439,level-up,55,1001
559,43,level-up,1,1001
559,67,level-up,1,1001
559,28,level-up,5,1001
559,185,level-up,9,1001
559,29,level-up,12,1001
559,207,level-up,16,1001
559,280,level-up,20,1001
559,371,level-up,23,1001
559,428,level-up,25,1001
559,498,level-up,27,1001
559,136,level-up,31,1001
559,184,level-up,34,1001
559,242,level-up,38,1001
559,263,level-up,42,1001
559,431,level-up,45,1001
559,264,level-up,49,1001
559,457,level-up,53,1001
559,349,level-up,57,1001
560,7,level-up,1,1001
560,8,level-up,1,1001
560,9,level-up,1,1001
560,28,level-up,1,1001
560,43,level-up,1,1001
560,67,level-up,1,1001
560,185,level-up,1,1001
560,409,level-up,1,1001
560,29,level-up,12,1001
560,207,level-up,16,1001
560,280,level-up,20,1001
560,371,level-up,23,1001
560,428,level-up,25,1001
560,498,level-up,27,1001
560,136,level-up,31,1001
560,184,level-up,34,1001
560,242,level-up,39,1001
560,263,level-up,45,1001
560,389,level-up,51,1001
560,264,level-up,58,1001
560,457,level-up,65,1001
560,349,level-up,72,1001
561,16,level-up,1,1001
561,357,level-up,1,1001
561,95,level-up,4,1001
561,149,level-up,8,1001
561,366,level-up,11,1001
561,18,level-up,14,1001
561,60,level-up,18,1001
561,314,level-up,21,1001
561,113,level-up,24,1001
561,355,level-up,26,1001
561,115,level-up,28,1001
561,485,level-up,31,1001
561,119,level-up,34,1001
561,375,level-up,36,1001
561,356,level-up,38,1001
561,403,level-up,41,1001
561,94,level-up,44,1001
561,322,level-up,48,1001
561,143,level-up,51,1001
561,500,level-up,54,1001
561,542,level-up,57,1001
562,182,level-up,1,1001
562,310,level-up,1,1001
562,50,level-up,5,1001
562,114,level-up,9,1001
562,101,level-up,13,1001
562,506,level-up,17,1001
562,261,level-up,21,1001
562,220,level-up,23,1001
562,466,level-up,25,1001
562,417,level-up,27,1001
562,174,level-up,29,1001
562,470,level-up,33,1001
562,471,level-up,33,1001
562,247,level-up,37,1001
562,288,level-up,41,1001
562,212,level-up,45,1001
562,194,level-up,49,1001
563,50,level-up,1,1001
563,114,level-up,1,1001
563,182,level-up,1,1001
563,310,level-up,1,1001
563,356,level-up,1,1001
563,101,level-up,13,1001
563,506,level-up,17,1001
563,261,level-up,21,1001
563,220,level-up,23,1001
563,466,level-up,25,1001
563,417,level-up,27,1001
563,174,level-up,29,1001
563,470,level-up,33,1001
563,471,level-up,33,1001
563,184,level-up,34,1001
563,247,level-up,39,1001
563,288,level-up,45,1001
563,212,level-up,51,1001
563,194,level-up,57,1001
563,368,level-up,63,1001
566,17,level-up,1,1001
566,43,level-up,1,1001
566,98,level-up,1,1001
566,88,level-up,5,1001
566,104,level-up,8,1001
566,184,level-up,11,1001
566,365,level-up,15,1001
566,246,level-up,18,1001
566,97,level-up,21,1001
566,501,level-up,25,1001
566,512,level-up,28,1001
566,225,level-up,31,1001
566,242,level-up,35,1001
566,283,level-up,38,1001
566,369,level-up,41,1001
566,157,level-up,45,1001
566,337,level-up,48,1001
566,37,level-up,51,1001
566,414,level-up,54,1001
566,457,level-up,57,1001
567,17,level-up,1,1001
567,43,level-up,1,1001
567,88,level-up,1,1001
567,98,level-up,1,1001
567,104,level-up,8,1001
567,184,level-up,11,1001
567,365,level-up,15,1001
567,246,level-up,18,1001
567,97,level-up,21,1001
567,501,level-up,25,1001
567,512,level-up,28,1001
567,225,level-up,31,1001
567,242,level-up,35,1001
567,406,level-up,37,1001
567,283,level-up,40,1001
567,369,level-up,45,1001
567,157,level-up,51,1001
567,337,level-up,56,1001
567,37,level-up,61,1001
567,414,level-up,66,1001
567,457,level-up,71,1001
568,1,level-up,1,1001
568,139,level-up,1,1001
568,278,level-up,3,1001
568,390,level-up,7,1001
568,491,level-up,12,1001
568,3,level-up,14,1001
568,205,level-up,16,1001
568,124,level-up,18,1001
568,174,level-up,21,1001
568,254,level-up,23,1001
568,256,level-up,23,1001
568,36,level-up,25,1001
568,350,level-up,27,1001
568,188,level-up,29,1001
568,220,level-up,32,1001
568,499,level-up,34,1001
568,92,level-up,36,1001
568,133,level-up,40,1001
568,441,level-up,45,1001
568,153,level-up,47,1001
568,120,level-up,49,1001
569,1,level-up,1,1001
569,139,level-up,1,1001
569,278,level-up,1,1001
569,390,level-up,1,1001
569,491,level-up,12,1001
569,3,level-up,14,1001
569,205,level-up,16,1001
569,124,level-up,18,1001
569,174,level-up,21,1001
569,254,level-up,23,1001
569,256,level-up,23,1001
569,34,level-up,25,1001
569,350,level-up,27,1001
569,188,level-up,29,1001
569,220,level-up,32,1001
569,499,level-up,34,1001
569,92,level-up,39,1001
569,133,level-up,46,1001
569,441,level-up,54,1001
569,153,level-up,59,1001
569,120,level-up,64,1001
571,10,level-up,1,1001
571,43,level-up,1,1001
571,67,level-up,1,1001
571,68,level-up,1,1001
571,228,level-up,1,1001
571,326,level-up,1,1001
571,369,level-up,1,1001
571,468,level-up,1,1001
571,154,level-up,13,1001
571,185,level-up,17,1001
571,184,level-up,21,1001
571,269,level-up,25,1001
571,492,level-up,29,1001
571,399,level-up,30,1001
571,400,level-up,30,1001
571,259,level-up,34,1001
571,97,level-up,39,1001
571,373,level-up,44,1001
571,386,level-up,49,1001
571,417,level-up,54,1001
571,286,level-up,59,1001
571,539,level-up,64,1001
572,1,level-up,1,1001
572,45,level-up,3,1001
572,270,level-up,7,1001
572,321,level-up,9,1001
572,3,level-up,13,1001
572,227,level-up,15,1001
572,129,level-up,19,1001
572,47,level-up,21,1001
572,231,level-up,23,1001
572,541,level-up,25,1001
572,204,level-up,27,1001
572,401,level-up,29,1001
572,358,level-up,31,1001
572,497,level-up,33,1001
572,21,level-up,37,1001
572,445,level-up,39,1001
572,304,level-up,43,1001
572,387,level-up,45,1001
572,495,level-up,49,1001
573,47,level-up,1,1001
573,270,level-up,1,1001
573,321,level-up,1,1001
573,331,level-up,1,1001
573,333,level-up,1,1001
573,350,level-up,1,1001
573,541,level-up,1,1001
573,277,level-up,29,1001
573,283,level-up,46,1001
574,1,level-up,1,1001
574,93,level-up,3,1001
574,321,level-up,7,1001
574,313,level-up,10,1001
574,3,level-up,14,1001
574,60,level-up,16,1001
574,373,level-up,19,1001
574,105,level-up,23,1001
574,185,level-up,24,1001
574,473,level-up,25,1001
574,260,level-up,28,1001
574,248,level-up,31,1001
574,399,level-up,32,1001
574,377,level-up,33,1001
574,492,level-up,35,1001
574,94,level-up,37,1001
574,477,level-up,40,1001
574,243,level-up,43,1001
574,204,level-up,46,1001
574,478,level-up,48,1001
575,1,level-up,1,1001
575,93,level-up,1,1001
575,313,level-up,1,1001
575,321,level-up,1,1001
575,3,level-up,14,1001
575,60,level-up,16,1001
575,373,level-up,19,1001
575,105,level-up,23,1001
575,185,level-up,24,1001
575,473,level-up,25,1001
575,260,level-up,28,1001
575,248,level-up,31,1001
575,399,level-up,32,1001
575,377,level-up,34,1001
575,492,level-up,37,1001
575,94,level-up,39,1001
575,477,level-up,43,1001
575,243,level-up,47,1001
575,204,level-up,50,1001
575,478,level-up,53,1001
576,1,level-up,1,1001
576,93,level-up,1,1001
576,118,level-up,1,1001
576,313,level-up,1,1001
576,321,level-up,1,1001
576,356,level-up,1,1001
576,3,level-up,14,1001
576,60,level-up,16,1001
576,373,level-up,19,1001
576,105,level-up,23,1001
576,185,level-up,24,1001
576,473,level-up,25,1001
576,260,level-up,28,1001
576,248,level-up,31,1001
576,399,level-up,32,1001
576,377,level-up,34,1001
576,492,level-up,37,1001
576,94,level-up,39,1001
576,477,level-up,45,1001
576,243,level-up,50,1001
576,204,level-up,54,1001
576,478,level-up,59,1001
577,149,level-up,1,1001
577,115,level-up,3,1001
577,205,level-up,7,1001
577,289,level-up,10,1001
577,237,level-up,14,1001
577,113,level-up,16,1001
577,204,level-up,19,1001
577,351,level-up,23,1001
577,105,level-up,24,1001
577,473,level-up,25,1001
577,283,level-up,28,1001
577,248,level-up,31,1001
577,109,level-up,32,1001
577,220,level-up,33,1001
577,94,level-up,37,1001
577,285,level-up,40,1001
577,277,level-up,43,1001
577,377,level-up,46,1001
577,472,level-up,48,1001
578,115,level-up,1,1001
578,149,level-up,1,1001
578,205,level-up,1,1001
578,289,level-up,1,1001
578,237,level-up,14,1001
578,113,level-up,16,1001
578,204,level-up,19,1001
578,351,level-up,23,1001
578,105,level-up,24,1001
578,473,level-up,25,1001
578,283,level-up,28,1001
578,248,level-up,31,1001
578,109,level-up,32,1001
578,220,level-up,34,1001
578,94,level-up,39,1001
578,285,level-up,43,1001
578,277,level-up,47,1001
578,377,level-up,50,1001
578,472,level-up,53,1001
579,115,level-up,1,1001
579,149,level-up,1,1001
579,205,level-up,1,1001
579,271,level-up,1,1001
579,289,level-up,1,1001
579,356,level-up,1,1001
579,237,level-up,14,1001
579,113,level-up,16,1001
579,204,level-up,19,1001
579,351,level-up,23,1001
579,105,level-up,24,1001
579,473,level-up,25,1001
579,283,level-up,28,1001
579,248,level-up,31,1001
579,109,level-up,32,1001
579,220,level-up,34,1001
579,94,level-up,39,1001
579,146,level-up,41,1001
579,285,level-up,45,1001
579,277,level-up,50,1001
579,377,level-up,54,1001
579,472,level-up,59,1001
581,17,level-up,1,1001
581,55,level-up,1,1001
581,257,level-up,1,1001
581,346,level-up,1,1001
581,432,level-up,1,1001
581,352,level-up,13,1001
581,332,level-up,15,1001
581,61,level-up,19,1001
581,297,level-up,21,1001
581,392,level-up,24,1001
581,403,level-up,27,1001
581,355,level-up,30,1001
581,240,level-up,34,1001
581,512,level-up,35,1001
581,366,level-up,40,1001
581,413,level-up,47,1001
581,542,level-up,55,1001
582,333,level-up,1,1001
582,106,level-up,4,1001
582,310,level-up,7,1001
582,253,level-up,10,1001
582,196,level-up,13,1001
582,54,level-up,16,1001
582,419,level-up,19,1001
582,269,level-up,22,1001
582,352,level-up,24,1001
582,429,level-up,26,1001
582,420,level-up,29,1001
582,151,level-up,31,1001
582,326,level-up,33,1001
582,58,level-up,35,1001
582,258,level-up,40,1001
582,243,level-up,44,1001
582,59,level-up,49,1001
582,329,level-up,53,1001
583,106,level-up,1,1001
583,253,level-up,1,1001
583,310,level-up,1,1001
583,333,level-up,1,1001
583,196,level-up,13,1001
583,54,level-up,16,1001
583,419,level-up,19,1001
583,269,level-up,22,1001
583,352,level-up,24,1001
583,429,level-up,26,1001
583,420,level-up,29,1001
583,151,level-up,31,1001
583,326,level-up,33,1001
583,58,level-up,36,1001
583,258,level-up,42,1001
583,243,level-up,47,1001
583,59,level-up,53,1001
583,329,level-up,58,1001
584,106,level-up,1,1001
584,253,level-up,1,1001
584,310,level-up,1,1001
584,311,level-up,1,1001
584,333,level-up,1,1001
584,393,level-up,1,1001
584,475,level-up,1,1001
584,196,level-up,13,1001
584,54,level-up,16,1001
584,419,level-up,19,1001
584,269,level-up,22,1001
584,352,level-up,24,1001
584,429,level-up,26,1001
584,420,level-up,29,1001
584,151,level-up,31,1001
584,326,level-up,33,1001
584,58,level-up,36,1001
584,258,level-up,42,1001
584,243,level-up,50,1001
584,59,level-up,59,1001
584,329,level-up,67,1001
586,28,level-up,1,1001
586,33,level-up,1,1001
586,45,level-up,1,1001
586,224,level-up,1,1001
586,293,level-up,1,1001
586,452,level-up,1,1001
586,24,level-up,10,1001
586,73,level-up,13,1001
586,185,level-up,16,1001
586,36,level-up,20,1001
586,26,level-up,24,1001
586,312,level-up,28,1001
586,412,level-up,32,1001
586,204,level-up,36,1001
586,532,level-up,37,1001
586,267,level-up,44,1001
586,38,level-up,52,1001
586,76,level-up,60,1001
587,84,level-up,1,1001
587,343,level-up,1,1001
587,98,level-up,4,1001
587,39,level-up,7,1001
587,268,level-up,10,1001
587,209,level-up,13,1001
587,228,level-up,16,1001
587,104,level-up,19,1001
587,351,level-up,22,1001
587,355,level-up,24,1001
587,486,level-up,26,1001
587,231,level-up,28,1001
587,512,level-up,30,1001
587,403,level-up,32,1001
587,113,level-up,34,1001
587,204,level-up,36,1001
587,227,level-up,38,1001
587,231,level-up,40,1001
587,521,level-up,42,1001
587,226,level-up,44,1001
587,97,level-up,46,1001
587,435,level-up,50,1001
588,64,level-up,1,1001
588,43,level-up,4,1001
588,203,level-up,8,1001
588,210,level-up,13,1001
588,31,level-up,16,1001
588,29,level-up,20,1001
588,206,level-up,25,1001
588,405,level-up,28,1001
588,163,level-up,32,1001
588,36,level-up,37,1001
588,184,level-up,40,1001
588,404,level-up,44,1001
588,175,level-up,49,1001
588,14,level-up,52,1001
588,38,level-up,56,1001
588,224,level-up,60,1001
589,41,level-up,1,1001
589,43,level-up,1,1001
589,64,level-up,1,1001
589,65,level-up,1,1001
589,68,level-up,1,1001
589,302,level-up,1,1001
589,501,level-up,1,1001
589,529,level-up,1,1001
589,31,level-up,16,1001
589,29,level-up,20,1001
589,206,level-up,25,1001
589,405,level-up,28,1001
589,163,level-up,32,1001
589,442,level-up,37,1001
589,334,level-up,40,1001
589,404,level-up,44,1001
589,179,level-up,49,1001
589,14,level-up,52,1001
589,416,level-up,56,1001
589,224,level-up,60,1001
590,71,level-up,1,1001
590,74,level-up,6,1001
590,310,level-up,8,1001
590,117,level-up,12,1001
590,72,level-up,15,1001
590,275,level-up,18,1001
590,185,level-up,20,1001
590,77,level-up,22,1001
590,78,level-up,22,1001
590,230,level-up,24,1001
590,111,level-up,26,1001
590,205,level-up,26,1001
590,202,level-up,28,1001
590,34,level-up,30,1001
590,92,level-up,32,1001
590,235,level-up,35,1001
590,499,level-up,39,1001
590,76,level-up,43,1001
590,476,level-up,45,1001
590,147,level-up,50,1001
591,71,level-up,1,1001
591,74,level-up,1,1001
591,117,level-up,1,1001
591,310,level-up,1,1001
591,72,level-up,15,1001
591,275,level-up,18,1001
591,185,level-up,20,1001
591,77,level-up,22,1001
591,78,level-up,22,1001
591,230,level-up,24,1001
591,111,level-up,26,1001
591,205,level-up,26,1001
591,202,level-up,28,1001
591,34,level-up,30,1001
591,92,level-up,32,1001
591,235,level-up,35,1001
591,402,level-up,40,1001
591,499,level-up,43,1001
591,76,level-up,49,1001
591,476,level-up,54,1001
591,147,level-up,62,1001
592,109,level-up,1,1001
592,145,level-up,1,1001
592,220,level-up,1,1001
592,346,level-up,1,1001
592,71,level-up,5,1001
592,101,level-up,9,1001
592,61,level-up,13,1001
592,105,level-up,17,1001
592,352,level-up,22,1001
592,466,level-up,27,1001
592,362,level-up,32,1001
592,240,level-up,37,1001
592,506,level-up,43,1001
592,56,level-up,49,1001
592,378,level-up,55,1001
592,323,level-up,61,1001
593,71,level-up,1,1001
593,101,level-up,1,1001
593,109,level-up,1,1001
593,145,level-up,1,1001
593,220,level-up,1,1001
593,346,level-up,1,1001
593,61,level-up,13,1001
593,105,level-up,17,1001
593,352,level-up,22,1001
593,466,level-up,27,1001
593,362,level-up,32,1001
593,240,level-up,37,1001
593,506,level-up,45,1001
593,56,level-up,53,1001
593,378,level-up,61,1001
593,323,level-up,69,1001
594,1,level-up,1,1001
594,220,level-up,1,1001
594,243,level-up,1,1001
594,346,level-up,1,1001
594,392,level-up,5,1001
594,453,level-up,9,1001
594,3,level-up,13,1001
594,505,level-up,17,1001
594,182,level-up,21,1001
594,352,level-up,25,1001
594,358,level-up,29,1001
594,487,level-up,33,1001
594,273,level-up,37,1001
594,362,level-up,41,1001
594,219,level-up,45,1001
594,270,level-up,49,1001
594,469,level-up,53,1001
594,361,level-up,57,1001
594,56,level-up,61,1001
597,33,level-up,1,1001
597,106,level-up,1,1001
597,229,level-up,1,1001
597,205,level-up,6,1001
597,174,level-up,9,1001
597,232,level-up,14,1001
597,42,level-up,18,1001
597,360,level-up,21,1001
597,331,level-up,23,1001
597,334,level-up,26,1001
597,73,level-up,28,1001
597,429,level-up,30,1001
597,402,level-up,32,1001
597,275,level-up,35,1001
597,120,level-up,38,1001
597,442,level-up,43,1001
597,371,level-up,47,1001
597,430,level-up,52,1001
597,153,level-up,55,1001
598,33,level-up,1,1001
598,106,level-up,1,1001
598,174,level-up,1,1001
598,205,level-up,1,1001
598,229,level-up,1,1001
598,431,level-up,1,1001
598,446,level-up,1,1001
598,232,level-up,14,1001
598,42,level-up,18,1001
598,360,level-up,21,1001
598,331,level-up,23,1001
598,334,level-up,26,1001
598,191,level-up,28,1001
598,429,level-up,30,1001
598,402,level-up,32,1001
598,275,level-up,35,1001
598,120,level-up,38,1001
598,438,level-up,40,1001
598,442,level-up,46,1001
598,371,level-up,53,1001
598,430,level-up,61,1001
598,153,level-up,67,1001
599,11,level-up,1,1001
599,268,level-up,6,1001
599,84,level-up,11,1001
599,544,level-up,16,1001
599,20,level-up,21,1001
599,451,level-up,26,1001
599,475,level-up,31,1001
599,209,level-up,33,1001
599,429,level-up,36,1001
599,103,level-up,39,1001
599,435,level-up,42,1001
599,319,level-up,45,1001
599,508,level-up,48,1001
599,199,level-up,51,1001
599,192,level-up,54,1001
599,63,level-up,57,1001
600,11,level-up,1,1001
600,84,level-up,1,1001
600,268,level-up,1,1001
600,544,level-up,1,1001
600,20,level-up,21,1001
600,451,level-up,26,1001
600,475,level-up,31,1001
600,209,level-up,33,1001
600,429,level-up,36,1001
600,103,level-up,40,1001
600,435,level-up,44,1001
600,319,level-up,48,1001
600,508,level-up,52,1001
600,199,level-up,56,1001
600,192,level-up,60,1001
600,63,level-up,64,1001
601,11,level-up,1,1001
601,84,level-up,1,1001
601,268,level-up,1,1001
601,356,level-up,1,1001
601,544,level-up,1,1001
601,20,level-up,21,1001
601,451,level-up,25,1001
601,475,level-up,31,1001
601,209,level-up,33,1001
601,429,level-up,36,1001
601,103,level-up,40,1001
601,435,level-up,44,1001
601,319,level-up,48,1001
601,508,level-up,54,1001
601,199,level-up,60,1001
601,192,level-up,66,1001
601,63,level-up,72,1001
604,29,level-up,1,1001
604,51,level-up,1,1001
604,242,level-up,1,1001
604,306,level-up,1,1001
604,435,level-up,1,1001
604,489,level-up,54,1001
604,162,level-up,64,1001
605,93,level-up,1,1001
605,45,level-up,4,1001
605,377,level-up,8,1001
605,357,level-up,11,1001
605,60,level-up,15,1001
605,29,level-up,18,1001
605,237,level-up,22,1001
605,286,level-up,25,1001
605,493,level-up,29,1001
605,428,level-up,32,1001
605,244,level-up,36,1001
605,94,level-up,39,1001
605,347,level-up,43,1001
605,105,level-up,46,1001
605,470,level-up,50,1001
605,471,level-up,50,1001
605,485,level-up,53,1001
605,472,level-up,56,1001
605,417,level-up,59,1001
606,45,level-up,1,1001
606,93,level-up,1,1001
606,357,level-up,1,1001
606,377,level-up,1,1001
606,384,level-up,1,1001
606,385,level-up,1,1001
606,60,level-up,15,1001
606,29,level-up,18,1001
606,237,level-up,22,1001
606,286,level-up,25,1001
606,493,level-up,29,1001
606,428,level-up,32,1001
606,244,level-up,37,1001
606,94,level-up,42,1001
606,347,level-up,45,1001
606,105,level-up,50,1001
606,470,level-up,56,1001
606,471,level-up,58,1001
606,485,level-up,63,1001
606,472,level-up,68,1001
606,417,level-up,73,1001
608,52,level-up,1,1001
608,107,level-up,1,1001
608,123,level-up,1,1001
608,310,level-up,1,1001
608,83,level-up,7,1001
608,109,level-up,10,1001
608,101,level-up,13,1001
608,261,level-up,16,1001
608,481,level-up,20,1001
608,286,level-up,24,1001
608,506,level-up,28,1001
608,262,level-up,33,1001
608,257,level-up,34,1001
608,517,level-up,39,1001
608,174,level-up,45,1001
608,247,level-up,53,1001
608,220,level-up,61,1001
608,315,level-up,69,1001
612,7,level-up,1,1001
612,9,level-up,1,1001
612,10,level-up,1,1001
612,43,level-up,1,1001
612,82,level-up,1,1001
612,231,level-up,1,1001
612,372,level-up,1,1001
612,401,level-up,1,1001
612,530,level-up,13,1001
612,184,level-up,16,1001
612,163,level-up,20,1001
612,206,level-up,24,1001
612,337,level-up,28,1001
612,349,level-up,32,1001
612,269,level-up,36,1001
612,406,level-up,42,1001
612,14,level-up,50,1001
612,12,level-up,58,1001
612,200,level-up,66,1001
612,416,level-up,74,1001
613,181,level-up,1,1001
613,281,level-up,1,1001
613,45,level-up,5,1001
613,117,level-up,9,1001
613,196,level-up,13,1001
613,154,level-up,17,1001
613,362,level-up,21,1001
613,203,level-up,25,1001
613,204,level-up,29,1001
613,163,level-up,33,1001
613,175,level-up,36,1001
613,156,level-up,41,1001
613,59,level-up,45,1001
613,258,level-up,49,1001
613,37,level-up,53,1001
613,329,level-up,57,1001
614,45,level-up,1,1001
614,117,level-up,1,1001
614,181,level-up,1,1001
614,196,level-up,1,1001
614,276,level-up,1,1001
614,281,level-up,1,1001
614,154,level-up,17,1001
614,362,level-up,21,1001
614,203,level-up,25,1001
614,207,level-up,29,1001
614,163,level-up,33,1001
614,175,level-up,36,1001
614,556,level-up,37,1001
614,480,level-up,41,1001
614,59,level-up,45,1001
614,370,level-up,53,1001
614,37,level-up,59,1001
614,329,level-up,66,1001
616,141,level-up,1,1001
616,51,level-up,4,1001
616,117,level-up,8,1001
616,174,level-up,13,1001
616,522,level-up,16,1001
616,72,level-up,20,1001
616,281,level-up,25,1001
616,182,level-up,28,1001
616,151,level-up,32,1001
616,202,level-up,37,1001
616,34,level-up,40,1001
616,405,level-up,44,1001
616,105,level-up,49,1001
616,385,level-up,52,1001
616,504,level-up,56,1001
617,98,level-up,1,1001
617,104,level-up,1,1001
617,141,level-up,1,1001
617,245,level-up,1,1001
617,441,level-up,1,1001
617,491,level-up,1,1001
617,522,level-up,16,1001
617,72,level-up,20,1001
617,129,level-up,25,1001
617,382,level-up,28,1001
617,97,level-up,32,1001
617,202,level-up,37,1001
617,369,level-up,40,1001
617,405,level-up,44,1001
617,105,level-up,49,1001
617,384,level-up,52,1001
617,515,level-up,56,1001
617,396,level-up,60,1001
618,189,level-up,1,1001
618,300,level-up,1,1001
618,117,level-up,5,1001
618,84,level-up,9,1001
618,341,level-up,13,1001
618,293,level-up,17,1001
618,426,level-up,21,1001
618,435,level-up,25,1001
618,203,level-up,30,1001
618,340,level-up,35,1001
618,330,level-up,40,1001
618,85,level-up,45,1001
618,279,level-up,50,1001
618,414,level-up,52,1001
618,175,level-up,55,1001
618,220,level-up,58,1001
618,90,level-up,61,1001
620,1,level-up,1,1001
620,96,level-up,1,1001
620,197,level-up,1,1001
620,252,level-up,1,1001
620,410,level-up,1,1001
620,3,level-up,17,1001
620,129,level-up,21,1001
620,347,level-up,25,1001
620,395,level-up,29,1001
620,409,level-up,33,1001
620,26,level-up,37,1001
620,369,level-up,43,1001
620,469,level-up,47,1001
620,340,level-up,51,1001
620,136,level-up,56,1001
620,179,level-up,63,1001
620,396,level-up,70,1001
621,10,level-up,1,1001
621,43,level-up,1,1001
621,468,level-up,5,1001
621,44,level-up,9,1001
621,184,level-up,13,1001
621,82,level-up,18,1001
621,163,level-up,21,1001
621,242,level-up,25,1001
621,337,level-up,27,1001
621,422,level-up,29,1001
621,424,level-up,29,1001
621,498,level-up,31,1001
621,137,level-up,33,1001
621,279,level-up,35,1001
621,389,level-up,37,1001
621,400,level-up,40,1001
621,525,level-up,45,1001
621,431,level-up,49,1001
621,276,level-up,55,1001
621,200,level-up,62,1001
623,1,level-up,1,1001
623,7,level-up,1,1001
623,8,level-up,1,1001
623,9,level-up,1,1001
623,111,level-up,1,1001
623,189,level-up,1,1001
623,310,level-up,1,1001
623,205,level-up,9,1001
623,325,level-up,13,1001
623,334,level-up,17,1001
623,5,level-up,21,1001
623,222,level-up,25,1001
623,223,level-up,30,1001
623,101,level-up,35,1001
623,484,level-up,36,1001
623,174,level-up,40,1001
623,89,level-up,50,1001
623,359,level-up,60,1001
623,264,level-up,70,1001
624,10,level-up,1,1001
624,43,level-up,6,1001
624,210,level-up,9,1001
624,259,level-up,14,1001
624,185,level-up,17,1001
624,184,level-up,22,1001
624,232,level-up,25,1001
624,163,level-up,30,1001
624,372,level-up,33,1001
624,319,level-up,38,1001
624,373,level-up,41,1001
624,427,level-up,43,1001
624,334,level-up,46,1001
624,400,level-up,49,1001
624,389,level-up,52,1001
624,442,level-up,54,1001
624,14,level-up,57,1001
624,12,level-up,62,1001
625,10,level-up,1,1001
625,43,level-up,1,1001
625,210,level-up,1,1001
625,259,level-up,1,1001
625,279,level-up,1,1001
625,348,level-up,1,1001
625,368,level-up,1,1001
625,185,level-up,17,1001
625,184,level-up,22,1001
625,232,level-up,25,1001
625,163,level-up,30,1001
625,372,level-up,33,1001
625,319,level-up,40,1001
625,373,level-up,43,1001
625,427,level-up,46,1001
625,334,level-up,48,1001
625,400,level-up,52,1001
625,389,level-up,54,1001
625,442,level-up,57,1001
625,14,level-up,63,1001
625,12,level-up,71,1001
626,43,level-up,1,1001
626,228,level-up,1,1001
626,428,level-up,1,1001
626,442,level-up,1,1001
626,99,level-up,6,1001
626,31,level-up,11,1001
626,30,level-up,16,1001
626,184,level-up,21,1001
626,279,level-up,26,1001
626,543,level-up,31,1001
626,116,level-up,36,1001
626,224,level-up,41,1001
626,179,level-up,46,1001
626,37,level-up,51,1001
626,14,level-up,56,1001
626,416,level-up,61,1001
628,17,level-up,1,1001
628,31,level-up,1,1001
628,43,level-up,1,1001
628,64,level-up,1,1001
628,355,level-up,1,1001
628,468,level-up,14,1001
628,184,level-up,19,1001
628,332,level-up,23,1001
628,163,level-up,28,1001
628,432,level-up,32,1001
628,366,level-up,37,1001
628,370,level-up,39,1001
628,403,level-up,44,1001
628,306,level-up,48,1001
628,507,level-up,52,1001
628,276,level-up,55,1001
628,18,level-up,57,1001
628,413,level-up,63,1001
628,37,level-up,70,1001
628,245,level-up,75,1001
630,16,level-up,1,1001
630,31,level-up,1,1001
630,43,level-up,1,1001
630,257,level-up,1,1001
630,355,level-up,1,1001
630,365,level-up,1,1001
630,417,level-up,14,1001
630,260,level-up,19,1001
630,185,level-up,23,1001
630,386,level-up,28,1001
630,432,level-up,32,1001
630,366,level-up,37,1001
630,403,level-up,44,1001
630,399,level-up,48,1001
630,373,level-up,52,1001
630,198,level-up,55,1001
630,18,level-up,57,1001
630,413,level-up,63,1001
630,119,level-up,70,1001
631,122,level-up,1,1001
631,510,level-up,1,1001
631,316,level-up,6,1001
631,20,level-up,11,1001
631,83,level-up,16,1001
631,154,level-up,21,1001
631,289,level-up,26,1001
631,481,level-up,31,1001
631,450,level-up,36,1001
631,163,level-up,41,1001
631,133,level-up,46,1001
631,53,level-up,51,1001
631,254,level-up,56,1001
631,255,level-up,56,1001
631,256,level-up,56,1001
631,517,level-up,61,1001
631,257,level-up,66,1001
632,11,level-up,1,1001
632,28,level-up,1,1001
632,422,level-up,1,1001
632,210,level-up,6,1001
632,44,level-up,11,1001
632,97,level-up,16,1001
632,232,level-up,21,1001
632,450,level-up,26,1001
632,242,level-up,31,1001
632,442,level-up,36,1001
632,91,level-up,41,1001
632,494,level-up,46,1001
632,404,level-up,51,1001
632,334,level-up,56,1001
632,12,level-up,61,1001
632,319,level-up,66,1001
633,33,level-up,1,1001
633,82,level-up,1,1001
633,116,level-up,4,1001
633,44,level-up,9,1001
633,29,level-up,12,1001
633,225,level-up,17,1001
633,46,level-up,20,1001
633,242,level-up,25,1001
633,21,level-up,28,1001
633,406,level-up,32,1001
633,399,level-up,35,1001
633,526,level-up,38,1001
633,407,level-up,42,1001
633,414,level-up,45,1001
633,34,level-up,48,1001
633,184,level-up,52,1001
633,304,level-up,58,1001
633,200,level-up,62,1001
634,44,level-up,1,1001
634,82,level-up,1,1001
634,116,level-up,1,1001
634,458,level-up,1,1001
634,29,level-up,12,1001
634,225,level-up,17,1001
634,46,level-up,20,1001
634,242,level-up,25,1001
634,21,level-up,28,1001
634,422,level-up,30,1001
634,423,level-up,30,1001
634,424,level-up,30,1001
634,406,level-up,33,1001
634,399,level-up,36,1001
634,526,level-up,40,1001
634,407,level-up,44,1001
634,414,level-up,47,1001
634,34,level-up,51,1001
634,457,level-up,55,1001
634,304,level-up,64,1001
634,200,level-up,71,1001
635,44,level-up,1,1001
635,82,level-up,1,1001
635,116,level-up,1,1001
635,161,level-up,1,1001
635,29,level-up,12,1001
635,225,level-up,17,1001
635,46,level-up,20,1001
635,242,level-up,25,1001
635,21,level-up,28,1001
635,422,level-up,30,1001
635,423,level-up,30,1001
635,424,level-up,30,1001
635,406,level-up,33,1001
635,399,level-up,36,1001
635,526,level-up,40,1001
635,407,level-up,44,1001
635,414,level-up,47,1001
635,34,level-up,51,1001
635,184,level-up,55,1001
635,304,level-up,68,1001
635,200,level-up,79,1001
637,16,level-up,1,1001
637,52,level-up,1,1001
637,81,level-up,1,1001
637,141,level-up,1,1001
637,234,level-up,1,1001
637,83,level-up,30,1001
637,18,level-up,40,1001
637,483,level-up,45,1001
637,318,level-up,50,1001
637,257,level-up,60,1001
637,405,level-up,70,1001
637,476,level-up,80,1001
637,542,level-up,90,1001
637,552,level-up,100,1001
638,43,level-up,1,1001
638,98,level-up,1,1001
638,24,level-up,7,1001
638,232,level-up,13,1001
638,36,level-up,19,1001
638,270,level-up,25,1001
638,514,level-up,31,1001
638,442,level-up,37,1001
638,533,level-up,42,1001
638,14,level-up,49,1001
638,501,level-up,55,1001
638,526,level-up,61,1001
638,368,level-up,67,1001
638,370,level-up,73,1001
638,548,level-up,79,1001
639,43,level-up,1,1001
639,98,level-up,1,1001
639,24,level-up,7,1001
639,479,level-up,13,1001
639,36,level-up,19,1001
639,270,level-up,25,1001
639,514,level-up,31,1001
639,157,level-up,37,1001
639,533,level-up,42,1001
639,14,level-up,49,1001
639,501,level-up,55,1001
639,526,level-up,61,1001
639,444,level-up,67,1001
639,370,level-up,73,1001
639,548,level-up,79,1001
640,43,level-up,1,1001
640,98,level-up,1,1001
640,24,level-up,7,1001
640,345,level-up,13,1001
640,36,level-up,19,1001
640,270,level-up,25,1001
640,514,level-up,31,1001
640,202,level-up,37,1001
640,533,level-up,42,1001
640,14,level-up,49,1001
640,501,level-up,55,1001
640,526,level-up,61,1001
640,348,level-up,67,1001
640,370,level-up,73,1001
640,548,level-up,79,1001
643,82,level-up,1,1001
643,424,level-up,1,1001
643,286,level-up,8,1001
643,246,level-up,15,1001
643,53,level-up,22,1001
643,225,level-up,29,1001
643,163,level-up,36,1001
643,326,level-up,43,1001
643,558,level-up,50,1001
643,406,level-up,54,1001
643,242,level-up,71,1001
643,551,level-up,71,1001
643,126,level-up,78,1001
643,200,level-up,85,1001
643,304,level-up,92,1001
644,82,level-up,1,1001
644,422,level-up,1,1001
644,286,level-up,8,1001
644,246,level-up,15,1001
644,85,level-up,22,1001
644,225,level-up,29,1001
644,163,level-up,36,1001
644,428,level-up,43,1001
644,559,level-up,50,1001
644,337,level-up,54,1001
644,242,level-up,71,1001
644,550,level-up,71,1001
644,87,level-up,78,1001
644,200,level-up,85,1001
644,304,level-up,92,1001
646,82,level-up,1,1001
646,196,level-up,1,1001
646,286,level-up,8,1001
646,246,level-up,15,1001
646,58,level-up,22,1001
646,225,level-up,29,1001
646,163,level-up,36,1001
646,184,level-up,43,1001
646,549,level-up,50,1001
646,406,level-up,57,1001
646,283,level-up,71,1001
646,59,level-up,78,1001
646,553,level-up,78,1001
646,554,level-up,78,1001
646,200,level-up,85,1001
646,304,level-up,92,1001
647,43,level-up,1,1001
647,453,level-up,1,1001
647,548,level-up,1,1001
647,24,level-up,7,1001
647,61,level-up,13,1001
647,36,level-up,19,1001
647,270,level-up,25,1001
647,514,level-up,31,1001
647,401,level-up,37,1001
647,533,level-up,43,1001
647,14,level-up,49,1001
647,501,level-up,55,1001
647,526,level-up,61,1001
647,56,level-up,67,1001
647,370,level-up,73,1001
648,496,level-up,1,1001
648,547,level-up,1,1001
648,98,level-up,6,1001
648,93,level-up,11,1001
648,47,level-up,16,1001
648,298,level-up,21,1001
648,512,level-up,26,1001
648,60,level-up,31,1001
648,497,level-up,36,1001
648,369,level-up,43,1001
648,358,level-up,50,1001
648,94,level-up,57,1001
648,304,level-up,64,1001
648,272,level-up,71,1001
648,370,level-up,78,1001
648,195,level-up,85,1001
