encounter_name,species_name,lvl,moves,held_item,iv,version_group_id,load_build,slot
TRAINER_ACE_TRAINER_F_CAROL,ELECTRODE,43,"THUNDER,SELFDESTRUCT,SWIFT,RAIN_DANCE",,50,10,5,1
TRAINER_ACE_TRAINER_F_CAROL,STARMIE,43,"RECOVER,BRINE,THUNDER,PSYCHIC",,50,10,5,2
TRAINER_ACE_TRAINER_F_CAROL,NINETALES,43,"NASTY_PLOT,FIRE_BLAST,CONFUSE_RAY,WILL_O_WISP",,50,10,5,3
TRAINER_ACE_TRAINER_F_CYBIL,MAREEP,29,"DISCHARGE,COTTON_SPORE,CHARGE,TACKLE",,50,10,5,1
TRAINER_ACE_TRAINER_F_CYBIL,BELLOSSOM,29,"MEGA_DRAIN,STUN_SPORE,ACID,MAGICAL_LEAF",,50,10,5,2
TRAINER_ACE_TRAINER_F_EMMA,POLIWHIRL,28,,,50,10,5,1
TRAINER_ACE_TRAINER_F_FRAN,SEADRA,38,,,60,10,5,1
TRAINER_ACE_TRAINER_F_GWEN,EEVEE,26,,,50,10,5,1
TRAINER_ACE_TRAINER_F_GWEN,FLAREON,22,,,50,10,5,2
TRAINER_ACE_TRAINER_F_GWEN,VAPOREON,22,,,50,10,5,3
TRAINER_ACE_TRAINER_F_GWEN,JOLTEON,22,,,50,10,5,4
TRAINER_ACE_TRAINER_F_IRENE,GOLDEEN,22,,,50,10,5,1
TRAINER_ACE_TRAINER_F_IRENE,SEAKING,24,,,50,10,5,2
TRAINER_ACE_TRAINER_F_JAMIE,RAPIDASH,36,"STOMP,FIRE_SPIN,WILL_O_WISP,AGILITY",,50,10,5,1
TRAINER_ACE_TRAINER_F_JAMIE,FLAAFFY,31,"DISCHARGE,COTTON_SPORE,THUNDER_WAVE,CHARGE",,50,10,5,2
TRAINER_ACE_TRAINER_F_JAMIE_2,RAPIDASH,38,"STOMP,FIRE_SPIN,FLAME_WHEEL,EMBER",,50,10,5,1
TRAINER_ACE_TRAINER_F_JAMIE_2,AMPHAROS,37,"DISCHARGE,SIGNAL_BEAM,CHARGE,THUNDER_PUNCH",,50,10,5,2
TRAINER_ACE_TRAINER_F_JAMIE_3,RAPIDASH,42,"STOMP,FIRE_SPIN,FIRE_BLAST,EMBER",,50,10,5,1
TRAINER_ACE_TRAINER_F_JAMIE_3,AMPHAROS,40,"DISCHARGE,SIGNAL_BEAM,CHARGE,THUNDER_WAVE",,50,10,5,2
TRAINER_ACE_TRAINER_F_JAMIE_4,RAPIDASH,56,"BOUNCE,FIRE_SPIN,FLARE_BLITZ,EMBER",,50,10,5,1
TRAINER_ACE_TRAINER_F_JAMIE_4,AMPHAROS,59,"POWER_GEM,THUNDER,SIGNAL_BEAM,CHARGE",,50,10,5,2
TRAINER_ACE_TRAINER_F_JENN,STARYU,24,,,50,10,5,1
TRAINER_ACE_TRAINER_F_JENN,STARMIE,26,,,50,10,5,2
TRAINER_ACE_TRAINER_F_JOYCE,PIKACHU,36,"QUICK_ATTACK,DOUBLE_TEAM,THUNDERBOLT,THUNDER_WAVE",,50,10,5,1
TRAINER_ACE_TRAINER_F_JOYCE,BLASTOISE,36,"BITE,AQUA_TAIL,SURF,RAIN_DANCE",,50,10,5,2
TRAINER_ACE_TRAINER_F_KATE,SHELLDER,26,,,50,10,5,1
TRAINER_ACE_TRAINER_F_KATE,CLOYSTER,28,,,50,10,5,2
TRAINER_ACE_TRAINER_F_KELLY,MARILL,27,,,50,10,5,1
TRAINER_ACE_TRAINER_F_KELLY,WARTORTLE,24,,,50,10,5,2
TRAINER_ACE_TRAINER_F_KELLY,WARTORTLE,24,,,50,10,5,3
TRAINER_ACE_TRAINER_F_LOIS,MAREEP,25,"THUNDER_SHOCK,COTTON_SPORE,THUNDER_WAVE,CHARGE",,50,10,5,1
TRAINER_ACE_TRAINER_F_LOIS,NINETALES,25,"FLAMETHROWER,QUICK_ATTACK,CONFUSE_RAY,NASTY_PLOT",,50,10,5,2
TRAINER_ACE_TRAINER_F_LOLA,DRATINI,35,,,60,10,5,1
TRAINER_ACE_TRAINER_F_LOLA,DRAGONAIR,37,,,60,10,5,2
TRAINER_ACE_TRAINER_F_MEGAN,BULBASAUR,32,"GROWL,LEECH_SEED,TAKE_DOWN,RAZOR_LEAF",,50,10,5,1
TRAINER_ACE_TRAINER_F_MEGAN,IVYSAUR,32,"GIGA_DRAIN,LEECH_SEED,POISON_POWDER,PETAL_DANCE",,50,10,5,2
TRAINER_ACE_TRAINER_F_MEGAN,VENUSAUR,32,"PETAL_DANCE,SLEEP_POWDER,DOUBLE_EDGE,LEECH_SEED",,50,10,5,3
TRAINER_ACE_TRAINER_F_PIPER,HORSEA,33,"SMOKE_SCREEN,LEER,BRINE,TWISTER",,50,10,5,1
TRAINER_ACE_TRAINER_F_PIPER,HORSEA,33,"SMOKE_SCREEN,LEER,BRINE,TWISTER",,50,10,5,2
TRAINER_ACE_TRAINER_F_PIPER,SEADRA,35,"AGILITY,LEER,WATERFALL,TWISTER",,50,10,5,3
TRAINER_ACE_TRAINER_F_QUINN,IVYSAUR,47,"SOLAR_BEAM,DOUBLE_EDGE,SYNTHESIS,SLUDGE_BOMB",,50,10,5,1
TRAINER_ACE_TRAINER_F_QUINN,STARMIE,47,"BLIZZARD,CONFUSE_RAY,THUNDERBOLT,WATER_PULSE",,50,10,5,2
TRAINER_ACE_TRAINER_F_REENA,GROWLITHE,36,,,50,10,5,1
TRAINER_ACE_TRAINER_F_REENA,NIDORINA,33,,,50,10,5,2
TRAINER_ACE_TRAINER_F_REENA,STARYU,36,,,50,10,5,3
TRAINER_ACE_TRAINER_F_REENA_2,GROWLITHE,38,,,50,10,5,1
TRAINER_ACE_TRAINER_F_REENA_2,NIDORINA,36,,,50,10,5,2
TRAINER_ACE_TRAINER_F_REENA_2,STARYU,38,,,50,10,5,3
TRAINER_ACE_TRAINER_F_REENA_3,ARCANINE,47,,,50,10,5,1
TRAINER_ACE_TRAINER_F_REENA_3,NIDOQUEEN,43,,,50,10,5,2
TRAINER_ACE_TRAINER_F_REENA_3,STARMIE,47,,,50,10,5,3
TRAINER_ACE_TRAINER_F_REENA_4,ARCANINE,54,"FLARE_BLITZ,EXTREME_SPEED,CRUNCH,ROAR",,50,10,5,1
TRAINER_ACE_TRAINER_F_REENA_4,NIDOQUEEN,53,"CAPTIVATE,POISON_FANG,EARTH_POWER,BODY_SLAM",,50,10,5,2
TRAINER_ACE_TRAINER_F_REENA_4,STARMIE,56,"SURF,MINIMIZE,COSMIC_POWER,PSYCHIC",,50,10,5,3
TRAINER_ACE_TRAINER_F_SALMA,SLOWKING,50,"SURF,PSYCHIC,FLAMETHROWER,TRICK_ROOM",ITEM_ORAN_BERRY,60,10,5,1
TRAINER_ACE_TRAINER_F_SALMA,LICKILICKY,53,"WRING_OUT,THUNDERBOLT,EARTHQUAKE,ICE_BEAM",ITEM_NONE,60,10,5,2
TRAINER_ACE_TRAINER_M_ALLEN,CHARMELEON,29,"EMBER,SMOKE_SCREEN,FIRE_FANG,SCARY_FACE",,50,10,5,1
TRAINER_ACE_TRAINER_M_ALLEN,MAGNEMITE,29,"SPARK,THUNDER_WAVE,SUPERSONIC,METAL_SOUND",,50,10,5,2
TRAINER_ACE_TRAINER_M_ALTON,IVYSAUR,24,,,50,10,5,1
TRAINER_ACE_TRAINER_M_ALTON,CHARMELEON,24,,,50,10,5,2
TRAINER_ACE_TRAINER_M_ALTON,WARTORTLE,24,,,50,10,5,3
TRAINER_ACE_TRAINER_M_ARABELLA,STANTLER,53,"ZEN_HEADBUTT,RETURN,ME_FIRST,TRICK_ROOM",,60,10,5,1
TRAINER_ACE_TRAINER_M_ARABELLA,TAUROS,52,"TAKE_DOWN,THUNDER,SURF,FIRE_BLAST",,60,10,5,2
TRAINER_ACE_TRAINER_M_BLAKE,MAGNETON,33,"THUNDERBOLT,SUPERSONIC,MAGNET_BOMB,SCREECH",,50,10,5,1
TRAINER_ACE_TRAINER_M_BLAKE,QUAGSIRE,31,"WATER_GUN,SLAM,YAWN,EARTHQUAKE",,50,10,5,2
TRAINER_ACE_TRAINER_M_BLAKE,EXEGGCUTE,31,"LEECH_SEED,CONFUSION,SLEEP_POWDER,SOLAR_BEAM",,50,10,5,3
TRAINER_ACE_TRAINER_M_BONITA,SPINDA,50,"FLAIL,FAKE_OUT,TEETER_DANCE,TRICK_ROOM",,60,10,5,1
TRAINER_ACE_TRAINER_M_BONITA,SUDOWOODO,52,"WOOD_HAMMER,HAMMER_ARM,EARTHQUAKE,STONE_EDGE",,60,10,5,2
TRAINER_ACE_TRAINER_M_BRIAN,MAREEP,35,"DISCHARGE,SIGNAL_BEAM,COTTON_SPORE,TACKLE",,50,10,5,1
TRAINER_ACE_TRAINER_M_CODY,HORSEA,35,,,60,10,5,1
TRAINER_ACE_TRAINER_M_CODY,SEADRA,37,,,60,10,5,2
TRAINER_ACE_TRAINER_M_FRENCH,ABSOL,47,"PSYCHO_CUT,NIGHT_SLASH,SLASH,QUICK_ATTACK",ITEM_NONE,50,10,5,1
TRAINER_ACE_TRAINER_M_FRENCH,ALAKAZAM,47,"PSYCHIC,FOCUS_BLAST,ENERGY_BALL,CHARGE_BEAM",ITEM_NONE,50,10,5,2
TRAINER_ACE_TRAINER_M_GAVEN,VICTREEBEL,32,"WRAP,TOXIC,ACID,RAZOR_LEAF",,50,10,5,1
TRAINER_ACE_TRAINER_M_GAVEN,KINGLER,32,"BUBBLE_BEAM,STOMP,GUILLOTINE,PROTECT",,50,10,5,2
TRAINER_ACE_TRAINER_M_GAVEN,FLAREON,32,"SAND_ATTACK,QUICK_ATTACK,BITE,EMBER",,50,10,5,3
TRAINER_ACE_TRAINER_M_GAVEN_2,VICTREEBEL,34,"WRAP,TOXIC,ACID,RAZOR_LEAF",,50,10,5,1
TRAINER_ACE_TRAINER_M_GAVEN_2,KINGLER,34,"BUBBLE_BEAM,STOMP,GUILLOTINE,PROTECT",,50,10,5,2
TRAINER_ACE_TRAINER_M_GAVEN_2,FLAREON,34,"SAND_ATTACK,QUICK_ATTACK,BITE,FIRE_BLAST",,50,10,5,3
TRAINER_ACE_TRAINER_M_GAVEN_3,VICTREEBEL,38,"WRAP,TOXIC,ACID,RAZOR_LEAF",,50,10,5,1
TRAINER_ACE_TRAINER_M_GAVEN_3,KINGLER,39,"BRINE,STOMP,X_SCISSOR,PROTECT",,50,10,5,2
TRAINER_ACE_TRAINER_M_GAVEN_3,FLAREON,38,"FIRE_BLAST,QUICK_ATTACK,SAND_ATTACK,FIRE_SPIN",,50,10,5,3
TRAINER_ACE_TRAINER_M_GAVEN_4,VICTREEBEL,52,"LEAF_STORM,TOXIC,ACID,LEAF_BLADE",,50,10,5,1
TRAINER_ACE_TRAINER_M_GAVEN_4,KINGLER,49,"BRINE,CRABHAMMER,X_SCISSOR,PROTECT",,50,10,5,2
TRAINER_ACE_TRAINER_M_GAVEN_4,FLAREON,50,"OVERHEAT,QUICK_ATTACK,WILL_O_WISP,ATTRACT",,50,10,5,3
TRAINER_ACE_TRAINER_M_JAKE,PARASECT,33,"LEECH_LIFE,SPORE,SLASH,SWORDS_DANCE",,50,10,5,1
TRAINER_ACE_TRAINER_M_JAKE,GOLDUCK,35,"PSYCHIC,SCREECH,WATER_PULSE,FURY_SWIPES",,50,10,5,2
TRAINER_ACE_TRAINER_M_JAKE,VAPOREON,33,"BITE,QUICK_ATTACK,SAND_ATTACK,SURF",,50,10,5,3
TRAINER_ACE_TRAINER_M_KEVIN,RHYHORN,48,"TAKE_DOWN,STONE_EDGE,HORN_DRILL,EARTHQUAKE",,50,10,5,1
TRAINER_ACE_TRAINER_M_KEVIN,CHARMELEON,46,"FLAMETHROWER,SLASH,SCARY_FACE,AERIAL_ACE",,50,10,5,2
TRAINER_ACE_TRAINER_M_KEVIN,WARTORTLE,46,"HYDRO_PUMP,ICE_BEAM,BITE,SWAGGER",,50,10,5,3
TRAINER_ACE_TRAINER_M_KOBE,DRAGONAIR,37,"THUNDER,SURF,DRAGON_RAGE,IRON_TAIL",,50,10,5,1
TRAINER_ACE_TRAINER_M_MICKEY,BULBASAUR,10,,,0,10,5,1
TRAINER_ACE_TRAINER_M_MICKEY,CHARMANDER,10,,,0,10,5,2
TRAINER_ACE_TRAINER_M_MICKEY,SQUIRTLE,10,,,0,10,5,3
TRAINER_ACE_TRAINER_M_MICKEY_2,BULBASAUR,10,,,0,10,5,1
TRAINER_ACE_TRAINER_M_MICKEY_2,CHARMANDER,10,,,0,10,5,2
TRAINER_ACE_TRAINER_M_MICKEY_2,SQUIRTLE,10,,,0,10,5,3
TRAINER_ACE_TRAINER_M_MICKEY_3,BULBASAUR,10,,,0,10,5,1
TRAINER_ACE_TRAINER_M_MICKEY_3,CHARMANDER,10,,,0,10,5,2
TRAINER_ACE_TRAINER_M_MICKEY_3,SQUIRTLE,10,,,0,10,5,3
TRAINER_ACE_TRAINER_M_MICKEY_4,BULBASAUR,14,,,0,10,5,1
TRAINER_ACE_TRAINER_M_MICKEY_4,CHARMANDER,14,,,0,10,5,2
TRAINER_ACE_TRAINER_M_MICKEY_4,SQUIRTLE,14,,,0,10,5,3
TRAINER_ACE_TRAINER_M_MIKE,DRAGONAIR,38,,,60,10,5,1
TRAINER_ACE_TRAINER_M_NICK,CHARMANDER,26,"FIRE_FANG,SMOKE_SCREEN,DRAGON_RAGE,SCARY_FACE",,50,10,5,1
TRAINER_ACE_TRAINER_M_NICK,SQUIRTLE,26,"WITHDRAW,WATER_GUN,BITE,CURSE",,50,10,5,2
TRAINER_ACE_TRAINER_M_NICK,BULBASAUR,26,"LEECH_SEED,POISON_POWDER,SLEEP_POWDER,RAZOR_LEAF",,50,10,5,3
TRAINER_ACE_TRAINER_M_PAULO,DRATINI,35,,,60,10,5,1
TRAINER_ACE_TRAINER_M_PAULO,SEADRA,35,,,60,10,5,2
TRAINER_ACE_TRAINER_M_PAULO,DRATINI,35,,,60,10,5,3
TRAINER_ACE_TRAINER_M_RYAN,PIDGEOT,25,"SAND_ATTACK,QUICK_ATTACK,WHIRLWIND,WING_ATTACK",,50,10,5,1
TRAINER_ACE_TRAINER_M_RYAN,ELECTABUZZ,27,"THUNDER_PUNCH,LIGHT_SCREEN,SWIFT,SCREECH",,50,10,5,2
TRAINER_ACE_TRAINER_M_SHAYE,JOLTEON,43,"DOUBLE_KICK,THUNDERBOLT,QUICK_ATTACK,SAND_ATTACK",,50,10,5,1
TRAINER_ACE_TRAINER_M_SHAYE,TANGELA,43,"ANCIENT_POWER,STUN_SPORE,GIGA_DRAIN,INGRAIN",,50,10,5,2
TRAINER_ACE_TRAINER_M_SHAYE,TAUROS,43,"TAKE_DOWN,ZEN_HEADBUTT,PAYBACK,SCARY_FACE",,50,10,5,3
TRAINER_ARCADE_STAR_DAHLIA,RATTATA,5,,,0,10,5,1
TRAINER_BEAUTY_CALLIE,CLEFABLE,16,"GROWL,ENCORE,DOUBLE_SLAP,METRONOME",,0,10,5,1
TRAINER_BEAUTY_CALLIE,WIGGLYTUFF,16,"SING,DEFENSE_CURL,POUND,DISABLE",,0,10,5,2
TRAINER_BEAUTY_CAROLINE,MARILL,38,,,0,10,5,1
TRAINER_BEAUTY_CAROLINE,SEEL,40,,,0,10,5,2
TRAINER_BEAUTY_CAROLINE,MARILL,38,,,0,10,5,3
TRAINER_BEAUTY_CASSIE,VILEPLUME,36,,,0,10,5,1
TRAINER_BEAUTY_CASSIE,BUTTERFREE,42,,,0,10,5,2
TRAINER_BEAUTY_CHARLOTTE,BELLOSSOM,16,,,0,10,5,1
TRAINER_BEAUTY_JULIA,PARAS,44,"GIGA_DRAIN,SPORE,SLASH,ATTRACT",,0,10,5,1
TRAINER_BEAUTY_JULIA,CARNIVINE,44,"GIGA_DRAIN,WRING_OUT,INGRAIN,ATTRACT",,0,10,5,2
TRAINER_BEAUTY_JULIA,PARASECT,47,"GIGA_DRAIN,SPORE,ATTRACT,X_SCISSOR",,0,10,5,3
TRAINER_BEAUTY_KASSANDRA,WIGGLYTUFF,16,"SING,DEFENSE_CURL,POUND,DISABLE",,0,10,5,1
TRAINER_BEAUTY_KASSANDRA,CLEFABLE,16,"GROWL,ENCORE,DOUBLE_SLAP,METRONOME",,0,10,5,2
TRAINER_BEAUTY_KIMBERLY,CORSOLA,19,,,0,10,5,1
TRAINER_BEAUTY_MICKEY,SENTRET,15,,,0,10,5,1
TRAINER_BEAUTY_MICKEY_10,SENTRET,15,,,0,10,5,1
TRAINER_BEAUTY_MICKEY_2,SENTRET,15,,,0,10,5,1
TRAINER_BEAUTY_MICKEY_3,FURRET,16,,,0,10,5,1
TRAINER_BEAUTY_MICKEY_4,SENTRET,15,,,0,10,5,1
TRAINER_BEAUTY_MICKEY_5,SENTRET,15,,,0,10,5,1
TRAINER_BEAUTY_MICKEY_6,SENTRET,15,,,0,10,5,1
TRAINER_BEAUTY_MICKEY_7,SENTRET,15,,,0,10,5,1
TRAINER_BEAUTY_MICKEY_8,SENTRET,15,,,0,10,5,1
TRAINER_BEAUTY_MICKEY_9,SENTRET,15,,,0,10,5,1
TRAINER_BEAUTY_SAMANTHA,MEOWTH,16,"SCRATCH,GROWL,BITE,PAY_DAY",,10,10,5,1
TRAINER_BEAUTY_SAMANTHA,MEOWTH,16,"SCRATCH,GROWL,BITE,SLASH",,10,10,5,2
TRAINER_BEAUTY_VALERIE,HOPPIP,18,"MEGA_DRAIN,TAIL_WHIP,TACKLE,POISON_POWDER",,0,10,5,1
TRAINER_BEAUTY_VALERIE,SKIPLOOM,18,"MEGA_DRAIN,TAIL_WHIP,TACKLE,STUN_SPORE",,0,10,5,2
TRAINER_BEAUTY_VICTORIA,SENTRET,9,,,10,10,5,1
TRAINER_BEAUTY_VICTORIA,SENTRET,13,,,10,10,5,2
TRAINER_BEAUTY_VICTORIA,SENTRET,16,,,10,10,5,3
TRAINER_BIKER_AIDEN,TENTACRUEL,45,,,0,10,5,1
TRAINER_BIKER_AIDEN_2,HYPNO,50,,,0,10,5,1
TRAINER_BIKER_AIDEN_2,TENTACRUEL,49,,,0,10,5,2
TRAINER_BIKER_AIDEN_3,HYPNO,55,,,0,10,5,1
TRAINER_BIKER_AIDEN_3,TENTACRUEL,55,,,0,10,5,2
TRAINER_BIKER_AIDEN_4,TENTACRUEL,55,,,0,10,5,1
TRAINER_BIKER_AIDEN_4,HYPNO,58,,,0,10,5,2
TRAINER_BIKER_AIDEN_4,TENTACRUEL,58,,,0,10,5,3
TRAINER_BIKER_CHARLES,KOFFING,41,,,0,10,5,1
TRAINER_BIKER_CHARLES,CHARMELEON,41,,,0,10,5,2
TRAINER_BIKER_CHARLES,WEEZING,42,,,0,10,5,3
TRAINER_BIKER_DALE,GULPIN,47,,ITEM_BLACK_SLUDGE,0,10,5,1
TRAINER_BIKER_DAN,GULPIN,39,,,0,10,5,1
TRAINER_BIKER_DAN,WEEZING,37,,,0,10,5,2
TRAINER_BIKER_DAN,WEEZING,37,,,0,10,5,3
TRAINER_BIKER_DWAYNE,KOFFING,38,,,0,10,5,1
TRAINER_BIKER_DWAYNE,KOFFING,39,,,0,10,5,2
TRAINER_BIKER_DWAYNE,KOFFING,40,,,0,10,5,3
TRAINER_BIKER_DWAYNE,KOFFING,41,,,0,10,5,4
TRAINER_BIKER_ERNEST,TEDDIURSA,45,,,0,10,5,1
TRAINER_BIKER_ERNEST,MARILL,44,,,0,10,5,2
TRAINER_BIKER_ERNEST_2,TEDDIURSA,46,,,0,10,5,1
TRAINER_BIKER_ERNEST_2,AZUMARILL,47,,,0,10,5,2
TRAINER_BIKER_ERNEST_3,TEDDIURSA,48,,,0,10,5,1
TRAINER_BIKER_ERNEST_3,AZUMARILL,49,,,0,10,5,2
TRAINER_BIKER_ERNEST_4,URSARING,58,,,0,10,5,1
TRAINER_BIKER_ERNEST_4,AZUMARILL,54,,,0,10,5,2
TRAINER_BIKER_GLENN,KOFFING,39,,,0,10,5,1
TRAINER_BIKER_GLENN,MAGMAR,41,,,0,10,5,2
TRAINER_BIKER_GLENN,WEEZING,43,,,0,10,5,3
TRAINER_BIKER_HARRIS,FLAREON,45,,,0,10,5,1
TRAINER_BIKER_JACOB,MAGMAR,43,,,0,10,5,1
TRAINER_BIKER_JACOB,TENTACRUEL,43,,,0,10,5,2
TRAINER_BIKER_JOEL,MAGMAR,43,,,0,10,5,1
TRAINER_BIKER_JOEL,MAGMAR,43,,,0,10,5,2
TRAINER_BIKER_MARKEY,SKORUPI,47,,,0,10,5,1
TRAINER_BIKER_MICKEY,KOFFING,20,,,0,10,5,1
TRAINER_BIKER_MICKEY,KOFFING,20,,,0,10,5,2
TRAINER_BIKER_MICKEY,KOFFING,20,,,0,10,5,3
TRAINER_BIKER_MICKEY_2,KOFFING,20,,,0,10,5,1
TRAINER_BIKER_MICKEY_2,KOFFING,20,,,0,10,5,2
TRAINER_BIKER_MICKEY_2,KOFFING,20,,,0,10,5,3
TRAINER_BIKER_REESE,WEEZING,45,,,0,10,5,1
TRAINER_BIKER_REESE_2,ARBOK,42,"GLARE,SCREECH,MUD_BOMB,CRUNCH",,0,10,5,1
TRAINER_BIKER_REESE_2,WEEZING,48,"SLUDGE_BOMB,DOUBLE_HIT,SMOKE_SCREEN,ASSURANCE",,0,10,5,2
TRAINER_BIKER_REESE_3,ARBOK,48,"MUD_BOMB,SWALLOW,STOCKPILE,SPIT_UP",,0,10,5,1
TRAINER_BIKER_REESE_3,WEEZING,50,"SLUDGE_BOMB,DOUBLE_HIT,SMOKE_SCREEN,ASSURANCE",,0,10,5,2
TRAINER_BIKER_REESE_4,ARBOK,56,"GUNK_SHOT,MUD_BOMB,GASTRO_ACID,CRUNCH",,0,10,5,1
TRAINER_BIKER_REESE_4,WEEZING,55,"SLUDGE_BOMB,DOUBLE_HIT,SMOKE_SCREEN,THUNDER",,0,10,5,2
TRAINER_BIKER_TEDDY,SEVIPER,46,,,0,10,5,1
TRAINER_BIKER_THERON,CROAGUNK,45,,,0,10,5,1
TRAINER_BIKER_ZEKE,KOFFING,43,,,0,10,5,1
TRAINER_BIKER_ZEKE,KOFFING,43,,,0,10,5,2
TRAINER_BIRD_KEEPER_GS_ABE,SPEAROW,9,,,30,10,5,1
TRAINER_BIRD_KEEPER_GS_BERT,WINGULL,46,,,50,10,5,1
TRAINER_BIRD_KEEPER_GS_BERT,FEAROW,43,,,50,10,5,2
TRAINER_BIRD_KEEPER_GS_BOB,NOCTOWL,48,,,50,10,5,1
TRAINER_BIRD_KEEPER_GS_BORIS,DODUO,39,,,50,10,5,1
TRAINER_BIRD_KEEPER_GS_BORIS,DODUO,37,,,50,10,5,2
TRAINER_BIRD_KEEPER_GS_BORIS,DODRIO,41,,,50,10,5,3
TRAINER_BIRD_KEEPER_GS_BRET,TAILLOW,41,,,50,10,5,1
TRAINER_BIRD_KEEPER_GS_BRET,FEAROW,41,,,50,10,5,2
TRAINER_BIRD_KEEPER_GS_BRYAN,PIDGEY,12,,,50,10,5,1
TRAINER_BIRD_KEEPER_GS_BRYAN,PIDGEOTTO,14,,,50,10,5,2
TRAINER_BIRD_KEEPER_GS_DENIS,SPEAROW,18,,,50,10,5,1
TRAINER_BIRD_KEEPER_GS_DENIS,FEAROW,20,,,50,10,5,2
TRAINER_BIRD_KEEPER_GS_DENIS,SPEAROW,18,,,50,10,5,3
TRAINER_BIRD_KEEPER_GS_EASTON,DODUO,35,,,50,10,5,1
TRAINER_BIRD_KEEPER_GS_EASTON,DODUO,35,,,50,10,5,2
TRAINER_BIRD_KEEPER_GS_EASTON,DODRIO,35,,,50,10,5,3
TRAINER_BIRD_KEEPER_GS_EASTON,DODRIO,36,,,50,10,5,4
TRAINER_BIRD_KEEPER_GS_ERNIE,STARLY,48,,,50,10,5,1
TRAINER_BIRD_KEEPER_GS_GAIL,FEAROW,42,,,50,10,5,1
TRAINER_BIRD_KEEPER_GS_GAIL,SPEAROW,39,,,50,10,5,2
TRAINER_BIRD_KEEPER_GS_HANK,PIDGEY,13,,,50,10,5,1
TRAINER_BIRD_KEEPER_GS_HANK,PIDGEOT,44,,,50,10,5,2
TRAINER_BIRD_KEEPER_GS_JOSE,FARFETCHD,44,,,50,10,5,1
TRAINER_BIRD_KEEPER_GS_JOSE_2,FARFETCHD,40,,,50,10,5,1
TRAINER_BIRD_KEEPER_GS_JOSE_3,FARFETCHD,38,,,50,10,5,1
TRAINER_BIRD_KEEPER_GS_JOSE_3,FARFETCHD,45,,,50,10,5,2
TRAINER_BIRD_KEEPER_GS_JOSE_4,FARFETCHD,50,,,50,10,5,1
TRAINER_BIRD_KEEPER_GS_JOSE_4,FARFETCHD,52,,,50,10,5,2
TRAINER_BIRD_KEEPER_GS_JOSE_4,FARFETCHD,53,,,50,10,5,3
TRAINER_BIRD_KEEPER_GS_JOSH,FEAROW,37,,,50,10,5,1
TRAINER_BIRD_KEEPER_GS_JOSH_2,FEAROW,47,,,50,10,5,1
TRAINER_BIRD_KEEPER_GS_JOSH_2,SKARMORY,44,,,50,10,5,2
TRAINER_BIRD_KEEPER_GS_JOSH_3,SKARMORY,48,,,50,10,5,1
TRAINER_BIRD_KEEPER_GS_JOSH_3,FEAROW,51,,,50,10,5,2
TRAINER_BIRD_KEEPER_GS_JOSH_4,SKARMORY,55,,,50,10,5,1
TRAINER_BIRD_KEEPER_GS_JOSH_4,FEAROW,55,,,50,10,5,2
TRAINER_BIRD_KEEPER_GS_JUSTIN,XATU,44,,,50,10,5,1
TRAINER_BIRD_KEEPER_GS_JUSTIN,NOCTOWL,39,,,50,10,5,2
TRAINER_BIRD_KEEPER_GS_KINSLEY,FARFETCHD,36,,,50,10,5,1
TRAINER_BIRD_KEEPER_GS_KINSLEY,FEAROW,36,,,50,10,5,2
TRAINER_BIRD_KEEPER_GS_KINSLEY,PIDGEOTTO,37,,,50,10,5,3
TRAINER_BIRD_KEEPER_GS_PERRY,FARFETCHD,42,,,50,10,5,1
TRAINER_BIRD_KEEPER_GS_PETER,PIDGEY,6,,,50,10,5,1
TRAINER_BIRD_KEEPER_GS_PETER,PIDGEY,6,,,50,10,5,2
TRAINER_BIRD_KEEPER_GS_PETER,SPEAROW,8,,,50,10,5,3
TRAINER_BIRD_KEEPER_GS_ROD,PIDGEY,7,,,30,10,5,1
TRAINER_BIRD_KEEPER_GS_ROD,PIDGEY,7,,,30,10,5,2
TRAINER_BIRD_KEEPER_GS_ROY,FEAROW,38,,,50,10,5,1
TRAINER_BIRD_KEEPER_GS_ROY,FEAROW,44,,,50,10,5,2
TRAINER_BIRD_KEEPER_GS_THEO,PIDGEY,17,,,50,10,5,1
TRAINER_BIRD_KEEPER_GS_THEO,PIDGEY,15,,,50,10,5,2
TRAINER_BIRD_KEEPER_GS_THEO,PIDGEY,19,,,50,10,5,3
TRAINER_BIRD_KEEPER_GS_THEO,PIDGEY,15,,,50,10,5,4
TRAINER_BIRD_KEEPER_GS_THEO,PIDGEY,15,,,50,10,5,5
TRAINER_BIRD_KEEPER_GS_TOBY,DODUO,16,,,50,10,5,1
TRAINER_BIRD_KEEPER_GS_TOBY,DODUO,17,,,50,10,5,2
TRAINER_BIRD_KEEPER_GS_TOBY,DODUO,18,,,50,10,5,3
TRAINER_BIRD_KEEPER_GS_VANCE,HOOTHOOT,28,,,50,10,5,1
TRAINER_BIRD_KEEPER_GS_VANCE,PIDGEOTTO,28,,,50,10,5,2
TRAINER_BIRD_KEEPER_GS_VANCE_2,HOOTHOOT,33,,,50,10,5,1
TRAINER_BIRD_KEEPER_GS_VANCE_2,PIDGEOTTO,32,,,50,10,5,2
TRAINER_BIRD_KEEPER_GS_VANCE_3,PIDGEOTTO,37,,,50,10,5,1
TRAINER_BIRD_KEEPER_GS_VANCE_3,PIDGEOT,38,,,50,10,5,2
TRAINER_BIRD_KEEPER_GS_VANCE_3,NOCTOWL,42,,,50,10,5,3
TRAINER_BIRD_KEEPER_GS_VANCE_4,PIDGEOT,56,,,50,10,5,1
TRAINER_BIRD_KEEPER_GS_VANCE_4,PIDGEOT,44,,,50,10,5,2
TRAINER_BIRD_KEEPER_GS_VANCE_4,NOCTOWL,54,,,50,10,5,3
TRAINER_BLACK_BELT_ANDER,PRIMEAPE,43,,,30,10,5,1
TRAINER_BLACK_BELT_ANDER,GRAVELER,39,,,30,10,5,2
TRAINER_BLACK_BELT_ANDER,MACHOKE,44,,,30,10,5,3
TRAINER_BLACK_BELT_KENJI,MACHOKE,28,,,30,10,5,1
TRAINER_BLACK_BELT_KENJI_2,ONIX,27,,,30,10,5,1
TRAINER_BLACK_BELT_KENJI_2,HITMONLEE,32,,,30,10,5,2
TRAINER_BLACK_BELT_KENJI_2,ONIX,27,,,30,10,5,3
TRAINER_BLACK_BELT_KENJI_2,MACHOKE,32,,,30,10,5,4
TRAINER_BLACK_BELT_KENJI_3,ONIX,30,,,30,10,5,1
TRAINER_BLACK_BELT_KENJI_3,MACHAMP,37,,,30,10,5,2
TRAINER_BLACK_BELT_KENJI_3,ONIX,33,,,30,10,5,3
TRAINER_BLACK_BELT_KENJI_3,HITMONLEE,41,,,30,10,5,4
TRAINER_BLACK_BELT_KENJI_4,ONIX,41,,,30,10,5,1
TRAINER_BLACK_BELT_KENJI_4,MACHAMP,53,,,30,10,5,2
TRAINER_BLACK_BELT_KENJI_4,ONIX,49,,,30,10,5,3
TRAINER_BLACK_BELT_KENJI_4,HITMONLEE,53,,,30,10,5,4
TRAINER_BLACK_BELT_KIYO,HITMONLEE,34,,,100,10,5,1
TRAINER_BLACK_BELT_KIYO,HITMONCHAN,34,,,100,10,5,2
TRAINER_BLACK_BELT_LAO,HITMONCHAN,27,"MACH_PUNCH,THUNDER_PUNCH,ICE_PUNCH,FIRE_PUNCH",,40,10,5,1
TRAINER_BLACK_BELT_LUNG,MANKEY,23,,,40,10,5,1
TRAINER_BLACK_BELT_LUNG,MANKEY,23,,,40,10,5,2
TRAINER_BLACK_BELT_LUNG,PRIMEAPE,25,,,40,10,5,3
TRAINER_BLACK_BELT_MANFORD,POLIWRATH,47,"HYDRO_PUMP,DYNAMIC_PUNCH,MUD_SHOT,HYPNOSIS",,30,10,5,1
TRAINER_BLACK_BELT_NOB,MACHOP,25,"VITAL_THROW,FOCUS_ENERGY,KARATE_CHOP,SEISMIC_TOSS",,40,10,5,1
TRAINER_BLACK_BELT_NOB,MACHOKE,25,"LEER,KARATE_CHOP,SEISMIC_TOSS,ROCK_SLIDE",,40,10,5,2
TRAINER_BLACK_BELT_WAI,MACHOKE,38,,,30,10,5,1
TRAINER_BLACK_BELT_WAI,MACHOKE,40,,,30,10,5,2
TRAINER_BLACK_BELT_WAI,MEDITITE,42,,,30,10,5,3
TRAINER_BLACK_BELT_YOSHI,HITMONLEE,27,"DOUBLE_KICK,MEDITATE,JUMP_KICK,FOCUS_ENERGY",,40,10,5,1
TRAINER_BOARDER_BRYCE,DEWGONG,55,,,0,10,5,1
TRAINER_BOARDER_BRYCE,LAPRAS,50,,,0,10,5,2
TRAINER_BOARDER_DEANDRE,SEEL,25,,,10,10,5,1
TRAINER_BOARDER_DEANDRE,DEWGONG,26,,,10,10,5,2
TRAINER_BOARDER_DEANDRE,SEEL,25,,,10,10,5,3
TRAINER_BOARDER_GERARDO,SHELLDER,25,"ICE_SHARD,SUPERSONIC,ICICLE_SPEAR,LEER",,10,10,5,1
TRAINER_BOARDER_GERARDO,CLOYSTER,26,"ICE_SHARD,AURORA_BEAM,SUPERSONIC,TOXIC_SPIKES",,10,10,5,2
TRAINER_BOARDER_GERARDO,SEEL,25,"ICE_SHARD,AQUA_RING,ENCORE,ICY_WIND",,10,10,5,3
TRAINER_BOARDER_PATTON,SWINUB,27,,,10,10,5,1
TRAINER_BOARDER_PATTON,SWINUB,27,,,10,10,5,2
TRAINER_BOARDER_SHAUN,CLOYSTER,55,,,0,10,5,1
TRAINER_BOARDER_SHAUN,DEWGONG,50,,,0,10,5,2
TRAINER_BUG_CATCHER_ABNER,BUTTERFREE,44,,,0,10,5,1
TRAINER_BUG_CATCHER_ABNER,BEEDRILL,44,,,0,10,5,2
TRAINER_BUG_CATCHER_ABNER,PIKACHU,44,,,0,10,5,3
TRAINER_BUG_CATCHER_AL,CATERPIE,12,,,10,10,5,1
TRAINER_BUG_CATCHER_AL,WEEDLE,12,,,10,10,5,2
TRAINER_BUG_CATCHER_ARNIE,VENONAT,15,,,0,10,5,1
TRAINER_BUG_CATCHER_ARNIE_2,VENONAT,36,,,0,10,5,1
TRAINER_BUG_CATCHER_ARNIE_3,VENOMOTH,43,"DISABLE,SUPERSONIC,CONFUSION,LEECH_LIFE",,0,10,5,1
TRAINER_BUG_CATCHER_ARNIE_4,NINCADA,45,"DIG,METAL_CLAW,MUD_SLAP,LEECH_LIFE",,0,10,5,1
TRAINER_BUG_CATCHER_ARNIE_4,VENOMOTH,56,"GUST,PSYCHIC,POISON_FANG,SIGNAL_BEAM",,0,10,5,2
TRAINER_BUG_CATCHER_BENNY,WEEDLE,7,,,10,10,5,1
TRAINER_BUG_CATCHER_BENNY,KAKUNA,9,,,10,10,5,2
TRAINER_BUG_CATCHER_BENNY,BEEDRILL,12,,,10,10,5,3
TRAINER_BUG_CATCHER_DANE,BEEDRILL,44,,,0,10,5,1
TRAINER_BUG_CATCHER_DANE,BUTTERFREE,48,,,0,10,5,2
TRAINER_BUG_CATCHER_DION,ARIADOS,50,,,0,10,5,1
TRAINER_BUG_CATCHER_DON,CATERPIE,3,,,0,10,5,1
TRAINER_BUG_CATCHER_DON,CATERPIE,3,,,0,10,5,2
TRAINER_BUG_CATCHER_DOUG,BUTTERFREE,39,,,0,10,5,1
TRAINER_BUG_CATCHER_DOUG,ARIADOS,37,,,0,10,5,2
TRAINER_BUG_CATCHER_DOUG_2,BUTTERFREE,40,,,0,10,5,1
TRAINER_BUG_CATCHER_DOUG_2,ARIADOS,40,,,0,10,5,2
TRAINER_BUG_CATCHER_DOUG_3,BUTTERFREE,47,,,0,10,5,1
TRAINER_BUG_CATCHER_DOUG_3,ARIADOS,46,,,0,10,5,2
TRAINER_BUG_CATCHER_DOUG_4,BUTTERFREE,52,,,0,10,5,1
TRAINER_BUG_CATCHER_DOUG_4,ARIADOS,50,,,0,10,5,2
TRAINER_BUG_CATCHER_ED,BURMY,43,,,0,10,5,1
TRAINER_BUG_CATCHER_ED,BUTTERFREE,43,,,0,10,5,2
TRAINER_BUG_CATCHER_ED,BEEDRILL,43,,,0,10,5,3
TRAINER_BUG_CATCHER_ELLIS,WEEDLE,28,,,0,10,5,1
TRAINER_BUG_CATCHER_ELLIS,KAKUNA,38,,,0,10,5,2
TRAINER_BUG_CATCHER_ELLIS,BEEDRILL,46,,,0,10,5,3
TRAINER_BUG_CATCHER_JOSH,PARAS,13,,,10,10,5,1
TRAINER_BUG_CATCHER_KEN,ARIADOS,39,,,0,10,5,1
TRAINER_BUG_CATCHER_KEN,PINSIR,40,,,0,10,5,2
TRAINER_BUG_CATCHER_MICKEY,VENOMOTH,40,"GUST,SUPERSONIC,PSYCHIC,TOXIC",,0,10,5,1
TRAINER_BUG_CATCHER_MICKEY_2,BUTTERFREE,30,"CONFUSION,POISON_POWDER,SUPERSONIC,GUST",,0,10,5,1
TRAINER_BUG_CATCHER_MICKEY_2,BUTTERFREE,30,"CONFUSION,STUN_SPORE,SUPERSONIC,GUST",,0,10,5,2
TRAINER_BUG_CATCHER_MICKEY_2,BEEDRILL,32,"FURY_ATTACK,PURSUIT,TWINEEDLE,DOUBLE_TEAM",,0,10,5,3
TRAINER_BUG_CATCHER_MICKEY_2,BUTTERFREE,34,"PSYBEAM,SLEEP_POWDER,GUST,WHIRLWIND",,0,10,5,4
TRAINER_BUG_CATCHER_ROB,BEEDRILL,40,,,0,10,5,1
TRAINER_BUG_CATCHER_ROB,BUTTERFREE,39,,,0,10,5,2
TRAINER_BUG_CATCHER_ROB_2,BEEDRILL,45,,,0,10,5,1
TRAINER_BUG_CATCHER_ROB_2,BUTTERFREE,42,,,0,10,5,2
TRAINER_BUG_CATCHER_ROB_3,BEEDRILL,52,,,0,10,5,1
TRAINER_BUG_CATCHER_ROB_3,BUTTERFREE,48,,,0,10,5,2
TRAINER_BUG_CATCHER_ROB_4,BEEDRILL,56,,,0,10,5,1
TRAINER_BUG_CATCHER_ROB_4,BUTTERFREE,56,,,0,10,5,2
TRAINER_BUG_CATCHER_STACEY,METAPOD,52,,,0,10,5,1
TRAINER_BUG_CATCHER_STACEY,METAPOD,56,,,0,10,5,2
TRAINER_BUG_CATCHER_STACEY,METAPOD,60,,,0,10,5,3
TRAINER_BUG_CATCHER_WADE,CATERPIE,2,,,0,10,5,1
TRAINER_BUG_CATCHER_WADE,CATERPIE,2,,,0,10,5,2
TRAINER_BUG_CATCHER_WADE,WEEDLE,3,,,0,10,5,3
TRAINER_BUG_CATCHER_WADE,CATERPIE,2,,,0,10,5,4
TRAINER_BUG_CATCHER_WADE_2,BUTTERFREE,28,"BUG_BITE,SILVER_WIND,CONFUSION,GUST",,0,10,5,1
TRAINER_BUG_CATCHER_WADE_2,BUTTERFREE,40,"BUG_BUZZ,TAILWIND,CAPTIVATE,SAFEGUARD",,0,10,5,2
TRAINER_BUG_CATCHER_WADE_2,BEEDRILL,37,"BUG_BITE,TWINEEDLE,POISON_JAB,FOCUS_ENERGY",,0,10,5,3
TRAINER_BUG_CATCHER_WADE_2,BUTTERFREE,28,"BUG_BITE,GUST,SLEEP_POWDER,STUN_SPORE",,0,10,5,4
TRAINER_BUG_CATCHER_WADE_3,METAPOD,18,"BUG_BITE,STRING_SHOT",,0,10,5,1
TRAINER_BUG_CATCHER_WADE_3,BUTTERFREE,29,"PSYBEAM,SILVER_WIND,SUPERSONIC,WHIRLWIND",,0,10,5,2
TRAINER_BUG_CATCHER_WADE_3,KAKUNA,22,"BUG_BITE,POISON_STING,STRING_SHOT",,0,10,5,3
TRAINER_BUG_CATCHER_WADE_3,METAPOD,18,"BUG_BITE,STRING_SHOT",,0,10,5,4
TRAINER_BUG_CATCHER_WADE_4,BUTTERFREE,36,"BUG_BITE,GUST,SUPERSONIC,WHIRLWIND",,0,10,5,1
TRAINER_BUG_CATCHER_WADE_4,BUTTERFREE,52,"BUG_BUZZ,STUN_SPORE,CAPTIVATE,TAILWIND",,0,10,5,2
TRAINER_BUG_CATCHER_WADE_4,BEEDRILL,43,"ENDEAVOR,FOCUS_ENERGY,PIN_MISSILE,BUG_BITE",,0,10,5,3
TRAINER_BUG_CATCHER_WADE_4,BUTTERFREE,36,"STUN_SPORE,SLEEP_POWDER,CAPTIVATE,TAILWIND",,0,10,5,4
TRAINER_BUG_CATCHER_WAYNE,LEDYBA,8,,,0,10,5,1
TRAINER_BUG_CATCHER_WAYNE,PARAS,10,,,0,10,5,2
TRAINER_BURGLAR_COREY,KOFFING,33,,,0,10,5,1
TRAINER_BURGLAR_COREY,MAGMAR,36,,,0,10,5,2
TRAINER_BURGLAR_COREY,KOFFING,33,,,0,10,5,3
TRAINER_BURGLAR_COREY,KOFFING,38,,,0,10,5,4
TRAINER_BURGLAR_DUNCAN,KOFFING,23,,,0,10,5,1
TRAINER_BURGLAR_DUNCAN,MAGMAR,25,,,0,10,5,2
TRAINER_BURGLAR_DUNCAN,KOFFING,23,,,0,10,5,3
TRAINER_BURGLAR_ORSON,GROWLITHE,26,"ROAR,FLAME_WHEEL,LEER,BITE",,0,10,5,1
TRAINER_BURGLAR_ORSON,KOFFING,24,"TACKLE,SMOG,SLUDGE,SMOKE_SCREEN",,0,10,5,2
TRAINER_CAMPER_BARRY,NIDOKING,48,"POISON_JAB,FOCUS_ENERGY,EARTH_POWER,FOCUS_BLAST",,0,10,5,1
TRAINER_CAMPER_BERTRAND,FEAROW,30,,,0,10,5,1
TRAINER_CAMPER_BERTRAND,PRIMEAPE,30,,,0,10,5,2
TRAINER_CAMPER_BERTRAND,TAUROS,30,,,0,10,5,3
TRAINER_CAMPER_CLARK,BUIZEL,40,,,0,10,5,1
TRAINER_CAMPER_DEAN,GOLDUCK,44,,,0,10,5,1
TRAINER_CAMPER_DEAN,SANDSLASH,42,,,0,10,5,2
TRAINER_CAMPER_ELLIOT,SANDSHREW,13,,,0,10,5,1
TRAINER_CAMPER_ELLIOT,MARILL,15,,,0,10,5,2
TRAINER_CAMPER_GRANT,SKIPLOOM,21,,,0,10,5,1
TRAINER_CAMPER_GRANT,MARILL,21,,,0,10,5,2
TRAINER_CAMPER_IVAN,DIGLETT,10,,,0,10,5,1
TRAINER_CAMPER_IVAN,ZUBAT,10,,,0,10,5,2
TRAINER_CAMPER_IVAN,DIGLETT,14,,,0,10,5,3
TRAINER_CAMPER_JERRY,RHYDON,50,"ROCK_SLIDE,AVALANCHE,HAMMER_ARM,TAKE_DOWN",,80,10,5,1
TRAINER_CAMPER_LLOYD,NIDOKING,46,,,0,10,5,1
TRAINER_CAMPER_MICKEY,NIDORINO,15,,,0,10,5,1
TRAINER_CAMPER_MICKEY_2,NIDORINO,15,,,0,10,5,1
TRAINER_CAMPER_MICKEY_3,GRAVELER,33,,,0,10,5,1
TRAINER_CAMPER_MICKEY_3,GRAVELER,36,,,0,10,5,2
TRAINER_CAMPER_MICKEY_3,GOLBAT,40,,,0,10,5,3
TRAINER_CAMPER_MICKEY_3,GOLDUCK,42,,,0,10,5,4
TRAINER_CAMPER_MICKEY_4,GRAVELER,33,,,0,10,5,1
TRAINER_CAMPER_MICKEY_4,GRAVELER,36,,,0,10,5,2
TRAINER_CAMPER_MICKEY_4,GOLBAT,40,,,0,10,5,3
TRAINER_CAMPER_MICKEY_4,GOLDUCK,42,,,0,10,5,4
TRAINER_CAMPER_MICKEY_5,GRAVELER,33,,,0,10,5,1
TRAINER_CAMPER_MICKEY_5,GRAVELER,36,,,0,10,5,2
TRAINER_CAMPER_MICKEY_5,GOLBAT,40,,,0,10,5,3
TRAINER_CAMPER_MICKEY_5,GOLDUCK,42,,,0,10,5,4
TRAINER_CAMPER_MICKEY_6,GRAVELER,33,,,0,10,5,1
TRAINER_CAMPER_MICKEY_6,GRAVELER,36,,,0,10,5,2
TRAINER_CAMPER_MICKEY_6,GOLBAT,40,,,0,10,5,3
TRAINER_CAMPER_MICKEY_6,GOLDUCK,42,,,0,10,5,4
TRAINER_CAMPER_MICKEY_7,GRAVELER,33,"SELFDESTRUCT,ROCK_THROW,HARDEN,MAGNITUDE",,0,10,5,1
TRAINER_CAMPER_MICKEY_7,GRAVELER,33,"SELFDESTRUCT,ROCK_THROW,HARDEN,MAGNITUDE",,0,10,5,2
TRAINER_CAMPER_MICKEY_7,MAGCARGO,36,"ROCK_THROW,HARDEN,AMNESIA,FLAMETHROWER",,0,10,5,3
TRAINER_CAMPER_MICKEY_7,GOLDUCK,34,"DISABLE,PSYCHIC,SURF,PSYCH_UP",,0,10,5,4
TRAINER_CAMPER_PEDRO,LINOONE,45,"BELLY_DRUM,SLASH,DIG,SURF",ITEM_SITRUS_BERRY,0,10,5,1
TRAINER_CAMPER_ROLAND,NIDORAN_M,9,,,0,10,5,1
TRAINER_CAMPER_SID,DUGTRIO,43,,,0,10,5,1
TRAINER_CAMPER_SID,PRIMEAPE,40,,,0,10,5,2
TRAINER_CAMPER_SID,POLIWRATH,40,,,0,10,5,3
TRAINER_CAMPER_SPENCER,SANDSHREW,18,,,0,10,5,1
TRAINER_CAMPER_SPENCER,SANDSLASH,18,,,0,10,5,2
TRAINER_CAMPER_SPENCER,ZUBAT,20,,,0,10,5,3
TRAINER_CAMPER_TANNER,SUDOWOODO,38,,,0,10,5,1
TRAINER_CAMPER_TANNER_2,SUDOWOODO,41,,,0,10,5,1
TRAINER_CAMPER_TANNER_2,CHINCHOU,41,,,0,10,5,2
TRAINER_CAMPER_TANNER_3,SUDOWOODO,48,,,0,10,5,1
TRAINER_CAMPER_TANNER_3,LANTURN,47,,,0,10,5,2
TRAINER_CAMPER_TANNER_3,SKIPLOOM,44,,,0,10,5,3
TRAINER_CAMPER_TANNER_4,SUDOWOODO,52,,,0,10,5,1
TRAINER_CAMPER_TANNER_4,JUMPLUFF,52,,,0,10,5,2
TRAINER_CAMPER_TANNER_4,LANTURN,52,,,0,10,5,3
TRAINER_CAMPER_TED,MANKEY,17,,,0,10,5,1
TRAINER_CAMPER_TODD,PSYDUCK,14,,,0,10,5,1
TRAINER_CAMPER_TODD_2,GEODUDE,17,,,0,10,5,1
TRAINER_CAMPER_TODD_2,GEODUDE,17,,,0,10,5,2
TRAINER_CAMPER_TODD_2,PSYDUCK,31,,,0,10,5,3
TRAINER_CAMPER_TODD_3,GEODUDE,23,,,0,10,5,1
TRAINER_CAMPER_TODD_3,GRAVELER,33,,,0,10,5,2
TRAINER_CAMPER_TODD_3,GOLDUCK,36,,,0,10,5,3
TRAINER_CAMPER_TODD_3,SLUGMA,32,,,0,10,5,4
TRAINER_CAMPER_TODD_4,GRAVELER,36,,,0,10,5,1
TRAINER_CAMPER_TODD_4,GRAVELER,44,,,0,10,5,2
TRAINER_CAMPER_TODD_4,MAGCARGO,54,,,0,10,5,3
TRAINER_CAMPER_TODD_4,GOLDUCK,56,,,0,10,5,4
TRAINER_CAMPER_VIRGIL,SLAKOTH,43,,,0,10,5,1
TRAINER_CASTLE_VALET_DARACH,RATTATA,5,,,0,10,5,1
TRAINER_CHAMPION_LANCE,GYARADOS,46,"FLAIL,DRAGON_PULSE,WATERFALL,ICE_FANG",ITEM_NONE,250,10,5,1
TRAINER_CHAMPION_LANCE,DRAGONITE,49,"THUNDER_WAVE,DRAGON_RUSH,THUNDER,HYPER_BEAM",ITEM_NONE,250,10,5,2
TRAINER_CHAMPION_LANCE,DRAGONITE,49,"THUNDER_WAVE,DRAGON_RUSH,BLIZZARD,HYPER_BEAM",ITEM_NONE,250,10,5,3
TRAINER_CHAMPION_LANCE,AERODACTYL,48,"AERIAL_ACE,CRUNCH,ROCK_SLIDE,THUNDER_FANG",ITEM_NONE,250,10,5,4
TRAINER_CHAMPION_LANCE,CHARIZARD,48,"SHADOW_CLAW,AIR_SLASH,DRAGON_CLAW,FIRE_FANG",ITEM_NONE,250,10,5,5
TRAINER_CHAMPION_LANCE,DRAGONITE,50,"FIRE_BLAST,SAFEGUARD,OUTRAGE,HYPER_BEAM",ITEM_SITRUS_BERRY,250,10,5,6
TRAINER_CHAMPION_LANCE_2,SALAMENCE,72,"FLAMETHROWER,SHADOW_CLAW,DRAGON_CLAW,REST",ITEM_LUM_BERRY,250,10,5,1
TRAINER_CHAMPION_LANCE_2,GYARADOS,68,"THUNDER_WAVE,ICE_FANG,WATERFALL,DRAGON_DANCE",ITEM_NONE,250,10,5,2
TRAINER_CHAMPION_LANCE_2,GARCHOMP,72,"SWORDS_DANCE,OUTRAGE,EARTHQUAKE,ROAR",ITEM_NONE,250,10,5,3
TRAINER_CHAMPION_LANCE_2,ALTARIA,73,"PERISH_SONG,DRAGON_BREATH,DOUBLE_TEAM,HYPER_BEAM",ITEM_NONE,250,10,5,4
TRAINER_CHAMPION_LANCE_2,CHARIZARD,68,"FLAMETHROWER,AIR_SLASH,DRAGON_CLAW,HYPER_BEAM",ITEM_NONE,250,10,5,5
TRAINER_CHAMPION_LANCE_2,DRAGONITE,75,"FIRE_BLAST,SAFEGUARD,DRACO_METEOR,HYPER_BEAM",ITEM_SITRUS_BERRY,250,10,5,6
TRAINER_CHAMPION_LANCE_3,GYARADOS,68,"THUNDER_WAVE,ICE_FANG,WATERFALL,DRAGON_DANCE",ITEM_NONE,250,10,5,1
TRAINER_CHAMPION_LANCE_3,CHARIZARD,68,"FLAMETHROWER,AIR_SLASH,DRAGON_CLAW,HYPER_BEAM",ITEM_NONE,250,10,5,2
TRAINER_CHAMPION_LANCE_3,DRAGONITE,75,"FIRE_PUNCH,SAFEGUARD,DRACO_METEOR,HYPER_BEAM",ITEM_NONE,250,10,5,3
TRAINER_DOUBLE_TEAM_ELAN_AND_IDA,PORYGON2,52,"TRI_ATTACK,CHARGE_BEAM,PROTECT,TRICK_ROOM",ITEM_NONE,60,10,5,1
TRAINER_DOUBLE_TEAM_ELAN_AND_IDA,AZUMARILL,50,"WATERFALL,AQUA_JET,SUPERPOWER,ATTRACT",ITEM_NONE,60,10,5,2
TRAINER_DOUBLE_TEAM_THOM_AND_KAE,ELECTABUZZ,25,"THUNDERBOLT,LIGHT_SCREEN,SWIFT,THUNDER_WAVE",,50,10,5,1
TRAINER_DOUBLE_TEAM_THOM_AND_KAE,MAGMAR,25,"FLAMETHROWER,CONFUSE_RAY,FAINT_ATTACK,PROTECT",,50,10,5,2
TRAINER_DOUBLE_TEAM_ZAC_AND_JEN,ELECTABUZZ,47,"DISCHARGE,QUICK_ATTACK,THUNDERBOLT,LOW_KICK",,50,10,5,1
TRAINER_DOUBLE_TEAM_ZAC_AND_JEN,DUGTRIO,47,"DIG,MUD_BOMB,GROWL,NIGHT_SLASH",,50,10,5,2
TRAINER_ELDER_LI,BELLSPROUT,7,,,0,10,5,1
TRAINER_ELDER_LI,BELLSPROUT,7,,,0,10,5,2
TRAINER_ELDER_LI,HOOTHOOT,10,,,0,10,5,3
TRAINER_ELITE_FOUR_BRUNO_BRUNO,HITMONTOP,42,"COUNTER,QUICK_ATTACK,DIG,TRIPLE_KICK",ITEM_NONE,250,10,5,1
TRAINER_ELITE_FOUR_BRUNO_BRUNO,HITMONLEE,42,"SWAGGER,FOCUS_ENERGY,HI_JUMP_KICK,BLAZE_KICK",ITEM_NONE,250,10,5,2
TRAINER_ELITE_FOUR_BRUNO_BRUNO,HITMONCHAN,42,"THUNDER_PUNCH,ICE_PUNCH,FIRE_PUNCH,BULLET_PUNCH",ITEM_NONE,250,10,5,3
TRAINER_ELITE_FOUR_BRUNO_BRUNO,ONIX,43,"DRAGON_BREATH,EARTHQUAKE,SANDSTORM,ROCK_SLIDE",ITEM_NONE,250,10,5,4
TRAINER_ELITE_FOUR_BRUNO_BRUNO,MACHAMP,46,"ROCK_SLIDE,FORESIGHT,REVENGE,CROSS_CHOP",ITEM_SITRUS_BERRY,250,10,5,5
TRAINER_ELITE_FOUR_BRUNO_BRUNO_2,HITMONTOP,62,"COUNTER,QUICK_ATTACK,CLOSE_COMBAT,EARTHQUAKE",ITEM_NONE,250,10,5,1
TRAINER_ELITE_FOUR_BRUNO_BRUNO_2,HITMONLEE,61,"SWAGGER,CLOSE_COMBAT,REVERSAL,BLAZE_KICK",ITEM_NONE,250,10,5,2
TRAINER_ELITE_FOUR_BRUNO_BRUNO_2,HITMONCHAN,61,"SUBSTITUTE,DRAIN_PUNCH,CLOSE_COMBAT,BULLET_PUNCH",ITEM_NONE,250,10,5,3
TRAINER_ELITE_FOUR_BRUNO_BRUNO_2,HARIYAMA,62,"LOW_KICK,PAYBACK,BULLET_PUNCH,BULK_UP",ITEM_SITRUS_BERRY,250,10,5,4
TRAINER_ELITE_FOUR_BRUNO_BRUNO_2,MACHAMP,64,"BULLET_PUNCH,FORESIGHT,STONE_EDGE,DYNAMIC_PUNCH",ITEM_NONE,250,10,5,5
TRAINER_ELITE_FOUR_BRUNO_BRUNO_2,LUCARIO,64,"EXTREME_SPEED,CLOSE_COMBAT,COUNTER,IRON_TAIL",ITEM_NONE,250,10,5,6
TRAINER_ELITE_FOUR_KAREN_KAREN,UMBREON,42,"DOUBLE_TEAM,CONFUSE_RAY,FAINT_ATTACK,PAYBACK",ITEM_NONE,250,10,5,1
TRAINER_ELITE_FOUR_KAREN_KAREN,VILEPLUME,42,"STUN_SPORE,ACID,MOONLIGHT,PETAL_DANCE",ITEM_NONE,250,10,5,2
TRAINER_ELITE_FOUR_KAREN_KAREN,GENGAR,45,"LICK,SPITE,FOCUS_BLAST,DESTINY_BOND",ITEM_NONE,250,10,5,3
TRAINER_ELITE_FOUR_KAREN_KAREN,MURKROW,44,"PLUCK,WHIRLWIND,SUCKER_PUNCH,FAINT_ATTACK",ITEM_NONE,250,10,5,4
TRAINER_ELITE_FOUR_KAREN_KAREN,HOUNDOOM,47,"NASTY_PLOT,DARK_PULSE,FLAMETHROWER,CRUNCH",ITEM_SITRUS_BERRY,250,10,5,5
TRAINER_ELITE_FOUR_KAREN_KAREN_2,WEAVILE,62,"ICE_SHARD,NIGHT_SLASH,ICE_PUNCH,LOW_KICK",ITEM_NONE,250,10,5,1
TRAINER_ELITE_FOUR_KAREN_KAREN_2,SPIRITOMB,62,"CURSE,CONFUSE_RAY,PAIN_SPLIT,SUCKER_PUNCH",ITEM_NONE,250,10,5,2
TRAINER_ELITE_FOUR_KAREN_KAREN_2,ABSOL,62,"NIGHT_SLASH,PSYCHO_CUT,DETECT,PERISH_SONG",ITEM_NONE,250,10,5,3
TRAINER_ELITE_FOUR_KAREN_KAREN_2,HONCHKROW,64,"DRILL_PECK,WHIRLWIND,SUCKER_PUNCH,THUNDER_WAVE",ITEM_NONE,250,10,5,4
TRAINER_ELITE_FOUR_KAREN_KAREN_2,HOUNDOOM,63,"NASTY_PLOT,DARK_PULSE,FLAMETHROWER,SLUDGE_BOMB",ITEM_NONE,250,10,5,5
TRAINER_ELITE_FOUR_KAREN_KAREN_2,UMBREON,64,"CURSE,PAYBACK,CONFUSE_RAY,SUCKER_PUNCH",ITEM_SITRUS_BERRY,250,10,5,6
TRAINER_ELITE_FOUR_KOGA_KOGA,ARIADOS,40,"POISON_JAB,SPIDER_WEB,BATON_PASS,GIGA_DRAIN",ITEM_NONE,250,10,5,1
TRAINER_ELITE_FOUR_KOGA_KOGA,VENOMOTH,41,"SUPERSONIC,GUST,PSYCHIC,TOXIC",ITEM_NONE,250,10,5,2
TRAINER_ELITE_FOUR_KOGA_KOGA,FORRETRESS,43,"PROTECT,SWIFT,EXPLOSION,TOXIC_SPIKES",ITEM_NONE,250,10,5,3
TRAINER_ELITE_FOUR_KOGA_KOGA,MUK,42,"MINIMIZE,SCREECH,GUNK_SHOT,TOXIC",ITEM_BLACK_SLUDGE,250,10,5,4
TRAINER_ELITE_FOUR_KOGA_KOGA,CROBAT,44,"DOUBLE_TEAM,QUICK_ATTACK,WING_ATTACK,POISON_FANG",ITEM_SITRUS_BERRY,250,10,5,5
TRAINER_ELITE_FOUR_KOGA_KOGA_2,SKUNTANK,61,"SUCKER_PUNCH,DIG,TOXIC,EXPLOSION",ITEM_NONE,250,10,5,1
TRAINER_ELITE_FOUR_KOGA_KOGA_2,VENOMOTH,63,"DOUBLE_TEAM,BATON_PASS,PSYCHIC,SILVER_WIND",ITEM_NONE,250,10,5,2
TRAINER_ELITE_FOUR_KOGA_KOGA_2,TOXICROAK,60,"CROSS_CHOP,X_SCISSOR,SWAGGER,GUNK_SHOT",ITEM_NONE,250,10,5,3
TRAINER_ELITE_FOUR_KOGA_KOGA_2,MUK,62,"MINIMIZE,SCREECH,SWAGGER,TOXIC",ITEM_BLACK_SLUDGE,250,10,5,4
TRAINER_ELITE_FOUR_KOGA_KOGA_2,CROBAT,64,"TOXIC,MEAN_LOOK,FLY,CROSS_POISON",ITEM_NONE,250,10,5,5
TRAINER_ELITE_FOUR_KOGA_KOGA_2,SWALOT,62,"YAWN,AMNESIA,PAIN_SPLIT,SLUDGE_BOMB",ITEM_LEFTOVERS,250,10,5,6
TRAINER_ELITE_FOUR_WILL_WILL,XATU,40,"U_TURN,ME_FIRST,CONFUSE_RAY,PSYCHIC",ITEM_NONE,250,10,5,1
TRAINER_ELITE_FOUR_WILL_WILL,JYNX,41,"DOUBLE_SLAP,LOVELY_KISS,ICE_PUNCH,PSYCHIC",ITEM_NONE,250,10,5,2
TRAINER_ELITE_FOUR_WILL_WILL,EXEGGUTOR,41,"REFLECT,HYPNOSIS,EGG_BOMB,PSYCHIC",ITEM_NONE,250,10,5,3
TRAINER_ELITE_FOUR_WILL_WILL,SLOWBRO,41,"CURSE,AMNESIA,WATER_PULSE,PSYCHIC",ITEM_NONE,250,10,5,4
TRAINER_ELITE_FOUR_WILL_WILL,XATU,42,"AERIAL_ACE,OMINOUS_WIND,CONFUSE_RAY,PSYCHIC",ITEM_SITRUS_BERRY,250,10,5,5
TRAINER_ELITE_FOUR_WILL_WILL_2,BRONZONG,58,"REFLECT,PAYBACK,GRAVITY,PSYCHIC",ITEM_NONE,250,10,5,1
TRAINER_ELITE_FOUR_WILL_WILL_2,JYNX,60,"FAKE_TEARS,LOVELY_KISS,BLIZZARD,DREAM_EATER",ITEM_NONE,250,10,5,2
TRAINER_ELITE_FOUR_WILL_WILL_2,GRUMPIG,59,"CONFUSE_RAY,SIGNAL_BEAM,POWER_GEM,PSYCHIC",ITEM_NONE,250,10,5,3
TRAINER_ELITE_FOUR_WILL_WILL_2,SLOWBRO,60,"CURSE,AMNESIA,BODY_SLAM,PSYCHIC",ITEM_NONE,250,10,5,4
TRAINER_ELITE_FOUR_WILL_WILL_2,GARDEVOIR,61,"FOCUS_BLAST,CHARGE_BEAM,CALM_MIND,PSYCHIC",ITEM_NONE,250,10,5,5
TRAINER_ELITE_FOUR_WILL_WILL_2,XATU,62,"QUICK_ATTACK,SHADOW_BALL,CONFUSE_RAY,PSYCHIC",ITEM_SITRUS_BERRY,250,10,5,6
TRAINER_EXECUTIVE_ARCHER_ARCHER,HOUNDOUR,35,"FIRE_FANG,ROAR,BITE,FAINT_ATTACK",,200,10,5,1
TRAINER_EXECUTIVE_ARCHER_ARCHER,KOFFING,35,"TACKLE,SLUDGE,SMOKE_SCREEN,HAZE",,200,10,5,2
TRAINER_EXECUTIVE_ARCHER_ARCHER,HOUNDOOM,38,"FIRE_FANG,SMOG,BITE,FAINT_ATTACK",,200,10,5,3
TRAINER_EXECUTIVE_ARIANA_ARIANA,ARBOK,32,"WRAP,POISON_STING,CRUNCH,GLARE",,100,10,5,1
TRAINER_EXECUTIVE_ARIANA_ARIANA,VILEPLUME,32,"MEGA_DRAIN,SWEET_SCENT,SLEEP_POWDER,ACID",,100,10,5,2
TRAINER_EXECUTIVE_ARIANA_ARIANA,MURKROW,32,"WING_ATTACK,PURSUIT,ASTONISH,NIGHT_SHADE",,100,10,5,3
TRAINER_EXECUTIVE_ARIANA_ARIANA_2,ARBOK,25,"WRAP,POISON_STING,CRUNCH,GLARE",,100,10,5,1
TRAINER_EXECUTIVE_ARIANA_ARIANA_2,GLOOM,25,"MEGA_DRAIN,SWEET_SCENT,SLEEP_POWDER,ACID",,100,10,5,2
TRAINER_EXECUTIVE_ARIANA_ARIANA_2,MURKROW,27,"WING_ATTACK,PURSUIT,ASTONISH,NIGHT_SHADE",,100,10,5,3
TRAINER_EXECUTIVE_PETREL_PETREL,KOFFING,30,"TACKLE,SELFDESTRUCT,SLUDGE,SMOKE_SCREEN",,100,10,5,1
TRAINER_EXECUTIVE_PETREL_PETREL,KOFFING,30,"TACKLE,SELFDESTRUCT,SLUDGE,SMOKE_SCREEN",,100,10,5,2
TRAINER_EXECUTIVE_PETREL_PETREL,KOFFING,30,"TACKLE,SELFDESTRUCT,SLUDGE,SMOKE_SCREEN",,100,10,5,3
TRAINER_EXECUTIVE_PETREL_PETREL,WEEZING,32,"TACKLE,EXPLOSION,SLUDGE,SMOKE_SCREEN",,100,10,5,4
TRAINER_EXECUTIVE_PETREL_PETREL,KOFFING,30,"TACKLE,SELFDESTRUCT,SLUDGE,SMOKE_SCREEN",,100,10,5,5
TRAINER_EXECUTIVE_PETREL_PETREL,KOFFING,30,"TACKLE,SMOG,SLUDGE,SMOKE_SCREEN",,100,10,5,6
TRAINER_EXECUTIVE_PETREL_PETREL_2,ZUBAT,22,,,100,10,5,1
TRAINER_EXECUTIVE_PETREL_PETREL_2,RATICATE,24,,,100,10,5,2
TRAINER_EXECUTIVE_PETREL_PETREL_2,KOFFING,22,,,100,10,5,3
TRAINER_EXECUTIVE_PROTON_PROTON,ZUBAT,8,,,100,10,5,1
TRAINER_EXECUTIVE_PROTON_PROTON,KOFFING,12,,,100,10,5,2
TRAINER_EXECUTIVE_PROTON_PROTON_2,GOLBAT,28,"LEECH_LIFE,BITE,CONFUSE_RAY,WING_ATTACK",,100,10,5,1
TRAINER_EXECUTIVE_PROTON_PROTON_2,WEEZING,33,"DOUBLE_HIT,SLUDGE,SMOKE_SCREEN,SMOG",,100,10,5,2
TRAINER_FACTORY_HEAD_THORTON,RATTATA,5,,,0,10,5,1
TRAINER_FIREBREATHER_BILL,KOFFING,6,,,0,10,5,1
TRAINER_FIREBREATHER_BILL,KOFFING,6,,,0,10,5,2
TRAINER_FIREBREATHER_BURT,WEEZING,42,"FLAMETHROWER,EXPLOSION,DOUBLE_HIT,SLUDGE",,0,10,5,1
TRAINER_FIREBREATHER_BURT,MAGCARGO,45,"LAVA_PLUME,AMNESIA,ANCIENT_POWER,RECOVER",,0,10,5,2
TRAINER_FIREBREATHER_LYLE,KOFFING,36,,,0,10,5,1
TRAINER_FIREBREATHER_LYLE,FLAREON,39,,,0,10,5,2
TRAINER_FIREBREATHER_LYLE,KOFFING,36,,,0,10,5,3
TRAINER_FIREBREATHER_NED,KOFFING,16,,,0,10,5,1
TRAINER_FIREBREATHER_NED,GROWLITHE,17,,,0,10,5,2
TRAINER_FIREBREATHER_NED,KOFFING,16,,,0,10,5,3
TRAINER_FIREBREATHER_OTIS,MAGMAR,43,,,0,10,5,1
TRAINER_FIREBREATHER_OTIS,WEEZING,40,,,0,10,5,2
TRAINER_FIREBREATHER_OTIS,CAMERUPT,47,,,0,10,5,3
TRAINER_FIREBREATHER_RAY,VULPIX,9,,,0,10,5,1
TRAINER_FIREBREATHER_RICHARD,CHARMELEON,18,,,0,10,5,1
TRAINER_FIREBREATHER_WALT,MAGMAR,11,,,0,10,5,1
TRAINER_FIREBREATHER_WALT,MAGMAR,16,,,0,10,5,2
TRAINER_FIREBREATHER_WALT_2,MAGMAR,25,,,0,10,5,1
TRAINER_FIREBREATHER_WALT_2,MAGMAR,32,,,0,10,5,2
TRAINER_FIREBREATHER_WALT_3,MAGMAR,34,,,0,10,5,1
TRAINER_FIREBREATHER_WALT_3,MAGMAR,37,,,0,10,5,2
TRAINER_FIREBREATHER_WALT_4,MAGBY,26,,,0,10,5,1
TRAINER_FIREBREATHER_WALT_4,MAGMAR,49,,,0,10,5,2
TRAINER_FIREBREATHER_WALT_4,MAGMORTAR,58,,,0,10,5,3
TRAINER_FISHERMAN_ANDRE,GYARADOS,27,,,0,10,5,1
TRAINER_FISHERMAN_ARNOLD,SHELLDER,44,,,0,10,5,1
TRAINER_FISHERMAN_BARNEY,GYARADOS,40,,,0,10,5,1
TRAINER_FISHERMAN_BARNEY,GYARADOS,37,,,0,10,5,2
TRAINER_FISHERMAN_BARNEY,GYARADOS,37,,,0,10,5,3
TRAINER_FISHERMAN_EDGAR,REMORAID,28,"LOCK_ON,PSYBEAM,AURORA_BEAM,BUBBLE_BEAM",,0,10,5,1
TRAINER_FISHERMAN_EDGAR,REMORAID,28,"LOCK_ON,PSYBEAM,AURORA_BEAM,BUBBLE_BEAM",,0,10,5,2
TRAINER_FISHERMAN_GIDEON,LANTURN,44,"DISCHARGE,SIGNAL_BEAM,BUBBLE_BEAM,CONFUSE_RAY",,0,10,5,1
TRAINER_FISHERMAN_GIDEON,MANTINE,40,"WATER_PULSE,WING_ATTACK,PSYBEAM,CONFUSE_RAY",,0,10,5,2
TRAINER_FISHERMAN_HENRY,POLIWAG,8,,,0,10,5,1
TRAINER_FISHERMAN_HENRY,POLIWAG,8,,,0,10,5,2
TRAINER_FISHERMAN_JONAH,SHELLDER,33,,,0,10,5,1
TRAINER_FISHERMAN_JONAH,OCTILLERY,37,,,0,10,5,2
TRAINER_FISHERMAN_JONAH,REMORAID,33,,,0,10,5,3
TRAINER_FISHERMAN_JONAH,CLOYSTER,37,,,0,10,5,4
TRAINER_FISHERMAN_JUSTIN,MAGIKARP,5,,,0,10,5,1
TRAINER_FISHERMAN_JUSTIN,MAGIKARP,5,,,0,10,5,2
TRAINER_FISHERMAN_JUSTIN,MAGIKARP,15,,,0,10,5,3
TRAINER_FISHERMAN_JUSTIN,MAGIKARP,5,,,0,10,5,4
TRAINER_FISHERMAN_KYLE,GOLDEEN,39,,,0,10,5,1
TRAINER_FISHERMAN_KYLE,QWILFISH,35,,,0,10,5,2
TRAINER_FISHERMAN_KYLE,GOLDEEN,39,,,0,10,5,3
TRAINER_FISHERMAN_KYLER,MAGIKARP,18,,,0,10,5,1
TRAINER_FISHERMAN_KYLER,MAGIKARP,18,,,0,10,5,2
TRAINER_FISHERMAN_KYLER,MAGIKARP,18,,,0,10,5,3
TRAINER_FISHERMAN_KYLER_2,MAGIKARP,18,,,0,10,5,1
TRAINER_FISHERMAN_KYLER_2,MAGIKARP,18,,,0,10,5,2
TRAINER_FISHERMAN_KYLER_2,MAGIKARP,18,,,0,10,5,3
TRAINER_FISHERMAN_KYLER_2,MAGIKARP,18,,,0,10,5,4
TRAINER_FISHERMAN_KYLER_3,MAGIKARP,18,,,0,10,5,1
TRAINER_FISHERMAN_KYLER_3,MAGIKARP,18,,,0,10,5,2
TRAINER_FISHERMAN_KYLER_3,MAGIKARP,18,,,0,10,5,3
TRAINER_FISHERMAN_KYLER_3,MAGIKARP,18,,,0,10,5,4
TRAINER_FISHERMAN_KYLER_3,MAGIKARP,18,,,0,10,5,5
TRAINER_FISHERMAN_KYLER_4,MAGIKARP,18,,,0,10,5,1
TRAINER_FISHERMAN_KYLER_4,MAGIKARP,18,,,0,10,5,2
TRAINER_FISHERMAN_KYLER_4,MAGIKARP,18,,,0,10,5,3
TRAINER_FISHERMAN_KYLER_4,MAGIKARP,18,,,0,10,5,4
TRAINER_FISHERMAN_KYLER_4,MAGIKARP,18,,,0,10,5,5
TRAINER_FISHERMAN_KYLER_4,MAGIKARP,18,,,0,10,5,6
TRAINER_FISHERMAN_KYLE_2,SEAKING,40,,,0,10,5,1
TRAINER_FISHERMAN_KYLE_2,QWILFISH,38,,,0,10,5,2
TRAINER_FISHERMAN_KYLE_2,SEAKING,43,,,0,10,5,3
TRAINER_FISHERMAN_KYLE_3,SEAKING,43,,,0,10,5,1
TRAINER_FISHERMAN_KYLE_3,QWILFISH,41,,,0,10,5,2
TRAINER_FISHERMAN_KYLE_3,SEAKING,47,,,0,10,5,3
TRAINER_FISHERMAN_KYLE_3,KRABBY,39,,,0,10,5,4
TRAINER_FISHERMAN_KYLE_4,SEAKING,48,,,0,10,5,1
TRAINER_FISHERMAN_KYLE_4,QWILFISH,49,,,0,10,5,2
TRAINER_FISHERMAN_KYLE_4,SEAKING,52,,,0,10,5,3
TRAINER_FISHERMAN_KYLE_4,KINGLER,51,,,0,10,5,4
TRAINER_FISHERMAN_LIAM,SEADRA,42,,,0,10,5,1
TRAINER_FISHERMAN_MARTIN,REMORAID,36,,,0,10,5,1
TRAINER_FISHERMAN_MARTIN,OCTILLERY,42,,,0,10,5,2
TRAINER_FISHERMAN_MARVIN,MAGIKARP,10,"SPLASH,TACKLE",,0,10,5,1
TRAINER_FISHERMAN_MARVIN,GYARADOS,20,"THRASH,SURF",,0,10,5,2
TRAINER_FISHERMAN_MARVIN,MAGIKARP,15,"SPLASH,TACKLE",,0,10,5,3
TRAINER_FISHERMAN_MICKEY,QWILFISH,35,"TOXIC,MINIMIZE,SURF,PIN_MISSILE",,0,10,5,1
TRAINER_FISHERMAN_MICKEY,SEAKING,39,"ENDURE,FLAIL,FURY_ATTACK,WATERFALL",,0,10,5,2
TRAINER_FISHERMAN_MURPHY,CORSOLA,32,,,0,10,5,1
TRAINER_FISHERMAN_MURPHY,CORSOLA,34,,,0,10,5,2
TRAINER_FISHERMAN_MURPHY,CORSOLA,36,,,0,10,5,3
TRAINER_FISHERMAN_MURPHY,CORSOLA,38,,,0,10,5,4
TRAINER_FISHERMAN_RALPH,GOLDEEN,10,,,0,10,5,1
TRAINER_FISHERMAN_RALPH_2,SEAKING,40,,,0,10,5,1
TRAINER_FISHERMAN_RALPH_3,QWILFISH,45,,,0,10,5,1
TRAINER_FISHERMAN_RALPH_3,SEAKING,42,,,0,10,5,2
TRAINER_FISHERMAN_RALPH_4,QWILFISH,53,,,0,10,5,1
TRAINER_FISHERMAN_RALPH_4,SEAKING,56,,,0,10,5,2
TRAINER_FISHERMAN_RAYMOND,MAGIKARP,22,,,0,10,5,1
TRAINER_FISHERMAN_RAYMOND,MAGIKARP,22,,,0,10,5,2
TRAINER_FISHERMAN_RAYMOND,MAGIKARP,22,,,0,10,5,3
TRAINER_FISHERMAN_RAYMOND,MAGIKARP,22,,,0,10,5,4
TRAINER_FISHERMAN_SCOTT,QWILFISH,30,"WATER_GUN,REVENGE,ROLLOUT,POISON_STING",,0,10,5,1
TRAINER_FISHERMAN_SCOTT,QWILFISH,30,"WATER_GUN,REVENGE,STOCKPILE,SPIT_UP",,0,10,5,2
TRAINER_FISHERMAN_SCOTT,SEAKING,34,"FURY_ATTACK,AQUA_RING,FLAIL,WATER_PULSE",,0,10,5,3
TRAINER_FISHERMAN_STEPHEN,QUAGSIRE,43,,,0,10,5,1
TRAINER_FISHERMAN_STEPHEN,QWILFISH,38,,,0,10,5,2
TRAINER_FISHERMAN_STEPHEN,TENTACRUEL,38,,,0,10,5,3
TRAINER_FISHERMAN_TULLY,QWILFISH,19,,,0,10,5,1
TRAINER_FISHERMAN_TULLY_2,QWILFISH,33,,,0,10,5,1
TRAINER_FISHERMAN_TULLY_3,GOLDEEN,30,,,0,10,5,1
TRAINER_FISHERMAN_TULLY_3,GOLDEEN,30,,,0,10,5,2
TRAINER_FISHERMAN_TULLY_3,QWILFISH,38,,,0,10,5,3
TRAINER_FISHERMAN_TULLY_4,SEAKING,41,"WATER_PULSE,RAIN_DANCE,WATERFALL,AQUA_RING",,0,10,5,1
TRAINER_FISHERMAN_TULLY_4,SEAKING,50,"WATER_PULSE,RAIN_DANCE,WATERFALL,MEGAHORN",,0,10,5,2
TRAINER_FISHERMAN_TULLY_4,QWILFISH,53,"ROLLOUT,SURF,AQUA_TAIL,MINIMIZE",,0,10,5,3
TRAINER_FISHERMAN_WILTON,GOLDEEN,26,,,0,10,5,1
TRAINER_FISHERMAN_WILTON,GOLDEEN,26,,,0,10,5,2
TRAINER_FISHERMAN_WILTON,SEAKING,28,,,0,10,5,3
TRAINER_FISHERMAN_WILTON_2,GOLDEEN,32,,,0,10,5,1
TRAINER_FISHERMAN_WILTON_2,GOLDEEN,32,,,0,10,5,2
TRAINER_FISHERMAN_WILTON_2,SEAKING,36,,,0,10,5,3
TRAINER_FISHERMAN_WILTON_3,GOLDEEN,32,,,0,10,5,1
TRAINER_FISHERMAN_WILTON_3,SEAKING,36,,,0,10,5,2
TRAINER_FISHERMAN_WILTON_3,SEAKING,40,,,0,10,5,3
TRAINER_FISHERMAN_WILTON_4,SEAKING,42,,,0,10,5,1
TRAINER_FISHERMAN_WILTON_4,SEAKING,46,,,0,10,5,2
TRAINER_FISHERMAN_WILTON_4,SEAKING,63,,,0,10,5,3
TRAINER_GENTLEMAN_ALFRED,NOCTOWL,22,,,0,10,5,1
TRAINER_GENTLEMAN_ALFRED_2,NOCTOWL,36,,,0,10,5,1
TRAINER_GENTLEMAN_ALFRED_3,NOCTOWL,42,,,0,10,5,1
TRAINER_GENTLEMAN_ALFRED_4,NOCTOWL,58,"HYPNOSIS,DREAM_EATER,AIR_SLASH,REFLECT",,0,10,5,1
TRAINER_GENTLEMAN_EDWARD,PERSIAN,41,,,0,10,5,1
TRAINER_GENTLEMAN_GREGORY,PIKACHU,46,"DISCHARGE,LIGHT_SCREEN,THUNDER_WAVE,DOUBLE_TEAM",,0,10,5,1
TRAINER_GENTLEMAN_GREGORY,FLAAFFY,43,"SHOCK_WAVE,SIGNAL_BEAM,CHARGE_BEAM,DOUBLE_TEAM",,0,10,5,2
TRAINER_GENTLEMAN_GREGORY,ELECTRIKE,42,"SHOCK_WAVE,ROAR,THUNDER_WAVE,THUNDER_FANG",,0,10,5,3
TRAINER_GENTLEMAN_MICKEY,PONYTA,20,,,0,10,5,1
TRAINER_GENTLEMAN_MILTON,GROWLITHE,45,,,0,10,5,1
TRAINER_GENTLEMAN_PRESTON,GROWLITHE,18,,,0,10,5,1
TRAINER_GENTLEMAN_PRESTON,GROWLITHE,18,,,0,10,5,2
TRAINER_GUITARIST_CLYDE,ELECTABUZZ,42,,,0,10,5,1
TRAINER_GUITARIST_VINCENT,JOLTEON,45,"SHOCK_WAVE,QUICK_ATTACK,PIN_MISSILE,HELPING_HAND",,0,10,5,1
TRAINER_GUITARIST_VINCENT,VOLTORB,43,"SHOCK_WAVE,SWIFT,GYRO_BALL,SCREECH",,0,10,5,2
TRAINER_GUITARIST_VINCENT,MAGNEMITE,42,"SHOCK_WAVE,SUPERSONIC,THUNDER_WAVE,MAGNET_BOMB",,0,10,5,3
TRAINER_HALL_MATRON_ARGENTA,RATTATA,5,,,0,10,5,1
TRAINER_HIKER_ANTHONY,GEODUDE,11,,,0,10,5,1
TRAINER_HIKER_ANTHONY,MACHOP,11,,,0,10,5,2
TRAINER_HIKER_ANTHONY_2,GRAVELER,33,,,0,10,5,1
TRAINER_HIKER_ANTHONY_2,MACHOKE,32,,,0,10,5,2
TRAINER_HIKER_ANTHONY_3,GRAVELER,37,,,0,10,5,1
TRAINER_HIKER_ANTHONY_3,GRAVELER,38,,,0,10,5,2
TRAINER_HIKER_ANTHONY_3,MACHOKE,40,,,0,10,5,3
TRAINER_HIKER_ANTHONY_4,GRAVELER,41,,,0,10,5,1
TRAINER_HIKER_ANTHONY_4,GOLEM,49,,,0,10,5,2
TRAINER_HIKER_ANTHONY_4,MACHAMP,55,,,0,10,5,3
TRAINER_HIKER_BAILEY,GEODUDE,13,,,0,10,5,1
TRAINER_HIKER_BAILEY,GEODUDE,13,,,0,10,5,2
TRAINER_HIKER_BAILEY,GEODUDE,13,,,0,10,5,3
TRAINER_HIKER_BAILEY,GEODUDE,13,,,0,10,5,4
TRAINER_HIKER_BAILEY,GEODUDE,13,,,0,10,5,5
TRAINER_HIKER_BENJAMIN,DIGLETT,15,,,0,10,5,1
TRAINER_HIKER_BENJAMIN,GEODUDE,15,,,0,10,5,2
TRAINER_HIKER_BENJAMIN,DUGTRIO,17,,,0,10,5,3
TRAINER_HIKER_BRUCE,GRAVELER,39,,,0,10,5,1
TRAINER_HIKER_BRUCE,RHYDON,44,,,0,10,5,2
TRAINER_HIKER_BRUCE,CLEFAIRY,45,,,0,10,5,3
TRAINER_HIKER_CLARKE,ONIX,43,,,0,10,5,1
TRAINER_HIKER_CLARKE,DUGTRIO,45,,,0,10,5,2
TRAINER_HIKER_DANIEL,ONIX,11,,,0,10,5,1
TRAINER_HIKER_DEVIN,DUNSPARCE,19,,,0,10,5,1
TRAINER_HIKER_DEVIN,DUNSPARCE,19,,,0,10,5,2
TRAINER_HIKER_DEVIN,DUNSPARCE,19,,,0,10,5,3
TRAINER_HIKER_DWIGHT,MAGNETON,44,,,0,10,5,1
TRAINER_HIKER_DWIGHT,STEELIX,44,,,0,10,5,2
TRAINER_HIKER_EDWIN,GOLEM,50,"DOUBLE_EDGE,ROCK_SLIDE,SANDSTORM,ROAR",,80,10,5,1
TRAINER_HIKER_EOIN,GRAVELER,42,,,0,10,5,1
TRAINER_HIKER_EOIN,GRAVELER,42,,,0,10,5,2
TRAINER_HIKER_EOIN,GRAVELER,42,,,0,10,5,3
TRAINER_HIKER_ERIK,MACHOP,24,,,0,10,5,1
TRAINER_HIKER_ERIK,GRAVELER,27,,,0,10,5,2
TRAINER_HIKER_ERIK,MACHOP,27,,,0,10,5,3
TRAINER_HIKER_JIM,MACHAMP,45,,,0,10,5,1
TRAINER_HIKER_KENNY,SANDSLASH,27,,,0,10,5,1
TRAINER_HIKER_KENNY,GRAVELER,29,,,0,10,5,2
TRAINER_HIKER_KENNY,GOLEM,33,,,0,10,5,3
TRAINER_HIKER_KENNY_2,ONIX,16,,,0,10,5,1
TRAINER_HIKER_KENNY_2,GRAVELER,33,,,0,10,5,2
TRAINER_HIKER_KENNY_2,GOLEM,37,,,0,10,5,3
TRAINER_HIKER_KENNY_2,SANDSLASH,32,,,0,10,5,4
TRAINER_HIKER_KENNY_3,SANDSLASH,42,,,0,10,5,1
TRAINER_HIKER_KENNY_3,GRAVELER,37,,,0,10,5,2
TRAINER_HIKER_KENNY_3,GOLEM,44,,,0,10,5,3
TRAINER_HIKER_KENNY_3,ONIX,46,,,0,10,5,4
TRAINER_HIKER_KENNY_4,SANDSLASH,46,,,0,10,5,1
TRAINER_HIKER_KENNY_4,GRAVELER,44,,,0,10,5,2
TRAINER_HIKER_KENNY_4,GOLEM,49,,,0,10,5,3
TRAINER_HIKER_KENNY_4,STEELIX,54,,,0,10,5,4
TRAINER_HIKER_LEONARD,GEODUDE,23,,,0,10,5,1
TRAINER_HIKER_LEONARD,MACHOP,25,,,0,10,5,2
TRAINER_HIKER_MICHAEL,GEODUDE,25,,,0,10,5,1
TRAINER_HIKER_MICHAEL,GRAVELER,25,,,0,10,5,2
TRAINER_HIKER_MICHAEL,GOLEM,25,,,0,10,5,3
TRAINER_HIKER_MICKEY,GRAVELER,34,"MAGNITUDE,SELFDESTRUCT,DEFENSE_CURL,ROLLOUT",,0,10,5,1
TRAINER_HIKER_MICKEY,GOLEM,36,"MAGNITUDE,SELFDESTRUCT,DEFENSE_CURL,ROLLOUT",,0,10,5,2
TRAINER_HIKER_MICKEY,MACHOKE,34,"KARATE_CHOP,VITAL_THROW,HEADBUTT,DIG",,0,10,5,3
TRAINER_HIKER_NOLAND,BRONZOR,39,,,0,10,5,1
TRAINER_HIKER_NOLAND,GOLEM,42,,,0,10,5,2
TRAINER_HIKER_PARRY,ONIX,30,,,0,10,5,1
TRAINER_HIKER_PARRY_2,ONIX,38,,,0,10,5,1
TRAINER_HIKER_PARRY_2,GRAVELER,35,,,0,10,5,2
TRAINER_HIKER_PARRY_3,STEELIX,41,,,0,10,5,1
TRAINER_HIKER_PARRY_3,GRAVELER,37,,,0,10,5,2
TRAINER_HIKER_PARRY_4,STEELIX,56,,,0,10,5,1
TRAINER_HIKER_PARRY_4,GOLEM,52,,,0,10,5,2
TRAINER_HIKER_PHILLIP,GEODUDE,23,,,0,10,5,1
TRAINER_HIKER_PHILLIP,GRAVELER,25,,,0,10,5,2
TRAINER_HIKER_RUSSEL,GEODUDE,4,,,0,10,5,1
TRAINER_HIKER_RUSSEL,GEODUDE,6,,,0,10,5,2
TRAINER_HIKER_RUSSEL,GEODUDE,8,,,0,10,5,3
TRAINER_HIKER_TIMOTHY,DIGLETT,27,"EARTH_POWER,DIG,SAND_ATTACK,SUCKER_PUNCH",,0,10,5,1
TRAINER_HIKER_TIMOTHY,DUGTRIO,27,"EARTH_POWER,DIG,SAND_ATTACK,SUCKER_PUNCH",,0,10,5,2
TRAINER_JUGGLER_FRITZ,MR_MIME,37,"SUBSTITUTE,PSYCHIC,ENCORE,DOUBLE_SLAP",,0,10,5,1
TRAINER_JUGGLER_FRITZ,MAGMAR,37,"LAVA_PLUME,FIRE_PUNCH,CONFUSE_RAY,FAINT_ATTACK",,0,10,5,2
TRAINER_JUGGLER_FRITZ,MACHOKE,37,"FOCUS_ENERGY,KARATE_CHOP,SEISMIC_TOSS,REVENGE",,0,10,5,3
TRAINER_JUGGLER_HORTON,ELECTRODE,43,"SWIFT,SHOCK_WAVE,SCREECH,EXPLOSION",,0,10,5,1
TRAINER_JUGGLER_HORTON,ELECTRODE,43,"SWIFT,SHOCK_WAVE,DOUBLE_TEAM,LIGHT_SCREEN",,0,10,5,2
TRAINER_JUGGLER_HORTON,ELECTRODE,43,"SWIFT,SHOCK_WAVE,SCREECH,ROLLOUT",,0,10,5,3
TRAINER_JUGGLER_IRWIN,VOLTORB,2,,,0,10,5,1
TRAINER_JUGGLER_IRWIN,VOLTORB,6,,,0,10,5,2
TRAINER_JUGGLER_IRWIN,VOLTORB,10,,,0,10,5,3
TRAINER_JUGGLER_IRWIN,VOLTORB,14,,,0,10,5,4
TRAINER_JUGGLER_IRWIN_2,VOLTORB,22,,,0,10,5,1
TRAINER_JUGGLER_IRWIN_2,VOLTORB,26,,,0,10,5,2
TRAINER_JUGGLER_IRWIN_2,VOLTORB,28,,,0,10,5,3
TRAINER_JUGGLER_IRWIN_2,VOLTORB,34,,,0,10,5,4
TRAINER_JUGGLER_IRWIN_3,VOLTORB,34,,,0,10,5,1
TRAINER_JUGGLER_IRWIN_3,VOLTORB,36,,,0,10,5,2
TRAINER_JUGGLER_IRWIN_3,VOLTORB,38,,,0,10,5,3
TRAINER_JUGGLER_IRWIN_3,ELECTRODE,42,,,0,10,5,4
TRAINER_JUGGLER_IRWIN_4,VOLTORB,40,"ROLLOUT,SPARK,SONIC_BOOM,CHARGE",,0,10,5,1
TRAINER_JUGGLER_IRWIN_4,VOLTORB,40,"CHARGE_BEAM,CHARGE,LIGHT_SCREEN,SWIFT",,0,10,5,2
TRAINER_JUGGLER_IRWIN_4,ELECTRODE,46,"THUNDER,SCREECH,CHARGE_BEAM,RAIN_DANCE",,0,10,5,3
TRAINER_JUGGLER_IRWIN_4,ELECTRODE,51,"THUNDER,MIRROR_COAT,MAGNET_RISE,THUNDER_WAVE",,0,10,5,4
TRAINER_KIMONO_GIRL_KUNI,VAPOREON,38,"LAST_RESORT,SURF,QUICK_ATTACK,AURORA_BEAM",ITEM_NONE,150,10,5,1
TRAINER_KIMONO_GIRL_MICKEY,SKIPLOOM,20,,,0,10,5,1
TRAINER_KIMONO_GIRL_MICKEY,VULPIX,20,,,0,10,5,2
TRAINER_KIMONO_GIRL_MICKEY,SKIPLOOM,18,,,0,10,5,3
TRAINER_KIMONO_GIRL_MIKI,FLAREON,38,"LAST_RESORT,FIRE_BLAST,QUICK_ATTACK,WILL_O_WISP",ITEM_NONE,150,10,5,1
TRAINER_KIMONO_GIRL_NAOKO,ESPEON,38,"LAST_RESORT,PSYCHIC,PSYCH_UP,SWIFT",ITEM_NONE,150,10,5,1
TRAINER_KIMONO_GIRL_SAYO,JOLTEON,38,"LAST_RESORT,THUNDERBOLT,DOUBLE_TEAM,THUNDER_WAVE",ITEM_NONE,150,10,5,1
TRAINER_KIMONO_GIRL_ZUKI,UMBREON,38,"LAST_RESORT,DARK_PULSE,CONFUSE_RAY,SHADOW_BALL",ITEM_NONE,150,10,5,1
TRAINER_LASS_ALICE,GLOOM,41,"TOXIC,SLUDGE_BOMB,SWEET_SCENT,DRAIN_PUNCH",,0,10,5,1
TRAINER_LASS_ALICE,ARBOK,45,"POISON_JAB,SCREECH,CRUNCH,MUD_BOMB",,0,10,5,2
TRAINER_LASS_ALICE,VILEPLUME,41,"TOXIC,SLUDGE_BOMB,ATTRACT,DRAIN_PUNCH",,0,10,5,3
TRAINER_LASS_CARRIE,SNUBBULL,17,"SCARY_FACE,CHARM,BITE,LICK",,10,10,5,1
TRAINER_LASS_CATHY,JIGGLYPUFF,15,,,10,10,5,1
TRAINER_LASS_CATHY,JIGGLYPUFF,15,,,10,10,5,2
TRAINER_LASS_CATHY,JIGGLYPUFF,15,,,10,10,5,3
TRAINER_LASS_CONNIE,MARILL,21,,,0,10,5,1
TRAINER_LASS_DANA,FLAAFFY,19,"TACKLE,GROWL,THUNDER_SHOCK,THUNDER_WAVE",,0,10,5,1
TRAINER_LASS_DANA,PSYDUCK,19,"WATER_GUN,TAIL_WHIP,DISABLE,CONFUSION",,0,10,5,2
TRAINER_LASS_DANA_2,FLAAFFY,32,"COTTON_SPORE,CHARGE,DISCHARGE,THUNDER_WAVE",,0,10,5,1
TRAINER_LASS_DANA_2,PSYDUCK,31,"WATER_PULSE,SCREECH,DISABLE,CONFUSION",,0,10,5,2
TRAINER_LASS_DANA_3,GOLDUCK,36,"WATER_PULSE,DISABLE,CONFUSION,SCREECH",,0,10,5,1
TRAINER_LASS_DANA_3,AMPHAROS,38,"SIGNAL_BEAM,DISCHARGE,THUNDER_WAVE,COTTON_SPORE",,0,10,5,2
TRAINER_LASS_DANA_4,GOLDUCK,51,"WATER_PULSE,AMNESIA,CONFUSION,SCREECH",,0,10,5,1
TRAINER_LASS_DANA_4,AMPHAROS,54,"THUNDER,DISCHARGE,THUNDER_WAVE,SIGNAL_BEAM",,0,10,5,2
TRAINER_LASS_ELLEN,WIGGLYTUFF,40,,,0,10,5,1
TRAINER_LASS_ELLEN,GRANBULL,44,,,0,10,5,2
TRAINER_LASS_KRISE,ODDISH,14,,,0,10,5,1
TRAINER_LASS_KRISE,CUBONE,17,,,0,10,5,2
TRAINER_LASS_KRISE_2,ODDISH,21,,,0,10,5,1
TRAINER_LASS_KRISE_2,CUBONE,31,,,0,10,5,2
TRAINER_LASS_KRISE_3,GLOOM,32,,,0,10,5,1
TRAINER_LASS_KRISE_3,MAROWAK,38,,,0,10,5,2
TRAINER_LASS_KRISE_4,VILEPLUME,53,,,0,10,5,1
TRAINER_LASS_KRISE_4,MAROWAK,54,,,0,10,5,2
TRAINER_LASS_LAURA,GLOOM,38,,ITEM_SITRUS_BERRY,0,10,5,1
TRAINER_LASS_LAURA,PIDGEOTTO,41,,ITEM_NONE,0,10,5,2
TRAINER_LASS_LAURA,BELLOSSOM,41,,ITEM_NONE,0,10,5,3
TRAINER_LASS_LINDA,BULBASAUR,41,"TOXIC,SLUDGE_BOMB,LEECH_SEED,DOUBLE_EDGE",,0,10,5,1
TRAINER_LASS_LINDA,IVYSAUR,43,"TOXIC,SLUDGE_BOMB,LEECH_SEED,DOUBLE_EDGE",,0,10,5,2
TRAINER_LASS_LINDA,VENUSAUR,45,"TOXIC,SLUDGE_BOMB,LEECH_SEED,DOUBLE_EDGE",,0,10,5,3
TRAINER_LASS_MICHELLE,SKIPLOOM,44,"GIGA_DRAIN,U_TURN,LEECH_SEED,SUNNY_DAY",,0,10,5,1
TRAINER_LASS_MICHELLE,HOPPIP,45,"GIGA_DRAIN,U_TURN,STUN_SPORE,BOUNCE",,0,10,5,2
TRAINER_LASS_MICHELLE,JUMPLUFF,46,"GIGA_DRAIN,U_TURN,SLEEP_POWDER,SUNNY_DAY",,0,10,5,3
TRAINER_LASS_MICKEY,MARILL,21,,,0,10,5,1
TRAINER_LASS_MICKEY_2,MARILL,21,,,0,10,5,1
TRAINER_LASS_MICKEY_3,AMPHAROS,36,"SWIFT,THUNDER_PUNCH,THUNDER_WAVE,COTTON_SPORE",,0,10,5,1
TRAINER_LASS_MICKEY_3,GOLDUCK,36,"DISABLE,SURF,PSYCHIC,SCREECH",,0,10,5,2
TRAINER_LASS_SHANNON,PARAS,38,,,0,10,5,1
TRAINER_LASS_SHANNON,PARAS,38,,,0,10,5,2
TRAINER_LASS_SHANNON,PARASECT,42,,,0,10,5,3
TRAINER_LEADER_BLAINE_BLAINE,MAGCARGO,54,"SUNNY_DAY,SMOG,OVERHEAT,ROCK_SLIDE",ITEM_WHITE_HERB,200,10,5,1
TRAINER_LEADER_BLAINE_BLAINE,MAGMAR,54,"THUNDER_PUNCH,OVERHEAT,SUNNY_DAY,CONFUSE_RAY",ITEM_WHITE_HERB,200,10,5,2
TRAINER_LEADER_BLAINE_BLAINE,RAPIDASH,59,"QUICK_ATTACK,FLARE_BLITZ,BOUNCE,OVERHEAT",ITEM_WHITE_HERB,200,10,5,3
TRAINER_LEADER_BLAINE_BLAINE_2,TORKOAL,54,"SUNNY_DAY,YAWN,BODY_SLAM,OVERHEAT",ITEM_NONE,200,10,5,1
TRAINER_LEADER_BLAINE_BLAINE_2,CAMERUPT,57,"EARTHQUAKE,ERUPTION,SOLAR_BEAM,SUNNY_DAY",ITEM_NONE,200,10,5,2
TRAINER_LEADER_BLAINE_BLAINE_2,RAPIDASH,60,"MEGAHORN,QUICK_ATTACK,OVERHEAT,FLARE_BLITZ",ITEM_NONE,200,10,5,3
TRAINER_LEADER_BLAINE_BLAINE_2,MAGCARGO,58,"CURSE,GYRO_BALL,OVERHEAT,STONE_EDGE",ITEM_NONE,200,10,5,4
TRAINER_LEADER_BLAINE_BLAINE_2,HOUNDOOM,54,"SHADOW_BALL,DARK_PULSE,FLAMETHROWER,SUCKER_PUNCH",ITEM_NONE,200,10,5,5
TRAINER_LEADER_BLAINE_BLAINE_2,MAGMORTAR,62,"THUNDERBOLT,LOW_KICK,FLAMETHROWER,CONFUSE_RAY",ITEM_NONE,200,10,5,6
TRAINER_LEADER_BLUE_BLUE,EXEGGUTOR,55,"LEAF_STORM,PSYCHIC,HYPNOSIS,TRICK_ROOM",ITEM_NONE,250,10,5,1
TRAINER_LEADER_BLUE_BLUE,ARCANINE,58,"ROAR,DRAGON_PULSE,FLARE_BLITZ,EXTREME_SPEED",ITEM_NONE,250,10,5,2
TRAINER_LEADER_BLUE_BLUE,RHYDON,58,"MEGAHORN,STONE_EDGE,THUNDER_FANG,EARTHQUAKE",ITEM_NONE,250,10,5,3
TRAINER_LEADER_BLUE_BLUE,GYARADOS,52,"ICE_FANG,WATERFALL,DRAGON_DANCE,RETURN",ITEM_NONE,250,10,5,4
TRAINER_LEADER_BLUE_BLUE,MACHAMP,56,"DYNAMIC_PUNCH,EARTHQUAKE,STONE_EDGE,THUNDER_PUNCH",ITEM_NONE,250,10,5,5
TRAINER_LEADER_BLUE_BLUE,PIDGEOT,60,"RETURN,WHIRLWIND,AIR_SLASH,MIRROR_MOVE",ITEM_SITRUS_BERRY,250,10,5,6
TRAINER_LEADER_BLUE_BLUE_2,EXEGGUTOR,67,"LEAF_STORM,PSYCHIC,EXPLOSION,TRICK_ROOM",ITEM_NONE,100,10,5,1
TRAINER_LEADER_BLUE_BLUE_2,MACHAMP,69,"DYNAMIC_PUNCH,STONE_EDGE,FLING,ATTRACT",ITEM_IRON_BALL,250,10,5,2
TRAINER_LEADER_BLUE_BLUE_2,RHYPERIOR,70,"MEGAHORN,STONE_EDGE,THUNDER_FANG,EARTHQUAKE",ITEM_NONE,250,10,5,3
TRAINER_LEADER_BLUE_BLUE_2,ARCANINE,68,"FLARE_BLITZ,EXTREME_SPEED,THUNDER_FANG,CRUNCH",ITEM_NONE,250,10,5,4
TRAINER_LEADER_BLUE_BLUE_2,TYRANITAR,70,"LOW_KICK,FIRE_FANG,ROCK_SLIDE,EARTHQUAKE",ITEM_NONE,250,10,5,5
TRAINER_LEADER_BLUE_BLUE_2,PIDGEOT,72,"RETURN,DOUBLE_TEAM,AIR_SLASH,STEEL_WING",ITEM_SITRUS_BERRY,250,10,5,6
TRAINER_LEADER_BROCK_BROCK,GRAVELER,51,"DEFENSE_CURL,ROCK_SLIDE,ROLLOUT,EARTHQUAKE",ITEM_NONE,200,10,5,1
TRAINER_LEADER_BROCK_BROCK,RHYHORN,51,"SANDSTORM,SCARY_FACE,EARTHQUAKE,HORN_DRILL",ITEM_NONE,200,10,5,2
TRAINER_LEADER_BROCK_BROCK,OMASTAR,53,"ANCIENT_POWER,BRINE,PROTECT,SPIKE_CANNON",ITEM_NONE,200,10,5,3
TRAINER_LEADER_BROCK_BROCK,ONIX,54,"IRON_TAIL,ROCK_SLIDE,SCREECH,SANDSTORM",ITEM_SITRUS_BERRY,200,10,5,4
TRAINER_LEADER_BROCK_BROCK,KABUTOPS,52,"ROCK_SLIDE,AQUA_JET,ENDURE,GIGA_DRAIN",ITEM_NONE,200,10,5,5
TRAINER_LEADER_BROCK_BROCK_2,GOLEM,55,"SANDSTORM,ROCK_SLIDE,ROCK_POLISH,EARTHQUAKE",ITEM_NONE,200,10,5,1
TRAINER_LEADER_BROCK_BROCK_2,RELICANTH,54,"HEAD_SMASH,AQUA_TAIL,EARTHQUAKE,REST",ITEM_LUM_BERRY,200,10,5,2
TRAINER_LEADER_BROCK_BROCK_2,OMASTAR,56,"ANCIENT_POWER,BRINE,PROTECT,SANDSTORM",ITEM_NONE,200,10,5,3
TRAINER_LEADER_BROCK_BROCK_2,ONIX,61,"STEALTH_ROCK,ROCK_SLIDE,ROCK_POLISH,SANDSTORM",ITEM_SITRUS_BERRY,200,10,5,4
TRAINER_LEADER_BROCK_BROCK_2,KABUTOPS,55,"ROCK_SLIDE,AQUA_JET,ENDURE,GIGA_DRAIN",ITEM_NONE,200,10,5,5
TRAINER_LEADER_BROCK_BROCK_2,RAMPARDOS,57,"EARTHQUAKE,STONE_EDGE,AVALANCHE,ROCK_POLISH",ITEM_NONE,200,10,5,6
TRAINER_LEADER_BUGSY_BUGSY,SCYTHER,17,"QUICK_ATTACK,LEER,U_TURN,FOCUS_ENERGY",ITEM_SITRUS_BERRY,80,10,5,1
TRAINER_LEADER_BUGSY_BUGSY,KAKUNA,15,POISON_STING,ITEM_NONE,80,10,5,2
TRAINER_LEADER_BUGSY_BUGSY,METAPOD,15,TACKLE,ITEM_NONE,80,10,5,3
TRAINER_LEADER_BUGSY_BUGSY_2,SCIZOR,56,"BULLET_PUNCH,X_SCISSOR,SWORDS_DANCE,SUPERPOWER",ITEM_SITRUS_BERRY,200,10,5,1
TRAINER_LEADER_BUGSY_BUGSY_2,SHEDINJA,48,"TOXIC,X_SCISSOR,SHADOW_SNEAK,SWAGGER",ITEM_NONE,200,10,5,2
TRAINER_LEADER_BUGSY_BUGSY_2,YANMEGA,52,"DETECT,BUG_BUZZ,AIR_SLASH,ANCIENT_POWER",ITEM_NONE,200,10,5,3
TRAINER_LEADER_BUGSY_BUGSY_2,PINSIR,55,"EARTHQUAKE,GUILLOTINE,X_SCISSOR,ROCK_TOMB",ITEM_NONE,200,10,5,4
TRAINER_LEADER_BUGSY_BUGSY_2,HERACROSS,54,"CLOSE_COMBAT,MEGAHORN,STONE_EDGE,COUNTER",ITEM_NONE,200,10,5,5
TRAINER_LEADER_BUGSY_BUGSY_2,VESPIQUEN,52,"PROTECT,CONFUSE_RAY,ATTACK_ORDER,DEFEND_ORDER",ITEM_SITRUS_BERRY,200,10,5,6
TRAINER_LEADER_CHUCK_CHUCK,PRIMEAPE,29,"LEER,DOUBLE_TEAM,FOCUS_PUNCH,ROCK_SLIDE",ITEM_NONE,150,10,5,1
TRAINER_LEADER_CHUCK_CHUCK,POLIWRATH,31,"HYPNOSIS,SURF,FOCUS_PUNCH,BODY_SLAM",ITEM_SITRUS_BERRY,150,10,5,2
TRAINER_LEADER_CHUCK_CHUCK_2,MEDICHAM,54,"HI_JUMP_KICK,PSYCHO_CUT,ATTRACT,THUNDER_PUNCH",ITEM_SITRUS_BERRY,200,10,5,1
TRAINER_LEADER_CHUCK_CHUCK_2,HITMONCHAN,52,"MACH_PUNCH,SWAGGER,FOCUS_PUNCH,DOUBLE_TEAM",ITEM_NONE,200,10,5,2
TRAINER_LEADER_CHUCK_CHUCK_2,HITMONLEE,55,"HI_JUMP_KICK,FAKE_OUT,BLAZE_KICK,BULK_UP",ITEM_NONE,200,10,5,3
TRAINER_LEADER_CHUCK_CHUCK_2,BRELOOM,54,"SUBSTITUTE,FOCUS_PUNCH,DRAIN_PUNCH,STONE_EDGE",ITEM_TOXIC_ORB,200,10,5,4
TRAINER_LEADER_CHUCK_CHUCK_2,PRIMEAPE,56,"CLOSE_COMBAT,PAYBACK,THUNDER_PUNCH,SWAGGER",ITEM_NONE,200,10,5,5
TRAINER_LEADER_CHUCK_CHUCK_2,POLIWRATH,60,"DOUBLE_TEAM,WATERFALL,FOCUS_PUNCH,SUBSTITUTE",ITEM_SITRUS_BERRY,200,10,5,6
TRAINER_LEADER_CLAIR_CLAIR,GYARADOS,38,"TWISTER,DRAGON_RAGE,BITE,DRAGON_PULSE",ITEM_NONE,200,10,5,1
TRAINER_LEADER_CLAIR_CLAIR,DRAGONAIR,38,"THUNDER_WAVE,FIRE_BLAST,SLAM,DRAGON_PULSE",ITEM_NONE,200,10,5,2
TRAINER_LEADER_CLAIR_CLAIR,DRAGONAIR,38,"THUNDER_WAVE,AQUA_TAIL,SLAM,DRAGON_PULSE",ITEM_NONE,200,10,5,3
TRAINER_LEADER_CLAIR_CLAIR,KINGDRA,41,"SMOKE_SCREEN,HYDRO_PUMP,HYPER_BEAM,DRAGON_PULSE",ITEM_SITRUS_BERRY,200,10,5,4
TRAINER_LEADER_CLAIR_CLAIR_2,GYARADOS,56,"DRAGON_DANCE,EARTHQUAKE,WATERFALL,DRAGON_PULSE",ITEM_WACAN_BERRY,200,10,5,1
TRAINER_LEADER_CLAIR_CLAIR_2,DRAGONAIR,52,"THUNDER_WAVE,DRAGON_RUSH,THUNDERBOLT,FLAMETHROWER",ITEM_NONE,200,10,5,2
TRAINER_LEADER_CLAIR_CLAIR_2,AERODACTYL,52,"EARTHQUAKE,THUNDER_FANG,ROCK_SLIDE,ROAR",ITEM_NONE,200,10,5,3
TRAINER_LEADER_CLAIR_CLAIR_2,KINGDRA,56,"YAWN,HYDRO_PUMP,ICE_BEAM,DRAGON_BREATH",ITEM_NONE,200,10,5,4
TRAINER_LEADER_CLAIR_CLAIR_2,CHARIZARD,52,"SHADOW_CLAW,AIR_SLASH,DRAGON_CLAW,FIRE_FANG",ITEM_NONE,200,10,5,5
TRAINER_LEADER_CLAIR_CLAIR_2,DRAGONITE,60,"THUNDER,SAFEGUARD,DRAGON_BREATH,HYPER_BEAM",ITEM_SITRUS_BERRY,200,10,5,6
TRAINER_LEADER_CLAIR_CLAIR_3,DRAGONAIR,52,"THUNDER_WAVE,DRAGON_RUSH,THUNDERBOLT,FLAMETHROWER",ITEM_NONE,200,10,5,1
TRAINER_LEADER_CLAIR_CLAIR_3,KINGDRA,56,"YAWN,HYDRO_PUMP,ICE_BEAM,DRAGON_BREATH",ITEM_NONE,200,10,5,2
TRAINER_LEADER_CLAIR_CLAIR_3,DRAGONITE,60,"THUNDER,PROTECT,DRAGON_BREATH,HYPER_BEAM",ITEM_NONE,200,10,5,3
TRAINER_LEADER_ERIKA_ERIKA,JUMPLUFF,51,"U_TURN,LEECH_SEED,SUNNY_DAY,GIGA_DRAIN",ITEM_NONE,200,10,5,1
TRAINER_LEADER_ERIKA_ERIKA,TANGELA,52,"ANCIENT_POWER,WRING_OUT,GIGA_DRAIN,SLEEP_POWDER",ITEM_NONE,200,10,5,2
TRAINER_LEADER_ERIKA_ERIKA,VICTREEBEL,56,"SUNNY_DAY,SYNTHESIS,GRASS_KNOT,LEAF_STORM",ITEM_NONE,200,10,5,3
TRAINER_LEADER_ERIKA_ERIKA,BELLOSSOM,56,"SUNNY_DAY,SYNTHESIS,GIGA_DRAIN,SOLAR_BEAM",ITEM_SITRUS_BERRY,200,10,5,4
TRAINER_LEADER_ERIKA_ERIKA_2,SHIFTRY,54,"LEAF_STORM,SUCKER_PUNCH,EXPLOSION,SUNNY_DAY",ITEM_NONE,200,10,5,1
TRAINER_LEADER_ERIKA_ERIKA_2,JUMPLUFF,53,"U_TURN,MEMENTO,SLEEP_POWDER,GIGA_DRAIN",ITEM_NONE,200,10,5,2
TRAINER_LEADER_ERIKA_ERIKA_2,VICTREEBEL,56,"NATURAL_GIFT,SLUDGE_BOMB,LEAF_STORM,LEAF_BLADE",ITEM_KELPSY_BERRY,200,10,5,3
TRAINER_LEADER_ERIKA_ERIKA_2,BELLOSSOM,56,"SUNNY_DAY,SOLAR_BEAM,GIGA_DRAIN,ATTRACT",ITEM_NONE,200,10,5,4
TRAINER_LEADER_ERIKA_ERIKA_2,TANGROWTH,60,"SWORDS_DANCE,POWER_WHIP,ROCK_SLIDE,EARTHQUAKE",ITEM_NONE,200,10,5,5
TRAINER_LEADER_ERIKA_ERIKA_2,ROSERADE,55,"WEATHER_BALL,ENERGY_BALL,SLUDGE_BOMB,STUN_SPORE",ITEM_NONE,200,10,5,6
TRAINER_LEADER_FALKNER_FALKNER,PIDGEY,9,"TACKLE,SAND_ATTACK",ITEM_NONE,50,10,5,1
TRAINER_LEADER_FALKNER_FALKNER,PIDGEOTTO,13,"TACKLE,ROOST,GUST",ITEM_NONE,50,10,5,2
TRAINER_LEADER_FALKNER_FALKNER_2,STARAPTOR,50,"ATTRACT,BRAVE_BIRD,CLOSE_COMBAT,U_TURN",ITEM_NONE,200,10,5,1
TRAINER_LEADER_FALKNER_FALKNER_2,NOCTOWL,52,"ROOST,AIR_SLASH,SHADOW_BALL,FEATHER_DANCE",ITEM_NONE,200,10,5,2
TRAINER_LEADER_FALKNER_FALKNER_2,SWELLOW,52,"FACADE,PROTECT,DOUBLE_TEAM,ENDEAVOR",ITEM_FLAME_ORB,200,10,5,3
TRAINER_LEADER_FALKNER_FALKNER_2,HONCHKROW,54,"NIGHT_SLASH,SUCKER_PUNCH,THUNDER_WAVE,DARK_PULSE",ITEM_NONE,200,10,5,4
TRAINER_LEADER_FALKNER_FALKNER_2,PELIPPER,48,"SURF,TAILWIND,ICE_BEAM,HIDDEN_POWER",ITEM_NONE,200,10,5,5
TRAINER_LEADER_FALKNER_FALKNER_2,PIDGEOT,56,"RETURN,DOUBLE_TEAM,SWAGGER,ROOST",ITEM_NONE,200,10,5,6
TRAINER_LEADER_JANINE_JANINE,CROBAT,47,"SCREECH,SUPERSONIC,CONFUSE_RAY,WING_ATTACK",ITEM_NONE,200,10,5,1
TRAINER_LEADER_JANINE_JANINE,WEEZING,44,"DOUBLE_HIT,SLUDGE_BOMB,TOXIC,EXPLOSION",ITEM_NONE,200,10,5,2
TRAINER_LEADER_JANINE_JANINE,ARIADOS,47,"SCARY_FACE,POISON_JAB,PIN_MISSILE,PSYCHIC",ITEM_NONE,200,10,5,3
TRAINER_LEADER_JANINE_JANINE,ARIADOS,47,"PIN_MISSILE,POISON_JAB,SWAGGER,NIGHT_SHADE",ITEM_NONE,200,10,5,4
TRAINER_LEADER_JANINE_JANINE,VENOMOTH,50,"SLUDGE_BOMB,DOUBLE_TEAM,SIGNAL_BEAM,PSYCHIC",ITEM_SITRUS_BERRY,200,10,5,5
TRAINER_LEADER_JANINE_JANINE_2,CROBAT,52,"HEAT_WAVE,CROSS_POISON,CONFUSE_RAY,U_TURN",ITEM_NONE,200,10,5,1
TRAINER_LEADER_JANINE_JANINE_2,WEEZING,56,"THUNDERBOLT,SLUDGE_BOMB,TOXIC,EXPLOSION",ITEM_NONE,200,10,5,2
TRAINER_LEADER_JANINE_JANINE_2,TOXICROAK,52,"CROSS_CHOP,POISON_JAB,ATTRACT,SUBSTITUTE",ITEM_NONE,200,10,5,3
TRAINER_LEADER_JANINE_JANINE_2,ARIADOS,58,"TOXIC,BOUNCE,SWAGGER,NIGHT_SHADE",ITEM_NONE,200,10,5,4
TRAINER_LEADER_JANINE_JANINE_2,VENOMOTH,59,"SLEEP_POWDER,DOUBLE_TEAM,BUG_BUZZ,PSYCHIC",ITEM_SITRUS_BERRY,200,10,5,5
TRAINER_LEADER_JANINE_JANINE_2,DRAPION,55,"CROSS_POISON,CONFUSE_RAY,CRUNCH,SWORDS_DANCE",ITEM_NONE,200,10,5,6
TRAINER_LEADER_JASMINE_JASMINE,MAGNEMITE,30,"THUNDERBOLT,SUPERSONIC,SONIC_BOOM,THUNDER_WAVE",ITEM_NONE,150,10,5,1
TRAINER_LEADER_JASMINE_JASMINE,MAGNEMITE,30,"THUNDERBOLT,SUPERSONIC,SONIC_BOOM,THUNDER_WAVE",ITEM_NONE,150,10,5,2
TRAINER_LEADER_JASMINE_JASMINE,STEELIX,35,"SCREECH,SANDSTORM,ROCK_THROW,IRON_TAIL",ITEM_SITRUS_BERRY,150,10,5,3
TRAINER_LEADER_JASMINE_JASMINE_2,METAGROSS,52,"METEOR_MASH,BULLET_PUNCH,GRAVITY,EXPLOSION",ITEM_NONE,200,10,5,1
TRAINER_LEADER_JASMINE_JASMINE_2,MAGNEZONE,56,"ZAP_CANNON,LOCK_ON,MIRROR_COAT,METAL_SOUND",ITEM_NONE,200,10,5,2
TRAINER_LEADER_JASMINE_JASMINE_2,SKARMORY,52,"AIR_SLASH,SPIKES,NIGHT_SLASH,STEEL_WING",ITEM_NONE,200,10,5,3
TRAINER_LEADER_JASMINE_JASMINE_2,BRONZONG,50,"GYRO_BALL,HYPNOSIS,DREAM_EATER,GRAVITY",ITEM_NONE,200,10,5,4
TRAINER_LEADER_JASMINE_JASMINE_2,EMPOLEON,52,"HYDRO_PUMP,BLIZZARD,AQUA_JET,ROAR",ITEM_NONE,200,10,5,5
TRAINER_LEADER_JASMINE_JASMINE_2,STEELIX,62,"STONE_EDGE,STEALTH_ROCK,ROAR,IRON_TAIL",ITEM_NONE,200,10,5,6
TRAINER_LEADER_LT_SURGE_LT__SURGE,RAICHU,51,"THUNDER_WAVE,QUICK_ATTACK,SHOCK_WAVE,DOUBLE_TEAM",ITEM_NONE,200,10,5,1
TRAINER_LEADER_LT_SURGE_LT__SURGE,ELECTRODE,47,"THUNDER_WAVE,DOUBLE_TEAM,SHOCK_WAVE,LIGHT_SCREEN",ITEM_NONE,200,10,5,2
TRAINER_LEADER_LT_SURGE_LT__SURGE,MAGNETON,47,"SUPERSONIC,DOUBLE_TEAM,SHOCK_WAVE,MIRROR_SHOT",ITEM_NONE,200,10,5,3
TRAINER_LEADER_LT_SURGE_LT__SURGE,ELECTRODE,47,"SCREECH,DOUBLE_TEAM,SELFDESTRUCT,CHARGE_BEAM",ITEM_NONE,200,10,5,4
TRAINER_LEADER_LT_SURGE_LT__SURGE,ELECTABUZZ,53,"QUICK_ATTACK,SHOCK_WAVE,LIGHT_SCREEN,LOW_KICK",ITEM_SITRUS_BERRY,200,10,5,5
TRAINER_LEADER_LT_SURGE_LT__SURGE_2,RAICHU,60,"THUNDER_WAVE,QUICK_ATTACK,THUNDERBOLT,GRASS_KNOT",ITEM_NONE,200,10,5,1
TRAINER_LEADER_LT_SURGE_LT__SURGE_2,MANECTRIC,52,"THUNDER_WAVE,NATURAL_GIFT,DISCHARGE,OVERHEAT",ITEM_PINAP_BERRY,200,10,5,2
TRAINER_LEADER_LT_SURGE_LT__SURGE_2,MAGNEZONE,52,"THUNDERBOLT,DOUBLE_TEAM,MAGNET_RISE,MIRROR_SHOT",ITEM_NONE,200,10,5,3
TRAINER_LEADER_LT_SURGE_LT__SURGE_2,ELECTRODE,52,"THUNDER_WAVE,DOUBLE_TEAM,THUNDERBOLT,EXPLOSION",ITEM_NONE,200,10,5,4
TRAINER_LEADER_LT_SURGE_LT__SURGE_2,PACHIRISU,58,"QUICK_ATTACK,SUPER_FANG,DISCHARGE,SWEET_KISS",ITEM_NONE,200,10,5,5
TRAINER_LEADER_LT_SURGE_LT__SURGE_2,ELECTIVIRE,56,"THUNDERBOLT,CROSS_CHOP,ICE_PUNCH,EARTHQUAKE",ITEM_SITRUS_BERRY,200,10,5,6
TRAINER_LEADER_MISTY_MISTY,GOLDUCK,49,"WATER_PULSE,DISABLE,PSYCH_UP,PSYCHIC",ITEM_NONE,200,10,5,1
TRAINER_LEADER_MISTY_MISTY,QUAGSIRE,49,"WATER_PULSE,AMNESIA,EARTHQUAKE,RAIN_DANCE",ITEM_NONE,200,10,5,2
TRAINER_LEADER_MISTY_MISTY,LAPRAS,52,"WATER_PULSE,SING,ICE_BEAM,BODY_SLAM",ITEM_NONE,200,10,5,3
TRAINER_LEADER_MISTY_MISTY,STARMIE,54,"WATER_PULSE,CONFUSE_RAY,RECOVER,ICE_BEAM",ITEM_SITRUS_BERRY,200,10,5,4
TRAINER_LEADER_MISTY_MISTY_2,STARMIE,60,"THUNDERBOLT,PSYCHIC,ICE_BEAM,SURF",ITEM_COLBUR_BERRY,200,10,5,1
TRAINER_LEADER_MISTY_MISTY_2,QUAGSIRE,56,"WATER_PULSE,AMNESIA,EARTHQUAKE,RAIN_DANCE",ITEM_NONE,200,10,5,2
TRAINER_LEADER_MISTY_MISTY_2,LAPRAS,56,"SURF,PERISH_SONG,BLIZZARD,RAIN_DANCE",ITEM_NONE,200,10,5,3
TRAINER_LEADER_MISTY_MISTY_2,LANTURN,54,"CONFUSE_RAY,THUNDERBOLT,SURF,THUNDER_WAVE",ITEM_NONE,200,10,5,4
TRAINER_LEADER_MISTY_MISTY_2,FLOATZEL,54,"AGILITY,ICE_FANG,WATERFALL,BATON_PASS",ITEM_NONE,200,10,5,5
TRAINER_LEADER_MISTY_MISTY_2,MILOTIC,60,"HYDRO_PUMP,ICE_BEAM,REST,SLEEP_TALK",ITEM_NONE,200,10,5,6
TRAINER_LEADER_MORTY_MORTY,GASTLY,21,"LICK,SPITE,MEAN_LOOK,CURSE",ITEM_NONE,100,10,5,1
TRAINER_LEADER_MORTY_MORTY,HAUNTER,21,"HYPNOSIS,DREAM_EATER,CURSE,NIGHTMARE",ITEM_NONE,100,10,5,2
TRAINER_LEADER_MORTY_MORTY,GENGAR,25,"HYPNOSIS,SHADOW_BALL,MEAN_LOOK,SUCKER_PUNCH",ITEM_SITRUS_BERRY,100,10,5,3
TRAINER_LEADER_MORTY_MORTY,HAUNTER,23,"CURSE,MEAN_LOOK,SUCKER_PUNCH,NIGHT_SHADE",ITEM_NONE,100,10,5,4
TRAINER_LEADER_MORTY_MORTY_2,DRIFBLIM,52,"DESTINY_BOND,SUBSTITUTE,THUNDERBOLT,SHADOW_BALL",ITEM_SITRUS_BERRY,200,10,5,1
TRAINER_LEADER_MORTY_MORTY_2,DUSKNOIR,52,"PAIN_SPLIT,WILL_O_WISP,SUBSTITUTE,PAYBACK",ITEM_NONE,200,10,5,2
TRAINER_LEADER_MORTY_MORTY_2,SABLEYE,52,"SUCKER_PUNCH,BRICK_BREAK,ICE_PUNCH,FAKE_OUT",ITEM_NONE,200,10,5,3
TRAINER_LEADER_MORTY_MORTY_2,MISMAGIUS,54,"PERISH_SONG,MEAN_LOOK,CONFUSE_RAY,ASTONISH",ITEM_NONE,200,10,5,4
TRAINER_LEADER_MORTY_MORTY_2,GENGAR,57,"HYPNOSIS,CONFUSE_RAY,SHADOW_BALL,FOCUS_BLAST",ITEM_NONE,200,10,5,5
TRAINER_LEADER_MORTY_MORTY_2,GENGAR,57,"SUBSTITUTE,SHADOW_BALL,THUNDERBOLT,DESTINY_BOND",ITEM_NONE,200,10,5,6
TRAINER_LEADER_PRYCE_PRYCE,SEEL,30,"SNORE,HAIL,ICY_WIND,REST",ITEM_NONE,150,10,5,1
TRAINER_LEADER_PRYCE_PRYCE,DEWGONG,32,"SLEEP_TALK,ICE_SHARD,AURORA_BEAM,REST",ITEM_NONE,150,10,5,2
TRAINER_LEADER_PRYCE_PRYCE,PILOSWINE,34,"HAIL,ICE_FANG,MUD_BOMB,BLIZZARD",ITEM_SITRUS_BERRY,150,10,5,3
TRAINER_LEADER_PRYCE_PRYCE_2,ABOMASNOW,56,"ICE_SHARD,WOOD_HAMMER,EARTHQUAKE,BLIZZARD",ITEM_NONE,200,10,5,1
TRAINER_LEADER_PRYCE_PRYCE_2,DEWGONG,58,"DIVE,SHEER_COLD,SLEEP_TALK,REST",ITEM_LUM_BERRY,200,10,5,2
TRAINER_LEADER_PRYCE_PRYCE_2,GLALIE,52,"PAYBACK,TORMENT,ATTRACT,BLIZZARD",ITEM_NONE,200,10,5,3
TRAINER_LEADER_PRYCE_PRYCE_2,FROSLASS,52,"ICE_SHARD,CONFUSE_RAY,ATTRACT,BLIZZARD",ITEM_NONE,200,10,5,4
TRAINER_LEADER_PRYCE_PRYCE_2,WALREIN,54,"HAIL,BODY_SLAM,SWAGGER,BLIZZARD",ITEM_NONE,200,10,5,5
TRAINER_LEADER_PRYCE_PRYCE_2,MAMOSWINE,60,"EARTHQUAKE,AVALANCHE,STONE_EDGE,DOUBLE_TEAM",ITEM_SITRUS_BERRY,200,10,5,6
TRAINER_LEADER_SABRINA_SABRINA,ESPEON,53,"SHADOW_BALL,SKILL_SWAP,CALM_MIND,PSYCHIC",ITEM_NONE,200,10,5,1
TRAINER_LEADER_SABRINA_SABRINA,MR_MIME,53,"MIMIC,LIGHT_SCREEN,SKILL_SWAP,PSYCHIC",ITEM_NONE,200,10,5,2
TRAINER_LEADER_SABRINA_SABRINA,ALAKAZAM,55,"SKILL_SWAP,PSYCHIC,ENERGY_BALL,REFLECT",ITEM_SITRUS_BERRY,200,10,5,3
TRAINER_LEADER_SABRINA_SABRINA_2,ALAKAZAM,60,"GRAVITY,FOCUS_BLAST,ENERGY_BALL,PSYCHIC",ITEM_NONE,200,10,5,1
TRAINER_LEADER_SABRINA_SABRINA_2,ESPEON,58,"CALM_MIND,BATON_PASS,SHADOW_BALL,PSYCHIC",ITEM_NONE,200,10,5,2
TRAINER_LEADER_SABRINA_SABRINA_2,MR_MIME,56,"REFLECT,SKILL_SWAP,THUNDER,PSYCHIC",ITEM_NONE,200,10,5,3
TRAINER_LEADER_SABRINA_SABRINA_2,JYNX,54,"BLIZZARD,PERISH_SONG,PSYCHIC,FOCUS_BLAST",ITEM_NONE,200,10,5,4
TRAINER_LEADER_SABRINA_SABRINA_2,WOBBUFFET,53,"COUNTER,MIRROR_COAT,DESTINY_BOND,ENCORE",ITEM_NONE,200,10,5,5
TRAINER_LEADER_SABRINA_SABRINA_2,GALLADE,53,"CLOSE_COMBAT,PSYCHO_CUT,NIGHT_SLASH,STONE_EDGE",ITEM_SITRUS_BERRY,200,10,5,6
TRAINER_LEADER_WHITNEY,CLEFAIRY,17,"DOUBLE_SLAP,MIMIC,ENCORE,METRONOME",ITEM_NONE,100,10,5,1
TRAINER_LEADER_WHITNEY,MILTANK,19,"ROLLOUT,ATTRACT,STOMP,MILK_DRINK",ITEM_LUM_BERRY,100,10,5,2
TRAINER_LEADER_WHITNEY_2,GIRAFARIG,52,"PSYCHIC,SHADOW_BALL,CALM_MIND,BATON_PASS",ITEM_NONE,250,10,5,1
TRAINER_LEADER_WHITNEY_2,LICKILICKY,50,"WRING_OUT,FLAMETHROWER,ICE_BEAM,THUNDERBOLT",ITEM_NONE,200,10,5,2
TRAINER_LEADER_WHITNEY_2,BIBAREL,54,"DOUBLE_TEAM,CHARGE_BEAM,SURF,ICE_BEAM",ITEM_NONE,200,10,5,3
TRAINER_LEADER_WHITNEY_2,DELCATTY,54,"FAKE_OUT,ASSIST,CALM_MIND,BATON_PASS",ITEM_NONE,250,10,5,4
TRAINER_LEADER_WHITNEY_2,CLEFABLE,52,"BLIZZARD,THUNDER,FIRE_BLAST,CALM_MIND",ITEM_NONE,200,10,5,5
TRAINER_LEADER_WHITNEY_2,MILTANK,58,"BODY_SLAM,ATTRACT,SLEEP_TALK,REST",ITEM_LUM_BERRY,200,10,5,6
TRAINER_MEDIUM_BETHANY,HAUNTER,25,,,0,10,5,1
TRAINER_MEDIUM_DARCY,SLOWPOKE,44,"SKILL_SWAP,AMNESIA,DISABLE,PSYCHIC",,0,10,5,1
TRAINER_MEDIUM_DARCY,SLOWBRO,46,"SKILL_SWAP,SLACK_OFF,PSYCHIC,YAWN",,0,10,5,2
TRAINER_MEDIUM_EDITH,HAUNTER,22,,,10,10,5,1
TRAINER_MEDIUM_ETHEL,HAUNTER,25,,,0,10,5,1
TRAINER_MEDIUM_GEORGINA,GASTLY,16,,,10,10,5,1
TRAINER_MEDIUM_GEORGINA,GASTLY,16,,,10,10,5,2
TRAINER_MEDIUM_GEORGINA,GASTLY,16,,,10,10,5,3
TRAINER_MEDIUM_GEORGINA,GASTLY,16,,,10,10,5,4
TRAINER_MEDIUM_GEORGINA,GASTLY,16,,,10,10,5,5
TRAINER_MEDIUM_GRACE,HAUNTER,20,,,10,10,5,1
TRAINER_MEDIUM_GRACE,HAUNTER,20,,,10,10,5,2
TRAINER_MEDIUM_MARGARET,HAUNTER,25,,,0,10,5,1
TRAINER_MEDIUM_MARTHA,GASTLY,18,,,10,10,5,1
TRAINER_MEDIUM_MARTHA,HAUNTER,20,,,10,10,5,2
TRAINER_MEDIUM_MARTHA,GASTLY,20,,,10,10,5,3
TRAINER_MEDIUM_REBECCA,BRONZOR,45,"FAINT_ATTACK,SKILL_SWAP,SAFEGUARD,GYRO_BALL",,0,10,5,1
TRAINER_MEDIUM_REBECCA,HYPNO,45,"SWAGGER,SKILL_SWAP,PSYBEAM,HYPNOSIS",,0,10,5,2
TRAINER_MYSTERY_MAN_EUSINE,DROWZEE,25,"DREAM_EATER,HYPNOSIS,DISABLE,CONFUSION",,150,10,5,1
TRAINER_MYSTERY_MAN_EUSINE,HAUNTER,25,"LICK,HYPNOSIS,MEAN_LOOK,CURSE",,150,10,5,2
TRAINER_MYSTERY_MAN_EUSINE,ELECTRODE,27,"SCREECH,SONIC_BOOM,THUNDER,ROLLOUT",,150,10,5,3
TRAINER_PARTNER_RIVAL_1,MEGANIUM,60,"PETAL_DANCE,BODY_SLAM,LIGHT_SCREEN,SYNTHESIS",ITEM_NONE,250,10,5,1
TRAINER_PARTNER_RIVAL_1,CROBAT,58,"TOXIC,BITE,CONFUSE_RAY,AIR_CUTTER",ITEM_NONE,250,10,5,2
TRAINER_PARTNER_RIVAL_1,GENGAR,56,"DARK_PULSE,SLUDGE_BOMB,SHADOW_BALL,CONFUSE_RAY",ITEM_NONE,250,10,5,3
TRAINER_PARTNER_RIVAL_2,TYPHLOSION,60,"ROLLOUT,FLAMETHROWER,WILL_O_WISP,SWIFT",ITEM_NONE,250,10,5,1
TRAINER_PARTNER_RIVAL_2,CROBAT,58,"TOXIC,BITE,CONFUSE_RAY,AIR_CUTTER",ITEM_NONE,250,10,5,2
TRAINER_PARTNER_RIVAL_2,GENGAR,56,"DARK_PULSE,SLUDGE_BOMB,SHADOW_BALL,CONFUSE_RAY",ITEM_NONE,250,10,5,3
TRAINER_PARTNER_RIVAL_3,FERALIGATR,60,"CRUNCH,AQUA_TAIL,SLASH,ICE_FANG",ITEM_NONE,250,10,5,1
TRAINER_PARTNER_RIVAL_3,CROBAT,58,"TOXIC,BITE,CONFUSE_RAY,AIR_CUTTER",ITEM_NONE,250,10,5,2
TRAINER_PARTNER_RIVAL_3,GENGAR,56,"DARK_PULSE,SLUDGE_BOMB,SHADOW_BALL,CONFUSE_RAY",ITEM_NONE,250,10,5,3
TRAINER_PASSERBY_BOY,CHIKORITA,5,,,0,10,5,1
TRAINER_PASSERBY_BOY_2,CYNDAQUIL,5,,,0,10,5,1
TRAINER_PASSERBY_BOY_3,TOTODILE,5,,,0,10,5,1
TRAINER_PICNICKER_ADRIAN,SHROOMISH,45,,,0,10,5,1
TRAINER_PICNICKER_BROOKE,PIKACHU,16,"THUNDER_SHOCK,GROWL,QUICK_ATTACK,DOUBLE_TEAM",,0,10,5,1
TRAINER_PICNICKER_CHEYENNE,SHINX,45,,,0,10,5,1
TRAINER_PICNICKER_CINDY,NIDOQUEEN,48,"POISON_JAB,EARTH_POWER,BODY_SLAM,DOUBLE_KICK",,0,10,5,1
TRAINER_PICNICKER_DEBRA,SEAKING,41,,,0,10,5,1
TRAINER_PICNICKER_EDNA,NIDORINA,41,,,0,10,5,1
TRAINER_PICNICKER_EDNA,RAICHU,45,,,0,10,5,2
TRAINER_PICNICKER_ERIN,PONYTA,17,,,0,10,5,1
TRAINER_PICNICKER_ERIN,ODDISH,14,,,0,10,5,2
TRAINER_PICNICKER_ERIN_2,GLOOM,32,,,0,10,5,1
TRAINER_PICNICKER_ERIN_2,RAPIDASH,41,,,0,10,5,2
TRAINER_PICNICKER_ERIN_3,BELLOSSOM,46,,,0,10,5,1
TRAINER_PICNICKER_ERIN_3,SUNFLORA,39,,,0,10,5,2
TRAINER_PICNICKER_ERIN_3,RAPIDASH,48,,,0,10,5,3
TRAINER_PICNICKER_ERIN_4,CHERRIM,42,,,0,10,5,1
TRAINER_PICNICKER_ERIN_4,SUNFLORA,46,,,0,10,5,2
TRAINER_PICNICKER_ERIN_4,BELLOSSOM,49,,,0,10,5,3
TRAINER_PICNICKER_ERIN_4,RAPIDASH,53,,,0,10,5,4
TRAINER_PICNICKER_GINA,HOPPIP,9,,,0,10,5,1
TRAINER_PICNICKER_GINA,HOPPIP,9,,,0,10,5,2
TRAINER_PICNICKER_GINA,BULBASAUR,12,,,0,10,5,3
TRAINER_PICNICKER_GINA_2,HOPPIP,24,,,10,10,5,1
TRAINER_PICNICKER_GINA_2,HOPPIP,24,,,10,10,5,2
TRAINER_PICNICKER_GINA_2,IVYSAUR,32,,,10,10,5,3
TRAINER_PICNICKER_GINA_3,SKIPLOOM,26,,,0,10,5,1
TRAINER_PICNICKER_GINA_3,SKIPLOOM,26,,,0,10,5,2
TRAINER_PICNICKER_GINA_3,IVYSAUR,44,,,0,10,5,3
TRAINER_PICNICKER_GINA_4,SKIPLOOM,30,,,0,10,5,1
TRAINER_PICNICKER_GINA_4,JUMPLUFF,36,,,0,10,5,2
TRAINER_PICNICKER_GINA_4,VENUSAUR,55,,,0,10,5,3
TRAINER_PICNICKER_GINGER,WHISMUR,41,,,0,10,5,1
TRAINER_PICNICKER_HEIDI,SKIPLOOM,43,,,0,10,5,1
TRAINER_PICNICKER_HEIDI,SKIPLOOM,43,,,0,10,5,2
TRAINER_PICNICKER_HOPE,FLAAFFY,44,,,0,10,5,1
TRAINER_PICNICKER_KIM,VULPIX,15,,,0,10,5,1
TRAINER_PICNICKER_LIZ,NIDORAN_F,8,,,0,10,5,1
TRAINER_PICNICKER_LIZ_2,WEEPINBELL,35,,,0,10,5,1
TRAINER_PICNICKER_LIZ_2,NIDORINA,38,,,0,10,5,2
TRAINER_PICNICKER_LIZ_3,WEEPINBELL,39,,,0,10,5,1
TRAINER_PICNICKER_LIZ_3,NIDORINO,38,,,0,10,5,2
TRAINER_PICNICKER_LIZ_3,NIDOQUEEN,40,,,0,10,5,3
TRAINER_PICNICKER_LIZ_4,VICTREEBEL,47,,,0,10,5,1
TRAINER_PICNICKER_LIZ_4,NIDOKING,58,,,0,10,5,2
TRAINER_PICNICKER_LIZ_4,NIDOQUEEN,60,,,0,10,5,3
TRAINER_PICNICKER_MICKEY,WEEPINBELL,30,"SLEEP_POWDER,POISON_POWDER,STUN_SPORE,SLUDGE_BOMB",,0,10,5,1
TRAINER_PICNICKER_MICKEY,NIDOKING,32,"EARTHQUAKE,DOUBLE_KICK,POISON_STING,IRON_TAIL",,0,10,5,2
TRAINER_PICNICKER_MICKEY,NIDOQUEEN,32,"EARTHQUAKE,DOUBLE_KICK,TAIL_WHIP,BODY_SLAM",,0,10,5,3
TRAINER_PICNICKER_MICKEY_2,JUMPLUFF,33,"STUN_SPORE,SUNNY_DAY,LEECH_SEED,COTTON_SPORE",,0,10,5,1
TRAINER_PICNICKER_MICKEY_2,JUMPLUFF,33,"SUNNY_DAY,SLEEP_POWDER,LEECH_SEED,COTTON_SPORE",,0,10,5,2
TRAINER_PICNICKER_MICKEY_2,VENUSAUR,38,"SOLAR_BEAM,RAZOR_LEAF,HEADBUTT,MUD_SLAP",,0,10,5,3
TRAINER_PICNICKER_PIPER,SPOINK,40,,,0,10,5,1
TRAINER_PICNICKER_SELINA,CHERUBI,42,,,0,10,5,1
TRAINER_PICNICKER_SHARON,FURRET,41,,,0,10,5,1
TRAINER_PICNICKER_SHARON,RAPIDASH,43,,,0,10,5,2
TRAINER_PICNICKER_TANYA,EXEGGUTOR,49,"GIGA_DRAIN,LIGHT_SCREEN,EGG_BOMB,HYPNOSIS",,0,10,5,1
TRAINER_PICNICKER_TIFFANY,CLEFAIRY,21,"ENCORE,SING,DOUBLE_SLAP,MINIMIZE",,0,10,5,1
TRAINER_PICNICKER_TIFFANY_2,CLEFAIRY,34,"GRAVITY,SING,WAKE_UP_SLAP,METRONOME",,0,10,5,1
TRAINER_PICNICKER_TIFFANY_3,CLEFABLE,41,"GRAVITY,SING,WAKE_UP_SLAP,MOONLIGHT",,0,10,5,1
TRAINER_PICNICKER_TIFFANY_4,CLEFABLE,61,"GRAVITY,METRONOME,BLIZZARD,THUNDER",,0,10,5,1
TRAINER_PKMN_TRAINER_BUCK_MARLEY,NINJASK,61,"X_SCISSOR,AERIAL_ACE,SWORDS_DANCE,SLASH",ITEM_NONE,200,10,5,1
TRAINER_PKMN_TRAINER_BUCK_MARLEY,ELECTRODE,61,"HYPER_BEAM,THUNDER,THUNDER_WAVE,DOUBLE_TEAM",ITEM_NONE,200,10,5,2
TRAINER_PKMN_TRAINER_BUCK_MARLEY,CROBAT,62,"AIR_SLASH,POISON_FANG,CONFUSE_RAY,DOUBLE_TEAM",ITEM_NONE,200,10,5,3
TRAINER_PKMN_TRAINER_BUCK_MARLEY,WEAVILE,63,"ICE_SHARD,NIGHT_SLASH,ICE_PUNCH,AERIAL_ACE",ITEM_NONE,200,10,5,4
TRAINER_PKMN_TRAINER_BUCK_MARLEY,ARCANINE,65,"EXTREME_SPEED,FLARE_BLITZ,CRUNCH,THUNDER_FANG",ITEM_SITRUS_BERRY,200,10,5,5
TRAINER_PKMN_TRAINER_CHERYL_CHERYL,WOBBUFFET,61,"COUNTER,MIRROR_COAT,SAFEGUARD,ENCORE",ITEM_NONE,200,10,5,1
TRAINER_PKMN_TRAINER_CHERYL_CHERYL,DRIFBLIM,61,"TOXIC,OMINOUS_WIND,FLY,PROTECT",ITEM_NONE,200,10,5,2
TRAINER_PKMN_TRAINER_CHERYL_CHERYL,HARIYAMA,62,"CLOSE_COMBAT,EARTHQUAKE,BULLET_PUNCH,STONE_EDGE",ITEM_NONE,200,10,5,3
TRAINER_PKMN_TRAINER_CHERYL_CHERYL,WAILORD,63,"WATER_SPOUT,BRINE,EARTHQUAKE,AVALANCHE",ITEM_NONE,200,10,5,4
TRAINER_PKMN_TRAINER_CHERYL_CHERYL,BLISSEY,65,"SOFTBOILED,COUNTER,PSYCHIC,TOXIC",ITEM_SITRUS_BERRY,200,10,5,5
TRAINER_PKMN_TRAINER_LANCE_LANCE,DRAGONITE,40,"FLY,TWISTER,THUNDER,HYPER_BEAM",,250,10,5,1
TRAINER_PKMN_TRAINER_MARLEY_MIRA,PORYGON_Z,61,"TRI_ATTACK,PSYCHIC,THUNDERBOLT,DARK_PULSE",ITEM_NONE,200,10,5,1
TRAINER_PKMN_TRAINER_MARLEY_MIRA,GENGAR,61,"SHADOW_BALL,PSYCHIC,SLUDGE_BOMB,ENERGY_BALL",ITEM_NONE,200,10,5,2
TRAINER_PKMN_TRAINER_MARLEY_MIRA,MAGNEZONE,62,"THUNDER,FLASH_CANNON,THUNDER_WAVE,HYPER_BEAM",ITEM_NONE,200,10,5,3
TRAINER_PKMN_TRAINER_MARLEY_MIRA,TOGEKISS,63,"EXTREME_SPEED,AIR_SLASH,AURA_SPHERE,PSYCHIC",ITEM_NONE,200,10,5,4
TRAINER_PKMN_TRAINER_MARLEY_MIRA,ALAKAZAM,65,"PSYCHIC,FOCUS_BLAST,CALM_MIND,HYPER_BEAM",ITEM_SITRUS_BERRY,200,10,5,5
TRAINER_PKMN_TRAINER_MIRA_BUCK,SHUCKLE,61,"REST,TOXIC,PROTECT,SANDSTORM",ITEM_NONE,200,10,5,1
TRAINER_PKMN_TRAINER_MIRA_BUCK,UMBREON,62,"DARK_PULSE,PSYCHIC,CONFUSE_RAY,DOUBLE_TEAM",ITEM_NONE,200,10,5,2
TRAINER_PKMN_TRAINER_MIRA_BUCK,TORKOAL,61,"EARTHQUAKE,WILL_O_WISP,ERUPTION,PROTECT",ITEM_NONE,200,10,5,3
TRAINER_PKMN_TRAINER_MIRA_BUCK,DUSKNOIR,63,"FIRE_PUNCH,ICE_PUNCH,THUNDER_PUNCH,SHADOW_BALL",ITEM_NONE,200,10,5,4
TRAINER_PKMN_TRAINER_MIRA_BUCK,CLAYDOL,65,"EARTH_POWER,PSYCHIC,ANCIENT_POWER,CALM_MIND",ITEM_SITRUS_BERRY,200,10,5,5
TRAINER_PKMN_TRAINER_RED_RED,PIKACHU,88,"VOLT_TACKLE,IRON_TAIL,QUICK_ATTACK,THUNDERBOLT",ITEM_LIGHT_BALL,250,10,5,1
TRAINER_PKMN_TRAINER_RED_RED,LAPRAS,80,"BLIZZARD,BRINE,PSYCHIC,BODY_SLAM",ITEM_NONE,250,10,5,2
TRAINER_PKMN_TRAINER_RED_RED,SNORLAX,82,"SHADOW_BALL,CRUNCH,BLIZZARD,GIGA_IMPACT",ITEM_NONE,250,10,5,3
TRAINER_PKMN_TRAINER_RED_RED,VENUSAUR,84,"SLUDGE_BOMB,GIGA_DRAIN,SLEEP_POWDER,FRENZY_PLANT",ITEM_NONE,250,10,5,4
TRAINER_PKMN_TRAINER_RED_RED,CHARIZARD,84,"FLARE_BLITZ,AIR_SLASH,BLAST_BURN,DRAGON_PULSE",ITEM_NONE,250,10,5,5
TRAINER_PKMN_TRAINER_RED_RED,BLASTOISE,84,"FOCUS_BLAST,HYDRO_CANNON,BLIZZARD,FLASH_CANNON",ITEM_NONE,250,10,5,6
TRAINER_PKMN_TRAINER_RILEY_RILEY,ABSOL,61,"PSYCHO_CUT,NIGHT_SLASH,SWORDS_DANCE,QUICK_ATTACK",ITEM_NONE,200,10,5,1
TRAINER_PKMN_TRAINER_RILEY_RILEY,URSARING,61,"AVALANCHE,SLASH,AERIAL_ACE,SHADOW_CLAW",ITEM_NONE,200,10,5,2
TRAINER_PKMN_TRAINER_RILEY_RILEY,METAGROSS,62,"METEOR_MASH,ZEN_HEADBUTT,HAMMER_ARM,BULLET_PUNCH",ITEM_NONE,200,10,5,3
TRAINER_PKMN_TRAINER_RILEY_RILEY,SALAMENCE,63,"DRAGON_CLAW,CRUNCH,FIRE_FANG,THUNDER_FANG",ITEM_NONE,200,10,5,4
TRAINER_PKMN_TRAINER_RILEY_RILEY,LUCARIO,65,"EXTREME_SPEED,CLOSE_COMBAT,BONE_RUSH,BLAZE_KICK",ITEM_SITRUS_BERRY,200,10,5,5
TRAINER_POKEFAN_BEVERLY,SNUBBULL,16,,,0,10,5,1
TRAINER_POKEFAN_BEVERLY_2,SNUBBULL,31,,,0,10,5,1
TRAINER_POKEFAN_BEVERLY_3,GRANBULL,43,,,0,10,5,1
TRAINER_POKEFAN_BEVERLY_4,GRANBULL,53,,,0,10,5,1
TRAINER_POKEFAN_ELEANOR,SPINDA,43,,,0,10,5,1
TRAINER_POKEFAN_ELEANOR,ILLUMISE,41,,,0,10,5,2
TRAINER_POKEFAN_GEORGIA,SENTRET,31,,,0,10,5,1
TRAINER_POKEFAN_GEORGIA,SENTRET,31,,,0,10,5,2
TRAINER_POKEFAN_GEORGIA,SENTRET,31,,,0,10,5,3
TRAINER_POKEFAN_GEORGIA,FURRET,36,,,0,10,5,4
TRAINER_POKEFAN_GEORGIA,SENTRET,31,,,0,10,5,5
TRAINER_POKEFAN_MARIGOLD,MEOWTH,16,,,0,10,5,1
TRAINER_POKEFAN_M_ALEX,NIDOKING,29,,,0,10,5,1
TRAINER_POKEFAN_M_ALEX,SLOWKING,29,,,0,10,5,2
TRAINER_POKEFAN_M_ALEX,MAGIKARP,65,,,0,10,5,3
TRAINER_POKEFAN_M_ANDY,TEDDIURSA,44,,,0,10,5,1
TRAINER_POKEFAN_M_BOONE,SPINDA,43,,,0,10,5,1
TRAINER_POKEFAN_M_BOONE,VOLBEAT,41,,,0,10,5,2
TRAINER_POKEFAN_M_BRANDON,SNUBBULL,13,,,0,10,5,1
TRAINER_POKEFAN_M_BRANDON,MAREEP,13,,,0,10,5,2
TRAINER_POKEFAN_M_CARTER,BULBASAUR,38,,,0,10,5,1
TRAINER_POKEFAN_M_CARTER,CHARMANDER,38,,,0,10,5,2
TRAINER_POKEFAN_M_CARTER,SQUIRTLE,38,,,0,10,5,3
TRAINER_POKEFAN_M_COLIN,DELIBIRD,40,"PRESENT,AERIAL_ACE,AVALANCHE",,0,10,5,1
TRAINER_POKEFAN_M_DEREK,PIKACHU,18,"DOUBLE_TEAM,QUICK_ATTACK,TAIL_WHIP,THUNDER_SHOCK",,0,10,5,1
TRAINER_POKEFAN_M_DEREK_2,TEDDIURSA,24,,,0,10,5,1
TRAINER_POKEFAN_M_DEREK_2,PIKACHU,30,,,0,10,5,2
TRAINER_POKEFAN_M_DEREK_3,PICHU,13,,,0,10,5,1
TRAINER_POKEFAN_M_DEREK_3,TEDDIURSA,15,,,0,10,5,2
TRAINER_POKEFAN_M_DEREK_3,PIKACHU,37,,,0,10,5,3
TRAINER_POKEFAN_M_DEREK_3,TEDDIURSA,29,,,0,10,5,4
TRAINER_POKEFAN_M_DEREK_4,PICHU,18,,,0,10,5,1
TRAINER_POKEFAN_M_DEREK_4,TEDDIURSA,22,,,0,10,5,2
TRAINER_POKEFAN_M_DEREK_4,PIKACHU,39,,,0,10,5,3
TRAINER_POKEFAN_M_DEREK_4,URSARING,47,,,0,10,5,4
TRAINER_POKEFAN_M_JEREMY,MEOWTH,36,,,0,10,5,1
TRAINER_POKEFAN_M_JEREMY,MEOWTH,36,,,0,10,5,2
TRAINER_POKEFAN_M_JEREMY,MEOWTH,36,,,0,10,5,3
TRAINER_POKEFAN_M_JOSHUA,PIKACHU,32,,,0,10,5,1
TRAINER_POKEFAN_M_JOSHUA,PIKACHU,32,,,0,10,5,2
TRAINER_POKEFAN_M_JOSHUA,PIKACHU,32,,,0,10,5,3
TRAINER_POKEFAN_M_JOSHUA,PIKACHU,32,,,0,10,5,4
TRAINER_POKEFAN_M_JOSHUA,PIKACHU,32,,,0,10,5,5
TRAINER_POKEFAN_M_JOSHUA,PIKACHU,32,,,0,10,5,6
TRAINER_POKEFAN_M_REX,PHANPY,45,,,0,10,5,1
TRAINER_POKEFAN_M_ROBERT,QUAGSIRE,43,,,0,10,5,1
TRAINER_POKEFAN_M_TREVOR,PSYDUCK,42,,,0,10,5,1
TRAINER_POKEFAN_M_WILLIAM,RAICHU,16,,,0,10,5,1
TRAINER_POKEFAN_RUTH,PIKACHU,17,"DOUBLE_TEAM,QUICK_ATTACK,TAIL_WHIP,THUNDER_SHOCK",,0,10,5,1
TRAINER_POKE_MANIAC_ANDREW,MAROWAK,24,,,0,10,5,1
TRAINER_POKE_MANIAC_ANDREW,MAROWAK,24,,,0,10,5,2
TRAINER_POKE_MANIAC_BECKETT,SLOWBRO,20,,,0,10,5,1
TRAINER_POKE_MANIAC_BRENT,NIDORINA,20,,,0,10,5,1
TRAINER_POKE_MANIAC_BRENT,NIDORINO,24,,,0,10,5,2
TRAINER_POKE_MANIAC_BRENT_2,NIDORINA,32,,,0,10,5,1
TRAINER_POKE_MANIAC_BRENT_2,NIDORINO,34,,,0,10,5,2
TRAINER_POKE_MANIAC_BRENT_2,GYARADOS,32,,,0,10,5,3
TRAINER_POKE_MANIAC_BRENT_3,GYARADOS,41,,,0,10,5,1
TRAINER_POKE_MANIAC_BRENT_3,LICKITUNG,38,,,0,10,5,2
TRAINER_POKE_MANIAC_BRENT_3,NIDORINA,38,,,0,10,5,3
TRAINER_POKE_MANIAC_BRENT_3,NIDORINO,43,,,0,10,5,4
TRAINER_POKE_MANIAC_BRENT_4,GYARADOS,48,,,0,10,5,1
TRAINER_POKE_MANIAC_BRENT_4,LICKITUNG,40,,,0,10,5,2
TRAINER_POKE_MANIAC_BRENT_4,NIDOQUEEN,58,,,0,10,5,3
TRAINER_POKE_MANIAC_BRENT_4,NIDOKING,58,,,0,10,5,4
TRAINER_POKE_MANIAC_CALVIN,KANGASKHAN,26,,,0,10,5,1
TRAINER_POKE_MANIAC_DONALD,SLOWPOKE,11,,,0,10,5,1
TRAINER_POKE_MANIAC_DONALD,SLOWPOKE,11,,,0,10,5,2
TRAINER_POKE_MANIAC_HARRISON,NIDOKING,17,,,0,10,5,1
TRAINER_POKE_MANIAC_HARRISON,NIDOQUEEN,17,,,0,10,5,2
TRAINER_POKE_MANIAC_ISSAC,LICKITUNG,12,"LICK,SUPERSONIC,CUT",,0,10,5,1
TRAINER_POKE_MANIAC_LARRY,SLOWPOKE,11,,,0,10,5,1
TRAINER_POKE_MANIAC_MORGAN,RHYHORN,39,,,0,10,5,1
TRAINER_POKE_MANIAC_MORGAN,RHYDON,39,,,0,10,5,2
TRAINER_POKE_MANIAC_RON,NIDOKING,20,,,0,10,5,1
TRAINER_POKE_MANIAC_SHANE,NIDORINA,17,,,0,10,5,1
TRAINER_POKE_MANIAC_SHANE,NIDORINO,17,,,0,10,5,2
TRAINER_POKE_MANIAC_ZACH,RHYHORN,30,,,0,10,5,1
TRAINER_POLICEMAN_DIRK,GROWLITHE,14,,,0,10,5,1
TRAINER_POLICEMAN_DIRK,GROWLITHE,14,,,0,10,5,2
TRAINER_POLICEMAN_KEITH,GROWLITHE,17,,,0,10,5,1
TRAINER_PSYCHIC_M_ELI,STARMIE,30,,,0,10,5,1
TRAINER_PSYCHIC_M_ELI,EXEGGCUTE,30,,,0,10,5,2
TRAINER_PSYCHIC_M_ELI,GIRAFARIG,34,,,0,10,5,3
TRAINER_PSYCHIC_M_FIDEL,XATU,43,"FUTURE_SIGHT,PSYCHO_SHIFT,CONFUSE_RAY,ME_FIRST",,0,10,5,1
TRAINER_PSYCHIC_M_FRANKLIN,KADABRA,44,"HEADBUTT,SKILL_SWAP,PSYCHIC,DISABLE",,0,10,5,1
TRAINER_PSYCHIC_M_FRANKLIN,GIRAFARIG,47,"CRUNCH,SKILL_SWAP,DOUBLE_HIT,PSYCHIC",,0,10,5,2
TRAINER_PSYCHIC_M_GREG,DROWZEE,17,"HYPNOSIS,DISABLE,DREAM_EATER",,0,10,5,1
TRAINER_PSYCHIC_M_HERMAN,EXEGGCUTE,39,"PSYCHIC,HYPNOSIS,BARRAGE,DREAM_EATER",,0,10,5,1
TRAINER_PSYCHIC_M_HERMAN,EXEGGCUTE,39,"PSYCHIC,HYPNOSIS,BARRAGE,DREAM_EATER",,0,10,5,2
TRAINER_PSYCHIC_M_HERMAN,EXEGGUTOR,39,"PSYCHIC,HYPNOSIS,WOOD_HAMMER,DREAM_EATER",,0,10,5,3
TRAINER_PSYCHIC_M_JARED,MR_MIME,42,"SKILL_SWAP,PSYCHIC,REFLECT,LIGHT_SCREEN",,0,10,5,1
TRAINER_PSYCHIC_M_JARED,EXEGGCUTE,42,"SKILL_SWAP,PSYCHIC,SLEEP_POWDER,LEECH_SEED",,0,10,5,2
TRAINER_PSYCHIC_M_JARED,EXEGGCUTE,45,"SKILL_SWAP,PSYCHIC,HYPNOSIS,GRASS_KNOT",,0,10,5,3
TRAINER_PSYCHIC_M_MARK,ABRA,14,"TELEPORT,FLASH",,0,10,5,1
TRAINER_PSYCHIC_M_MARK,ABRA,14,"TELEPORT,FLASH",,0,10,5,2
TRAINER_PSYCHIC_M_MARK,KADABRA,16,"TELEPORT,KINESIS,CONFUSION",,0,10,5,3
TRAINER_PSYCHIC_M_NATHAN,GIRAFARIG,26,,,0,10,5,1
TRAINER_PSYCHIC_M_NELSON,SLOWPOKE,17,"TACKLE,GROWL,WATER_GUN",,0,10,5,1
TRAINER_PSYCHIC_M_NELSON,SLOWPOKE,20,"CURSE,HEADBUTT,WATER_GUN,CONFUSION",,0,10,5,2
TRAINER_PSYCHIC_M_PHIL,NATU,27,"LEER,NIGHT_SHADE,ME_FIRST,CONFUSE_RAY",,0,10,5,1
TRAINER_PSYCHIC_M_PHIL,KADABRA,29,"DISABLE,PSYBEAM,REFLECT,CHARGE_BEAM",,0,10,5,2
TRAINER_PSYCHIC_M_RODNEY,CHINGLING,37,,,0,10,5,1
TRAINER_PSYCHIC_M_RODNEY,HYPNO,41,,,0,10,5,2
TRAINER_PSYCHIC_M_VERNON,ESPEON,36,,,0,10,5,1
TRAINER_RIVAL_SILVER,GASTLY,14,,,30,10,5,1
TRAINER_RIVAL_SILVER,ZUBAT,16,,,30,10,5,2
TRAINER_RIVAL_SILVER,BAYLEEF,18,,,30,10,5,3
TRAINER_RIVAL_SILVER_10,GASTLY,14,,,30,10,5,1
TRAINER_RIVAL_SILVER_10,ZUBAT,16,,,30,10,5,2
TRAINER_RIVAL_SILVER_10,CROCONAW,18,,,30,10,5,3
TRAINER_RIVAL_SILVER_11,GASTLY,20,"LICK,CONFUSE_RAY,MEAN_LOOK,CURSE",,80,10,5,1
TRAINER_RIVAL_SILVER_11,MAGNEMITE,18,"THUNDER_WAVE,THUNDER_SHOCK,SUPERSONIC,SONIC_BOOM",,80,10,5,2
TRAINER_RIVAL_SILVER_11,ZUBAT,20,"ASTONISH,SUPERSONIC,BITE,WING_ATTACK",,80,10,5,3
TRAINER_RIVAL_SILVER_11,CROCONAW,22,"SCARY_FACE,ICE_FANG,WATER_GUN,BITE",,80,10,5,4
TRAINER_RIVAL_SILVER_12,GOLBAT,30,"ASTONISH,BITE,CONFUSE_RAY,AIR_CUTTER",,120,10,5,1
TRAINER_RIVAL_SILVER_12,MAGNEMITE,28,"SUPERSONIC,SPARK,SONIC_BOOM,THUNDER_WAVE",,120,10,5,2
TRAINER_RIVAL_SILVER_12,HAUNTER,30,"CONFUSE_RAY,MEAN_LOOK,CURSE,SHADOW_BALL",,120,10,5,3
TRAINER_RIVAL_SILVER_12,SNEASEL,32,"ICY_WIND,QUICK_ATTACK,FURY_SWIPES,FAINT_ATTACK",,120,10,5,4
TRAINER_RIVAL_SILVER_12,FERALIGATR,32,"ICE_FANG,WATER_GUN,CRUNCH,THRASH",,120,10,5,5
TRAINER_RIVAL_SILVER_13,SNEASEL,36,"QUICK_ATTACK,ICY_WIND,FAINT_ATTACK,FURY_SWIPES",,160,10,5,1
TRAINER_RIVAL_SILVER_13,GOLBAT,38,"ASTONISH,BITE,CONFUSE_RAY,AIR_CUTTER",,160,10,5,2
TRAINER_RIVAL_SILVER_13,MAGNETON,37,"SPARK,SUPERSONIC,THUNDER_WAVE,MAGNET_BOMB",,160,10,5,3
TRAINER_RIVAL_SILVER_13,HAUNTER,37,"MEAN_LOOK,CURSE,SHADOW_BALL,CONFUSE_RAY",,160,10,5,4
TRAINER_RIVAL_SILVER_13,KADABRA,37,"DISABLE,PSYBEAM,RECOVER,REFLECT",,160,10,5,5
TRAINER_RIVAL_SILVER_13,FERALIGATR,40,"WATERFALL,ICE_FANG,CRUNCH,SLASH",,160,10,5,6
TRAINER_RIVAL_SILVER_14,SNEASEL,46,"QUICK_ATTACK,ICY_WIND,FAINT_ATTACK,SHADOW_CLAW",,200,10,5,1
TRAINER_RIVAL_SILVER_14,GOLBAT,47,"POISON_FANG,BITE,CONFUSE_RAY,AIR_CUTTER",,200,10,5,2
TRAINER_RIVAL_SILVER_14,MAGNETON,46,"DISCHARGE,SUPERSONIC,THUNDER_WAVE,MAGNET_BOMB",,200,10,5,3
TRAINER_RIVAL_SILVER_14,GENGAR,48,"MEAN_LOOK,CURSE,SHADOW_BALL,CONFUSE_RAY",,200,10,5,4
TRAINER_RIVAL_SILVER_14,ALAKAZAM,48,"DISABLE,RECOVER,REFLECT,PSYCHIC",,200,10,5,5
TRAINER_RIVAL_SILVER_14,MEGANIUM,50,"PETAL_DANCE,POISON_POWDER,SYNTHESIS,LIGHT_SCREEN",,200,10,5,6
TRAINER_RIVAL_SILVER_15,SNEASEL,46,"QUICK_ATTACK,ICY_WIND,FAINT_ATTACK,SHADOW_CLAW",,200,10,5,1
TRAINER_RIVAL_SILVER_15,GOLBAT,47,"POISON_FANG,BITE,CONFUSE_RAY,AIR_CUTTER",,200,10,5,2
TRAINER_RIVAL_SILVER_15,MAGNETON,46,"DISCHARGE,SUPERSONIC,THUNDER_WAVE,MAGNET_BOMB",,200,10,5,3
TRAINER_RIVAL_SILVER_15,GENGAR,48,"MEAN_LOOK,CURSE,SHADOW_BALL,CONFUSE_RAY",,200,10,5,4
TRAINER_RIVAL_SILVER_15,ALAKAZAM,48,"DISABLE,RECOVER,REFLECT,PSYCHIC",,200,10,5,5
TRAINER_RIVAL_SILVER_15,TYPHLOSION,50,"FLAMETHROWER,QUICK_ATTACK,FLAME_WHEEL,SWIFT",,200,10,5,6
TRAINER_RIVAL_SILVER_16,SNEASEL,46,"QUICK_ATTACK,ICY_WIND,FAINT_ATTACK,SHADOW_CLAW",,200,10,5,1
TRAINER_RIVAL_SILVER_16,GOLBAT,47,"POISON_FANG,BITE,CONFUSE_RAY,AIR_CUTTER",,200,10,5,2
TRAINER_RIVAL_SILVER_16,MAGNETON,46,"DISCHARGE,SUPERSONIC,THUNDER_WAVE,MAGNET_BOMB",,200,10,5,3
TRAINER_RIVAL_SILVER_16,GENGAR,48,"MEAN_LOOK,CURSE,SHADOW_BALL,CONFUSE_RAY",,200,10,5,4
TRAINER_RIVAL_SILVER_16,ALAKAZAM,48,"DISABLE,RECOVER,REFLECT,PSYCHIC",,200,10,5,5
TRAINER_RIVAL_SILVER_16,FERALIGATR,50,"WATERFALL,ICE_FANG,CRUNCH,SLASH",,200,10,5,6
TRAINER_RIVAL_SILVER_17,GOLBAT,32,"ASTONISH,BITE,CONFUSE_RAY,AIR_CUTTER",,120,10,5,1
TRAINER_RIVAL_SILVER_17,MAGNEMITE,30,"SUPERSONIC,SPARK,SONIC_BOOM,THUNDER_WAVE",,120,10,5,2
TRAINER_RIVAL_SILVER_17,HAUNTER,32,"CONFUSE_RAY,MEAN_LOOK,CURSE,SHADOW_BALL",,120,10,5,3
TRAINER_RIVAL_SILVER_17,SNEASEL,34,"ICY_WIND,QUICK_ATTACK,FURY_SWIPES,FAINT_ATTACK",,120,10,5,4
TRAINER_RIVAL_SILVER_17,MEGANIUM,34,"REFLECT,SYNTHESIS,POISON_POWDER,PETAL_DANCE",,120,10,5,5
TRAINER_RIVAL_SILVER_18,GOLBAT,32,"ASTONISH,BITE,CONFUSE_RAY,AIR_CUTTER",,120,10,5,1
TRAINER_RIVAL_SILVER_18,MAGNEMITE,30,"SUPERSONIC,SPARK,SONIC_BOOM,THUNDER_WAVE",,120,10,5,2
TRAINER_RIVAL_SILVER_18,HAUNTER,32,"CONFUSE_RAY,MEAN_LOOK,CURSE,SHADOW_BALL",,120,10,5,3
TRAINER_RIVAL_SILVER_18,SNEASEL,34,"ICY_WIND,QUICK_ATTACK,FURY_SWIPES,FAINT_ATTACK",,120,10,5,4
TRAINER_RIVAL_SILVER_18,QUILAVA,34,"SMOKE_SCREEN,SWIFT,QUICK_ATTACK,FLAME_WHEEL",,120,10,5,5
TRAINER_RIVAL_SILVER_19,SNEASEL,55,"ICY_WIND,SHADOW_CLAW,FAINT_ATTACK,METAL_CLAW",,250,10,5,1
TRAINER_RIVAL_SILVER_19,CROBAT,58,"TOXIC,BITE,CONFUSE_RAY,AIR_CUTTER",,250,10,5,2
TRAINER_RIVAL_SILVER_19,MAGNETON,55,"DISCHARGE,MIRROR_SHOT,THUNDER_WAVE,MAGNET_BOMB",,250,10,5,3
TRAINER_RIVAL_SILVER_19,GENGAR,56,"DARK_PULSE,SLUDGE_BOMB,SHADOW_BALL,CONFUSE_RAY",,250,10,5,4
TRAINER_RIVAL_SILVER_19,ALAKAZAM,56,"RECOVER,FOCUS_BLAST,PSYCHIC,REFLECT",,250,10,5,5
TRAINER_RIVAL_SILVER_19,MEGANIUM,60,"PETAL_DANCE,BODY_SLAM,LIGHT_SCREEN,SYNTHESIS",,250,10,5,6
TRAINER_RIVAL_SILVER_2,CYNDAQUIL,5,,,0,10,5,1
TRAINER_RIVAL_SILVER_20,SNEASEL,55,"ICY_WIND,SHADOW_CLAW,FAINT_ATTACK,METAL_CLAW",,250,10,5,1
TRAINER_RIVAL_SILVER_20,CROBAT,58,"TOXIC,BITE,CONFUSE_RAY,AIR_CUTTER",,250,10,5,2
TRAINER_RIVAL_SILVER_20,MAGNETON,55,"DISCHARGE,MIRROR_SHOT,THUNDER_WAVE,MAGNET_BOMB",,250,10,5,3
TRAINER_RIVAL_SILVER_20,GENGAR,56,"DARK_PULSE,SLUDGE_BOMB,SHADOW_BALL,CONFUSE_RAY",,250,10,5,4
TRAINER_RIVAL_SILVER_20,ALAKAZAM,56,"RECOVER,FOCUS_BLAST,PSYCHIC,REFLECT",,250,10,5,5
TRAINER_RIVAL_SILVER_20,TYPHLOSION,60,"ROLLOUT,FLAMETHROWER,WILL_O_WISP,SWIFT",,250,10,5,6
TRAINER_RIVAL_SILVER_21,SNEASEL,55,"ICY_WIND,SHADOW_CLAW,FAINT_ATTACK,METAL_CLAW",ITEM_NONE,250,10,5,1
TRAINER_RIVAL_SILVER_21,CROBAT,58,"TOXIC,BITE,CONFUSE_RAY,AIR_CUTTER",ITEM_NONE,250,10,5,2
TRAINER_RIVAL_SILVER_21,MAGNETON,55,"DISCHARGE,MIRROR_SHOT,THUNDER_WAVE,MAGNET_BOMB",ITEM_NONE,250,10,5,3
TRAINER_RIVAL_SILVER_21,GENGAR,56,"DARK_PULSE,SLUDGE_BOMB,SHADOW_BALL,CONFUSE_RAY",ITEM_NONE,250,10,5,4
TRAINER_RIVAL_SILVER_21,ALAKAZAM,56,"RECOVER,FOCUS_BLAST,PSYCHIC,REFLECT",ITEM_NONE,250,10,5,5
TRAINER_RIVAL_SILVER_21,FERALIGATR,60,"CRUNCH,AQUA_TAIL,SLASH,ICE_FANG",ITEM_NONE,250,10,5,6
TRAINER_RIVAL_SILVER_3,TOTODILE,5,,,0,10,5,1
TRAINER_RIVAL_SILVER_4,GASTLY,20,"LICK,CONFUSE_RAY,MEAN_LOOK,CURSE",,80,10,5,1
TRAINER_RIVAL_SILVER_4,MAGNEMITE,18,"THUNDER_WAVE,THUNDER_SHOCK,SUPERSONIC,SONIC_BOOM",,80,10,5,2
TRAINER_RIVAL_SILVER_4,ZUBAT,20,"ASTONISH,SUPERSONIC,BITE,WING_ATTACK",,80,10,5,3
TRAINER_RIVAL_SILVER_4,BAYLEEF,22,"SYNTHESIS,REFLECT,MAGICAL_LEAF,POISON_POWDER",,80,10,5,4
TRAINER_RIVAL_SILVER_5,SNEASEL,36,"QUICK_ATTACK,ICY_WIND,FAINT_ATTACK,FURY_SWIPES",,160,10,5,1
TRAINER_RIVAL_SILVER_5,GOLBAT,38,"ASTONISH,BITE,CONFUSE_RAY,AIR_CUTTER",,160,10,5,2
TRAINER_RIVAL_SILVER_5,MAGNETON,37,"SPARK,SUPERSONIC,THUNDER_WAVE,MAGNET_BOMB",,160,10,5,3
TRAINER_RIVAL_SILVER_5,HAUNTER,37,"MEAN_LOOK,CURSE,SHADOW_BALL,CONFUSE_RAY",,160,10,5,4
TRAINER_RIVAL_SILVER_5,KADABRA,37,"DISABLE,PSYBEAM,RECOVER,REFLECT",,160,10,5,5
TRAINER_RIVAL_SILVER_5,MEGANIUM,40,"REFLECT,PETAL_DANCE,POISON_POWDER,SYNTHESIS",,160,10,5,6
TRAINER_RIVAL_SILVER_6,CHIKORITA,5,,,0,10,5,1
TRAINER_RIVAL_SILVER_7,GASTLY,14,,,30,10,5,1
TRAINER_RIVAL_SILVER_7,ZUBAT,16,,,30,10,5,2
TRAINER_RIVAL_SILVER_7,QUILAVA,18,,,30,10,5,3
TRAINER_RIVAL_SILVER_8,GASTLY,20,"LICK,CONFUSE_RAY,MEAN_LOOK,CURSE",,80,10,5,1
TRAINER_RIVAL_SILVER_8,MAGNEMITE,18,"THUNDER_WAVE,THUNDER_SHOCK,SUPERSONIC,SONIC_BOOM",,80,10,5,2
TRAINER_RIVAL_SILVER_8,ZUBAT,20,"ASTONISH,SUPERSONIC,BITE,WING_ATTACK",,80,10,5,3
TRAINER_RIVAL_SILVER_8,QUILAVA,22,"FLAME_WHEEL,SMOKE_SCREEN,EMBER,QUICK_ATTACK",,80,10,5,4
TRAINER_RIVAL_SILVER_9,SNEASEL,36,"QUICK_ATTACK,ICY_WIND,FAINT_ATTACK,FURY_SWIPES",,160,10,5,1
TRAINER_RIVAL_SILVER_9,GOLBAT,38,"ASTONISH,BITE,CONFUSE_RAY,AIR_CUTTER",,160,10,5,2
TRAINER_RIVAL_SILVER_9,MAGNETON,37,"SPARK,SUPERSONIC,THUNDER_WAVE,MAGNET_BOMB",,160,10,5,3
TRAINER_RIVAL_SILVER_9,HAUNTER,37,"MEAN_LOOK,CURSE,SHADOW_BALL,CONFUSE_RAY",,160,10,5,4
TRAINER_RIVAL_SILVER_9,KADABRA,37,"DISABLE,PSYBEAM,RECOVER,REFLECT",,160,10,5,5
TRAINER_RIVAL_SILVER_9,TYPHLOSION,40,"LAVA_PLUME,SWIFT,QUICK_ATTACK,FLAME_WHEEL",,160,10,5,6
TRAINER_ROCKET_BOSS_GIOVANNI,NIDOKING,42,"FOCUS_ENERGY,FURY_ATTACK,DOUBLE_KICK,SHADOW_CLAW",ITEM_NONE,100,10,5,1
TRAINER_ROCKET_BOSS_GIOVANNI,KANGASKHAN,40,"DIZZY_PUNCH,SUCKER_PUNCH,LEER,OUTRAGE",ITEM_NONE,100,10,5,2
TRAINER_ROCKET_BOSS_GIOVANNI,HONCHKROW,43,"DARK_PULSE,NASTY_PLOT,SWAGGER,SHADOW_BALL",ITEM_NONE,100,10,5,3
TRAINER_ROCKET_BOSS_GIOVANNI,NIDOQUEEN,46,"EARTH_POWER,SUPERPOWER,CRUNCH,ROAR",ITEM_NONE,100,10,5,4
TRAINER_SAGE_CHOW,BELLSPROUT,3,,,0,10,5,1
TRAINER_SAGE_CHOW,BELLSPROUT,3,,,0,10,5,2
TRAINER_SAGE_CHOW,BELLSPROUT,3,,,0,10,5,3
TRAINER_SAGE_EDMOND,BELLSPROUT,3,,,0,10,5,1
TRAINER_SAGE_EDMOND,BELLSPROUT,3,,,0,10,5,2
TRAINER_SAGE_EDMOND,BELLSPROUT,3,,,0,10,5,3
TRAINER_SAGE_JIN,BELLSPROUT,6,,,0,10,5,1
TRAINER_SAGE_MICKEY,HAUNTER,22,,,0,10,5,1
TRAINER_SAGE_MICKEY_2,GASTLY,16,,,0,10,5,1
TRAINER_SAGE_MICKEY_2,GASTLY,16,,,0,10,5,2
TRAINER_SAGE_MICKEY_2,GASTLY,16,,,0,10,5,3
TRAINER_SAGE_MICKEY_2,GASTLY,16,,,0,10,5,4
TRAINER_SAGE_MICKEY_2,GASTLY,16,,,0,10,5,5
TRAINER_SAGE_MICKEY_3,NOCTOWL,32,"FORESIGHT,HYPNOSIS,TAKE_DOWN,PSYCHIC",,0,10,5,1
TRAINER_SAGE_MICKEY_3,FLAREON,32,"SAND_ATTACK,FLAMETHROWER,QUICK_ATTACK,BITE",,0,10,5,2
TRAINER_SAGE_MICKEY_4,NOCTOWL,32,"FORESIGHT,HYPNOSIS,TAKE_DOWN,PSYCHIC",,0,10,5,1
TRAINER_SAGE_MICKEY_4,JOLTEON,32,"SAND_ATTACK,THUNDERBOLT,QUICK_ATTACK,DOUBLE_KICK",,0,10,5,2
TRAINER_SAGE_MICKEY_5,NOCTOWL,32,"FORESIGHT,HYPNOSIS,TAKE_DOWN,PSYCHIC",,0,10,5,1
TRAINER_SAGE_MICKEY_5,VAPOREON,32,"SAND_ATTACK,SURF,QUICK_ATTACK,BITE",,0,10,5,2
TRAINER_SAGE_NEAL,BELLSPROUT,6,,,0,10,5,1
TRAINER_SAGE_NICO,BELLSPROUT,3,,,0,10,5,1
TRAINER_SAGE_NICO,BELLSPROUT,3,,,0,10,5,2
TRAINER_SAGE_NICO,BELLSPROUT,3,,,0,10,5,3
TRAINER_SAGE_TROY,BELLSPROUT,7,,,0,10,5,1
TRAINER_SAGE_TROY,HOOTHOOT,7,,,0,10,5,2
TRAINER_SAILOR_EDDIE,AZUMARILL,48,"WATER_PULSE,AQUA_RING,DOUBLE_EDGE,AQUA_TAIL",,0,10,5,1
TRAINER_SAILOR_EUGENE,POLIWHIRL,17,,,0,10,5,1
TRAINER_SAILOR_EUGENE,RATICATE,17,,,0,10,5,2
TRAINER_SAILOR_EUGENE,KRABBY,19,,,0,10,5,3
TRAINER_SAILOR_GARRETT,KINGLER,42,,,0,10,5,1
TRAINER_SAILOR_HARRY,WOOPER,20,"WATER_GUN,MUD_BOMB,SLAM,MUD_SHOT",,0,10,5,1
TRAINER_SAILOR_HUEY,POLIWAG,18,,,0,10,5,1
TRAINER_SAILOR_HUEY,POLIWHIRL,20,,,0,10,5,2
TRAINER_SAILOR_HUEY_2,POLIWHIRL,34,,,0,10,5,1
TRAINER_SAILOR_HUEY_2,POLIWHIRL,36,,,0,10,5,2
TRAINER_SAILOR_HUEY_3,POLIWHIRL,38,,,0,10,5,1
TRAINER_SAILOR_HUEY_3,POLIWRATH,41,,,0,10,5,2
TRAINER_SAILOR_HUEY_4,POLITOED,48,"WHIRLPOOL,RAIN_DANCE,BODY_SLAM,PERISH_SONG",,0,10,5,1
TRAINER_SAILOR_HUEY_4,POLIWRATH,52,"SURF,STRENGTH,ICE_PUNCH,SUBMISSION",,0,10,5,2
TRAINER_SAILOR_JEFF,MAKUHITA,40,,,0,10,5,1
TRAINER_SAILOR_JEFF,RATICATE,40,,,0,10,5,2
TRAINER_SAILOR_KENNETH,MACHOP,36,,,0,10,5,1
TRAINER_SAILOR_KENNETH,MACHOP,36,,,0,10,5,2
TRAINER_SAILOR_KENNETH,POLIWRATH,36,,,0,10,5,3
TRAINER_SAILOR_KENNETH,MACHOP,36,,,0,10,5,4
TRAINER_SAILOR_KENT,KRABBY,18,"BUBBLE_BEAM,LEER,VICE_GRIP,HARDEN",,0,10,5,1
TRAINER_SAILOR_KENT,KRABBY,20,"BUBBLE_BEAM,MUD_SHOT,VICE_GRIP,HARDEN",,0,10,5,2
TRAINER_SAILOR_PARKER,HORSEA,43,"WATER_PULSE,FOCUS_ENERGY,TWISTER,AGILITY",,0,10,5,1
TRAINER_SAILOR_PARKER,SEADRA,43,"WATER_PULSE,FOCUS_ENERGY,TWISTER,AGILITY",,0,10,5,2
TRAINER_SAILOR_ROBERTO,MACHOP,18,,,0,10,5,1
TRAINER_SAILOR_ROBERTO,MACHOP,18,,,0,10,5,2
TRAINER_SAILOR_ROBERTO,POLIWHIRL,18,,,0,10,5,3
TRAINER_SAILOR_STANLY,MACHOP,39,,,0,10,5,1
TRAINER_SAILOR_STANLY,MACHOKE,41,,,0,10,5,2
TRAINER_SAILOR_STANLY,PSYDUCK,34,,,0,10,5,3
TRAINER_SAILOR_TERRELL,POLIWHIRL,20,,,0,10,5,1
TRAINER_SCHOOL_KID_M_ALAN,TANGELA,17,,,0,10,5,1
TRAINER_SCHOOL_KID_M_ALAN_2,TANGELA,32,,,0,10,5,1
TRAINER_SCHOOL_KID_M_ALAN_2,YANMA,30,,,0,10,5,2
TRAINER_SCHOOL_KID_M_ALAN_3,XATU,32,,,0,10,5,1
TRAINER_SCHOOL_KID_M_ALAN_3,TANGROWTH,36,,,0,10,5,2
TRAINER_SCHOOL_KID_M_ALAN_3,QUAGSIRE,32,,,0,10,5,3
TRAINER_SCHOOL_KID_M_ALAN_3,YANMEGA,34,,,0,10,5,4
TRAINER_SCHOOL_KID_M_ALAN_4,XATU,47,,,0,10,5,1
TRAINER_SCHOOL_KID_M_ALAN_4,TANGROWTH,54,,,0,10,5,2
TRAINER_SCHOOL_KID_M_ALAN_4,QUAGSIRE,47,,,0,10,5,3
TRAINER_SCHOOL_KID_M_ALAN_4,YANMEGA,54,,,0,10,5,4
TRAINER_SCHOOL_KID_M_BILLY,PARASECT,39,,,0,10,5,1
TRAINER_SCHOOL_KID_M_BILLY,POLIWHIRL,37,,,0,10,5,2
TRAINER_SCHOOL_KID_M_BILLY,DITTO,35,,,0,10,5,3
TRAINER_SCHOOL_KID_M_BILLY_2,PARASECT,42,,,0,10,5,1
TRAINER_SCHOOL_KID_M_BILLY_2,POLIWHIRL,43,,,0,10,5,2
TRAINER_SCHOOL_KID_M_BILLY_2,DITTO,40,,,0,10,5,3
TRAINER_SCHOOL_KID_M_BILLY_3,PARASECT,46,,,0,10,5,1
TRAINER_SCHOOL_KID_M_BILLY_3,POLIWHIRL,47,,,0,10,5,2
TRAINER_SCHOOL_KID_M_BILLY_3,DITTO,46,,,0,10,5,3
TRAINER_SCHOOL_KID_M_BILLY_4,MR_MIME,50,"TRICK_ROOM,PSYCHIC,SUBSTITUTE",,0,10,5,1
TRAINER_SCHOOL_KID_M_BILLY_4,PARASECT,55,"SPORE,GIGA_DRAIN,X_SCISSOR,SLASH",,0,10,5,2
TRAINER_SCHOOL_KID_M_BILLY_4,POLIWRATH,53,"WAKE_UP_SLAP,BELLY_DRUM,DYNAMIC_PUNCH,HYPNOSIS",,0,10,5,3
TRAINER_SCHOOL_KID_M_BILLY_4,DITTO,51,TRANSFORM,,0,10,5,4
TRAINER_SCHOOL_KID_M_CHAD,MR_MIME,20,,,0,10,5,1
TRAINER_SCHOOL_KID_M_CHAD_2,MR_MIME,29,,,0,10,5,1
TRAINER_SCHOOL_KID_M_CHAD_2,MAGNEMITE,30,,,0,10,5,2
TRAINER_SCHOOL_KID_M_CHAD_3,MR_MIME,39,,,0,10,5,1
TRAINER_SCHOOL_KID_M_CHAD_3,MAGNETON,38,,,0,10,5,2
TRAINER_SCHOOL_KID_M_CHAD_4,MR_MIME,46,"BATON_PASS,DOUBLE_TEAM,LIGHT_SCREEN,PSYCHIC",,0,10,5,1
TRAINER_SCHOOL_KID_M_CHAD_4,MAGNETON,56,"GYRO_BALL,MIRROR_SHOT,THUNDER_WAVE,MAGNET_BOMB",,0,10,5,2
TRAINER_SCHOOL_KID_M_CONNOR,ZIGZAGOON,42,"BELLY_DRUM,REST,FLAIL,SECRET_POWER",ITEM_CHESTO_BERRY,0,10,5,1
TRAINER_SCHOOL_KID_M_DANNY,JYNX,43,,,0,10,5,1
TRAINER_SCHOOL_KID_M_DANNY,ELECTABUZZ,43,,,0,10,5,2
TRAINER_SCHOOL_KID_M_DANNY,MAGMAR,43,,,0,10,5,3
TRAINER_SCHOOL_KID_M_DUDLEY,ODDISH,45,,ITEM_SITRUS_BERRY,0,10,5,1
TRAINER_SCHOOL_KID_M_JACK,ODDISH,12,,,0,10,5,1
TRAINER_SCHOOL_KID_M_JACK,VOLTORB,15,,,0,10,5,2
TRAINER_SCHOOL_KID_M_JACK_2,GLOOM,29,,,0,10,5,1
TRAINER_SCHOOL_KID_M_JACK_2,VOLTORB,17,,,0,10,5,2
TRAINER_SCHOOL_KID_M_JACK_3,VILEPLUME,38,,,0,10,5,1
TRAINER_SCHOOL_KID_M_JACK_3,ELECTRODE,31,,,0,10,5,2
TRAINER_SCHOOL_KID_M_JACK_4,ELECTRODE,43,"CHARGE,CHARGE_BEAM,SWIFT,ROLLOUT",,0,10,5,1
TRAINER_SCHOOL_KID_M_JACK_4,VILEPLUME,52,"SOLAR_BEAM,GIGA_DRAIN,MOONLIGHT,SUNNY_DAY",,0,10,5,2
TRAINER_SCHOOL_KID_M_JACK_4,ARCANINE,52,"EXTREME_SPEED,FLAMETHROWER,CRUNCH,REVERSAL",,0,10,5,3
TRAINER_SCHOOL_KID_M_JOE,TANGELA,44,,ITEM_SITRUS_BERRY,0,10,5,1
TRAINER_SCHOOL_KID_M_JOE,VAPOREON,42,,ITEM_NONE,0,10,5,2
TRAINER_SCHOOL_KID_M_JOHNNY,BELLSPROUT,39,,,0,10,5,1
TRAINER_SCHOOL_KID_M_JOHNNY,WEEPINBELL,40,,,0,10,5,2
TRAINER_SCHOOL_KID_M_JOHNNY,VICTREEBEL,42,,,0,10,5,3
TRAINER_SCHOOL_KID_M_KIPP,VOLTORB,36,,,0,10,5,1
TRAINER_SCHOOL_KID_M_KIPP,MAGNEMITE,36,,,0,10,5,2
TRAINER_SCHOOL_KID_M_KIPP,VOLTORB,40,,,0,10,5,3
TRAINER_SCHOOL_KID_M_KIPP,MAGNETON,40,,,0,10,5,4
TRAINER_SCHOOL_KID_M_MICKEY,ELECTRODE,35,"SCREECH,SONIC_BOOM,ROLLOUT,LIGHT_SCREEN",,0,10,5,1
TRAINER_SCHOOL_KID_M_MICKEY,GROWLITHE,35,"SUNNY_DAY,LEER,TAKE_DOWN,FLAME_WHEEL",,0,10,5,2
TRAINER_SCHOOL_KID_M_MICKEY,VILEPLUME,37,"SOLAR_BEAM,SLEEP_POWDER,ACID,MOONLIGHT",,0,10,5,3
TRAINER_SCHOOL_KID_M_MICKEY_2,XATU,35,"PECK,NIGHT_SHADE,SWIFT,FUTURE_SIGHT",,0,10,5,1
TRAINER_SCHOOL_KID_M_MICKEY_2,TANGELA,32,"POISON_POWDER,VINE_WHIP,BIND,MEGA_DRAIN",,0,10,5,2
TRAINER_SCHOOL_KID_M_MICKEY_2,YANMA,32,"QUICK_ATTACK,DOUBLE_TEAM,SONIC_BOOM,SUPERSONIC",,0,10,5,3
TRAINER_SCHOOL_KID_M_MICKEY_2,QUAGSIRE,35,"TAIL_WHIP,SLAM,AMNESIA,EARTHQUAKE",,0,10,5,4
TRAINER_SCHOOL_KID_M_MICKEY_3,MR_MIME,34,"PSYCHIC,LIGHT_SCREEN,REFLECT,ENCORE",,0,10,5,1
TRAINER_SCHOOL_KID_M_MICKEY_3,MAGNETON,38,"ZAP_CANNON,THUNDER_WAVE,LOCK_ON,SWIFT",,0,10,5,2
TRAINER_SCHOOL_KID_M_NATE,LEDIAN,40,,,0,10,5,1
TRAINER_SCHOOL_KID_M_NATE,EXEGGUTOR,40,,,0,10,5,2
TRAINER_SCHOOL_KID_M_RICKY,AIPOM,40,,ITEM_HARD_STONE,0,10,5,1
TRAINER_SCHOOL_KID_M_RICKY,DITTO,40,,ITEM_NONE,0,10,5,2
TRAINER_SCHOOL_KID_M_SHERMAN,FURRET,43,"DOUBLE_TEAM,BATON_PASS,AMNESIA,SLAM",,0,10,5,1
TRAINER_SCHOOL_KID_M_SHERMAN,PIDGEOT,43,"ROOST,WING_ATTACK,STEEL_WING,RETURN",,0,10,5,2
TRAINER_SCHOOL_KID_M_TOMMY,XATU,41,"CONFUSE_RAY,NIGHT_SHADE,FLY,PSYCHIC",,0,10,5,1
TRAINER_SCHOOL_KID_M_TOMMY,ALAKAZAM,43,"PSYCHIC,CALM_MIND,REFLECT,FOCUS_BLAST",,0,10,5,2
TRAINER_SCHOOL_KID_M_TORIN,SANDSLASH,41,,,0,10,5,1
TRAINER_SCHOOL_KID_M_TORIN,GOLBAT,39,,,0,10,5,2
TRAINER_SCHOOL_KID_M_TORIN_2,SANDSLASH,46,,,0,10,5,1
TRAINER_SCHOOL_KID_M_TORIN_2,GOLBAT,45,,,0,10,5,2
TRAINER_SCHOOL_KID_M_TORIN_2,VULPIX,41,,,0,10,5,3
TRAINER_SCHOOL_KID_M_TORIN_3,SANDSLASH,48,,,0,10,5,1
TRAINER_SCHOOL_KID_M_TORIN_3,GOLBAT,51,,,0,10,5,2
TRAINER_SCHOOL_KID_M_TORIN_3,VULPIX,48,,,0,10,5,3
TRAINER_SCHOOL_KID_M_TORIN_4,SANDSLASH,52,,,0,10,5,1
TRAINER_SCHOOL_KID_M_TORIN_4,GOLBAT,53,,,0,10,5,2
TRAINER_SCHOOL_KID_M_TORIN_4,VULPIX,52,,,0,10,5,3
TRAINER_SCHOOL_KID_M_TRAVIS,BUDEW,42,"STUN_SPORE,GIGA_DRAIN,SLUDGE_BOMB,NATURE_POWER",,0,10,5,1
TRAINER_SCIENTIST_GS_DANIEL,NINETALES,50,"OVERHEAT,WILL_O_WISP,QUICK_ATTACK,ROAR",,0,10,5,1
TRAINER_SCIENTIST_GS_GARETT,MAGNEMITE,27,,,0,10,5,1
TRAINER_SCIENTIST_GS_GARETT,MAGNEMITE,27,,,0,10,5,2
TRAINER_SCIENTIST_GS_GARETT,MAGNEMITE,27,,,0,10,5,3
TRAINER_SCIENTIST_GS_GREGG,MAGNEMITE,20,,,0,10,5,1
TRAINER_SCIENTIST_GS_GREGG,MAGNEMITE,20,,,0,10,5,2
TRAINER_SCIENTIST_GS_GREGG,MAGNEMITE,20,,,0,10,5,3
TRAINER_SCIENTIST_GS_LINDEN,MAGMAR,50,"OVERHEAT,FIRE_PUNCH,CONFUSE_RAY,FAINT_ATTACK",,0,10,5,1
TRAINER_SCIENTIST_GS_LOWELL,ARCANINE,50,"OVERHEAT,EXTREME_SPEED,FIRE_FANG,THUNDER_FANG",,0,10,5,1
TRAINER_SCIENTIST_GS_MITCH,DITTO,24,,,0,10,5,1
TRAINER_SCIENTIST_GS_ROSS,KOFFING,22,,,0,10,5,1
TRAINER_SCIENTIST_GS_ROSS,KOFFING,22,,,0,10,5,2
TRAINER_SCIENTIST_GS_TRENTON,PORYGON,30,"CONVERSION,CONVERSION_2,RECOVER,CHARGE_BEAM",,0,10,5,1
TRAINER_SKIER_CADY,DELIBIRD,53,,,0,10,5,1
TRAINER_SKIER_DIANA,JYNX,29,,,10,10,5,1
TRAINER_SKIER_JILL,DEWGONG,29,,,10,10,5,1
TRAINER_SUPER_NERD_CARY,TORKOAL,53,"OVERHEAT,IRON_TAIL,BODY_SLAM,IRON_DEFENSE",,0,10,5,1
TRAINER_SUPER_NERD_ERIC,GRIMER,11,,,0,10,5,1
TRAINER_SUPER_NERD_ERIC,GRIMER,11,,,0,10,5,2
TRAINER_SUPER_NERD_HUGH,SEADRA,39,"SMOKE_SCREEN,TWISTER,SURF,WATERFALL",,0,10,5,1
TRAINER_SUPER_NERD_MARKUS,SLOWPOKE,19,"CURSE,WATER_GUN,GROWL,STRENGTH",,0,10,5,1
TRAINER_SUPER_NERD_MERLE,MAGCARGO,53,"OVERHEAT,ROCK_SLIDE,YAWN,RECOVER",,0,10,5,1
TRAINER_SUPER_NERD_MICKEY,GRIMER,20,,,0,10,5,1
TRAINER_SUPER_NERD_MICKEY_2,KOFFING,22,,,0,10,5,1
TRAINER_SUPER_NERD_MICKEY_2,KOFFING,22,,,0,10,5,2
TRAINER_SUPER_NERD_MICKEY_3,DITTO,24,,,0,10,5,1
TRAINER_SUPER_NERD_MICKEY_4,MAGNEMITE,20,,,0,10,5,1
TRAINER_SUPER_NERD_MICKEY_4,MAGNEMITE,20,,,0,10,5,2
TRAINER_SUPER_NERD_MICKEY_4,MAGNEMITE,20,,,0,10,5,3
TRAINER_SUPER_NERD_MICKEY_5,MAGNEMITE,27,,,0,10,5,1
TRAINER_SUPER_NERD_MICKEY_5,MAGNEMITE,27,,,0,10,5,2
TRAINER_SUPER_NERD_MICKEY_5,MAGNEMITE,27,,,0,10,5,3
TRAINER_SUPER_NERD_MICKEY_6,PORYGON,30,"CONVERSION,CONVERSION_2,RECOVER,TRI_ATTACK",,0,10,5,1
TRAINER_SUPER_NERD_PAT,PORYGON,47,"CHARGE_BEAM,SIGNAL_BEAM,ICE_BEAM,SOLAR_BEAM",ITEM_NONE,50,10,5,1
TRAINER_SUPER_NERD_SAM,GRIMER,44,,ITEM_NONE,0,10,5,1
TRAINER_SUPER_NERD_SAM,MUK,44,,ITEM_TOXIC_ORB,0,10,5,2
TRAINER_SUPER_NERD_SHAWN,MAGNEMITE,39,,ITEM_NONE,0,10,5,1
TRAINER_SUPER_NERD_SHAWN,MUK,41,,ITEM_NUGGET,0,10,5,2
TRAINER_SUPER_NERD_SHAWN,MAGNEMITE,39,,ITEM_NONE,0,10,5,3
TRAINER_SUPER_NERD_TERU,MAGNEMITE,7,,,0,10,5,1
TRAINER_SUPER_NERD_TERU,VOLTORB,11,,,0,10,5,2
TRAINER_SUPER_NERD_TERU,MAGNEMITE,7,,,0,10,5,3
TRAINER_SUPER_NERD_TERU,MAGNEMITE,9,,,0,10,5,4
TRAINER_SUPER_NERD_TYRONE,MAGNEMITE,40,,,0,10,5,1
TRAINER_SUPER_NERD_TYRONE,MAGNEMITE,40,,,0,10,5,2
TRAINER_SUPER_NERD_TYRONE,MAGNEMITE,40,,,0,10,5,3
TRAINER_SUPER_NERD_WALDO,NUMEL,53,"OVERHEAT,AMNESIA,EARTH_POWER,MAGNITUDE",,0,10,5,1
TRAINER_SWIMMER_F_BRIANA,SEAKING,46,"WATER_PULSE,AQUA_RING,SUPERSONIC,POISON_JAB",,0,10,5,1
TRAINER_SWIMMER_F_BRIANA,SEAKING,46,"WATER_PULSE,AQUA_RING,SUPERSONIC,POISON_JAB",,0,10,5,2
TRAINER_SWIMMER_F_CHELAN,AZUMARILL,40,"WATERFALL,ROLLOUT,DEFENSE_CURL,DIG",,0,10,5,1
TRAINER_SWIMMER_F_DEBBIE,CLAMPERL,46,,,0,10,5,1
TRAINER_SWIMMER_F_DENISE,SEEL,22,,,0,10,5,1
TRAINER_SWIMMER_F_DIANA,GOLDUCK,48,"WATER_PULSE,ZEN_HEADBUTT,PSYCH_UP,DISABLE",,0,10,5,1
TRAINER_SWIMMER_F_ELAINE,STARYU,21,,,0,10,5,1
TRAINER_SWIMMER_F_JOY,CLOYSTER,48,"WATER_PULSE,SPIKE_CANNON,AURORA_BEAM,ATTRACT",,0,10,5,1
TRAINER_SWIMMER_F_KARA,STARYU,20,,,0,10,5,1
TRAINER_SWIMMER_F_KARA,STARMIE,20,,,0,10,5,2
TRAINER_SWIMMER_F_KATIE,DEWGONG,41,,,0,10,5,1
TRAINER_SWIMMER_F_KAYLEE,GOLDEEN,18,"WATER_PULSE,HORN_ATTACK,SUPERSONIC,PECK",,0,10,5,1
TRAINER_SWIMMER_F_KAYLEE,GOLDEEN,20,"WATER_PULSE,HORN_ATTACK,SUPERSONIC,PECK",,0,10,5,2
TRAINER_SWIMMER_F_KAYLEE,SEAKING,20,"WATER_PULSE,HORN_ATTACK,SUPERSONIC,PECK",,0,10,5,3
TRAINER_SWIMMER_F_KENDRA,SLOWKING,43,,,0,10,5,1
TRAINER_SWIMMER_F_LEONA,BIDOOF,44,,,0,10,5,1
TRAINER_SWIMMER_F_LORI,STARMIE,42,"THUNDERBOLT,SURF,ICE_BEAM,RECOVER",,0,10,5,1
TRAINER_SWIMMER_F_LORI,STARMIE,42,"THUNDERBOLT,SURF,ICE_BEAM,RECOVER",,0,10,5,2
TRAINER_SWIMMER_F_LORI,STARMIE,42,"RECOVER,WATER_PULSE,THUNDER,BLIZZARD",,0,10,5,3
TRAINER_SWIMMER_F_MICKEY,JYNX,28,,,0,10,5,1
TRAINER_SWIMMER_F_MICKEY_2,DEWGONG,29,,,0,10,5,1
TRAINER_SWIMMER_F_MICKEY_3,SEAKING,20,,,0,10,5,1
TRAINER_SWIMMER_F_MICKEY_4,SEAKING,20,,,0,10,5,1
TRAINER_SWIMMER_F_MICKEY_5,SEAKING,20,,,0,10,5,1
TRAINER_SWIMMER_F_MINA,LUVDISC,38,,,0,10,5,1
TRAINER_SWIMMER_F_MINA,LUVDISC,39,,,0,10,5,2
TRAINER_SWIMMER_F_MINA,LUVDISC,41,,,0,10,5,3
TRAINER_SWIMMER_F_NICOLE,MARILL,39,,,0,10,5,1
TRAINER_SWIMMER_F_NICOLE,MARILL,39,,,0,10,5,2
TRAINER_SWIMMER_F_NICOLE,LAPRAS,42,,,0,10,5,3
TRAINER_SWIMMER_F_NIKKI,SEEL,37,,,0,10,5,1
TRAINER_SWIMMER_F_NIKKI,DEWGONG,42,,,0,10,5,2
TRAINER_SWIMMER_F_PAULA,STARYU,19,,,0,10,5,1
TRAINER_SWIMMER_F_PAULA,SHELLDER,19,,,0,10,5,2
TRAINER_SWIMMER_F_SUSIE,PSYDUCK,20,"SCRATCH,WATER_GUN,DISABLE,CONFUSION",,0,10,5,1
TRAINER_SWIMMER_F_SUSIE,GOLDEEN,22,"FLAIL,WATER_PULSE,SUPERSONIC,HORN_ATTACK",,0,10,5,2
TRAINER_SWIMMER_F_WENDY,HORSEA,21,"BUBBLE,SMOKE_SCREEN,LEER,BUBBLE_BEAM",,0,10,5,1
TRAINER_SWIMMER_F_WENDY,HORSEA,21,"FOCUS_ENERGY,SMOKE_SCREEN,LEER,BUBBLE_BEAM",,0,10,5,2
TRAINER_SWIMMER_M_BERKE,QWILFISH,23,,,0,10,5,1
TRAINER_SWIMMER_M_CHARLIE,SHELLDER,21,,,0,10,5,1
TRAINER_SWIMMER_M_CHARLIE,TENTACOOL,19,,,0,10,5,2
TRAINER_SWIMMER_M_CHARLIE,TENTACRUEL,19,,,0,10,5,3
TRAINER_SWIMMER_M_DUANE,SEAKING,40,,,0,10,5,1
TRAINER_SWIMMER_M_DUANE,KABUTOPS,40,,,0,10,5,2
TRAINER_SWIMMER_M_ELMO,POLIWHIRL,46,,,0,10,5,1
TRAINER_SWIMMER_M_ELMO,TENTACRUEL,42,,,0,10,5,2
TRAINER_SWIMMER_M_ESTEBAN,GOLDUCK,38,,,0,10,5,1
TRAINER_SWIMMER_M_ESTEBAN,POLIWHIRL,38,,,0,10,5,2
TRAINER_SWIMMER_M_FRANKIE,AZUMARILL,44,,,0,10,5,1
TRAINER_SWIMMER_M_GEORGE,TENTACOOL,16,,,0,10,5,1
TRAINER_SWIMMER_M_GEORGE,TENTACOOL,17,,,0,10,5,2
TRAINER_SWIMMER_M_GEORGE,TENTACOOL,16,,,0,10,5,3
TRAINER_SWIMMER_M_GEORGE,STARYU,19,,,0,10,5,4
TRAINER_SWIMMER_M_GEORGE,TENTACOOL,17,,,0,10,5,5
TRAINER_SWIMMER_M_GEORGE,REMORAID,19,,,0,10,5,6
TRAINER_SWIMMER_M_HAROLD,REMORAID,42,,,0,10,5,1
TRAINER_SWIMMER_M_HAROLD,SEADRA,40,,,0,10,5,2
TRAINER_SWIMMER_M_JEROME,SEADRA,36,,,0,10,5,1
TRAINER_SWIMMER_M_JEROME,TENTACOOL,38,,,0,10,5,2
TRAINER_SWIMMER_M_JEROME,TENTACRUEL,40,,,0,10,5,3
TRAINER_SWIMMER_M_JEROME,GOLDEEN,38,,,0,10,5,4
TRAINER_SWIMMER_M_LUIS,SEADRA,46,,,0,10,5,1
TRAINER_SWIMMER_M_LUIS,QUAGSIRE,42,,,0,10,5,2
TRAINER_SWIMMER_M_MATTHEW,KRABBY,23,,,0,10,5,1
TRAINER_SWIMMER_M_MICKEY,SEEL,25,,,0,10,5,1
TRAINER_SWIMMER_M_MICKEY,DEWGONG,26,,,0,10,5,2
TRAINER_SWIMMER_M_MICKEY,SEEL,25,,,0,10,5,3
TRAINER_SWIMMER_M_MICKEY_2,PILOSWINE,27,,,0,10,5,1
TRAINER_SWIMMER_M_MICKEY_2,PILOSWINE,27,,,0,10,5,2
TRAINER_SWIMMER_M_MICKEY_3,SHELLDER,24,,,0,10,5,1
TRAINER_SWIMMER_M_MICKEY_3,CLOYSTER,25,,,0,10,5,2
TRAINER_SWIMMER_M_MICKEY_3,SHELLDER,24,,,0,10,5,3
TRAINER_SWIMMER_M_MICKEY_4,HORSEA,15,,,0,10,5,1
TRAINER_SWIMMER_M_MICKEY_4,HORSEA,15,,,0,10,5,2
TRAINER_SWIMMER_M_MICKEY_4,SEADRA,20,,,0,10,5,3
TRAINER_SWIMMER_M_MICKEY_5,STARYU,13,,,0,10,5,1
TRAINER_SWIMMER_M_MICKEY_5,STARMIE,18,,,0,10,5,2
TRAINER_SWIMMER_M_MICKEY_5,HORSEA,16,,,0,10,5,3
TRAINER_SWIMMER_M_MICKEY_6,STARYU,13,,,0,10,5,1
TRAINER_SWIMMER_M_MICKEY_6,STARMIE,18,,,0,10,5,2
TRAINER_SWIMMER_M_MICKEY_6,HORSEA,16,,,0,10,5,3
TRAINER_SWIMMER_M_MICKEY_7,STARYU,13,,,0,10,5,1
TRAINER_SWIMMER_M_MICKEY_7,STARMIE,18,,,0,10,5,2
TRAINER_SWIMMER_M_MICKEY_7,HORSEA,16,,,0,10,5,3
TRAINER_SWIMMER_M_MICKEY_8,STARYU,13,,,0,10,5,1
TRAINER_SWIMMER_M_MICKEY_8,STARMIE,18,,,0,10,5,2
TRAINER_SWIMMER_M_MICKEY_8,HORSEA,16,,,0,10,5,3
TRAINER_SWIMMER_M_PARKER,HORSEA,43,"WATER_PULSE,FOCUS_ENERGY,TWISTER,AGILITY",,0,10,5,1
TRAINER_SWIMMER_M_PARKER,SEADRA,43,"WATER_PULSE,FOCUS_ENERGY,TWISTER,AGILITY",,0,10,5,2
TRAINER_SWIMMER_M_RANDALL,SHELLDER,18,"SUPERSONIC,ICICLE_SPEAR,WITHDRAW,TACKLE",,0,10,5,1
TRAINER_SWIMMER_M_RANDALL,WARTORTLE,20,"RAPID_SPIN,BITE,WATER_GUN,TAIL_WHIP",,0,10,5,2
TRAINER_SWIMMER_M_RANDALL,SHELLDER,18,"SUPERSONIC,ICICLE_SPEAR,WITHDRAW,TACKLE",,0,10,5,3
TRAINER_SWIMMER_M_RONALD,GYARADOS,20,,,0,10,5,1
TRAINER_SWIMMER_M_RONALD,GYARADOS,20,,,0,10,5,2
TRAINER_SWIMMER_M_SIMON,TENTACOOL,20,,,0,10,5,1
TRAINER_SWIMMER_M_SIMON,TENTACOOL,20,,,0,10,5,2
TRAINER_SWIMMER_M_TUCKER,SHELLDER,40,,,0,10,5,1
TRAINER_SWIMMER_M_TUCKER,CLOYSTER,44,,,0,10,5,2
TRAINER_SWIMMER_M_TYSON,QUAGSIRE,42,"EARTHQUAKE,YAWN,SURF,AMNESIA",,0,10,5,1
TRAINER_SWIMMER_M_TYSON,OCTILLERY,42,"SIGNAL_BEAM,WRING_OUT,OCTAZOOKA,AURORA_BEAM",,0,10,5,2
TRAINER_TEACHER_CLARICE,ZIGZAGOON,41,"BELLY_DRUM,FLAIL,RETURN,IRON_TAIL",ITEM_SITRUS_BERRY,0,10,5,1
TRAINER_TEACHER_CLARICE,ROSELIA,43,"INGRAIN,SYNTHESIS,TOXIC,PETAL_DANCE",ITEM_NONE,0,10,5,2
TRAINER_TEACHER_COLETTE,CLEFAIRY,45,,,0,10,5,1
TRAINER_TEACHER_HILLARY,SUNKERN,41,,,0,10,5,1
TRAINER_TEACHER_HILLARY,AIPOM,31,,,0,10,5,2
TRAINER_TEACHER_HILLARY_2,AMBIPOM,43,,,0,10,5,1
TRAINER_TEACHER_HILLARY_2,SUNFLORA,43,,,0,10,5,2
TRAINER_TEACHER_HILLARY_3,AMBIPOM,49,,,0,10,5,1
TRAINER_TEACHER_HILLARY_3,SUNFLORA,49,,,0,10,5,2
TRAINER_TEACHER_HILLARY_4,AMBIPOM,55,,,0,10,5,1
TRAINER_TEACHER_HILLARY_4,SUNFLORA,55,,,0,10,5,2
TRAINER_TEACHER_SHIRLEY,CHATOT,43,,,0,10,5,1
TRAINER_TEACHER_SHIRLEY,JIGGLYPUFF,43,,,0,10,5,2
TRAINER_TEAM_ROCKET_F_GRUNT,ZUBAT,9,,,30,10,5,1
TRAINER_TEAM_ROCKET_F_GRUNT,EKANS,11,,,30,10,5,2
TRAINER_TEAM_ROCKET_F_GRUNT_2,ARBOK,26,,,30,10,5,1
TRAINER_TEAM_ROCKET_F_GRUNT_3,GLOOM,25,,,30,10,5,1
TRAINER_TEAM_ROCKET_F_GRUNT_3,GLOOM,25,,,30,10,5,2
TRAINER_TEAM_ROCKET_F_GRUNT_4,EKANS,21,,,30,10,5,1
TRAINER_TEAM_ROCKET_F_GRUNT_4,ODDISH,23,,,30,10,5,2
TRAINER_TEAM_ROCKET_F_GRUNT_4,EKANS,21,,,30,10,5,3
TRAINER_TEAM_ROCKET_F_GRUNT_4,GLOOM,24,,,30,10,5,4
TRAINER_TEAM_ROCKET_F_GRUNT_5,EKANS,18,"WRAP,LEER,POISON_STING,BITE",,30,10,5,1
TRAINER_TEAM_ROCKET_F_GRUNT_5,GLOOM,18,"ABSORB,SWEET_SCENT,STUN_SPORE,SLEEP_POWDER",,30,10,5,2
TRAINER_TEAM_ROCKET_GRUNT,RATTATA,7,,,30,10,5,1
TRAINER_TEAM_ROCKET_GRUNT,ZUBAT,9,,,30,10,5,2
TRAINER_TEAM_ROCKET_GRUNT,ZUBAT,9,,,30,10,5,3
TRAINER_TEAM_ROCKET_GRUNT_10,ZUBAT,22,,,30,10,5,1
TRAINER_TEAM_ROCKET_GRUNT_10,GOLBAT,24,,,30,10,5,2
TRAINER_TEAM_ROCKET_GRUNT_10,GRIMER,22,,,30,10,5,3
TRAINER_TEAM_ROCKET_GRUNT_11,MUK,23,,,30,10,5,1
TRAINER_TEAM_ROCKET_GRUNT_11,KOFFING,23,,,30,10,5,2
TRAINER_TEAM_ROCKET_GRUNT_11,RATTATA,25,,,30,10,5,3
TRAINER_TEAM_ROCKET_GRUNT_12,RATTATA,27,,,30,10,5,1
TRAINER_TEAM_ROCKET_GRUNT_13,RATICATE,24,,,30,10,5,1
TRAINER_TEAM_ROCKET_GRUNT_13,GOLBAT,24,,,30,10,5,2
TRAINER_TEAM_ROCKET_GRUNT_14,GRIMER,26,,,30,10,5,1
TRAINER_TEAM_ROCKET_GRUNT_14,WEEZING,23,,,30,10,5,2
TRAINER_TEAM_ROCKET_GRUNT_15,RATTATA,16,,,30,10,5,1
TRAINER_TEAM_ROCKET_GRUNT_15,RATTATA,16,,,30,10,5,2
TRAINER_TEAM_ROCKET_GRUNT_15,RATTATA,16,,,30,10,5,3
TRAINER_TEAM_ROCKET_GRUNT_15,RATTATA,16,,,30,10,5,4
TRAINER_TEAM_ROCKET_GRUNT_16,GOLBAT,18,,,30,10,5,1
TRAINER_TEAM_ROCKET_GRUNT_17,RATTATA,17,,,30,10,5,1
TRAINER_TEAM_ROCKET_GRUNT_17,ZUBAT,17,,,30,10,5,2
TRAINER_TEAM_ROCKET_GRUNT_17,RATTATA,17,,,30,10,5,3
TRAINER_TEAM_ROCKET_GRUNT_18,VENONAT,18,,,30,10,5,1
TRAINER_TEAM_ROCKET_GRUNT_18,VENONAT,18,,,30,10,5,2
TRAINER_TEAM_ROCKET_GRUNT_19,RATICATE,19,,,30,10,5,1
TRAINER_TEAM_ROCKET_GRUNT_2,RATTATA,9,,,30,10,5,1
TRAINER_TEAM_ROCKET_GRUNT_2,RATTATA,9,,,30,10,5,2
TRAINER_TEAM_ROCKET_GRUNT_20,DROWZEE,17,,,30,10,5,1
TRAINER_TEAM_ROCKET_GRUNT_20,ZUBAT,19,,,30,10,5,2
TRAINER_TEAM_ROCKET_GRUNT_21,ZUBAT,16,,,30,10,5,1
TRAINER_TEAM_ROCKET_GRUNT_21,GRIMER,17,,,30,10,5,2
TRAINER_TEAM_ROCKET_GRUNT_21,RATTATA,18,,,30,10,5,3
TRAINER_TEAM_ROCKET_GRUNT_22,KOFFING,25,,,30,10,5,1
TRAINER_TEAM_ROCKET_GRUNT_22,KOFFING,25,,,30,10,5,2
TRAINER_TEAM_ROCKET_GRUNT_23,KOFFING,24,,,30,10,5,1
TRAINER_TEAM_ROCKET_GRUNT_23,MUK,24,,,30,10,5,2
TRAINER_TEAM_ROCKET_GRUNT_24,GOLBAT,39,,,30,10,5,1
TRAINER_TEAM_ROCKET_GRUNT_25,DROWZEE,18,"HYPNOSIS,DISABLE,CONFUSION,HEADBUTT",,30,10,5,1
TRAINER_TEAM_ROCKET_GRUNT_25,GRIMER,20,"SLUDGE,DISABLE,MUD_SLAP,MINIMIZE",,30,10,5,2
TRAINER_TEAM_ROCKET_GRUNT_26,KOFFING,12,,,30,10,5,1
TRAINER_TEAM_ROCKET_GRUNT_3,RATICATE,24,,,30,10,5,1
TRAINER_TEAM_ROCKET_GRUNT_3,RATICATE,24,,,30,10,5,2
TRAINER_TEAM_ROCKET_GRUNT_4,GRIMER,23,,,30,10,5,1
TRAINER_TEAM_ROCKET_GRUNT_4,GRIMER,23,,,30,10,5,2
TRAINER_TEAM_ROCKET_GRUNT_4,MUK,25,,,30,10,5,3
TRAINER_TEAM_ROCKET_GRUNT_5,RATTATA,21,,,30,10,5,1
TRAINER_TEAM_ROCKET_GRUNT_5,RATTATA,21,,,30,10,5,2
TRAINER_TEAM_ROCKET_GRUNT_5,RATTATA,23,,,30,10,5,3
TRAINER_TEAM_ROCKET_GRUNT_5,RATTATA,23,,,30,10,5,4
TRAINER_TEAM_ROCKET_GRUNT_5,RATTATA,23,,,30,10,5,5
TRAINER_TEAM_ROCKET_GRUNT_6,ZUBAT,26,,,30,10,5,1
TRAINER_TEAM_ROCKET_GRUNT_6,ZUBAT,26,,,30,10,5,2
TRAINER_TEAM_ROCKET_GRUNT_7,KOFFING,23,,,30,10,5,1
TRAINER_TEAM_ROCKET_GRUNT_7,GRIMER,23,,,30,10,5,2
TRAINER_TEAM_ROCKET_GRUNT_7,ZUBAT,23,,,30,10,5,3
TRAINER_TEAM_ROCKET_GRUNT_7,RATTATA,23,,,30,10,5,4
TRAINER_TEAM_ROCKET_GRUNT_8,WEEZING,26,,,30,10,5,1
TRAINER_TEAM_ROCKET_GRUNT_9,RATICATE,24,,,30,10,5,1
TRAINER_TEAM_ROCKET_GRUNT_9,KOFFING,26,,,30,10,5,2
TRAINER_TEAM_ROCKET_MICKEY,KOFFING,14,,,30,10,5,1
TRAINER_TEAM_ROCKET_MICKEY_2,HOUNDOUR,33,,,0,10,5,1
TRAINER_TEAM_ROCKET_MICKEY_3,ZUBAT,22,,,100,10,5,1
TRAINER_TEAM_ROCKET_MICKEY_4,GOLBAT,36,,,10,10,5,1
TRAINER_TEAM_ROCKET_MICKEY_5,KOFFING,30,,,0,10,5,1
TRAINER_TEAM_ROCKET_MICKEY_6,RATTATA,15,,,0,10,5,1
TRAINER_TEAM_ROCKET_MICKEY_6,RATTATA,15,,,0,10,5,2
TRAINER_TEAM_ROCKET_MICKEY_7,GOLBAT,25,,,30,10,5,1
TRAINER_TEAM_ROCKET_MICKEY_7,GOLBAT,25,,,30,10,5,2
TRAINER_TEAM_ROCKET_MICKEY_7,ARBOK,30,,,30,10,5,3
TRAINER_TOWER_TYCOON_PALMER,RATTATA,5,,,0,10,5,1
TRAINER_TWINS_AMY_AND_MIMI,SPINARAK,10,,,10,10,5,1
TRAINER_TWINS_AMY_AND_MIMI,LEDYBA,10,,,10,10,5,2
TRAINER_TWINS_AMY_AND_MIMI_2,LEDYBA,10,,,10,10,5,1
TRAINER_TWINS_AMY_AND_MIMI_2,SPINARAK,10,,,10,10,5,2
TRAINER_TWINS_CLEA_AND_GIL,DRATINI,35,"THUNDER_WAVE,TWISTER,THUNDERBOLT,HEADBUTT",,0,10,5,1
TRAINER_TWINS_CLEA_AND_GIL,DRATINI,35,"THUNDER_WAVE,TWISTER,SURF,HEADBUTT",,0,10,5,2
TRAINER_TWINS_DARA_AND_DIA,MAREEP,16,,,0,10,5,1
TRAINER_TWINS_DARA_AND_DIA,MARILL,16,,,0,10,5,2
TRAINER_TWINS_DAY_AND_DANI,PLUSLE,41,,,0,10,5,1
TRAINER_TWINS_DAY_AND_DANI,MINUN,41,,,0,10,5,2
TRAINER_TWINS_JO_AND_ZOE,VICTREEBEL,47,"GIGA_DRAIN,SLEEP_POWDER,SLUDGE_BOMB,PROTECT",,0,10,5,1
TRAINER_TWINS_JO_AND_ZOE,VILEPLUME,47,"GIGA_DRAIN,STUN_SPORE,DRAIN_PUNCH,ATTRACT",,0,10,5,2
TRAINER_TWINS_JO_AND_ZOE_2,VILEPLUME,37,"GIGA_DRAIN,STUN_SPORE,DRAIN_PUNCH,ATTRACT",,0,10,5,1
TRAINER_TWINS_JO_AND_ZOE_2,VICTREEBEL,37,"GIGA_DRAIN,SLEEP_POWDER,SLUDGE_BOMB,PROTECT",,0,10,5,2
TRAINER_TWINS_KAY_AND_TIA,QUAGSIRE,41,"RAIN_DANCE,SURF,YAWN",,0,10,5,1
TRAINER_TWINS_KAY_AND_TIA,QUAGSIRE,41,"AMNESIA,SURF,YAWN",,0,10,5,2
TRAINER_TWINS_KAY_AND_TIA_2,QUAGSIRE,48,"RAIN_DANCE,SURF,EARTHQUAKE",,0,10,5,1
TRAINER_TWINS_KAY_AND_TIA_2,QUAGSIRE,48,"AMNESIA,SURF,YAWN",,0,10,5,2
TRAINER_TWINS_KAY_AND_TIA_3,QUAGSIRE,53,"RAIN_DANCE,SURF,MUDDY_WATER,EARTHQUAKE",,0,10,5,1
TRAINER_TWINS_KAY_AND_TIA_3,QUAGSIRE,53,"AMNESIA,SURF,MUDDY_WATER,PROTECT",,0,10,5,2
TRAINER_TWINS_KAY_AND_TIA_4,QUAGSIRE,55,"AMNESIA,SURF,YAWN,PROTECT",,0,10,5,1
TRAINER_TWINS_KAY_AND_TIA_4,QUAGSIRE,55,"RAIN_DANCE,SURF,MUDDY_WATER,EARTHQUAKE",,0,10,5,2
TRAINER_TWINS_MEG_AND_PEG,TEDDIURSA,39,,,0,10,5,1
TRAINER_TWINS_MEG_AND_PEG,PHANPY,39,,,0,10,5,2
TRAINER_TWINS_MEG_AND_PEG_2,PHANPY,39,,,0,10,5,1
TRAINER_TWINS_MEG_AND_PEG_2,TEDDIURSA,39,,,0,10,5,2
TRAINER_TWINS_MICKEY,DRATINI,38,"THUNDER_WAVE,TWISTER,ICE_BEAM,HEADBUTT",,0,10,5,1
TRAINER_TWINS_MICKEY,DRATINI,38,"THUNDER_WAVE,TWISTER,FLAMETHROWER,HEADBUTT",,0,10,5,2
TRAINER_TWINS_TORI_AND_TIL,MARILL,16,,,0,10,5,1
TRAINER_TWINS_TORI_AND_TIL,MAREEP,16,,,0,10,5,2
TRAINER_YOUNGSTER_ALBERT,RATTATA,6,,,0,10,5,1
TRAINER_YOUNGSTER_ALBERT,ZUBAT,8,,,0,10,5,2
TRAINER_YOUNGSTER_GORDON,WOOPER,10,,,0,10,5,1
TRAINER_YOUNGSTER_IAN,MANKEY,10,"FOCUS_ENERGY,SCRATCH,LOW_KICK,LEER",,0,10,5,1
TRAINER_YOUNGSTER_IAN,DIGLETT,12,"ASTONISH,GROWL,SCRATCH,SAND_ATTACK",,0,10,5,2
TRAINER_YOUNGSTER_IAN_2,MANKEY,27,,,0,10,5,1
TRAINER_YOUNGSTER_IAN_2,DUGTRIO,33,,,0,10,5,2
TRAINER_YOUNGSTER_IAN_3,PRIMEAPE,38,,,0,10,5,1
TRAINER_YOUNGSTER_IAN_3,DUGTRIO,40,,,0,10,5,2
TRAINER_YOUNGSTER_IAN_4,PRIMEAPE,47,,,0,10,5,1
TRAINER_YOUNGSTER_IAN_4,DUGTRIO,58,,,0,10,5,2
TRAINER_YOUNGSTER_JASON,SANDSLASH,42,,,0,10,5,1
TRAINER_YOUNGSTER_JASON,CROBAT,42,,,0,10,5,2
TRAINER_YOUNGSTER_JIMMY,RATICATE,42,,,0,10,5,1
TRAINER_YOUNGSTER_JIMMY,ARBOK,42,,,0,10,5,2
TRAINER_YOUNGSTER_JIMMY,PARASECT,42,,,0,10,5,3
TRAINER_YOUNGSTER_JOEY,RATTATA,4,,,0,10,5,1
TRAINER_YOUNGSTER_JOEY_2,RATICATE,34,,,0,10,5,1
TRAINER_YOUNGSTER_JOEY_3,RATICATE,40,"SUPER_FANG,QUICK_ATTACK,HYPER_FANG,SCARY_FACE",,0,10,5,1
TRAINER_YOUNGSTER_JOEY_4,RATICATE,54,"HYPER_FANG,QUICK_ATTACK,SUBSTITUTE,ENDEAVOR",,0,10,5,1
TRAINER_YOUNGSTER_MICKEY,RATICATE,37,"HYPER_BEAM,QUICK_ATTACK,HYPER_FANG,PURSUIT",,0,10,5,1
TRAINER_YOUNGSTER_MIKEY,PIDGEY,2,,,0,10,5,1
TRAINER_YOUNGSTER_MIKEY,RATTATA,4,,,0,10,5,2
TRAINER_YOUNGSTER_OWEN,GROWLITHE,44,,,0,10,5,1
TRAINER_YOUNGSTER_REGIS,GOLBAT,40,,,0,10,5,1
TRAINER_YOUNGSTER_REGIS,ELECTRODE,40,,,0,10,5,2
TRAINER_YOUNGSTER_SAMUEL,RATTATA,7,,,0,10,5,1
TRAINER_YOUNGSTER_SAMUEL,SANDSHREW,10,,,0,10,5,2
TRAINER_YOUNGSTER_SAMUEL,SPEAROW,8,,,0,10,5,3
TRAINER_YOUNGSTER_SAMUEL,SPEAROW,8,,,0,10,5,4
TRAINER_YOUNGSTER_WARREN,FEAROW,38,,,0,10,5,1
TRAINER_YOUNGSTER_WARREN,RATICATE,42,,,0,10,5,2
TRAINER_YOUNG_COUPLE_DUFF_AND_EDA,ONIX,22,,,0,10,5,1
TRAINER_YOUNG_COUPLE_DUFF_AND_EDA,CLOYSTER,22,,,0,10,5,2
TRAINER_YOUNG_COUPLE_MOE_AND_LULU,LOTAD,43,,,0,10,5,1
TRAINER_YOUNG_COUPLE_MOE_AND_LULU,SEEDOT,43,,,0,10,5,2
TRAINER_YOUNG_COUPLE_TIM_AND_SUE,KADABRA,41,,,0,10,5,1
TRAINER_YOUNG_COUPLE_TIM_AND_SUE,PSYDUCK,46,,,0,10,5,2
TRAINER_YOUNG_COUPLE_TIM_AND_SUE_2,KADABRA,45,,,0,10,5,1
TRAINER_YOUNG_COUPLE_TIM_AND_SUE_2,GOLDUCK,50,,,0,10,5,2
TRAINER_YOUNG_COUPLE_TIM_AND_SUE_3,KADABRA,48,"RECOVER,PSYCHIC,ROLE_PLAY,REFLECT",,0,10,5,1
TRAINER_YOUNG_COUPLE_TIM_AND_SUE_3,GOLDUCK,52,"WATER_PULSE,AMNESIA,ZEN_HEADBUTT,BLIZZARD",,0,10,5,2
TRAINER_YOUNG_COUPLE_TIM_AND_SUE_4,ALAKAZAM,54,"PSYCHIC,CALM_MIND,REFLECT,RECOVER",,0,10,5,1
TRAINER_YOUNG_COUPLE_TIM_AND_SUE_4,GOLDUCK,56,"HYDRO_PUMP,AMNESIA,AQUA_JET,BLIZZARD",,0,10,5,2
TRAINER_YOUNG_COUPLE_VIC_AND_TARA,MAGMAR,44,"SUNNY_DAY,FLAMETHROWER,CONFUSE_RAY,FIRE_SPIN",,0,10,5,1
TRAINER_YOUNG_COUPLE_VIC_AND_TARA,SUNFLORA,43,"SOLAR_BEAM,RAZOR_LEAF,INGRAIN,MEGA_DRAIN",,0,10,5,2
