encounter_name,trainer_name,trainer_class,canonical_location_id,is_rematch,is_event,trainer_items,trainer_pic,trainer_double,details,version_group_id,load_build,game_id
TRAINER_RIVAL_SILVER,SILVER,TRAINER_CLASS_RIVAL,66,,,,TRAINER_PIC_SILVER,,heartgoldsoulsilver_trainer_index=1; source=files/poketool/trainer/trainers.json; map_refs=0866_T23; matched_map=0866_T23,10,5,
TRAINER_RIVAL_SILVER_2,SILVER,TRAINER_CLASS_RIVAL,,true,,,TRAINER_PIC_SILVER,,heartgoldsoulsilver_trainer_index=2; source=files/poketool/trainer/trainers.json; location_unpaired=true,10,5,
TRAINER_RIVAL_SILVER_3,SILVER,TRAINER_CLASS_RIVAL,,true,,,TRAINER_PIC_SILVER,,heartgoldsoulsilver_trainer_index=3; source=files/poketool/trainer/trainers.json; location_unpaired=true,10,5,
TRAINER_BUG_CATCHER_WADE,WADE,TRAINER_CLASS_BUG_CATCHER,58,,,,TRAINER_PIC_BUG_CATCHER,,heartgoldsoulsilver_trainer_index=4; source=files/poketool/trainer/trainers.json; map_refs=032_R31; matched_map=032_R31,10,5,
TRAINER_BEAUTY_VICTORIA,VICTORIA,TRAINER_CLASS_BEAUTY,70,,,,TRAINER_PIC_BEAUTY,,heartgoldsoulsilver_trainer_index=5; source=files/poketool/trainer/trainers.json; map_refs=0886_T25GYM0101|133_T25GYM0101; matched_map=0886_T25GYM0101,10,5,
TRAINER_POLICEMAN_KEITH,KEITH,TRAINER_CLASS_POLICEMAN,69,,,,TRAINER_PIC_POLICEMAN,,heartgoldsoulsilver_trainer_index=6; source=files/poketool/trainer/trainers.json; map_refs=035_R34; matched_map=035_R34,10,5,
TRAINER_JUGGLER_IRWIN,IRWIN,TRAINER_CLASS_JUGGLER,71,,,,TRAINER_PIC_JUGGLER,,heartgoldsoulsilver_trainer_index=7; source=files/poketool/trainer/trainers.json; map_refs=036_R35; matched_map=036_R35,10,5,
TRAINER_YOUNGSTER_JOEY,JOEY,TRAINER_CLASS_YOUNGSTER,57,,,,TRAINER_PIC_YOUNGSTER,,heartgoldsoulsilver_trainer_index=8; source=files/poketool/trainer/trainers.json; map_refs=031_R30; matched_map=031_R30,10,5,
TRAINER_SWIMMER_F_ELAINE,ELAINE,TRAINER_CLASS_SWIMMER_F,81,,,,TRAINER_PIC_SWIMMER_FEMALE,,heartgoldsoulsilver_trainer_index=9; source=files/poketool/trainer/trainers.json; map_refs=091_W40; matched_map=091_W40,10,5,
TRAINER_TWINS_AMY_AND_MIMI,AMY & MIMI,TRAINER_CLASS_TWINS,66,,,,TRAINER_PIC_TWINS,True,heartgoldsoulsilver_trainer_index=10; source=files/poketool/trainer/trainers.json; map_refs=0869_T23GYM0102|173_T23GYM0102; matched_map=0869_T23GYM0102,10,5,
TRAINER_KIMONO_GIRL_MICKEY,MICKEY,TRAINER_CLASS_KIMONO_GIRL,,,,,TRAINER_PIC_KIMONO_GIRL,,heartgoldsoulsilver_trainer_index=11; source=files/poketool/trainer/trainers.json; location_unpaired=true,10,5,
TRAINER_TEAM_ROCKET_GRUNT,GRUNT,TRAINER_CLASS_TEAM_ROCKET,67,,,,TRAINER_PIC_ROCKET_GRUNT_M,,heartgoldsoulsilver_trainer_index=12; source=files/poketool/trainer/trainers.json; map_refs=170_D26R0102; matched_map=170_D26R0102,10,5,
TRAINER_TEAM_ROCKET_F_GRUNT,GRUNT,TRAINER_CLASS_TEAM_ROCKET_F,67,,,,TRAINER_PIC_ROCKET_GRUNT_F,,heartgoldsoulsilver_trainer_index=13; source=files/poketool/trainer/trainers.json; map_refs=170_D26R0102; matched_map=170_D26R0102,10,5,
TRAINER_BURGLAR_DUNCAN,DUNCAN,TRAINER_CLASS_BURGLAR,,,,,TRAINER_PIC_BURGLAR,,heartgoldsoulsilver_trainer_index=14; source=files/poketool/trainer/trainers.json; map_refs=194_D37R0104; location_unpaired=true,10,5,
TRAINER_FIREBREATHER_OTIS,OTIS,TRAINER_CLASS_FIREBREATHER,8,,,,TRAINER_PIC_FIREBREATHER,,heartgoldsoulsilver_trainer_index=15; source=files/poketool/trainer/trainers.json; map_refs=008_R03; matched_map=008_R03,10,5,
TRAINER_SWIMMER_M_SIMON,SIMON,TRAINER_CLASS_SWIMMER_M,81,,,,TRAINER_PIC_SWIMMER_MALE,,heartgoldsoulsilver_trainer_index=16; source=files/poketool/trainer/trainers.json; map_refs=091_W40; matched_map=091_W40,10,5,
TRAINER_BLACK_BELT_KENJI,KENJI,TRAINER_CLASS_BLACK_BELT,94,,,,TRAINER_PIC_BLACK_BELT,,heartgoldsoulsilver_trainer_index=17; source=files/poketool/trainer/trainers.json; map_refs=044_R45; matched_map=044_R45,10,5,
TRAINER_FISHERMAN_JUSTIN,JUSTIN,TRAINER_CLASS_FISHERMAN,62,,,,TRAINER_PIC_FISHERMAN,,heartgoldsoulsilver_trainer_index=18; source=files/poketool/trainer/trainers.json; map_refs=033_R32; matched_map=033_R32,10,5,
TRAINER_BIKER_MICKEY,MICKEY,TRAINER_CLASS_BIKER,,,,,TRAINER_PIC_BIKER,,heartgoldsoulsilver_trainer_index=19; source=files/poketool/trainer/trainers.json; location_unpaired=true,10,5,
TRAINER_LEADER_FALKNER_FALKNER,FALKNER,TRAINER_CLASS_LEADER_FALKNER,60,,,,TRAINER_PIC_FALKNER,,heartgoldsoulsilver_trainer_index=20; source=files/poketool/trainer/trainers.json; map_refs=0859_T22GYM0101; matched_map=0859_T22GYM0101,10,5,
TRAINER_LEADER_BUGSY_BUGSY,BUGSY,TRAINER_CLASS_LEADER_BUGSY,66,,,ITEM_SUPER_POTION,TRAINER_PIC_BUGSY,,heartgoldsoulsilver_trainer_index=21; source=files/poketool/trainer/trainers.json; map_refs=0869_T23GYM0102; matched_map=0869_T23GYM0102,10,5,
TRAINER_LASS_CARRIE,CARRIE,TRAINER_CLASS_LASS,70,,,,TRAINER_PIC_LASS,,heartgoldsoulsilver_trainer_index=22; source=files/poketool/trainer/trainers.json; map_refs=0886_T25GYM0101|133_T25GYM0101; matched_map=0886_T25GYM0101,10,5,
TRAINER_POKE_MANIAC_LARRY,LARRY,TRAINER_CLASS_POKE_MANIAC,64,,,,TRAINER_PIC_POKE_MANIAC,,heartgoldsoulsilver_trainer_index=23; source=files/poketool/trainer/trainers.json; map_refs=096_D25R0101; matched_map=096_D25R0101,10,5,
TRAINER_SCHOOL_KID_M_ALAN,ALAN,TRAINER_CLASS_SCHOOL_KID_M,73,,,,TRAINER_PIC_SCHOOL_KID_MALE,,heartgoldsoulsilver_trainer_index=24; source=files/poketool/trainer/trainers.json; map_refs=037_R36; matched_map=037_R36,10,5,
TRAINER_HIKER_RUSSEL,RUSSEL,TRAINER_CLASS_HIKER,64,,,,TRAINER_PIC_HIKER,,heartgoldsoulsilver_trainer_index=25; source=files/poketool/trainer/trainers.json; map_refs=096_D25R0101; matched_map=096_D25R0101,10,5,
TRAINER_CAMPER_ROLAND,ROLAND,TRAINER_CLASS_CAMPER,62,,,,TRAINER_PIC_CAMPER,,heartgoldsoulsilver_trainer_index=26; source=files/poketool/trainer/trainers.json; map_refs=033_R32; matched_map=033_R32,10,5,
TRAINER_PICNICKER_LIZ,LIZ,TRAINER_CLASS_PICNICKER,62,,,,TRAINER_PIC_PICNICKER,,heartgoldsoulsilver_trainer_index=27; source=files/poketool/trainer/trainers.json; map_refs=033_R32; matched_map=033_R32,10,5,
TRAINER_ACE_TRAINER_M_JAKE,JAKE,TRAINER_CLASS_ACE_TRAINER_M,98,,,,TRAINER_PIC_ACE_TRAINER_MALE,,heartgoldsoulsilver_trainer_index=28; source=files/poketool/trainer/trainers.json; map_refs=027_R26; matched_map=027_R26,10,5,
TRAINER_BIRD_KEEPER_GS_ROD,ROD,TRAINER_CLASS_BIRD_KEEPER_GS,60,,,,TRAINER_PIC_BIRD_KEEPER_GS,,heartgoldsoulsilver_trainer_index=29; source=files/poketool/trainer/trainers.json; map_refs=0859_T22GYM0101|131_T22GYM0101; matched_map=0859_T22GYM0101,10,5,
TRAINER_LEADER_WHITNEY,WHITNEY,TRAINER_CLASS_LEADER_WHITNEY,70,,,"ITEM_SUPER_POTION,ITEM_SUPER_POTION",TRAINER_PIC_WHITNEY,,heartgoldsoulsilver_trainer_index=30; source=files/poketool/trainer/trainers.json; map_refs=0886_T25GYM0101; matched_map=0886_T25GYM0101,10,5,
TRAINER_LEADER_MORTY_MORTY,MORTY,TRAINER_CLASS_LEADER_MORTY,75,,,"ITEM_HYPER_POTION,ITEM_HYPER_POTION",TRAINER_PIC_MORTY,,heartgoldsoulsilver_trainer_index=31; source=files/poketool/trainer/trainers.json; map_refs=0922_T27GYM0101; matched_map=0922_T27GYM0101,10,5,
TRAINER_LEADER_PRYCE_PRYCE,PRYCE,TRAINER_CLASS_LEADER_PRYCE,,,,"ITEM_HYPER_POTION,ITEM_FULL_RESTORE",TRAINER_PIC_PRYCE,,heartgoldsoulsilver_trainer_index=32; source=files/poketool/trainer/trainers.json; map_refs=0932_T28GYM0101; location_unpaired=true,10,5,
TRAINER_LEADER_JASMINE_JASMINE,JASMINE,TRAINER_CLASS_LEADER_JASMINE,80,,,"ITEM_HYPER_POTION,ITEM_HYPER_POTION",TRAINER_PIC_JASMINE,,heartgoldsoulsilver_trainer_index=33; source=files/poketool/trainer/trainers.json; map_refs=0913_T26GYM0101; matched_map=0913_T26GYM0101,10,5,
TRAINER_LEADER_CHUCK_CHUCK,CHUCK,TRAINER_CLASS_LEADER_CHUCK,84,,,"ITEM_HYPER_POTION,ITEM_HYPER_POTION",TRAINER_PIC_CHUCK,,heartgoldsoulsilver_trainer_index=34; source=files/poketool/trainer/trainers.json; map_refs=0877_T24GYM0101; matched_map=0877_T24GYM0101,10,5,
TRAINER_LEADER_CLAIR_CLAIR,CLAIR,TRAINER_CLASS_LEADER_CLAIR,92,,,"ITEM_HYPER_POTION,ITEM_FULL_RESTORE",TRAINER_PIC_CLAIR,,heartgoldsoulsilver_trainer_index=35; source=files/poketool/trainer/trainers.json; map_refs=0943_T30GYM0101; matched_map=0943_T30GYM0101,10,5,
TRAINER_ACE_TRAINER_F_JOYCE,JOYCE,TRAINER_CLASS_ACE_TRAINER_F,98,,,,TRAINER_PIC_ACE_TRAINER_FEMALE,,heartgoldsoulsilver_trainer_index=36; source=files/poketool/trainer/trainers.json; map_refs=027_R26; matched_map=027_R26,10,5,
TRAINER_GENTLEMAN_PRESTON,PRESTON,TRAINER_CLASS_GENTLEMAN,,,,ITEM_FULL_RESTORE,TRAINER_PIC_GENTLEMAN,,heartgoldsoulsilver_trainer_index=37; source=files/poketool/trainer/trainers.json; map_refs=209_D27R0105; location_unpaired=true,10,5,
TRAINER_TEACHER_COLETTE,COLETTE,TRAINER_CLASS_TEACHER,34,,,,TRAINER_PIC_TEACHER,,heartgoldsoulsilver_trainer_index=38; source=files/poketool/trainer/trainers.json; map_refs=020_R15; matched_map=020_R15,10,5,
TRAINER_SAILOR_EUGENE,EUGENE,TRAINER_CLASS_SAILOR,79,,,,TRAINER_PIC_SAILOR,,heartgoldsoulsilver_trainer_index=39; source=files/poketool/trainer/trainers.json; map_refs=040_R39; matched_map=040_R39,10,5,
TRAINER_SUPER_NERD_MICKEY,MICKEY,TRAINER_CLASS_SUPER_NERD,,,,,TRAINER_PIC_SUPER_NERD,,heartgoldsoulsilver_trainer_index=40; source=files/poketool/trainer/trainers.json; location_unpaired=true,10,5,
TRAINER_GUITARIST_CLYDE,CLYDE,TRAINER_CLASS_GUITARIST,,,,,TRAINER_PIC_GUITARIST,,heartgoldsoulsilver_trainer_index=41; source=files/poketool/trainer/trainers.json; map_refs=282_P01R0305; location_unpaired=true,10,5,
TRAINER_PSYCHIC_M_NATHAN,NATHAN,TRAINER_CLASS_PSYCHIC_M,63,,,,TRAINER_PIC_PSYCHIC_MALE,,heartgoldsoulsilver_trainer_index=42; source=files/poketool/trainer/trainers.json; map_refs=110_D24R0101; matched_map=110_D24R0101,10,5,
TRAINER_SAGE_CHOW,CHOW,TRAINER_CLASS_SAGE,61,,,,TRAINER_PIC_SAGE,,heartgoldsoulsilver_trainer_index=43; source=files/poketool/trainer/trainers.json; map_refs=107_D15R0101; matched_map=107_D15R0101,10,5,
TRAINER_POKEFAN_M_DEREK,DEREK,TRAINER_CLASS_POKEFAN_M,79,,,,TRAINER_PIC_POKEFAN_MALE,,heartgoldsoulsilver_trainer_index=44; source=files/poketool/trainer/trainers.json; map_refs=040_R39; matched_map=040_R39,10,5,
TRAINER_POKEFAN_RUTH,RUTH,TRAINER_CLASS_POKEFAN,79,,,,TRAINER_PIC_POKEFAN_FEMALE,,heartgoldsoulsilver_trainer_index=45; source=files/poketool/trainer/trainers.json; map_refs=040_R39; matched_map=040_R39,10,5,
TRAINER_MEDIUM_MARTHA,MARTHA,TRAINER_CLASS_MEDIUM,75,,,,TRAINER_PIC_MEDIUM,,heartgoldsoulsilver_trainer_index=46; source=files/poketool/trainer/trainers.json; map_refs=077_T27GYM0101; matched_map=077_T27GYM0101,10,5,
TRAINER_YOUNGSTER_MIKEY,MIKEY,TRAINER_CLASS_YOUNGSTER,57,,,,TRAINER_PIC_YOUNGSTER,,heartgoldsoulsilver_trainer_index=47; source=files/poketool/trainer/trainers.json; map_refs=031_R30; matched_map=031_R30,10,5,
TRAINER_BUG_CATCHER_ROB,ROB,TRAINER_CLASS_BUG_CATCHER,6,,,,TRAINER_PIC_BUG_CATCHER,,heartgoldsoulsilver_trainer_index=48; source=files/poketool/trainer/trainers.json; map_refs=007_R02; matched_map=007_R02,10,5,
TRAINER_YOUNGSTER_ALBERT,ALBERT,TRAINER_CLASS_YOUNGSTER,62,,,,TRAINER_PIC_YOUNGSTER,,heartgoldsoulsilver_trainer_index=49; source=files/poketool/trainer/trainers.json; map_refs=033_R32; matched_map=033_R32,10,5,
TRAINER_BIRD_KEEPER_GS_ABE,ABE,TRAINER_CLASS_BIRD_KEEPER_GS,60,,,,TRAINER_PIC_BIRD_KEEPER_GS,,heartgoldsoulsilver_trainer_index=50; source=files/poketool/trainer/trainers.json; map_refs=0859_T22GYM0101|131_T22GYM0101; matched_map=0859_T22GYM0101,10,5,
TRAINER_SAGE_NICO,NICO,TRAINER_CLASS_SAGE,61,,,,TRAINER_PIC_SAGE,,heartgoldsoulsilver_trainer_index=51; source=files/poketool/trainer/trainers.json; map_refs=150_D15R0102; matched_map=150_D15R0102,10,5,
TRAINER_SAGE_EDMOND,EDMOND,TRAINER_CLASS_SAGE,61,,,,TRAINER_PIC_SAGE,,heartgoldsoulsilver_trainer_index=52; source=files/poketool/trainer/trainers.json; map_refs=150_D15R0102; matched_map=150_D15R0102,10,5,
TRAINER_SAGE_JIN,JIN,TRAINER_CLASS_SAGE,61,,,,TRAINER_PIC_SAGE,,heartgoldsoulsilver_trainer_index=53; source=files/poketool/trainer/trainers.json; map_refs=151_D15R0103; matched_map=151_D15R0103,10,5,
TRAINER_SAGE_TROY,TROY,TRAINER_CLASS_SAGE,61,,,,TRAINER_PIC_SAGE,,heartgoldsoulsilver_trainer_index=54; source=files/poketool/trainer/trainers.json; map_refs=151_D15R0103; matched_map=151_D15R0103,10,5,
TRAINER_SAGE_NEAL,NEAL,TRAINER_CLASS_SAGE,61,,,,TRAINER_PIC_SAGE,,heartgoldsoulsilver_trainer_index=55; source=files/poketool/trainer/trainers.json; map_refs=151_D15R0103; matched_map=151_D15R0103,10,5,
TRAINER_YOUNGSTER_GORDON,GORDON,TRAINER_CLASS_YOUNGSTER,62,,,,TRAINER_PIC_YOUNGSTER,,heartgoldsoulsilver_trainer_index=56; source=files/poketool/trainer/trainers.json; map_refs=033_R32; matched_map=033_R32,10,5,
TRAINER_FISHERMAN_RALPH,RALPH,TRAINER_CLASS_FISHERMAN,62,,,,TRAINER_PIC_FISHERMAN,,heartgoldsoulsilver_trainer_index=57; source=files/poketool/trainer/trainers.json; map_refs=033_R32; matched_map=033_R32,10,5,
TRAINER_FISHERMAN_ARNOLD,ARNOLD,TRAINER_CLASS_FISHERMAN,46,,,,TRAINER_PIC_FISHERMAN,,heartgoldsoulsilver_trainer_index=58; source=files/poketool/trainer/trainers.json; map_refs=090_W21; matched_map=090_W21,10,5,
TRAINER_FISHERMAN_KYLE,KYLE,TRAINER_CLASS_FISHERMAN,23,,,,TRAINER_PIC_FISHERMAN,,heartgoldsoulsilver_trainer_index=59; source=files/poketool/trainer/trainers.json; map_refs=017_R12; matched_map=017_R12,10,5,
TRAINER_FISHERMAN_HENRY,HENRY,TRAINER_CLASS_FISHERMAN,62,,,,TRAINER_PIC_FISHERMAN,,heartgoldsoulsilver_trainer_index=60; source=files/poketool/trainer/trainers.json; map_refs=033_R32; matched_map=033_R32,10,5,
TRAINER_HIKER_ANTHONY,ANTHONY,TRAINER_CLASS_HIKER,65,,,,TRAINER_PIC_HIKER,,heartgoldsoulsilver_trainer_index=61; source=files/poketool/trainer/trainers.json; map_refs=034_R33; matched_map=034_R33,10,5,
TRAINER_YOUNGSTER_SAMUEL,SAMUEL,TRAINER_CLASS_YOUNGSTER,69,,,,TRAINER_PIC_YOUNGSTER,,heartgoldsoulsilver_trainer_index=62; source=files/poketool/trainer/trainers.json; map_refs=035_R34; matched_map=035_R34,10,5,
TRAINER_TEAM_ROCKET_MICKEY,MICKEY,TRAINER_CLASS_TEAM_ROCKET,,,,,TRAINER_PIC_ROCKET_GRUNT_M,,heartgoldsoulsilver_trainer_index=63; source=files/poketool/trainer/trainers.json; location_unpaired=true,10,5,
TRAINER_YOUNGSTER_IAN,IAN,TRAINER_CLASS_YOUNGSTER,69,,,,TRAINER_PIC_YOUNGSTER,,heartgoldsoulsilver_trainer_index=64; source=files/poketool/trainer/trainers.json; map_refs=035_R34; matched_map=035_R34,10,5,
TRAINER_PICNICKER_GINA,GINA,TRAINER_CLASS_PICNICKER,69,,,,TRAINER_PIC_PICNICKER,,heartgoldsoulsilver_trainer_index=65; source=files/poketool/trainer/trainers.json; map_refs=035_R34; matched_map=035_R34,10,5,
TRAINER_CAMPER_TODD,TODD,TRAINER_CLASS_CAMPER,69,,,,TRAINER_PIC_CAMPER,,heartgoldsoulsilver_trainer_index=66; source=files/poketool/trainer/trainers.json; map_refs=035_R34; matched_map=035_R34,10,5,
TRAINER_BUG_CATCHER_BENNY,BENNY,TRAINER_CLASS_BUG_CATCHER,66,,,,TRAINER_PIC_BUG_CATCHER,,heartgoldsoulsilver_trainer_index=67; source=files/poketool/trainer/trainers.json; map_refs=0869_T23GYM0102|173_T23GYM0102; matched_map=0869_T23GYM0102,10,5,
TRAINER_BUG_CATCHER_AL,AL,TRAINER_CLASS_BUG_CATCHER,66,,,,TRAINER_PIC_BUG_CATCHER,,heartgoldsoulsilver_trainer_index=68; source=files/poketool/trainer/trainers.json; map_refs=0869_T23GYM0102|173_T23GYM0102; matched_map=0869_T23GYM0102,10,5,
TRAINER_BUG_CATCHER_JOSH,JOSH,TRAINER_CLASS_BUG_CATCHER,66,,,,TRAINER_PIC_BUG_CATCHER,,heartgoldsoulsilver_trainer_index=69; source=files/poketool/trainer/trainers.json; map_refs=0869_T23GYM0102|173_T23GYM0102; matched_map=0869_T23GYM0102,10,5,
TRAINER_BEAUTY_SAMANTHA,SAMANTHA,TRAINER_CLASS_BEAUTY,70,,,,TRAINER_PIC_BEAUTY,,heartgoldsoulsilver_trainer_index=70; source=files/poketool/trainer/trainers.json; map_refs=0886_T25GYM0101|133_T25GYM0101; matched_map=0886_T25GYM0101,10,5,
TRAINER_LASS_CATHY,CATHY,TRAINER_CLASS_LASS,70,,,,TRAINER_PIC_LASS,,heartgoldsoulsilver_trainer_index=71; source=files/poketool/trainer/trainers.json; map_refs=0886_T25GYM0101|133_T25GYM0101; matched_map=0886_T25GYM0101,10,5,
TRAINER_BIRD_KEEPER_GS_BRYAN,BRYAN,TRAINER_CLASS_BIRD_KEEPER_GS,71,,,,TRAINER_PIC_BIRD_KEEPER_GS,,heartgoldsoulsilver_trainer_index=72; source=files/poketool/trainer/trainers.json; map_refs=036_R35; matched_map=036_R35,10,5,
TRAINER_BIRD_KEEPER_GS_THEO,THEO,TRAINER_CLASS_BIRD_KEEPER_GS,,,,,TRAINER_PIC_BIRD_KEEPER_GS,,heartgoldsoulsilver_trainer_index=73; source=files/poketool/trainer/trainers.json; map_refs=208_D27R0104; location_unpaired=true,10,5,
TRAINER_CAMPER_IVAN,IVAN,TRAINER_CLASS_CAMPER,71,,,,TRAINER_PIC_CAMPER,,heartgoldsoulsilver_trainer_index=74; source=files/poketool/trainer/trainers.json; map_refs=036_R35; matched_map=036_R35,10,5,
TRAINER_CAMPER_ELLIOT,ELLIOT,TRAINER_CLASS_CAMPER,71,,,,TRAINER_PIC_CAMPER,,heartgoldsoulsilver_trainer_index=75; source=files/poketool/trainer/trainers.json; map_refs=036_R35; matched_map=036_R35,10,5,
TRAINER_PICNICKER_BROOKE,BROOKE,TRAINER_CLASS_PICNICKER,71,,,,TRAINER_PIC_PICNICKER,,heartgoldsoulsilver_trainer_index=76; source=files/poketool/trainer/trainers.json; map_refs=036_R35; matched_map=036_R35,10,5,
TRAINER_PICNICKER_KIM,KIM,TRAINER_CLASS_PICNICKER,71,,,,TRAINER_PIC_PICNICKER,,heartgoldsoulsilver_trainer_index=77; source=files/poketool/trainer/trainers.json; map_refs=036_R35; matched_map=036_R35,10,5,
TRAINER_BUG_CATCHER_ARNIE,ARNIE,TRAINER_CLASS_BUG_CATCHER,71,,,,TRAINER_PIC_BUG_CATCHER,,heartgoldsoulsilver_trainer_index=78; source=files/poketool/trainer/trainers.json; map_refs=036_R35; matched_map=036_R35,10,5,
TRAINER_BUG_CATCHER_KEN,KEN,TRAINER_CLASS_BUG_CATCHER,,,,,TRAINER_PIC_BUG_CATCHER,,heartgoldsoulsilver_trainer_index=79; source=files/poketool/trainer/trainers.json; map_refs=282_P01R0305; location_unpaired=true,10,5,
TRAINER_POLICEMAN_DIRK,DIRK,TRAINER_CLASS_POLICEMAN,71,,,,TRAINER_PIC_POLICEMAN,,heartgoldsoulsilver_trainer_index=80; source=files/poketool/trainer/trainers.json; map_refs=036_R35; matched_map=036_R35,10,5,
TRAINER_TWINS_TORI_AND_TIL,TORI & TIL,TRAINER_CLASS_TWINS,74,,,,TRAINER_PIC_TWINS,True,heartgoldsoulsilver_trainer_index=81; source=files/poketool/trainer/trainers.json; map_refs=038_R37; matched_map=038_R37,10,5,
TRAINER_BIRD_KEEPER_GS_TOBY,TOBY,TRAINER_CLASS_BIRD_KEEPER_GS,78,,,,TRAINER_PIC_BIRD_KEEPER_GS,,heartgoldsoulsilver_trainer_index=82; source=files/poketool/trainer/trainers.json; map_refs=039_R38; matched_map=039_R38,10,5,
TRAINER_PICNICKER_CINDY,CINDY,TRAINER_CLASS_PICNICKER,,,,,TRAINER_PIC_PICNICKER,,heartgoldsoulsilver_trainer_index=83; source=files/poketool/trainer/trainers.json; map_refs=0809_T08GYM0101; location_unpaired=true,10,5,
TRAINER_CAMPER_BARRY,BARRY,TRAINER_CLASS_CAMPER,,,,,TRAINER_PIC_CAMPER,,heartgoldsoulsilver_trainer_index=84; source=files/poketool/trainer/trainers.json; map_refs=0809_T08GYM0101; location_unpaired=true,10,5,
TRAINER_SWIMMER_F_PAULA,PAULA,TRAINER_CLASS_SWIMMER_F,81,,,,TRAINER_PIC_SWIMMER_FEMALE,,heartgoldsoulsilver_trainer_index=85; source=files/poketool/trainer/trainers.json; map_refs=091_W40; matched_map=091_W40,10,5,
TRAINER_SWIMMER_M_RANDALL,RANDALL,TRAINER_CLASS_SWIMMER_M,81,,,,TRAINER_PIC_SWIMMER_MALE,,heartgoldsoulsilver_trainer_index=86; source=files/poketool/trainer/trainers.json; map_refs=091_W40; matched_map=091_W40,10,5,
TRAINER_SAGE_MICKEY,MICKEY,TRAINER_CLASS_SAGE,,,,,TRAINER_PIC_SAGE,,heartgoldsoulsilver_trainer_index=87; source=files/poketool/trainer/trainers.json; location_unpaired=true,10,5,
TRAINER_SAGE_MICKEY_2,MICKEY,TRAINER_CLASS_SAGE,,true,,,TRAINER_PIC_SAGE,,heartgoldsoulsilver_trainer_index=88; source=files/poketool/trainer/trainers.json; location_unpaired=true,10,5,
TRAINER_MEDIUM_GRACE,GRACE,TRAINER_CLASS_MEDIUM,75,,,,TRAINER_PIC_MEDIUM,,heartgoldsoulsilver_trainer_index=89; source=files/poketool/trainer/trainers.json; map_refs=077_T27GYM0101; matched_map=077_T27GYM0101,10,5,
TRAINER_SWIMMER_F_KAYLEE,KAYLEE,TRAINER_CLASS_SWIMMER_F,82,,,,TRAINER_PIC_SWIMMER_FEMALE,,heartgoldsoulsilver_trainer_index=90; source=files/poketool/trainer/trainers.json; map_refs=092_W41; matched_map=092_W41,10,5,
TRAINER_SWIMMER_F_SUSIE,SUSIE,TRAINER_CLASS_SWIMMER_F,82,,,,TRAINER_PIC_SWIMMER_FEMALE,,heartgoldsoulsilver_trainer_index=91; source=files/poketool/trainer/trainers.json; map_refs=092_W41; matched_map=092_W41,10,5,
TRAINER_SWIMMER_F_DENISE,DENISE,TRAINER_CLASS_SWIMMER_F,82,,,,TRAINER_PIC_SWIMMER_FEMALE,,heartgoldsoulsilver_trainer_index=92; source=files/poketool/trainer/trainers.json; map_refs=092_W41; matched_map=092_W41,10,5,
TRAINER_SWIMMER_F_KARA,KARA,TRAINER_CLASS_SWIMMER_F,82,,,,TRAINER_PIC_SWIMMER_FEMALE,,heartgoldsoulsilver_trainer_index=93; source=files/poketool/trainer/trainers.json; map_refs=092_W41; matched_map=092_W41,10,5,
TRAINER_SWIMMER_F_WENDY,WENDY,TRAINER_CLASS_SWIMMER_F,82,,,,TRAINER_PIC_SWIMMER_FEMALE,,heartgoldsoulsilver_trainer_index=94; source=files/poketool/trainer/trainers.json; map_refs=092_W41; matched_map=092_W41,10,5,
TRAINER_SWIMMER_M_CHARLIE,CHARLIE,TRAINER_CLASS_SWIMMER_M,82,,,,TRAINER_PIC_SWIMMER_MALE,,heartgoldsoulsilver_trainer_index=95; source=files/poketool/trainer/trainers.json; map_refs=092_W41; matched_map=092_W41,10,5,
TRAINER_SWIMMER_M_GEORGE,GEORGE,TRAINER_CLASS_SWIMMER_M,82,,,,TRAINER_PIC_SWIMMER_MALE,,heartgoldsoulsilver_trainer_index=96; source=files/poketool/trainer/trainers.json; map_refs=092_W41; matched_map=092_W41,10,5,
TRAINER_SWIMMER_M_BERKE,BERKE,TRAINER_CLASS_SWIMMER_M,82,,,,TRAINER_PIC_SWIMMER_MALE,,heartgoldsoulsilver_trainer_index=97; source=files/poketool/trainer/trainers.json; map_refs=092_W41; matched_map=092_W41,10,5,
TRAINER_SWIMMER_M_RONALD,RONALD,TRAINER_CLASS_SWIMMER_M,82,,,,TRAINER_PIC_SWIMMER_MALE,,heartgoldsoulsilver_trainer_index=98; source=files/poketool/trainer/trainers.json; map_refs=092_W41; matched_map=092_W41,10,5,
TRAINER_SWIMMER_M_MATTHEW,MATTHEW,TRAINER_CLASS_SWIMMER_M,82,,,,TRAINER_PIC_SWIMMER_MALE,,heartgoldsoulsilver_trainer_index=99; source=files/poketool/trainer/trainers.json; map_refs=092_W41; matched_map=092_W41,10,5,
TRAINER_HIKER_ANTHONY_2,ANTHONY,TRAINER_CLASS_HIKER,,true,,,TRAINER_PIC_HIKER,,heartgoldsoulsilver_trainer_index=100; source=files/poketool/trainer/trainers.json; location_unpaired=true,10,5,
TRAINER_TEAM_ROCKET_GRUNT_2,GRUNT,TRAINER_CLASS_TEAM_ROCKET,67,true,,,TRAINER_PIC_ROCKET_GRUNT_M,,heartgoldsoulsilver_trainer_index=101; source=files/poketool/trainer/trainers.json; map_refs=170_D26R0102; matched_map=170_D26R0102,10,5,
TRAINER_ACE_TRAINER_M_GAVEN,GAVEN,TRAINER_CLASS_ACE_TRAINER_M,98,,,,TRAINER_PIC_ACE_TRAINER_MALE,,heartgoldsoulsilver_trainer_index=102; source=files/poketool/trainer/trainers.json; map_refs=027_R26; matched_map=027_R26,10,5,
TRAINER_ACE_TRAINER_M_BLAKE,BLAKE,TRAINER_CLASS_ACE_TRAINER_M,96,,,,TRAINER_PIC_ACE_TRAINER_MALE,,heartgoldsoulsilver_trainer_index=103; source=files/poketool/trainer/trainers.json; map_refs=028_R27; matched_map=028_R27,10,5,
TRAINER_ACE_TRAINER_M_BRIAN,BRIAN,TRAINER_CLASS_ACE_TRAINER_M,96,,,,TRAINER_PIC_ACE_TRAINER_MALE,,heartgoldsoulsilver_trainer_index=104; source=files/poketool/trainer/trainers.json; map_refs=028_R27; matched_map=028_R27,10,5,
TRAINER_ACE_TRAINER_M_MICKEY,MICKEY,TRAINER_CLASS_ACE_TRAINER_M,,,,,TRAINER_PIC_ACE_TRAINER_MALE,,heartgoldsoulsilver_trainer_index=105; source=files/poketool/trainer/trainers.json; location_unpaired=true,10,5,
TRAINER_ACE_TRAINER_M_MICKEY_2,MICKEY,TRAINER_CLASS_ACE_TRAINER_M,,true,,,TRAINER_PIC_ACE_TRAINER_MALE,,heartgoldsoulsilver_trainer_index=106; source=files/poketool/trainer/trainers.json; location_unpaired=true,10,5,
TRAINER_ACE_TRAINER_M_MICKEY_3,MICKEY,TRAINER_CLASS_ACE_TRAINER_M,,true,,,TRAINER_PIC_ACE_TRAINER_MALE,,heartgoldsoulsilver_trainer_index=107; source=files/poketool/trainer/trainers.json; location_unpaired=true,10,5,
TRAINER_ACE_TRAINER_M_RYAN,RYAN,TRAINER_CLASS_ACE_TRAINER_M,94,,,,TRAINER_PIC_ACE_TRAINER_MALE,,heartgoldsoulsilver_trainer_index=108; source=files/poketool/trainer/trainers.json; map_refs=044_R45; matched_map=044_R45,10,5,
TRAINER_ACE_TRAINER_M_ALTON,ALTON,TRAINER_CLASS_ACE_TRAINER_M,88,,,,TRAINER_PIC_ACE_TRAINER_MALE,,heartgoldsoulsilver_trainer_index=109; source=files/poketool/trainer/trainers.json; map_refs=085_T29; matched_map=085_T29,10,5,
TRAINER_ACE_TRAINER_M_PAULO,PAULO,TRAINER_CLASS_ACE_TRAINER_M,92,,,,TRAINER_PIC_ACE_TRAINER_MALE,,heartgoldsoulsilver_trainer_index=110; source=files/poketool/trainer/trainers.json; map_refs=0943_T30GYM0101|137_T30GYM0101; matched_map=0943_T30GYM0101,10,5,
TRAINER_ACE_TRAINER_M_MIKE,MIKE,TRAINER_CLASS_ACE_TRAINER_M,92,,,,TRAINER_PIC_ACE_TRAINER_MALE,,heartgoldsoulsilver_trainer_index=111; source=files/poketool/trainer/trainers.json; map_refs=0943_T30GYM0101|137_T30GYM0101; matched_map=0943_T30GYM0101,10,5,
TRAINER_ACE_TRAINER_M_CODY,CODY,TRAINER_CLASS_ACE_TRAINER_M,92,,,,TRAINER_PIC_ACE_TRAINER_MALE,,heartgoldsoulsilver_trainer_index=112; source=files/poketool/trainer/trainers.json; map_refs=0943_T30GYM0101|137_T30GYM0101; matched_map=0943_T30GYM0101,10,5,
TRAINER_ACE_TRAINER_F_JAMIE,JAMIE,TRAINER_CLASS_ACE_TRAINER_F,98,,,,TRAINER_PIC_ACE_TRAINER_FEMALE,,heartgoldsoulsilver_trainer_index=113; source=files/poketool/trainer/trainers.json; map_refs=027_R26; matched_map=027_R26,10,5,
TRAINER_ACE_TRAINER_F_REENA,REENA,TRAINER_CLASS_ACE_TRAINER_F,96,,,,TRAINER_PIC_ACE_TRAINER_FEMALE,,heartgoldsoulsilver_trainer_index=114; source=files/poketool/trainer/trainers.json; map_refs=028_R27; matched_map=028_R27,10,5,
TRAINER_ACE_TRAINER_F_MEGAN,MEGAN,TRAINER_CLASS_ACE_TRAINER_F,96,,,,TRAINER_PIC_ACE_TRAINER_FEMALE,,heartgoldsoulsilver_trainer_index=115; source=files/poketool/trainer/trainers.json; map_refs=028_R27; matched_map=028_R27,10,5,
TRAINER_ACE_TRAINER_F_LOIS,LOIS,TRAINER_CLASS_ACE_TRAINER_F,88,,,,TRAINER_PIC_ACE_TRAINER_FEMALE,,heartgoldsoulsilver_trainer_index=116; source=files/poketool/trainer/trainers.json; map_refs=085_T29; matched_map=085_T29,10,5,
TRAINER_ACE_TRAINER_F_LOLA,LOLA,TRAINER_CLASS_ACE_TRAINER_F,92,,,,TRAINER_PIC_ACE_TRAINER_FEMALE,,heartgoldsoulsilver_trainer_index=117; source=files/poketool/trainer/trainers.json; map_refs=0943_T30GYM0101|137_T30GYM0101; matched_map=0943_T30GYM0101,10,5,
TRAINER_ACE_TRAINER_F_KATE,KATE,TRAINER_CLASS_ACE_TRAINER_F,69,,,,TRAINER_PIC_ACE_TRAINER_FEMALE,,heartgoldsoulsilver_trainer_index=118; source=files/poketool/trainer/trainers.json; map_refs=0237_R34; matched_map=0237_R34,10,5,
TRAINER_ACE_TRAINER_F_FRAN,FRAN,TRAINER_CLASS_ACE_TRAINER_F,92,,,,TRAINER_PIC_ACE_TRAINER_FEMALE,,heartgoldsoulsilver_trainer_index=119; source=files/poketool/trainer/trainers.json; map_refs=0943_T30GYM0101|137_T30GYM0101; matched_map=0943_T30GYM0101,10,5,
TRAINER_ACE_TRAINER_F_IRENE,IRENE,TRAINER_CLASS_ACE_TRAINER_F,69,,,,TRAINER_PIC_ACE_TRAINER_FEMALE,,heartgoldsoulsilver_trainer_index=120; source=files/poketool/trainer/trainers.json; map_refs=0237_R34; matched_map=0237_R34,10,5,
TRAINER_ACE_TRAINER_F_KELLY,KELLY,TRAINER_CLASS_ACE_TRAINER_F,94,,,,TRAINER_PIC_ACE_TRAINER_FEMALE,,heartgoldsoulsilver_trainer_index=121; source=files/poketool/trainer/trainers.json; map_refs=044_R45; matched_map=044_R45,10,5,
TRAINER_FISHERMAN_MARVIN,MARVIN,TRAINER_CLASS_FISHERMAN,87,,,,TRAINER_PIC_FISHERMAN,,heartgoldsoulsilver_trainer_index=122; source=files/poketool/trainer/trainers.json; map_refs=042_R43; matched_map=042_R43,10,5,
TRAINER_FISHERMAN_TULLY,TULLY,TRAINER_CLASS_FISHERMAN,85,,,,TRAINER_PIC_FISHERMAN,,heartgoldsoulsilver_trainer_index=123; source=files/poketool/trainer/trainers.json; map_refs=041_R42; matched_map=041_R42,10,5,
TRAINER_FISHERMAN_WILTON,WILTON,TRAINER_CLASS_FISHERMAN,90,,,,TRAINER_PIC_FISHERMAN,,heartgoldsoulsilver_trainer_index=124; source=files/poketool/trainer/trainers.json; map_refs=043_R44; matched_map=043_R44,10,5,
TRAINER_FISHERMAN_EDGAR,EDGAR,TRAINER_CLASS_FISHERMAN,90,,,,TRAINER_PIC_FISHERMAN,,heartgoldsoulsilver_trainer_index=125; source=files/poketool/trainer/trainers.json; map_refs=043_R44; matched_map=043_R44,10,5,
TRAINER_FISHERMAN_ANDRE,ANDRE,TRAINER_CLASS_FISHERMAN,88,,,,TRAINER_PIC_FISHERMAN,,heartgoldsoulsilver_trainer_index=126; source=files/poketool/trainer/trainers.json; map_refs=085_T29; matched_map=085_T29,10,5,
TRAINER_FISHERMAN_RAYMOND,RAYMOND,TRAINER_CLASS_FISHERMAN,88,,,,TRAINER_PIC_FISHERMAN,,heartgoldsoulsilver_trainer_index=127; source=files/poketool/trainer/trainers.json; map_refs=085_T29; matched_map=085_T29,10,5,
TRAINER_FISHERMAN_JONAH,JONAH,TRAINER_CLASS_FISHERMAN,,,,,TRAINER_PIC_FISHERMAN,,heartgoldsoulsilver_trainer_index=128; source=files/poketool/trainer/trainers.json; map_refs=300_P01R0307; location_unpaired=true,10,5,
TRAINER_POKE_MANIAC_SHANE,SHANE,TRAINER_CLASS_POKE_MANIAC,85,,,,TRAINER_PIC_POKE_MANIAC,,heartgoldsoulsilver_trainer_index=129; source=files/poketool/trainer/trainers.json; map_refs=041_R42; matched_map=041_R42,10,5,
TRAINER_POKE_MANIAC_BECKETT,BECKETT,TRAINER_CLASS_POKE_MANIAC,87,,,,TRAINER_PIC_POKE_MANIAC,,heartgoldsoulsilver_trainer_index=130; source=files/poketool/trainer/trainers.json; map_refs=042_R43; matched_map=042_R43,10,5,
TRAINER_POKE_MANIAC_BRENT,BRENT,TRAINER_CLASS_POKE_MANIAC,87,,,,TRAINER_PIC_POKE_MANIAC,,heartgoldsoulsilver_trainer_index=131; source=files/poketool/trainer/trainers.json; map_refs=042_R43; matched_map=042_R43,10,5,
TRAINER_POKE_MANIAC_RON,RON,TRAINER_CLASS_POKE_MANIAC,87,,,,TRAINER_PIC_POKE_MANIAC,,heartgoldsoulsilver_trainer_index=132; source=files/poketool/trainer/trainers.json; map_refs=042_R43; matched_map=042_R43,10,5,
TRAINER_POKE_MANIAC_MORGAN,MORGAN,TRAINER_CLASS_POKE_MANIAC,,,,,TRAINER_PIC_POKE_MANIAC,,heartgoldsoulsilver_trainer_index=133; source=files/poketool/trainer/trainers.json; map_refs=281_P01R0304; location_unpaired=true,10,5,
TRAINER_HIKER_BENJAMIN,BENJAMIN,TRAINER_CLASS_HIKER,85,,,,TRAINER_PIC_HIKER,,heartgoldsoulsilver_trainer_index=134; source=files/poketool/trainer/trainers.json; map_refs=041_R42; matched_map=041_R42,10,5,
TRAINER_SCHOOL_KID_M_JOHNNY,JOHNNY,TRAINER_CLASS_SCHOOL_KID_M,34,,,,TRAINER_PIC_SCHOOL_KID_MALE,,heartgoldsoulsilver_trainer_index=135; source=files/poketool/trainer/trainers.json; map_refs=020_R15; matched_map=020_R15,10,5,
TRAINER_LASS_LINDA,LINDA,TRAINER_CLASS_LASS,,,,,TRAINER_PIC_LASS,,heartgoldsoulsilver_trainer_index=136; source=files/poketool/trainer/trainers.json; map_refs=0809_T08GYM0101; location_unpaired=true,10,5,
TRAINER_BIRD_KEEPER_GS_VANCE,VANCE,TRAINER_CLASS_BIRD_KEEPER_GS,90,,,,TRAINER_PIC_BIRD_KEEPER_GS,,heartgoldsoulsilver_trainer_index=137; source=files/poketool/trainer/trainers.json; map_refs=043_R44; matched_map=043_R44,10,5,
TRAINER_CAMPER_MICKEY,MICKEY,TRAINER_CLASS_CAMPER,,,,,TRAINER_PIC_CAMPER,,heartgoldsoulsilver_trainer_index=138; source=files/poketool/trainer/trainers.json; location_unpaired=true,10,5,
TRAINER_PICNICKER_DEBRA,DEBRA,TRAINER_CLASS_PICNICKER,,,,,TRAINER_PIC_PICNICKER,,heartgoldsoulsilver_trainer_index=139; source=files/poketool/trainer/trainers.json; map_refs=300_P01R0307; location_unpaired=true,10,5,
TRAINER_BUG_CATCHER_DOUG,DOUG,TRAINER_CLASS_BUG_CATCHER,6,,,,TRAINER_PIC_BUG_CATCHER,,heartgoldsoulsilver_trainer_index=140; source=files/poketool/trainer/trainers.json; map_refs=007_R02; matched_map=007_R02,10,5,
TRAINER_CAMPER_MICKEY_2,MICKEY,TRAINER_CLASS_CAMPER,,true,,,TRAINER_PIC_CAMPER,,heartgoldsoulsilver_trainer_index=141; source=files/poketool/trainer/trainers.json; location_unpaired=true,10,5,
TRAINER_PICNICKER_GINA_2,GINA,TRAINER_CLASS_PICNICKER,,true,,,TRAINER_PIC_PICNICKER,,heartgoldsoulsilver_trainer_index=142; source=files/poketool/trainer/trainers.json; location_unpaired=true,10,5,
TRAINER_HIKER_ERIK,ERIK,TRAINER_CLASS_HIKER,94,,,,TRAINER_PIC_HIKER,,heartgoldsoulsilver_trainer_index=143; source=files/poketool/trainer/trainers.json; map_refs=044_R45; matched_map=044_R45,10,5,
TRAINER_HIKER_MICHAEL,MICHAEL,TRAINER_CLASS_HIKER,94,,,,TRAINER_PIC_HIKER,,heartgoldsoulsilver_trainer_index=144; source=files/poketool/trainer/trainers.json; map_refs=044_R45; matched_map=044_R45,10,5,
TRAINER_HIKER_PARRY,PARRY,TRAINER_CLASS_HIKER,94,,,,TRAINER_PIC_HIKER,,heartgoldsoulsilver_trainer_index=145; source=files/poketool/trainer/trainers.json; map_refs=044_R45; matched_map=044_R45,10,5,
TRAINER_HIKER_TIMOTHY,TIMOTHY,TRAINER_CLASS_HIKER,94,,,,TRAINER_PIC_HIKER,,heartgoldsoulsilver_trainer_index=146; source=files/poketool/trainer/trainers.json; map_refs=044_R45; matched_map=044_R45,10,5,
TRAINER_CAMPER_TED,TED,TRAINER_CLASS_CAMPER,95,,,,TRAINER_PIC_CAMPER,,heartgoldsoulsilver_trainer_index=147; source=files/poketool/trainer/trainers.json; map_refs=045_R46; matched_map=045_R46,10,5,
TRAINER_CAMPER_LLOYD,LLOYD,TRAINER_CLASS_CAMPER,13,,,,TRAINER_PIC_CAMPER,,heartgoldsoulsilver_trainer_index=148; source=files/poketool/trainer/trainers.json; map_refs=026_R25; matched_map=026_R25,10,5,
TRAINER_CAMPER_DEAN,DEAN,TRAINER_CLASS_CAMPER,19,,,,TRAINER_PIC_CAMPER,,heartgoldsoulsilver_trainer_index=149; source=files/poketool/trainer/trainers.json; map_refs=014_R09; matched_map=014_R09,10,5,
TRAINER_CAMPER_SID,SID,TRAINER_CLASS_CAMPER,19,,,,TRAINER_PIC_CAMPER,,heartgoldsoulsilver_trainer_index=150; source=files/poketool/trainer/trainers.json; map_refs=014_R09; matched_map=014_R09,10,5,
TRAINER_PICNICKER_ERIN,ERIN,TRAINER_CLASS_PICNICKER,95,,,,TRAINER_PIC_PICNICKER,,heartgoldsoulsilver_trainer_index=151; source=files/poketool/trainer/trainers.json; map_refs=045_R46; matched_map=045_R46,10,5,
TRAINER_PICNICKER_HOPE,HOPE,TRAINER_CLASS_PICNICKER,9,,,,TRAINER_PIC_PICNICKER,,heartgoldsoulsilver_trainer_index=152; source=files/poketool/trainer/trainers.json; map_refs=009_R04; matched_map=009_R04,10,5,
TRAINER_PICNICKER_SHARON,SHARON,TRAINER_CLASS_PICNICKER,9,,,,TRAINER_PIC_PICNICKER,,heartgoldsoulsilver_trainer_index=153; source=files/poketool/trainer/trainers.json; map_refs=009_R04; matched_map=009_R04,10,5,
TRAINER_HIKER_BAILEY,BAILEY,TRAINER_CLASS_HIKER,95,,,,TRAINER_PIC_HIKER,,heartgoldsoulsilver_trainer_index=154; source=files/poketool/trainer/trainers.json; map_refs=045_R46; matched_map=045_R46,10,5,
TRAINER_HIKER_ANTHONY_3,ANTHONY,TRAINER_CLASS_HIKER,,true,,,TRAINER_PIC_HIKER,,heartgoldsoulsilver_trainer_index=155; source=files/poketool/trainer/trainers.json; location_unpaired=true,10,5,
TRAINER_BLACK_BELT_YOSHI,YOSHI,TRAINER_CLASS_BLACK_BELT,84,,,,TRAINER_PIC_BLACK_BELT,,heartgoldsoulsilver_trainer_index=156; source=files/poketool/trainer/trainers.json; map_refs=0877_T24GYM0101|135_T24GYM0101; matched_map=0877_T24GYM0101,10,5,
TRAINER_BLACK_BELT_LAO,LAO,TRAINER_CLASS_BLACK_BELT,84,,,,TRAINER_PIC_BLACK_BELT,,heartgoldsoulsilver_trainer_index=157; source=files/poketool/trainer/trainers.json; map_refs=0877_T24GYM0101|135_T24GYM0101; matched_map=0877_T24GYM0101,10,5,
TRAINER_BLACK_BELT_KIYO,KIYO,TRAINER_CLASS_BLACK_BELT,,,,,TRAINER_PIC_BLACK_BELT,,heartgoldsoulsilver_trainer_index=158; source=files/poketool/trainer/trainers.json; map_refs=0098_D38R0104; location_unpaired=true,10,5,
TRAINER_BLACK_BELT_LUNG,LUNG,TRAINER_CLASS_BLACK_BELT,84,,,,TRAINER_PIC_BLACK_BELT,,heartgoldsoulsilver_trainer_index=159; source=files/poketool/trainer/trainers.json; map_refs=0877_T24GYM0101|135_T24GYM0101; matched_map=0877_T24GYM0101,10,5,
TRAINER_KIMONO_GIRL_NAOKO,NAOKO,TRAINER_CLASS_KIMONO_GIRL,75,,,,TRAINER_PIC_KIMONO_GIRL,,heartgoldsoulsilver_trainer_index=160; source=files/poketool/trainer/trainers.json; map_refs=0928_T27R0501; matched_map=0928_T27R0501,10,5,
TRAINER_KIMONO_GIRL_SAYO,SAYO,TRAINER_CLASS_KIMONO_GIRL,75,,,,TRAINER_PIC_KIMONO_GIRL,,heartgoldsoulsilver_trainer_index=161; source=files/poketool/trainer/trainers.json; map_refs=0928_T27R0501; matched_map=0928_T27R0501,10,5,
TRAINER_KIMONO_GIRL_ZUKI,ZUKI,TRAINER_CLASS_KIMONO_GIRL,75,,,,TRAINER_PIC_KIMONO_GIRL,,heartgoldsoulsilver_trainer_index=162; source=files/poketool/trainer/trainers.json; map_refs=0928_T27R0501; matched_map=0928_T27R0501,10,5,
TRAINER_KIMONO_GIRL_KUNI,KUNI,TRAINER_CLASS_KIMONO_GIRL,75,,,,TRAINER_PIC_KIMONO_GIRL,,heartgoldsoulsilver_trainer_index=163; source=files/poketool/trainer/trainers.json; map_refs=0928_T27R0501; matched_map=0928_T27R0501,10,5,
TRAINER_KIMONO_GIRL_MIKI,MIKI,TRAINER_CLASS_KIMONO_GIRL,75,,,,TRAINER_PIC_KIMONO_GIRL,,heartgoldsoulsilver_trainer_index=164; source=files/poketool/trainer/trainers.json; map_refs=0928_T27R0501; matched_map=0928_T27R0501,10,5,
TRAINER_SWIMMER_F_MICKEY,MICKEY,TRAINER_CLASS_SWIMMER_F,,,,,TRAINER_PIC_SWIMMER_FEMALE,,heartgoldsoulsilver_trainer_index=165; source=files/poketool/trainer/trainers.json; location_unpaired=true,10,5,
TRAINER_SWIMMER_F_MICKEY_2,MICKEY,TRAINER_CLASS_SWIMMER_F,,true,,,TRAINER_PIC_SWIMMER_FEMALE,,heartgoldsoulsilver_trainer_index=166; source=files/poketool/trainer/trainers.json; location_unpaired=true,10,5,
TRAINER_SWIMMER_F_MICKEY_3,MICKEY,TRAINER_CLASS_SWIMMER_F,,true,,,TRAINER_PIC_SWIMMER_FEMALE,,heartgoldsoulsilver_trainer_index=167; source=files/poketool/trainer/trainers.json; location_unpaired=true,10,5,
TRAINER_SWIMMER_M_MICKEY,MICKEY,TRAINER_CLASS_SWIMMER_M,,,,,TRAINER_PIC_SWIMMER_MALE,,heartgoldsoulsilver_trainer_index=168; source=files/poketool/trainer/trainers.json; location_unpaired=true,10,5,
TRAINER_SWIMMER_M_MICKEY_2,MICKEY,TRAINER_CLASS_SWIMMER_M,,true,,,TRAINER_PIC_SWIMMER_MALE,,heartgoldsoulsilver_trainer_index=169; source=files/poketool/trainer/trainers.json; location_unpaired=true,10,5,
TRAINER_SWIMMER_M_MICKEY_3,MICKEY,TRAINER_CLASS_SWIMMER_M,,true,,,TRAINER_PIC_SWIMMER_MALE,,heartgoldsoulsilver_trainer_index=170; source=files/poketool/trainer/trainers.json; location_unpaired=true,10,5,
TRAINER_SWIMMER_M_MICKEY_4,MICKEY,TRAINER_CLASS_SWIMMER_M,,true,,,TRAINER_PIC_SWIMMER_MALE,,heartgoldsoulsilver_trainer_index=171; source=files/poketool/trainer/trainers.json; location_unpaired=true,10,5,
TRAINER_POKE_MANIAC_BRENT_2,BRENT,TRAINER_CLASS_POKE_MANIAC,,true,,,TRAINER_PIC_POKE_MANIAC,,heartgoldsoulsilver_trainer_index=172; source=files/poketool/trainer/trainers.json; location_unpaired=true,10,5,
TRAINER_POKE_MANIAC_BRENT_3,BRENT,TRAINER_CLASS_POKE_MANIAC,,true,,,TRAINER_PIC_POKE_MANIAC,,heartgoldsoulsilver_trainer_index=173; source=files/poketool/trainer/trainers.json; location_unpaired=true,10,5,
TRAINER_BIKER_MICKEY_2,MICKEY,TRAINER_CLASS_BIKER,,true,,,TRAINER_PIC_BIKER,,heartgoldsoulsilver_trainer_index=174; source=files/poketool/trainer/trainers.json; location_unpaired=true,10,5,
TRAINER_MEDIUM_BETHANY,BETHANY,TRAINER_CLASS_MEDIUM,,,,,TRAINER_PIC_MEDIUM,,heartgoldsoulsilver_trainer_index=175; source=files/poketool/trainer/trainers.json; location_unpaired=true,10,5,
TRAINER_MEDIUM_MARGARET,MARGARET,TRAINER_CLASS_MEDIUM,,,,,TRAINER_PIC_MEDIUM,,heartgoldsoulsilver_trainer_index=176; source=files/poketool/trainer/trainers.json; location_unpaired=true,10,5,
TRAINER_MEDIUM_ETHEL,ETHEL,TRAINER_CLASS_MEDIUM,,,,,TRAINER_PIC_MEDIUM,,heartgoldsoulsilver_trainer_index=177; source=files/poketool/trainer/trainers.json; location_unpaired=true,10,5,
TRAINER_SCHOOL_KID_M_JACK,JACK,TRAINER_CLASS_SCHOOL_KID_M,72,,,,TRAINER_PIC_SCHOOL_KID_MALE,,heartgoldsoulsilver_trainer_index=178; source=files/poketool/trainer/trainers.json; map_refs=093_D22R0101; matched_map=093_D22R0101,10,5,
TRAINER_SCHOOL_KID_M_KIPP,KIPP,TRAINER_CLASS_SCHOOL_KID_M,34,,,,TRAINER_PIC_SCHOOL_KID_MALE,,heartgoldsoulsilver_trainer_index=179; source=files/poketool/trainer/trainers.json; map_refs=020_R15; matched_map=020_R15,10,5,
TRAINER_BEAUTY_MICKEY,MICKEY,TRAINER_CLASS_BEAUTY,,,,,TRAINER_PIC_BEAUTY,,heartgoldsoulsilver_trainer_index=180; source=files/poketool/trainer/trainers.json; location_unpaired=true,10,5,
TRAINER_POKEFAN_M_WILLIAM,WILLIAM,TRAINER_CLASS_POKEFAN_M,72,,,,TRAINER_PIC_POKEFAN_MALE,,heartgoldsoulsilver_trainer_index=181; source=files/poketool/trainer/trainers.json; map_refs=093_D22R0101; matched_map=093_D22R0101,10,5,
TRAINER_POKEFAN_BEVERLY,BEVERLY,TRAINER_CLASS_POKEFAN,72,,,,TRAINER_PIC_POKEFAN_FEMALE,,heartgoldsoulsilver_trainer_index=182; source=files/poketool/trainer/trainers.json; map_refs=093_D22R0101; matched_map=093_D22R0101,10,5,
TRAINER_LASS_ALICE,ALICE,TRAINER_CLASS_LASS,,,,,TRAINER_PIC_LASS,,heartgoldsoulsilver_trainer_index=183; source=files/poketool/trainer/trainers.json; map_refs=0809_T08GYM0101; location_unpaired=true,10,5,
TRAINER_LASS_KRISE,KRISE,TRAINER_CLASS_LASS,72,,,,TRAINER_PIC_LASS,,heartgoldsoulsilver_trainer_index=184; source=files/poketool/trainer/trainers.json; map_refs=093_D22R0101; matched_map=093_D22R0101,10,5,
TRAINER_TEAM_ROCKET_GRUNT_3,GRUNT,TRAINER_CLASS_TEAM_ROCKET,,true,,,TRAINER_PIC_ROCKET_GRUNT_M,,heartgoldsoulsilver_trainer_index=185; source=files/poketool/trainer/trainers.json; map_refs=0029_D23R0101; location_unpaired=true,10,5,
TRAINER_TEAM_ROCKET_GRUNT_4,GRUNT,TRAINER_CLASS_TEAM_ROCKET,,true,,,TRAINER_PIC_ROCKET_GRUNT_M,,heartgoldsoulsilver_trainer_index=186; source=files/poketool/trainer/trainers.json; map_refs=179_D23R0102; location_unpaired=true,10,5,
TRAINER_TEAM_ROCKET_GRUNT_5,GRUNT,TRAINER_CLASS_TEAM_ROCKET,,true,,,TRAINER_PIC_ROCKET_GRUNT_M,,heartgoldsoulsilver_trainer_index=187; source=files/poketool/trainer/trainers.json; map_refs=179_D23R0102; location_unpaired=true,10,5,
TRAINER_TEAM_ROCKET_GRUNT_6,GRUNT,TRAINER_CLASS_TEAM_ROCKET,,true,,,TRAINER_PIC_ROCKET_GRUNT_M,,heartgoldsoulsilver_trainer_index=188; source=files/poketool/trainer/trainers.json; map_refs=179_D23R0102; location_unpaired=true,10,5,
TRAINER_TEAM_ROCKET_GRUNT_7,GRUNT,TRAINER_CLASS_TEAM_ROCKET,,true,,,TRAINER_PIC_ROCKET_GRUNT_M,,heartgoldsoulsilver_trainer_index=189; source=files/poketool/trainer/trainers.json; map_refs=180_D23R0103; location_unpaired=true,10,5,
TRAINER_TEAM_ROCKET_GRUNT_8,GRUNT,TRAINER_CLASS_TEAM_ROCKET,,true,,,TRAINER_PIC_ROCKET_GRUNT_M,,heartgoldsoulsilver_trainer_index=190; source=files/poketool/trainer/trainers.json; map_refs=180_D23R0103; location_unpaired=true,10,5,
TRAINER_TEAM_ROCKET_GRUNT_9,GRUNT,TRAINER_CLASS_TEAM_ROCKET,,true,,,TRAINER_PIC_ROCKET_GRUNT_M,,heartgoldsoulsilver_trainer_index=191; source=files/poketool/trainer/trainers.json; map_refs=180_D23R0103; location_unpaired=true,10,5,
TRAINER_TEAM_ROCKET_GRUNT_10,GRUNT,TRAINER_CLASS_TEAM_ROCKET,,true,,,TRAINER_PIC_ROCKET_GRUNT_M,,heartgoldsoulsilver_trainer_index=192; source=files/poketool/trainer/trainers.json; map_refs=181_D23R0104; location_unpaired=true,10,5,
TRAINER_TEAM_ROCKET_GRUNT_11,GRUNT,TRAINER_CLASS_TEAM_ROCKET,,,,,TRAINER_PIC_ROCKET_GRUNT_M,,heartgoldsoulsilver_trainer_index=193; source=files/poketool/trainer/trainers.json; map_refs=194_D37R0104; location_unpaired=true,10,5,
TRAINER_TEAM_ROCKET_MICKEY_2,MICKEY,TRAINER_CLASS_TEAM_ROCKET,,true,,,TRAINER_PIC_ROCKET_GRUNT_M,,heartgoldsoulsilver_trainer_index=194; source=files/poketool/trainer/trainers.json; location_unpaired=true,10,5,
TRAINER_TEAM_ROCKET_GRUNT_12,GRUNT,TRAINER_CLASS_TEAM_ROCKET,,,,,TRAINER_PIC_ROCKET_GRUNT_M,,heartgoldsoulsilver_trainer_index=195; source=files/poketool/trainer/trainers.json; map_refs=194_D37R0104; location_unpaired=true,10,5,
TRAINER_TEAM_ROCKET_GRUNT_13,GRUNT,TRAINER_CLASS_TEAM_ROCKET,,,,,TRAINER_PIC_ROCKET_GRUNT_M,,heartgoldsoulsilver_trainer_index=196; source=files/poketool/trainer/trainers.json; map_refs=195_D37R0105; location_unpaired=true,10,5,
TRAINER_TEAM_ROCKET_GRUNT_14,GRUNT,TRAINER_CLASS_TEAM_ROCKET,,,,,TRAINER_PIC_ROCKET_GRUNT_M,,heartgoldsoulsilver_trainer_index=197; source=files/poketool/trainer/trainers.json; map_refs=195_D37R0105; location_unpaired=true,10,5,
TRAINER_TEAM_ROCKET_F_GRUNT_2,GRUNT,TRAINER_CLASS_TEAM_ROCKET_F,,true,,,TRAINER_PIC_ROCKET_GRUNT_F,,heartgoldsoulsilver_trainer_index=198; source=files/poketool/trainer/trainers.json; map_refs=179_D23R0102; location_unpaired=true,10,5,
TRAINER_TEAM_ROCKET_F_GRUNT_3,GRUNT,TRAINER_CLASS_TEAM_ROCKET_F,,true,,,TRAINER_PIC_ROCKET_GRUNT_F,,heartgoldsoulsilver_trainer_index=199; source=files/poketool/trainer/trainers.json; map_refs=194_D37R0104; location_unpaired=true,10,5,
TRAINER_TEAM_ROCKET_F_GRUNT_4,GRUNT,TRAINER_CLASS_TEAM_ROCKET_F,,true,,,TRAINER_PIC_ROCKET_GRUNT_F,,heartgoldsoulsilver_trainer_index=200; source=files/poketool/trainer/trainers.json; map_refs=0032_D23R0104; location_unpaired=true,10,5,
TRAINER_POKE_MANIAC_ANDREW,ANDREW,TRAINER_CLASS_POKE_MANIAC,64,,,,TRAINER_PIC_POKE_MANIAC,,heartgoldsoulsilver_trainer_index=201; source=files/poketool/trainer/trainers.json; map_refs=148_D25R0102; matched_map=148_D25R0102,10,5,
TRAINER_POKE_MANIAC_CALVIN,CALVIN,TRAINER_CLASS_POKE_MANIAC,64,,,,TRAINER_PIC_POKE_MANIAC,,heartgoldsoulsilver_trainer_index=202; source=files/poketool/trainer/trainers.json; map_refs=148_D25R0102; matched_map=148_D25R0102,10,5,
TRAINER_HIKER_PHILLIP,PHILLIP,TRAINER_CLASS_HIKER,64,,,,TRAINER_PIC_HIKER,,heartgoldsoulsilver_trainer_index=203; source=files/poketool/trainer/trainers.json; map_refs=148_D25R0102; matched_map=148_D25R0102,10,5,
TRAINER_HIKER_LEONARD,LEONARD,TRAINER_CLASS_HIKER,64,,,,TRAINER_PIC_HIKER,,heartgoldsoulsilver_trainer_index=204; source=files/poketool/trainer/trainers.json; map_refs=148_D25R0102; matched_map=148_D25R0102,10,5,
TRAINER_ACE_TRAINER_M_NICK,NICK,TRAINER_CLASS_ACE_TRAINER_M,64,,,,TRAINER_PIC_ACE_TRAINER_MALE,,heartgoldsoulsilver_trainer_index=205; source=files/poketool/trainer/trainers.json; map_refs=149_D25R0103; matched_map=149_D25R0103,10,5,
TRAINER_ACE_TRAINER_F_GWEN,GWEN,TRAINER_CLASS_ACE_TRAINER_F,64,,,,TRAINER_PIC_ACE_TRAINER_FEMALE,,heartgoldsoulsilver_trainer_index=206; source=files/poketool/trainer/trainers.json; map_refs=149_D25R0103; matched_map=149_D25R0103,10,5,
TRAINER_BEAUTY_MICKEY_2,MICKEY,TRAINER_CLASS_BEAUTY,,true,,,TRAINER_PIC_BEAUTY,,heartgoldsoulsilver_trainer_index=207; source=files/poketool/trainer/trainers.json; location_unpaired=true,10,5,
TRAINER_BEAUTY_MICKEY_3,MICKEY,TRAINER_CLASS_BEAUTY,,true,,,TRAINER_PIC_BEAUTY,,heartgoldsoulsilver_trainer_index=208; source=files/poketool/trainer/trainers.json; location_unpaired=true,10,5,
TRAINER_BEAUTY_CASSIE,CASSIE,TRAINER_CLASS_BEAUTY,,,,,TRAINER_PIC_BEAUTY,,heartgoldsoulsilver_trainer_index=209; source=files/poketool/trainer/trainers.json; map_refs=282_P01R0305; location_unpaired=true,10,5,
TRAINER_BEAUTY_CAROLINE,CAROLINE,TRAINER_CLASS_BEAUTY,,,,,TRAINER_PIC_BEAUTY,,heartgoldsoulsilver_trainer_index=210; source=files/poketool/trainer/trainers.json; location_unpaired=true,10,5,
TRAINER_SAILOR_HUEY,HUEY,TRAINER_CLASS_SAILOR,,,,,TRAINER_PIC_SAILOR,,heartgoldsoulsilver_trainer_index=211; source=files/poketool/trainer/trainers.json; map_refs=206_D27R0102; location_unpaired=true,10,5,
TRAINER_SAILOR_TERRELL,TERRELL,TRAINER_CLASS_SAILOR,,,,,TRAINER_PIC_SAILOR,,heartgoldsoulsilver_trainer_index=212; source=files/poketool/trainer/trainers.json; map_refs=210_D27R0106; location_unpaired=true,10,5,
TRAINER_SAILOR_KENT,KENT,TRAINER_CLASS_SAILOR,,,,,TRAINER_PIC_SAILOR,,heartgoldsoulsilver_trainer_index=213; source=files/poketool/trainer/trainers.json; map_refs=208_D27R0104; location_unpaired=true,10,5,
TRAINER_SAILOR_ROBERTO,ROBERTO,TRAINER_CLASS_SAILOR,,,,,TRAINER_PIC_SAILOR,,heartgoldsoulsilver_trainer_index=214; source=files/poketool/trainer/trainers.json; map_refs=210_D27R0106; location_unpaired=true,10,5,
TRAINER_LASS_CONNIE,CONNIE,TRAINER_CLASS_LASS,,,,,TRAINER_PIC_LASS,,heartgoldsoulsilver_trainer_index=215; source=files/poketool/trainer/trainers.json; map_refs=209_D27R0105; location_unpaired=true,10,5,
TRAINER_TEAM_ROCKET_GRUNT_15,GRUNT,TRAINER_CLASS_TEAM_ROCKET,,,,,TRAINER_PIC_ROCKET_GRUNT_M,,heartgoldsoulsilver_trainer_index=216; source=files/poketool/trainer/trainers.json; map_refs=233_D35R0102; location_unpaired=true,10,5,
TRAINER_BIRD_KEEPER_GS_DENIS,DENIS,TRAINER_CLASS_BIRD_KEEPER_GS,,,,,TRAINER_PIC_BIRD_KEEPER_GS,,heartgoldsoulsilver_trainer_index=217; source=files/poketool/trainer/trainers.json; map_refs=208_D27R0104; location_unpaired=true,10,5,
TRAINER_TEAM_ROCKET_GRUNT_16,GRUNT,TRAINER_CLASS_TEAM_ROCKET,,,,,TRAINER_PIC_ROCKET_GRUNT_M,,heartgoldsoulsilver_trainer_index=218; source=files/poketool/trainer/trainers.json; map_refs=234_D35R0103; location_unpaired=true,10,5,
TRAINER_TEAM_ROCKET_GRUNT_17,GRUNT,TRAINER_CLASS_TEAM_ROCKET,,,,,TRAINER_PIC_ROCKET_GRUNT_M,,heartgoldsoulsilver_trainer_index=219; source=files/poketool/trainer/trainers.json; map_refs=234_D35R0103; location_unpaired=true,10,5,
TRAINER_TEAM_ROCKET_GRUNT_18,GRUNT,TRAINER_CLASS_TEAM_ROCKET,,,,,TRAINER_PIC_ROCKET_GRUNT_M,,heartgoldsoulsilver_trainer_index=220; source=files/poketool/trainer/trainers.json; map_refs=234_D35R0103; location_unpaired=true,10,5,
TRAINER_TEAM_ROCKET_MICKEY_3,MICKEY,TRAINER_CLASS_TEAM_ROCKET,,true,,,TRAINER_PIC_ROCKET_GRUNT_M,,heartgoldsoulsilver_trainer_index=221; source=files/poketool/trainer/trainers.json; location_unpaired=true,10,5,
TRAINER_TEAM_ROCKET_GRUNT_19,GRUNT,TRAINER_CLASS_TEAM_ROCKET,,,,,TRAINER_PIC_ROCKET_GRUNT_M,,heartgoldsoulsilver_trainer_index=222; source=files/poketool/trainer/trainers.json; map_refs=0091_D35R0104|235_D35R0104; location_unpaired=true,10,5,
TRAINER_TEAM_ROCKET_GRUNT_20,GRUNT,TRAINER_CLASS_TEAM_ROCKET,,,,,TRAINER_PIC_ROCKET_GRUNT_M,,heartgoldsoulsilver_trainer_index=223; source=files/poketool/trainer/trainers.json; map_refs=0089_D35R0102; location_unpaired=true,10,5,
TRAINER_TEAM_ROCKET_GRUNT_21,GRUNT,TRAINER_CLASS_TEAM_ROCKET,,,,,TRAINER_PIC_ROCKET_GRUNT_M,,heartgoldsoulsilver_trainer_index=224; source=files/poketool/trainer/trainers.json; map_refs=0089_D35R0102; location_unpaired=true,10,5,
TRAINER_TEAM_ROCKET_MICKEY_4,MICKEY,TRAINER_CLASS_TEAM_ROCKET,,true,,,TRAINER_PIC_ROCKET_GRUNT_M,,heartgoldsoulsilver_trainer_index=225; source=files/poketool/trainer/trainers.json; location_unpaired=true,10,5,
TRAINER_TEAM_ROCKET_MICKEY_5,MICKEY,TRAINER_CLASS_TEAM_ROCKET,,true,,,TRAINER_PIC_ROCKET_GRUNT_M,,heartgoldsoulsilver_trainer_index=226; source=files/poketool/trainer/trainers.json; location_unpaired=true,10,5,
TRAINER_TEAM_ROCKET_GRUNT_22,GRUNT,TRAINER_CLASS_TEAM_ROCKET,,,,,TRAINER_PIC_ROCKET_GRUNT_M,,heartgoldsoulsilver_trainer_index=227; source=files/poketool/trainer/trainers.json; map_refs=195_D37R0105; location_unpaired=true,10,5,
TRAINER_TEAM_ROCKET_GRUNT_23,GRUNT,TRAINER_CLASS_TEAM_ROCKET,,,,,TRAINER_PIC_ROCKET_GRUNT_M,,heartgoldsoulsilver_trainer_index=228; source=files/poketool/trainer/trainers.json; map_refs=194_D37R0104; location_unpaired=true,10,5,
TRAINER_TEAM_ROCKET_MICKEY_6,MICKEY,TRAINER_CLASS_TEAM_ROCKET,,true,,,TRAINER_PIC_ROCKET_GRUNT_M,,heartgoldsoulsilver_trainer_index=229; source=files/poketool/trainer/trainers.json; location_unpaired=true,10,5,
TRAINER_PSYCHIC_M_FRANKLIN,FRANKLIN,TRAINER_CLASS_PSYCHIC_M,27,,,,TRAINER_PIC_PSYCHIC_MALE,,heartgoldsoulsilver_trainer_index=230; source=files/poketool/trainer/trainers.json; map_refs=0829_T11GYM0101|366_T11GYM0101; matched_map=0829_T11GYM0101,10,5,
TRAINER_GENTLEMAN_EDWARD,EDWARD,TRAINER_CLASS_GENTLEMAN,,,,ITEM_FULL_RESTORE,TRAINER_PIC_GENTLEMAN,,heartgoldsoulsilver_trainer_index=231; source=files/poketool/trainer/trainers.json; map_refs=280_P01R0303; location_unpaired=true,10,5,
TRAINER_GUITARIST_VINCENT,VINCENT,TRAINER_CLASS_GUITARIST,16,,,,TRAINER_PIC_GUITARIST,,heartgoldsoulsilver_trainer_index=232; source=files/poketool/trainer/trainers.json; map_refs=0778_T06GYM0101|322_T06GYM0101; matched_map=0778_T06GYM0101,10,5,
TRAINER_SUPER_NERD_ERIC,ERIC,TRAINER_CLASS_SUPER_NERD,,,,,TRAINER_PIC_SUPER_NERD,,heartgoldsoulsilver_trainer_index=233; source=files/poketool/trainer/trainers.json; map_refs=192_D37R0102; location_unpaired=true,10,5,
TRAINER_HIKER_EOIN,EOIN,TRAINER_CLASS_HIKER,19,,,,TRAINER_PIC_HIKER,,heartgoldsoulsilver_trainer_index=234; source=files/poketool/trainer/trainers.json; map_refs=014_R09; matched_map=014_R09,10,5,
TRAINER_HIKER_NOLAND,NOLAND,TRAINER_CLASS_HIKER,,,,,TRAINER_PIC_HIKER,,heartgoldsoulsilver_trainer_index=235; source=files/poketool/trainer/trainers.json; map_refs=281_P01R0304; location_unpaired=true,10,5,
TRAINER_ACE_TRAINER_M_SHAYE,SHAYE,TRAINER_CLASS_ACE_TRAINER_M,,,,,TRAINER_PIC_ACE_TRAINER_MALE,,heartgoldsoulsilver_trainer_index=236; source=files/poketool/trainer/trainers.json; map_refs=281_P01R0304; location_unpaired=true,10,5,
TRAINER_ACE_TRAINER_F_CAROL,CAROL,TRAINER_CLASS_ACE_TRAINER_F,,,,,TRAINER_PIC_ACE_TRAINER_FEMALE,,heartgoldsoulsilver_trainer_index=237; source=files/poketool/trainer/trainers.json; map_refs=281_P01R0304; location_unpaired=true,10,5,
TRAINER_SAILOR_STANLY,STANLY,TRAINER_CLASS_SAILOR,,,,,TRAINER_PIC_SAILOR,,heartgoldsoulsilver_trainer_index=238; source=files/poketool/trainer/trainers.json; map_refs=0158_P01R0303; location_unpaired=true,10,5,
TRAINER_SAILOR_JEFF,JEFF,TRAINER_CLASS_SAILOR,,,,,TRAINER_PIC_SAILOR,,heartgoldsoulsilver_trainer_index=239; source=files/poketool/trainer/trainers.json; map_refs=300_P01R0307; location_unpaired=true,10,5,
TRAINER_SAILOR_GARRETT,GARRETT,TRAINER_CLASS_SAILOR,,,,,TRAINER_PIC_SAILOR,,heartgoldsoulsilver_trainer_index=240; source=files/poketool/trainer/trainers.json; map_refs=300_P01R0307; location_unpaired=true,10,5,
TRAINER_SAILOR_KENNETH,KENNETH,TRAINER_CLASS_SAILOR,,,,,TRAINER_PIC_SAILOR,,heartgoldsoulsilver_trainer_index=241; source=files/poketool/trainer/trainers.json; map_refs=300_P01R0307; location_unpaired=true,10,5,
TRAINER_JUGGLER_FRITZ,FRITZ,TRAINER_CLASS_JUGGLER,,,,,TRAINER_PIC_JUGGLER,,heartgoldsoulsilver_trainer_index=242; source=files/poketool/trainer/trainers.json; map_refs=300_P01R0307; location_unpaired=true,10,5,
TRAINER_SWIMMER_F_KATIE,KATIE,TRAINER_CLASS_SWIMMER_F,,,,,TRAINER_PIC_SWIMMER_FEMALE,,heartgoldsoulsilver_trainer_index=243; source=files/poketool/trainer/trainers.json; location_unpaired=true,10,5,
TRAINER_CHAMPION_LANCE,LANCE,TRAINER_CLASS_CHAMPION,,,,"ITEM_FULL_RESTORE,ITEM_FULL_RESTORE,ITEM_FULL_RESTORE,ITEM_FULL_RESTORE",TRAINER_PIC_CHAMPION_CYNTHIA,,heartgoldsoulsilver_trainer_index=244; source=files/poketool/trainer/trainers.json; map_refs=0824_T10R0601; location_unpaired=true,10,5,
TRAINER_ELITE_FOUR_WILL_WILL,WILL,TRAINER_CLASS_ELITE_FOUR_WILL,,,,"ITEM_FULL_RESTORE,ITEM_FULL_RESTORE",TRAINER_PIC_WILL,,heartgoldsoulsilver_trainer_index=245; source=files/poketool/trainer/trainers.json; map_refs=0820_T10R0201; location_unpaired=true,10,5,
TRAINER_ELITE_FOUR_KAREN_KAREN,KAREN,TRAINER_CLASS_ELITE_FOUR_KAREN,,,,"ITEM_FULL_RESTORE,ITEM_FULL_RESTORE",TRAINER_PIC_KAREN,,heartgoldsoulsilver_trainer_index=246; source=files/poketool/trainer/trainers.json; map_refs=0823_T10R0501; location_unpaired=true,10,5,
TRAINER_ELITE_FOUR_KOGA_KOGA,KOGA,TRAINER_CLASS_ELITE_FOUR_KOGA,,,,"ITEM_FULL_RESTORE,ITEM_FULL_RESTORE",TRAINER_PIC_KOGA,,heartgoldsoulsilver_trainer_index=247; source=files/poketool/trainer/trainers.json; map_refs=0821_T10R0301; location_unpaired=true,10,5,
TRAINER_BUG_CATCHER_ED,ED,TRAINER_CLASS_BUG_CATCHER,55,,,,TRAINER_PIC_BUG_CATCHER,,heartgoldsoulsilver_trainer_index=248; source=files/poketool/trainer/trainers.json; map_refs=370_R02R0101; matched_map=370_R02R0101,10,5,
TRAINER_BUG_CATCHER_DON,DON,TRAINER_CLASS_BUG_CATCHER,57,,,,TRAINER_PIC_BUG_CATCHER,,heartgoldsoulsilver_trainer_index=249; source=files/poketool/trainer/trainers.json; map_refs=031_R30; matched_map=031_R30,10,5,
TRAINER_BLACK_BELT_KENJI_2,KENJI,TRAINER_CLASS_BLACK_BELT,,true,,,TRAINER_PIC_BLACK_BELT,,heartgoldsoulsilver_trainer_index=250; source=files/poketool/trainer/trainers.json; location_unpaired=true,10,5,
TRAINER_BLACK_BELT_NOB,NOB,TRAINER_CLASS_BLACK_BELT,84,,,,TRAINER_PIC_BLACK_BELT,,heartgoldsoulsilver_trainer_index=251; source=files/poketool/trainer/trainers.json; map_refs=0877_T24GYM0101|135_T24GYM0101; matched_map=0877_T24GYM0101,10,5,
TRAINER_SWIMMER_M_HAROLD,HAROLD,TRAINER_CLASS_SWIMMER_M,38,,,,TRAINER_PIC_SWIMMER_MALE,,heartgoldsoulsilver_trainer_index=252; source=files/poketool/trainer/trainers.json; map_refs=088_W19; matched_map=088_W19,10,5,
TRAINER_LEADER_BROCK_BROCK,BROCK,TRAINER_CLASS_LEADER_BROCK,54,,,"ITEM_FULL_RESTORE,ITEM_FULL_RESTORE,ITEM_FULL_RESTORE",TRAINER_PIC_BROCK,,heartgoldsoulsilver_trainer_index=253; source=files/poketool/trainer/trainers.json; map_refs=0752_T03GYM0101; matched_map=0752_T03GYM0101,10,5,
TRAINER_LEADER_MISTY_MISTY,MISTY,TRAINER_CLASS_LEADER_MISTY,11,,,"ITEM_FULL_RESTORE,ITEM_FULL_RESTORE,ITEM_FULL_RESTORE",TRAINER_PIC_MISTY,,heartgoldsoulsilver_trainer_index=254; source=files/poketool/trainer/trainers.json; map_refs=0760_T04GYM0101; matched_map=0760_T04GYM0101,10,5,
TRAINER_LEADER_LT_SURGE_LT__SURGE,LT. SURGE,TRAINER_CLASS_LEADER_LT_SURGE,16,,,"ITEM_FULL_RESTORE,ITEM_FULL_RESTORE,ITEM_FULL_RESTORE",TRAINER_PIC_LT_SURGE,,heartgoldsoulsilver_trainer_index=255; source=files/poketool/trainer/trainers.json; map_refs=0778_T06GYM0101; matched_map=0778_T06GYM0101,10,5,
TRAINER_LEADER_ERIKA_ERIKA,ERIKA,TRAINER_CLASS_LEADER_ERIKA,26,,,"ITEM_FULL_RESTORE,ITEM_FULL_RESTORE,ITEM_FULL_RESTORE",TRAINER_PIC_ERIKA,,heartgoldsoulsilver_trainer_index=256; source=files/poketool/trainer/trainers.json; map_refs=0786_T07GYM0101; matched_map=0786_T07GYM0101,10,5,
TRAINER_LEADER_JANINE_JANINE,JANINE,TRAINER_CLASS_LEADER_JANINE,,,,"ITEM_FULL_RESTORE,ITEM_FULL_RESTORE,ITEM_FULL_RESTORE",TRAINER_PIC_JANINE,,heartgoldsoulsilver_trainer_index=257; source=files/poketool/trainer/trainers.json; map_refs=0809_T08GYM0101; location_unpaired=true,10,5,
TRAINER_LEADER_SABRINA_SABRINA,SABRINA,TRAINER_CLASS_LEADER_SABRINA,27,,,"ITEM_FULL_RESTORE,ITEM_FULL_RESTORE,ITEM_FULL_RESTORE",TRAINER_PIC_SABRINA,,heartgoldsoulsilver_trainer_index=258; source=files/poketool/trainer/trainers.json; map_refs=0829_T11GYM0101; matched_map=0829_T11GYM0101,10,5,
TRAINER_LEADER_BLAINE_BLAINE,BLAINE,TRAINER_CLASS_LEADER_BLAINE,,,,"ITEM_FULL_RESTORE,ITEM_FULL_RESTORE,ITEM_FULL_RESTORE",TRAINER_PIC_BLAINE,,heartgoldsoulsilver_trainer_index=259; source=files/poketool/trainer/trainers.json; map_refs=0015_D11R0106; location_unpaired=true,10,5,
TRAINER_PKMN_TRAINER_RED_RED,RED,TRAINER_CLASS_PKMN_TRAINER_RED,,,,"ITEM_FULL_RESTORE,ITEM_FULL_RESTORE,ITEM_FULL_RESTORE,ITEM_FULL_RESTORE",TRAINER_PIC_RED,,heartgoldsoulsilver_trainer_index=260; source=files/poketool/trainer/trainers.json; map_refs=0107_D41R0108; location_unpaired=true,10,5,
TRAINER_LEADER_BLUE_BLUE,BLUE,TRAINER_CLASS_LEADER_BLUE,7,,,"ITEM_FULL_RESTORE,ITEM_FULL_RESTORE,ITEM_FULL_RESTORE,ITEM_FULL_RESTORE",TRAINER_PIC_BLUE,,heartgoldsoulsilver_trainer_index=261; source=files/poketool/trainer/trainers.json; map_refs=0743_T02GYM0101; matched_map=0743_T02GYM0101,10,5,
TRAINER_TEAM_ROCKET_MICKEY_7,MICKEY,TRAINER_CLASS_TEAM_ROCKET,,true,,,TRAINER_PIC_ROCKET_GRUNT_M,,heartgoldsoulsilver_trainer_index=262; source=files/poketool/trainer/trainers.json; location_unpaired=true,10,5,
TRAINER_RIVAL_SILVER_4,SILVER,TRAINER_CLASS_RIVAL,76,true,,,TRAINER_PIC_SILVER,,heartgoldsoulsilver_trainer_index=263; source=files/poketool/trainer/trainers.json; map_refs=0023_D18R0101; matched_map=0023_D18R0101,10,5,
TRAINER_RIVAL_SILVER_5,SILVER,TRAINER_CLASS_RIVAL,48,true,,,TRAINER_PIC_SILVER,,heartgoldsoulsilver_trainer_index=264; source=files/poketool/trainer/trainers.json; map_refs=0110_D43R0103; matched_map=0110_D43R0103,10,5,
TRAINER_RIVAL_SILVER_6,SILVER,TRAINER_CLASS_RIVAL,,true,,,TRAINER_PIC_SILVER,,heartgoldsoulsilver_trainer_index=265; source=files/poketool/trainer/trainers.json; location_unpaired=true,10,5,
TRAINER_RIVAL_SILVER_7,SILVER,TRAINER_CLASS_RIVAL,66,true,,,TRAINER_PIC_SILVER,,heartgoldsoulsilver_trainer_index=266; source=files/poketool/trainer/trainers.json; map_refs=0866_T23; matched_map=0866_T23,10,5,
TRAINER_RIVAL_SILVER_8,SILVER,TRAINER_CLASS_RIVAL,76,true,,,TRAINER_PIC_SILVER,,heartgoldsoulsilver_trainer_index=267; source=files/poketool/trainer/trainers.json; map_refs=0023_D18R0101; matched_map=0023_D18R0101,10,5,
TRAINER_RIVAL_SILVER_9,SILVER,TRAINER_CLASS_RIVAL,48,true,,,TRAINER_PIC_SILVER,,heartgoldsoulsilver_trainer_index=268; source=files/poketool/trainer/trainers.json; map_refs=0110_D43R0103; matched_map=0110_D43R0103,10,5,
TRAINER_RIVAL_SILVER_10,SILVER,TRAINER_CLASS_RIVAL,66,true,,,TRAINER_PIC_SILVER,,heartgoldsoulsilver_trainer_index=269; source=files/poketool/trainer/trainers.json; map_refs=0866_T23; matched_map=0866_T23,10,5,
TRAINER_RIVAL_SILVER_11,SILVER,TRAINER_CLASS_RIVAL,76,,,,TRAINER_PIC_SILVER,,heartgoldsoulsilver_trainer_index=270; source=files/poketool/trainer/trainers.json; map_refs=0023_D18R0101; matched_map=0023_D18R0101,10,5,
TRAINER_RIVAL_SILVER_12,SILVER,TRAINER_CLASS_RIVAL,,,,,TRAINER_PIC_SILVER,,heartgoldsoulsilver_trainer_index=271; source=files/poketool/trainer/trainers.json; map_refs=0096_D37R0104; location_unpaired=true,10,5,
TRAINER_RIVAL_SILVER_13,SILVER,TRAINER_CLASS_RIVAL,48,,,,TRAINER_PIC_SILVER,,heartgoldsoulsilver_trainer_index=272; source=files/poketool/trainer/trainers.json; map_refs=0110_D43R0103; matched_map=0110_D43R0103,10,5,
TRAINER_SWIMMER_M_MICKEY_5,MICKEY,TRAINER_CLASS_SWIMMER_M,,true,,,TRAINER_PIC_SWIMMER_MALE,,heartgoldsoulsilver_trainer_index=273; source=files/poketool/trainer/trainers.json; location_unpaired=true,10,5,
TRAINER_CAMPER_TODD_2,TODD,TRAINER_CLASS_CAMPER,,true,,,TRAINER_PIC_CAMPER,,heartgoldsoulsilver_trainer_index=274; source=files/poketool/trainer/trainers.json; location_unpaired=true,10,5,
TRAINER_CAMPER_TODD_3,TODD,TRAINER_CLASS_CAMPER,,true,,,TRAINER_PIC_CAMPER,,heartgoldsoulsilver_trainer_index=275; source=files/poketool/trainer/trainers.json; location_unpaired=true,10,5,
TRAINER_PICNICKER_LIZ_2,LIZ,TRAINER_CLASS_PICNICKER,,true,,,TRAINER_PIC_PICNICKER,,heartgoldsoulsilver_trainer_index=276; source=files/poketool/trainer/trainers.json; location_unpaired=true,10,5,
TRAINER_PICNICKER_LIZ_3,LIZ,TRAINER_CLASS_PICNICKER,,true,,,TRAINER_PIC_PICNICKER,,heartgoldsoulsilver_trainer_index=277; source=files/poketool/trainer/trainers.json; location_unpaired=true,10,5,
TRAINER_BLACK_BELT_KENJI_3,KENJI,TRAINER_CLASS_BLACK_BELT,,true,,,TRAINER_PIC_BLACK_BELT,,heartgoldsoulsilver_trainer_index=278; source=files/poketool/trainer/trainers.json; location_unpaired=true,10,5,
TRAINER_YOUNGSTER_JOEY_2,JOEY,TRAINER_CLASS_YOUNGSTER,,true,,,TRAINER_PIC_YOUNGSTER,,heartgoldsoulsilver_trainer_index=279; source=files/poketool/trainer/trainers.json; location_unpaired=true,10,5,
TRAINER_YOUNGSTER_JOEY_3,JOEY,TRAINER_CLASS_YOUNGSTER,,true,,,TRAINER_PIC_YOUNGSTER,,heartgoldsoulsilver_trainer_index=280; source=files/poketool/trainer/trainers.json; location_unpaired=true,10,5,
TRAINER_FIREBREATHER_RICHARD,RICHARD,TRAINER_CLASS_FIREBREATHER,76,,,,TRAINER_PIC_FIREBREATHER,,heartgoldsoulsilver_trainer_index=281; source=files/poketool/trainer/trainers.json; map_refs=005_D18R0101; matched_map=005_D18R0101,10,5,
TRAINER_FIREBREATHER_NED,NED,TRAINER_CLASS_FIREBREATHER,76,,,,TRAINER_PIC_FIREBREATHER,,heartgoldsoulsilver_trainer_index=282; source=files/poketool/trainer/trainers.json; map_refs=005_D18R0101; matched_map=005_D18R0101,10,5,
TRAINER_BURGLAR_ORSON,ORSON,TRAINER_CLASS_BURGLAR,,,,,TRAINER_PIC_BURGLAR,,heartgoldsoulsilver_trainer_index=283; source=files/poketool/trainer/trainers.json; map_refs=194_D37R0104; location_unpaired=true,10,5,
TRAINER_BURGLAR_COREY,COREY,TRAINER_CLASS_BURGLAR,,,,,TRAINER_PIC_BURGLAR,,heartgoldsoulsilver_trainer_index=284; source=files/poketool/trainer/trainers.json; map_refs=280_P01R0303; location_unpaired=true,10,5,
TRAINER_RIVAL_SILVER_14,SILVER,TRAINER_CLASS_RIVAL,,,,,TRAINER_PIC_SILVER,,heartgoldsoulsilver_trainer_index=285; source=files/poketool/trainer/trainers.json; map_refs=0007_D02R0101; location_unpaired=true,10,5,
TRAINER_RIVAL_SILVER_15,SILVER,TRAINER_CLASS_RIVAL,,,,,TRAINER_PIC_SILVER,,heartgoldsoulsilver_trainer_index=286; source=files/poketool/trainer/trainers.json; map_refs=0007_D02R0101; location_unpaired=true,10,5,
TRAINER_RIVAL_SILVER_16,SILVER,TRAINER_CLASS_RIVAL,,,,,TRAINER_PIC_SILVER,,heartgoldsoulsilver_trainer_index=287; source=files/poketool/trainer/trainers.json; map_refs=0007_D02R0101; location_unpaired=true,10,5,
TRAINER_RIVAL_SILVER_17,SILVER,TRAINER_CLASS_RIVAL,,,,,TRAINER_PIC_SILVER,,heartgoldsoulsilver_trainer_index=288; source=files/poketool/trainer/trainers.json; map_refs=0096_D37R0104; location_unpaired=true,10,5,
TRAINER_RIVAL_SILVER_18,SILVER,TRAINER_CLASS_RIVAL,,,,,TRAINER_PIC_SILVER,,heartgoldsoulsilver_trainer_index=289; source=files/poketool/trainer/trainers.json; map_refs=0096_D37R0104; location_unpaired=true,10,5,
TRAINER_ELDER_LI,LI,TRAINER_CLASS_ELDER,61,,,,TRAINER_PIC_ELDER,,heartgoldsoulsilver_trainer_index=290; source=files/poketool/trainer/trainers.json; map_refs=0018_D15R0103; matched_map=0018_D15R0103,10,5,
TRAINER_SWIMMER_F_DEBBIE,DEBBIE,TRAINER_CLASS_SWIMMER_F,38,,,,TRAINER_PIC_SWIMMER_FEMALE,,heartgoldsoulsilver_trainer_index=291; source=files/poketool/trainer/trainers.json; map_refs=088_W19; matched_map=088_W19,10,5,
TRAINER_SWIMMER_F_MICKEY_4,MICKEY,TRAINER_CLASS_SWIMMER_F,,true,,,TRAINER_PIC_SWIMMER_FEMALE,,heartgoldsoulsilver_trainer_index=292; source=files/poketool/trainer/trainers.json; location_unpaired=true,10,5,
TRAINER_SWIMMER_F_NICOLE,NICOLE,TRAINER_CLASS_SWIMMER_F,39,,,,TRAINER_PIC_SWIMMER_FEMALE,,heartgoldsoulsilver_trainer_index=293; source=files/poketool/trainer/trainers.json; map_refs=089_W20; matched_map=089_W20,10,5,
TRAINER_SWIMMER_F_LORI,LORI,TRAINER_CLASS_SWIMMER_F,39,,,,TRAINER_PIC_SWIMMER_FEMALE,,heartgoldsoulsilver_trainer_index=294; source=files/poketool/trainer/trainers.json; map_refs=089_W20; matched_map=089_W20,10,5,
TRAINER_SWIMMER_F_MICKEY_5,MICKEY,TRAINER_CLASS_SWIMMER_F,,true,,,TRAINER_PIC_SWIMMER_FEMALE,,heartgoldsoulsilver_trainer_index=295; source=files/poketool/trainer/trainers.json; location_unpaired=true,10,5,
TRAINER_SWIMMER_F_NIKKI,NIKKI,TRAINER_CLASS_SWIMMER_F,46,,,,TRAINER_PIC_SWIMMER_FEMALE,,heartgoldsoulsilver_trainer_index=296; source=files/poketool/trainer/trainers.json; map_refs=090_W21; matched_map=090_W21,10,5,
TRAINER_SWIMMER_F_DIANA,DIANA,TRAINER_CLASS_SWIMMER_F,11,,,,TRAINER_PIC_SWIMMER_FEMALE,,heartgoldsoulsilver_trainer_index=297; source=files/poketool/trainer/trainers.json; map_refs=0760_T04GYM0101|382_T04GYM0101; matched_map=0760_T04GYM0101,10,5,
TRAINER_SWIMMER_F_BRIANA,BRIANA,TRAINER_CLASS_SWIMMER_F,11,,,,TRAINER_PIC_SWIMMER_FEMALE,,heartgoldsoulsilver_trainer_index=298; source=files/poketool/trainer/trainers.json; map_refs=0760_T04GYM0101|382_T04GYM0101; matched_map=0760_T04GYM0101,10,5,
TRAINER_BIRD_KEEPER_GS_HANK,HANK,TRAINER_CLASS_BIRD_KEEPER_GS,9,,,,TRAINER_PIC_BIRD_KEEPER_GS,,heartgoldsoulsilver_trainer_index=299; source=files/poketool/trainer/trainers.json; map_refs=009_R04; matched_map=009_R04,10,5,
TRAINER_BIRD_KEEPER_GS_ROY,ROY,TRAINER_CLASS_BIRD_KEEPER_GS,35,,,,TRAINER_PIC_BIRD_KEEPER_GS,,heartgoldsoulsilver_trainer_index=300; source=files/poketool/trainer/trainers.json; map_refs=019_R14; matched_map=019_R14,10,5,
TRAINER_BIRD_KEEPER_GS_BORIS,BORIS,TRAINER_CLASS_BIRD_KEEPER_GS,31,,,,TRAINER_PIC_BIRD_KEEPER_GS,,heartgoldsoulsilver_trainer_index=301; source=files/poketool/trainer/trainers.json; map_refs=023_R18; matched_map=023_R18,10,5,
TRAINER_BIRD_KEEPER_GS_BOB,BOB,TRAINER_CLASS_BIRD_KEEPER_GS,31,,,,TRAINER_PIC_BIRD_KEEPER_GS,,heartgoldsoulsilver_trainer_index=302; source=files/poketool/trainer/trainers.json; map_refs=023_R18; matched_map=023_R18,10,5,
TRAINER_BIRD_KEEPER_GS_JOSE,JOSE,TRAINER_CLASS_BIRD_KEEPER_GS,,,,,TRAINER_PIC_BIRD_KEEPER_GS,,heartgoldsoulsilver_trainer_index=303; source=files/poketool/trainer/trainers.json; location_unpaired=true,10,5,
TRAINER_CAMPER_MICKEY_3,MICKEY,TRAINER_CLASS_CAMPER,,true,,,TRAINER_PIC_CAMPER,,heartgoldsoulsilver_trainer_index=304; source=files/poketool/trainer/trainers.json; location_unpaired=true,10,5,
TRAINER_CAMPER_MICKEY_4,MICKEY,TRAINER_CLASS_CAMPER,,true,,,TRAINER_PIC_CAMPER,,heartgoldsoulsilver_trainer_index=305; source=files/poketool/trainer/trainers.json; location_unpaired=true,10,5,
TRAINER_CAMPER_MICKEY_5,MICKEY,TRAINER_CLASS_CAMPER,,true,,,TRAINER_PIC_CAMPER,,heartgoldsoulsilver_trainer_index=306; source=files/poketool/trainer/trainers.json; location_unpaired=true,10,5,
TRAINER_CAMPER_MICKEY_6,MICKEY,TRAINER_CLASS_CAMPER,,true,,,TRAINER_PIC_CAMPER,,heartgoldsoulsilver_trainer_index=307; source=files/poketool/trainer/trainers.json; location_unpaired=true,10,5,
TRAINER_CAMPER_JERRY,JERRY,TRAINER_CLASS_CAMPER,54,,,,TRAINER_PIC_CAMPER,,heartgoldsoulsilver_trainer_index=308; source=files/poketool/trainer/trainers.json; map_refs=0752_T03GYM0101|426_T03GYM0101; matched_map=0752_T03GYM0101,10,5,
TRAINER_BIKER_DWAYNE,DWAYNE,TRAINER_CLASS_BIKER,24,,,,TRAINER_PIC_BIKER,,heartgoldsoulsilver_trainer_index=309; source=files/poketool/trainer/trainers.json; map_refs=013_R08; matched_map=013_R08,10,5,
TRAINER_BIKER_HARRIS,HARRIS,TRAINER_CLASS_BIKER,24,,,,TRAINER_PIC_BIKER,,heartgoldsoulsilver_trainer_index=310; source=files/poketool/trainer/trainers.json; map_refs=013_R08; matched_map=013_R08,10,5,
TRAINER_BIKER_ZEKE,ZEKE,TRAINER_CLASS_BIKER,24,,,,TRAINER_PIC_BIKER,,heartgoldsoulsilver_trainer_index=311; source=files/poketool/trainer/trainers.json; map_refs=013_R08; matched_map=013_R08,10,5,
TRAINER_BIKER_CHARLES,CHARLES,TRAINER_CLASS_BIKER,31,,,,TRAINER_PIC_BIKER,,heartgoldsoulsilver_trainer_index=312; source=files/poketool/trainer/trainers.json; map_refs=023_R18; matched_map=023_R18,10,5,
TRAINER_BIKER_REESE,REESE,TRAINER_CLASS_BIKER,30,,,,TRAINER_PIC_BIKER,,heartgoldsoulsilver_trainer_index=313; source=files/poketool/trainer/trainers.json; map_refs=022_R17; matched_map=022_R17,10,5,
TRAINER_BIKER_JOEL,JOEL,TRAINER_CLASS_BIKER,30,,,,TRAINER_PIC_BIKER,,heartgoldsoulsilver_trainer_index=314; source=files/poketool/trainer/trainers.json; map_refs=022_R17; matched_map=022_R17,10,5,
TRAINER_BIKER_GLENN,GLENN,TRAINER_CLASS_BIKER,30,,,,TRAINER_PIC_BIKER,,heartgoldsoulsilver_trainer_index=315; source=files/poketool/trainer/trainers.json; map_refs=022_R17; matched_map=022_R17,10,5,
TRAINER_PSYCHIC_M_HERMAN,HERMAN,TRAINER_CLASS_PSYCHIC_M,17,,,,TRAINER_PIC_PSYCHIC_MALE,,heartgoldsoulsilver_trainer_index=316; source=files/poketool/trainer/trainers.json; map_refs=016_R11; matched_map=016_R11,10,5,
TRAINER_PSYCHIC_M_FIDEL,FIDEL,TRAINER_CLASS_PSYCHIC_M,17,,,,TRAINER_PIC_PSYCHIC_MALE,,heartgoldsoulsilver_trainer_index=317; source=files/poketool/trainer/trainers.json; map_refs=016_R11; matched_map=016_R11,10,5,
TRAINER_FIREBREATHER_BURT,BURT,TRAINER_CLASS_FIREBREATHER,8,,,,TRAINER_PIC_FIREBREATHER,,heartgoldsoulsilver_trainer_index=318; source=files/poketool/trainer/trainers.json; map_refs=008_R03; matched_map=008_R03,10,5,
TRAINER_FIREBREATHER_BILL,BILL,TRAINER_CLASS_FIREBREATHER,64,,,,TRAINER_PIC_FIREBREATHER,,heartgoldsoulsilver_trainer_index=319; source=files/poketool/trainer/trainers.json; map_refs=096_D25R0101; matched_map=096_D25R0101,10,5,
TRAINER_FISHERMAN_MARTIN,MARTIN,TRAINER_CLASS_FISHERMAN,23,,,,TRAINER_PIC_FISHERMAN,,heartgoldsoulsilver_trainer_index=320; source=files/poketool/trainer/trainers.json; map_refs=017_R12; matched_map=017_R12,10,5,
TRAINER_FISHERMAN_STEPHEN,STEPHEN,TRAINER_CLASS_FISHERMAN,23,,,,TRAINER_PIC_FISHERMAN,,heartgoldsoulsilver_trainer_index=321; source=files/poketool/trainer/trainers.json; map_refs=017_R12; matched_map=017_R12,10,5,
TRAINER_FISHERMAN_BARNEY,BARNEY,TRAINER_CLASS_FISHERMAN,23,,,,TRAINER_PIC_FISHERMAN,,heartgoldsoulsilver_trainer_index=322; source=files/poketool/trainer/trainers.json; map_refs=017_R12; matched_map=017_R12,10,5,
TRAINER_FISHERMAN_TULLY_2,TULLY,TRAINER_CLASS_FISHERMAN,,true,,,TRAINER_PIC_FISHERMAN,,heartgoldsoulsilver_trainer_index=323; source=files/poketool/trainer/trainers.json; location_unpaired=true,10,5,
TRAINER_FISHERMAN_TULLY_3,TULLY,TRAINER_CLASS_FISHERMAN,,true,,,TRAINER_PIC_FISHERMAN,,heartgoldsoulsilver_trainer_index=324; source=files/poketool/trainer/trainers.json; location_unpaired=true,10,5,
TRAINER_FISHERMAN_WILTON_2,WILTON,TRAINER_CLASS_FISHERMAN,,true,,,TRAINER_PIC_FISHERMAN,,heartgoldsoulsilver_trainer_index=325; source=files/poketool/trainer/trainers.json; location_unpaired=true,10,5,
TRAINER_TWINS_JO_AND_ZOE,JO & ZOE,TRAINER_CLASS_TWINS,26,,,,TRAINER_PIC_TWINS,True,heartgoldsoulsilver_trainer_index=326; source=files/poketool/trainer/trainers.json; map_refs=0786_T07GYM0101|352_T07GYM0101; matched_map=0786_T07GYM0101,10,5,
TRAINER_SCHOOL_KID_M_DANNY,DANNY,TRAINER_CLASS_SCHOOL_KID_M,3,,,,TRAINER_PIC_SCHOOL_KID_MALE,,heartgoldsoulsilver_trainer_index=327; source=files/poketool/trainer/trainers.json; map_refs=006_R01; matched_map=006_R01,10,5,
TRAINER_SCHOOL_KID_M_TOMMY,TOMMY,TRAINER_CLASS_SCHOOL_KID_M,34,,,,TRAINER_PIC_SCHOOL_KID_MALE,,heartgoldsoulsilver_trainer_index=328; source=files/poketool/trainer/trainers.json; map_refs=020_R15; matched_map=020_R15,10,5,
TRAINER_SCHOOL_KID_M_DUDLEY,DUDLEY,TRAINER_CLASS_SCHOOL_KID_M,13,,,,TRAINER_PIC_SCHOOL_KID_MALE,,heartgoldsoulsilver_trainer_index=329; source=files/poketool/trainer/trainers.json; map_refs=026_R25; matched_map=026_R25,10,5,
TRAINER_SCHOOL_KID_M_JOE,JOE,TRAINER_CLASS_SCHOOL_KID_M,13,,,,TRAINER_PIC_SCHOOL_KID_MALE,,heartgoldsoulsilver_trainer_index=330; source=files/poketool/trainer/trainers.json; map_refs=026_R25; matched_map=026_R25,10,5,
TRAINER_SCHOOL_KID_M_BILLY,BILLY,TRAINER_CLASS_SCHOOL_KID_M,34,,,,TRAINER_PIC_SCHOOL_KID_MALE,,heartgoldsoulsilver_trainer_index=331; source=files/poketool/trainer/trainers.json; map_refs=020_R15; matched_map=020_R15,10,5,
TRAINER_PICNICKER_HEIDI,HEIDI,TRAINER_CLASS_PICNICKER,19,,,,TRAINER_PIC_PICNICKER,,heartgoldsoulsilver_trainer_index=332; source=files/poketool/trainer/trainers.json; map_refs=014_R09; matched_map=014_R09,10,5,
TRAINER_PICNICKER_EDNA,EDNA,TRAINER_CLASS_PICNICKER,19,,,,TRAINER_PIC_PICNICKER,,heartgoldsoulsilver_trainer_index=333; source=files/poketool/trainer/trainers.json; map_refs=014_R09; matched_map=014_R09,10,5,
TRAINER_PICNICKER_GINA_3,GINA,TRAINER_CLASS_PICNICKER,,true,,,TRAINER_PIC_PICNICKER,,heartgoldsoulsilver_trainer_index=334; source=files/poketool/trainer/trainers.json; location_unpaired=true,10,5,
TRAINER_PICNICKER_ERIN_2,ERIN,TRAINER_CLASS_PICNICKER,,true,,,TRAINER_PIC_PICNICKER,,heartgoldsoulsilver_trainer_index=335; source=files/poketool/trainer/trainers.json; location_unpaired=true,10,5,
TRAINER_PICNICKER_TANYA,TANYA,TRAINER_CLASS_PICNICKER,26,,,,TRAINER_PIC_PICNICKER,,heartgoldsoulsilver_trainer_index=336; source=files/poketool/trainer/trainers.json; map_refs=0786_T07GYM0101|352_T07GYM0101; matched_map=0786_T07GYM0101,10,5,
TRAINER_GENTLEMAN_GREGORY,GREGORY,TRAINER_CLASS_GENTLEMAN,16,,,ITEM_FULL_RESTORE,TRAINER_PIC_GENTLEMAN,,heartgoldsoulsilver_trainer_index=337; source=files/poketool/trainer/trainers.json; map_refs=0778_T06GYM0101|322_T06GYM0101; matched_map=0778_T06GYM0101,10,5,
TRAINER_GENTLEMAN_MICKEY,MICKEY,TRAINER_CLASS_GENTLEMAN,,,,ITEM_FULL_RESTORE,TRAINER_PIC_GENTLEMAN,,heartgoldsoulsilver_trainer_index=338; source=files/poketool/trainer/trainers.json; location_unpaired=true,10,5,
TRAINER_BLACK_BELT_WAI,WAI,TRAINER_CLASS_BLACK_BELT,,,,,TRAINER_PIC_BLACK_BELT,,heartgoldsoulsilver_trainer_index=339; source=files/poketool/trainer/trainers.json; map_refs=300_P01R0307; location_unpaired=true,10,5,
TRAINER_BEAUTY_MICKEY_4,MICKEY,TRAINER_CLASS_BEAUTY,,true,,,TRAINER_PIC_BEAUTY,,heartgoldsoulsilver_trainer_index=340; source=files/poketool/trainer/trainers.json; location_unpaired=true,10,5,
TRAINER_BEAUTY_MICKEY_5,MICKEY,TRAINER_CLASS_BEAUTY,,true,,,TRAINER_PIC_BEAUTY,,heartgoldsoulsilver_trainer_index=341; source=files/poketool/trainer/trainers.json; location_unpaired=true,10,5,
TRAINER_BEAUTY_MICKEY_6,MICKEY,TRAINER_CLASS_BEAUTY,,true,,,TRAINER_PIC_BEAUTY,,heartgoldsoulsilver_trainer_index=342; source=files/poketool/trainer/trainers.json; location_unpaired=true,10,5,
TRAINER_BEAUTY_MICKEY_7,MICKEY,TRAINER_CLASS_BEAUTY,,true,,,TRAINER_PIC_BEAUTY,,heartgoldsoulsilver_trainer_index=343; source=files/poketool/trainer/trainers.json; location_unpaired=true,10,5,
TRAINER_BEAUTY_MICKEY_8,MICKEY,TRAINER_CLASS_BEAUTY,,true,,,TRAINER_PIC_BEAUTY,,heartgoldsoulsilver_trainer_index=344; source=files/poketool/trainer/trainers.json; location_unpaired=true,10,5,
TRAINER_BEAUTY_MICKEY_9,MICKEY,TRAINER_CLASS_BEAUTY,,true,,,TRAINER_PIC_BEAUTY,,heartgoldsoulsilver_trainer_index=345; source=files/poketool/trainer/trainers.json; location_unpaired=true,10,5,
TRAINER_BEAUTY_JULIA,JULIA,TRAINER_CLASS_BEAUTY,26,,,,TRAINER_PIC_BEAUTY,,heartgoldsoulsilver_trainer_index=346; source=files/poketool/trainer/trainers.json; map_refs=0786_T07GYM0101|352_T07GYM0101; matched_map=0786_T07GYM0101,10,5,
TRAINER_BEAUTY_MICKEY_10,MICKEY,TRAINER_CLASS_BEAUTY,,true,,,TRAINER_PIC_BEAUTY,,heartgoldsoulsilver_trainer_index=347; source=files/poketool/trainer/trainers.json; location_unpaired=true,10,5,
TRAINER_POKEFAN_M_ROBERT,ROBERT,TRAINER_CLASS_POKEFAN_M,20,,,,TRAINER_PIC_POKEFAN_MALE,,heartgoldsoulsilver_trainer_index=348; source=files/poketool/trainer/trainers.json; map_refs=345_R10R0101; matched_map=345_R10R0101,10,5,
TRAINER_POKEFAN_M_JOSHUA,JOSHUA,TRAINER_CLASS_POKEFAN_M,36,,,,TRAINER_PIC_POKEFAN_MALE,,heartgoldsoulsilver_trainer_index=349; source=files/poketool/trainer/trainers.json; map_refs=018_R13; matched_map=018_R13,10,5,
TRAINER_POKEFAN_M_CARTER,CARTER,TRAINER_CLASS_POKEFAN_M,35,,,,TRAINER_PIC_POKEFAN_MALE,,heartgoldsoulsilver_trainer_index=350; source=files/poketool/trainer/trainers.json; map_refs=019_R14; matched_map=019_R14,10,5,
TRAINER_POKEFAN_M_TREVOR,TREVOR,TRAINER_CLASS_POKEFAN_M,35,,,,TRAINER_PIC_POKEFAN_MALE,,heartgoldsoulsilver_trainer_index=351; source=files/poketool/trainer/trainers.json; map_refs=019_R14; matched_map=019_R14,10,5,
TRAINER_POKEFAN_GEORGIA,GEORGIA,TRAINER_CLASS_POKEFAN,,,,,TRAINER_PIC_POKEFAN_FEMALE,,heartgoldsoulsilver_trainer_index=352; source=files/poketool/trainer/trainers.json; map_refs=299_P01R0306; location_unpaired=true,10,5,
TRAINER_TEAM_ROCKET_GRUNT_24,GRUNT,TRAINER_CLASS_TEAM_ROCKET,12,,,,TRAINER_PIC_ROCKET_GRUNT_M,,heartgoldsoulsilver_trainer_index=353; source=files/poketool/trainer/trainers.json; map_refs=0215_R24; matched_map=0215_R24,10,5,
TRAINER_LASS_LAURA,LAURA,TRAINER_CLASS_LASS,13,,,,TRAINER_PIC_LASS,,heartgoldsoulsilver_trainer_index=354; source=files/poketool/trainer/trainers.json; map_refs=026_R25; matched_map=026_R25,10,5,
TRAINER_LASS_SHANNON,SHANNON,TRAINER_CLASS_LASS,13,,,,TRAINER_PIC_LASS,,heartgoldsoulsilver_trainer_index=355; source=files/poketool/trainer/trainers.json; map_refs=026_R25; matched_map=026_R25,10,5,
TRAINER_LASS_MICHELLE,MICHELLE,TRAINER_CLASS_LASS,26,,,,TRAINER_PIC_LASS,,heartgoldsoulsilver_trainer_index=356; source=files/poketool/trainer/trainers.json; map_refs=0786_T07GYM0101|352_T07GYM0101; matched_map=0786_T07GYM0101,10,5,
TRAINER_HIKER_CLARKE,CLARKE,TRAINER_CLASS_HIKER,19,,,,TRAINER_PIC_HIKER,,heartgoldsoulsilver_trainer_index=357; source=files/poketool/trainer/trainers.json; map_refs=014_R09; matched_map=014_R09,10,5,
TRAINER_HIKER_KENNY,KENNY,TRAINER_CLASS_HIKER,36,,,,TRAINER_PIC_HIKER,,heartgoldsoulsilver_trainer_index=358; source=files/poketool/trainer/trainers.json; map_refs=018_R13; matched_map=018_R13,10,5,
TRAINER_HIKER_JIM,JIM,TRAINER_CLASS_HIKER,20,,,,TRAINER_PIC_HIKER,,heartgoldsoulsilver_trainer_index=359; source=files/poketool/trainer/trainers.json; map_refs=345_R10R0101; matched_map=345_R10R0101,10,5,
TRAINER_BUG_CATCHER_ARNIE_2,ARNIE,TRAINER_CLASS_BUG_CATCHER,,true,,,TRAINER_PIC_BUG_CATCHER,,heartgoldsoulsilver_trainer_index=360; source=files/poketool/trainer/trainers.json; location_unpaired=true,10,5,
TRAINER_ACE_TRAINER_M_KEVIN,KEVIN,TRAINER_CLASS_ACE_TRAINER_M,13,,,,TRAINER_PIC_ACE_TRAINER_MALE,,heartgoldsoulsilver_trainer_index=361; source=files/poketool/trainer/trainers.json; map_refs=0216_R25; matched_map=0216_R25,10,5,
TRAINER_ACE_TRAINER_F_QUINN,QUINN,TRAINER_CLASS_ACE_TRAINER_F,3,,,,TRAINER_PIC_ACE_TRAINER_FEMALE,,heartgoldsoulsilver_trainer_index=362; source=files/poketool/trainer/trainers.json; map_refs=006_R01; matched_map=006_R01,10,5,
TRAINER_ACE_TRAINER_F_EMMA,EMMA,TRAINER_CLASS_ACE_TRAINER_F,64,,,,TRAINER_PIC_ACE_TRAINER_FEMALE,,heartgoldsoulsilver_trainer_index=363; source=files/poketool/trainer/trainers.json; map_refs=149_D25R0103; matched_map=149_D25R0103,10,5,
TRAINER_SUPER_NERD_SAM,SAM,TRAINER_CLASS_SUPER_NERD,24,,,,TRAINER_PIC_SUPER_NERD,,heartgoldsoulsilver_trainer_index=364; source=files/poketool/trainer/trainers.json; map_refs=013_R08; matched_map=013_R08,10,5,
TRAINER_SUPER_NERD_TYRONE,TYRONE,TRAINER_CLASS_SUPER_NERD,24,,,,TRAINER_PIC_SUPER_NERD,,heartgoldsoulsilver_trainer_index=365; source=files/poketool/trainer/trainers.json; map_refs=013_R08; matched_map=013_R08,10,5,
TRAINER_SUPER_NERD_PAT,PAT,TRAINER_CLASS_SUPER_NERD,13,,,,TRAINER_PIC_SUPER_NERD,,heartgoldsoulsilver_trainer_index=366; source=files/poketool/trainer/trainers.json; map_refs=026_R25; matched_map=026_R25,10,5,
TRAINER_SUPER_NERD_SHAWN,SHAWN,TRAINER_CLASS_SUPER_NERD,,,,,TRAINER_PIC_SUPER_NERD,,heartgoldsoulsilver_trainer_index=367; source=files/poketool/trainer/trainers.json; map_refs=299_P01R0306; location_unpaired=true,10,5,
TRAINER_MEDIUM_REBECCA,REBECCA,TRAINER_CLASS_MEDIUM,27,,,,TRAINER_PIC_MEDIUM,,heartgoldsoulsilver_trainer_index=368; source=files/poketool/trainer/trainers.json; map_refs=0829_T11GYM0101|366_T11GYM0101; matched_map=0829_T11GYM0101,10,5,
TRAINER_MEDIUM_DARCY,DARCY,TRAINER_CLASS_MEDIUM,27,,,,TRAINER_PIC_MEDIUM,,heartgoldsoulsilver_trainer_index=369; source=files/poketool/trainer/trainers.json; map_refs=0829_T11GYM0101|366_T11GYM0101; matched_map=0829_T11GYM0101,10,5,
TRAINER_SWIMMER_M_JEROME,JEROME,TRAINER_CLASS_SWIMMER_M,38,,,,TRAINER_PIC_SWIMMER_MALE,,heartgoldsoulsilver_trainer_index=370; source=files/poketool/trainer/trainers.json; map_refs=088_W19; matched_map=088_W19,10,5,
TRAINER_SWIMMER_M_TUCKER,TUCKER,TRAINER_CLASS_SWIMMER_M,38,,,,TRAINER_PIC_SWIMMER_MALE,,heartgoldsoulsilver_trainer_index=371; source=files/poketool/trainer/trainers.json; map_refs=088_W19; matched_map=088_W19,10,5,
TRAINER_SWIMMER_M_MICKEY_6,MICKEY,TRAINER_CLASS_SWIMMER_M,,true,,,TRAINER_PIC_SWIMMER_MALE,,heartgoldsoulsilver_trainer_index=372; source=files/poketool/trainer/trainers.json; location_unpaired=true,10,5,
TRAINER_SWIMMER_M_FRANKIE,FRANKIE,TRAINER_CLASS_SWIMMER_M,39,,,,TRAINER_PIC_SWIMMER_MALE,,heartgoldsoulsilver_trainer_index=373; source=files/poketool/trainer/trainers.json; map_refs=089_W20; matched_map=089_W20,10,5,
TRAINER_SWIMMER_M_TYSON,TYSON,TRAINER_CLASS_SWIMMER_M,46,,,,TRAINER_PIC_SWIMMER_MALE,,heartgoldsoulsilver_trainer_index=374; source=files/poketool/trainer/trainers.json; map_refs=090_W21; matched_map=090_W21,10,5,
TRAINER_SWIMMER_M_MICKEY_7,MICKEY,TRAINER_CLASS_SWIMMER_M,,true,,,TRAINER_PIC_SWIMMER_MALE,,heartgoldsoulsilver_trainer_index=375; source=files/poketool/trainer/trainers.json; location_unpaired=true,10,5,
TRAINER_SWIMMER_M_MICKEY_8,MICKEY,TRAINER_CLASS_SWIMMER_M,,true,,,TRAINER_PIC_SWIMMER_MALE,,heartgoldsoulsilver_trainer_index=376; source=files/poketool/trainer/trainers.json; location_unpaired=true,10,5,
TRAINER_SWIMMER_M_PARKER,PARKER,TRAINER_CLASS_SWIMMER_M,,,,,TRAINER_PIC_SWIMMER_MALE,,heartgoldsoulsilver_trainer_index=377; source=files/poketool/trainer/trainers.json; location_unpaired=true,10,5,
TRAINER_YOUNGSTER_WARREN,WARREN,TRAINER_CLASS_YOUNGSTER,8,,,,TRAINER_PIC_YOUNGSTER,,heartgoldsoulsilver_trainer_index=378; source=files/poketool/trainer/trainers.json; map_refs=008_R03; matched_map=008_R03,10,5,
TRAINER_YOUNGSTER_JIMMY,JIMMY,TRAINER_CLASS_YOUNGSTER,8,,,,TRAINER_PIC_YOUNGSTER,,heartgoldsoulsilver_trainer_index=379; source=files/poketool/trainer/trainers.json; map_refs=008_R03; matched_map=008_R03,10,5,
TRAINER_YOUNGSTER_OWEN,OWEN,TRAINER_CLASS_YOUNGSTER,17,,,,TRAINER_PIC_YOUNGSTER,,heartgoldsoulsilver_trainer_index=380; source=files/poketool/trainer/trainers.json; map_refs=016_R11; matched_map=016_R11,10,5,
TRAINER_YOUNGSTER_JASON,JASON,TRAINER_CLASS_YOUNGSTER,17,,,,TRAINER_PIC_YOUNGSTER,,heartgoldsoulsilver_trainer_index=381; source=files/poketool/trainer/trainers.json; map_refs=016_R11; matched_map=016_R11,10,5,
TRAINER_TEACHER_HILLARY,HILLARY,TRAINER_CLASS_TEACHER,34,,,,TRAINER_PIC_TEACHER,,heartgoldsoulsilver_trainer_index=382; source=files/poketool/trainer/trainers.json; map_refs=020_R15; matched_map=020_R15,10,5,
TRAINER_BIRD_KEEPER_GS_PETER,PETER,TRAINER_CLASS_BIRD_KEEPER_GS,62,,,,TRAINER_PIC_BIRD_KEEPER_GS,,heartgoldsoulsilver_trainer_index=383; source=files/poketool/trainer/trainers.json; map_refs=033_R32; matched_map=033_R32,10,5,
TRAINER_HIKER_DANIEL,DANIEL,TRAINER_CLASS_HIKER,64,,,,TRAINER_PIC_HIKER,,heartgoldsoulsilver_trainer_index=384; source=files/poketool/trainer/trainers.json; map_refs=096_D25R0101; matched_map=096_D25R0101,10,5,
TRAINER_TWINS_DARA_AND_DIA,DARA & DIA,TRAINER_CLASS_TWINS,,,,,TRAINER_PIC_TWINS,True,heartgoldsoulsilver_trainer_index=385; source=files/poketool/trainer/trainers.json; location_unpaired=true,10,5,
TRAINER_PSYCHIC_M_GREG,GREG,TRAINER_CLASS_PSYCHIC_M,74,,,,TRAINER_PIC_PSYCHIC_MALE,,heartgoldsoulsilver_trainer_index=386; source=files/poketool/trainer/trainers.json; map_refs=038_R37; matched_map=038_R37,10,5,
TRAINER_TWINS_AMY_AND_MIMI_2,AMY & MIMI,TRAINER_CLASS_TWINS,,true,,,TRAINER_PIC_TWINS,True,heartgoldsoulsilver_trainer_index=387; source=files/poketool/trainer/trainers.json; location_unpaired=true,10,5,
TRAINER_FIREBREATHER_WALT,WALT,TRAINER_CLASS_FIREBREATHER,71,,,,TRAINER_PIC_FIREBREATHER,,heartgoldsoulsilver_trainer_index=388; source=files/poketool/trainer/trainers.json; map_refs=036_R35; matched_map=036_R35,10,5,
TRAINER_PSYCHIC_M_NELSON,NELSON,TRAINER_CLASS_PSYCHIC_M,79,,,,TRAINER_PIC_PSYCHIC_MALE,,heartgoldsoulsilver_trainer_index=389; source=files/poketool/trainer/trainers.json; map_refs=040_R39; matched_map=040_R39,10,5,
TRAINER_FIREBREATHER_RAY,RAY,TRAINER_CLASS_FIREBREATHER,64,,,,TRAINER_PIC_FIREBREATHER,,heartgoldsoulsilver_trainer_index=390; source=files/poketool/trainer/trainers.json; map_refs=096_D25R0101; matched_map=096_D25R0101,10,5,
TRAINER_POKE_MANIAC_ISSAC,ISSAC,TRAINER_CLASS_POKE_MANIAC,,,,,TRAINER_PIC_POKE_MANIAC,,heartgoldsoulsilver_trainer_index=391; source=files/poketool/trainer/trainers.json; map_refs=192_D37R0102; location_unpaired=true,10,5,
TRAINER_POKE_MANIAC_DONALD,DONALD,TRAINER_CLASS_POKE_MANIAC,,,,,TRAINER_PIC_POKE_MANIAC,,heartgoldsoulsilver_trainer_index=392; source=files/poketool/trainer/trainers.json; map_refs=192_D37R0102; location_unpaired=true,10,5,
TRAINER_SUPER_NERD_TERU,TERU,TRAINER_CLASS_SUPER_NERD,,,,,TRAINER_PIC_SUPER_NERD,,heartgoldsoulsilver_trainer_index=393; source=files/poketool/trainer/trainers.json; map_refs=192_D37R0102; location_unpaired=true,10,5,
TRAINER_ACE_TRAINER_M_MICKEY_4,MICKEY,TRAINER_CLASS_ACE_TRAINER_M,,true,,,TRAINER_PIC_ACE_TRAINER_MALE,,heartgoldsoulsilver_trainer_index=394; source=files/poketool/trainer/trainers.json; location_unpaired=true,10,5,
TRAINER_PSYCHIC_M_MARK,MARK,TRAINER_CLASS_PSYCHIC_M,73,,,,TRAINER_PIC_PSYCHIC_MALE,,heartgoldsoulsilver_trainer_index=395; source=files/poketool/trainer/trainers.json; map_refs=037_R36; matched_map=037_R36,10,5,
TRAINER_JUGGLER_HORTON,HORTON,TRAINER_CLASS_JUGGLER,16,,,,TRAINER_PIC_JUGGLER,,heartgoldsoulsilver_trainer_index=396; source=files/poketool/trainer/trainers.json; map_refs=0778_T06GYM0101|322_T06GYM0101; matched_map=0778_T06GYM0101,10,5,
TRAINER_SCHOOL_KID_M_CHAD,CHAD,TRAINER_CLASS_SCHOOL_KID_M,78,,,,TRAINER_PIC_SCHOOL_KID_MALE,,heartgoldsoulsilver_trainer_index=397; source=files/poketool/trainer/trainers.json; map_refs=039_R38; matched_map=039_R38,10,5,
TRAINER_BEAUTY_VALERIE,VALERIE,TRAINER_CLASS_BEAUTY,78,,,,TRAINER_PIC_BEAUTY,,heartgoldsoulsilver_trainer_index=398; source=files/poketool/trainer/trainers.json; map_refs=039_R38; matched_map=039_R38,10,5,
TRAINER_FIREBREATHER_LYLE,LYLE,TRAINER_CLASS_FIREBREATHER,,,,,TRAINER_PIC_FIREBREATHER,,heartgoldsoulsilver_trainer_index=399; source=files/poketool/trainer/trainers.json; map_refs=282_P01R0305; location_unpaired=true,10,5,
TRAINER_LASS_DANA,DANA,TRAINER_CLASS_LASS,78,,,ITEM_MOOMOO_MILK,TRAINER_PIC_LASS,,heartgoldsoulsilver_trainer_index=400; source=files/poketool/trainer/trainers.json; map_refs=039_R38; matched_map=039_R38,10,5,
TRAINER_GENTLEMAN_ALFRED,ALFRED,TRAINER_CLASS_GENTLEMAN,,,,ITEM_FULL_RESTORE,TRAINER_PIC_GENTLEMAN,,heartgoldsoulsilver_trainer_index=401; source=files/poketool/trainer/trainers.json; map_refs=206_D27R0102; location_unpaired=true,10,5,
TRAINER_PICNICKER_TIFFANY,TIFFANY,TRAINER_CLASS_PICNICKER,87,,,,TRAINER_PIC_PICNICKER,,heartgoldsoulsilver_trainer_index=402; source=files/poketool/trainer/trainers.json; map_refs=042_R43; matched_map=042_R43,10,5,
TRAINER_CAMPER_SPENCER,SPENCER,TRAINER_CLASS_CAMPER,87,,,,TRAINER_PIC_CAMPER,,heartgoldsoulsilver_trainer_index=403; source=files/poketool/trainer/trainers.json; map_refs=042_R43; matched_map=042_R43,10,5,
TRAINER_TEAM_ROCKET_F_GRUNT_5,GRUNT,TRAINER_CLASS_TEAM_ROCKET_F,,true,,,TRAINER_PIC_ROCKET_GRUNT_F,,heartgoldsoulsilver_trainer_index=404; source=files/poketool/trainer/trainers.json; map_refs=0091_D35R0104|235_D35R0104; location_unpaired=true,10,5,
TRAINER_PSYCHIC_M_PHIL,PHIL,TRAINER_CLASS_PSYCHIC_M,90,,,,TRAINER_PIC_PSYCHIC_MALE,,heartgoldsoulsilver_trainer_index=405; source=files/poketool/trainer/trainers.json; map_refs=043_R44; matched_map=043_R44,10,5,
TRAINER_POKE_MANIAC_ZACH,ZACH,TRAINER_CLASS_POKE_MANIAC,90,,,,TRAINER_PIC_POKE_MANIAC,,heartgoldsoulsilver_trainer_index=406; source=files/poketool/trainer/trainers.json; map_refs=043_R44; matched_map=043_R44,10,5,
TRAINER_ACE_TRAINER_M_ALLEN,ALLEN,TRAINER_CLASS_ACE_TRAINER_M,90,,,,TRAINER_PIC_ACE_TRAINER_MALE,,heartgoldsoulsilver_trainer_index=407; source=files/poketool/trainer/trainers.json; map_refs=043_R44; matched_map=043_R44,10,5,
TRAINER_ACE_TRAINER_F_CYBIL,CYBIL,TRAINER_CLASS_ACE_TRAINER_F,90,,,,TRAINER_PIC_ACE_TRAINER_FEMALE,,heartgoldsoulsilver_trainer_index=408; source=files/poketool/trainer/trainers.json; map_refs=043_R44; matched_map=043_R44,10,5,
TRAINER_POKEFAN_M_BRANDON,BRANDON,TRAINER_CLASS_POKEFAN_M,69,,,,TRAINER_PIC_POKEFAN_MALE,,heartgoldsoulsilver_trainer_index=409; source=files/poketool/trainer/trainers.json; map_refs=035_R34; matched_map=035_R34,10,5,
TRAINER_SAILOR_HARRY,HARRY,TRAINER_CLASS_SAILOR,78,,,,TRAINER_PIC_SAILOR,,heartgoldsoulsilver_trainer_index=410; source=files/poketool/trainer/trainers.json; map_refs=039_R38; matched_map=039_R38,10,5,
TRAINER_PSYCHIC_M_VERNON,VERNON,TRAINER_CLASS_PSYCHIC_M,98,,,,TRAINER_PIC_PSYCHIC_MALE,,heartgoldsoulsilver_trainer_index=411; source=files/poketool/trainer/trainers.json; map_refs=027_R26; matched_map=027_R26,10,5,
TRAINER_PSYCHIC_M_ELI,ELI,TRAINER_CLASS_PSYCHIC_M,96,,,,TRAINER_PIC_PSYCHIC_MALE,,heartgoldsoulsilver_trainer_index=412; source=files/poketool/trainer/trainers.json; map_refs=028_R27; matched_map=028_R27,10,5,
TRAINER_FISHERMAN_SCOTT,SCOTT,TRAINER_CLASS_FISHERMAN,98,,,,TRAINER_PIC_FISHERMAN,,heartgoldsoulsilver_trainer_index=413; source=files/poketool/trainer/trainers.json; map_refs=027_R26; matched_map=027_R26,10,5,
TRAINER_BIRD_KEEPER_GS_JOSE_2,JOSE,TRAINER_CLASS_BIRD_KEEPER_GS,96,true,,,TRAINER_PIC_BIRD_KEEPER_GS,,heartgoldsoulsilver_trainer_index=414; source=files/poketool/trainer/trainers.json; map_refs=028_R27; matched_map=028_R27,10,5,
TRAINER_PSYCHIC_M_JARED,JARED,TRAINER_CLASS_PSYCHIC_M,27,,,,TRAINER_PIC_PSYCHIC_MALE,,heartgoldsoulsilver_trainer_index=415; source=files/poketool/trainer/trainers.json; map_refs=0829_T11GYM0101|366_T11GYM0101; matched_map=0829_T11GYM0101,10,5,
TRAINER_TWINS_JO_AND_ZOE_2,JO & ZOE,TRAINER_CLASS_TWINS,,true,,,TRAINER_PIC_TWINS,True,heartgoldsoulsilver_trainer_index=416; source=files/poketool/trainer/trainers.json; location_unpaired=true,10,5,
TRAINER_ACE_TRAINER_F_JENN,JENN,TRAINER_CLASS_ACE_TRAINER_F,69,,,,TRAINER_PIC_ACE_TRAINER_FEMALE,,heartgoldsoulsilver_trainer_index=417; source=files/poketool/trainer/trainers.json; map_refs=0237_R34; matched_map=0237_R34,10,5,
TRAINER_ELITE_FOUR_BRUNO_BRUNO,BRUNO,TRAINER_CLASS_ELITE_FOUR_BRUNO,,,,"ITEM_FULL_RESTORE,ITEM_FULL_RESTORE",TRAINER_PIC_BRUNO,,heartgoldsoulsilver_trainer_index=418; source=files/poketool/trainer/trainers.json; map_refs=0822_T10R0401; location_unpaired=true,10,5,
TRAINER_LASS_ELLEN,ELLEN,TRAINER_CLASS_LASS,13,,,,TRAINER_PIC_LASS,,heartgoldsoulsilver_trainer_index=419; source=files/poketool/trainer/trainers.json; map_refs=026_R25; matched_map=026_R25,10,5,
TRAINER_BIRD_KEEPER_GS_PERRY,PERRY,TRAINER_CLASS_BIRD_KEEPER_GS,36,,,,TRAINER_PIC_BIRD_KEEPER_GS,,heartgoldsoulsilver_trainer_index=420; source=files/poketool/trainer/trainers.json; map_refs=018_R13; matched_map=018_R13,10,5,
TRAINER_BIRD_KEEPER_GS_BRET,BRET,TRAINER_CLASS_BIRD_KEEPER_GS,36,,,,TRAINER_PIC_BIRD_KEEPER_GS,,heartgoldsoulsilver_trainer_index=421; source=files/poketool/trainer/trainers.json; map_refs=018_R13; matched_map=018_R13,10,5,
TRAINER_PSYCHIC_M_RODNEY,RODNEY,TRAINER_CLASS_PSYCHIC_M,,,,,TRAINER_PIC_PSYCHIC_MALE,,heartgoldsoulsilver_trainer_index=422; source=files/poketool/trainer/trainers.json; map_refs=299_P01R0306; location_unpaired=true,10,5,
TRAINER_POKEFAN_M_JEREMY,JEREMY,TRAINER_CLASS_POKEFAN_M,,,,,TRAINER_PIC_POKEFAN_MALE,,heartgoldsoulsilver_trainer_index=423; source=files/poketool/trainer/trainers.json; map_refs=299_P01R0306; location_unpaired=true,10,5,
TRAINER_POKEFAN_M_COLIN,COLIN,TRAINER_CLASS_POKEFAN_M,,,,,TRAINER_PIC_POKEFAN_MALE,,heartgoldsoulsilver_trainer_index=424; source=files/poketool/trainer/trainers.json; map_refs=299_P01R0306; location_unpaired=true,10,5,
TRAINER_TWINS_MEG_AND_PEG,MEG & PEG,TRAINER_CLASS_TWINS,,,,,TRAINER_PIC_TWINS,True,heartgoldsoulsilver_trainer_index=425; source=files/poketool/trainer/trainers.json; map_refs=299_P01R0306; location_unpaired=true,10,5,
TRAINER_TWINS_MEG_AND_PEG_2,MEG & PEG,TRAINER_CLASS_TWINS,,true,,,TRAINER_PIC_TWINS,True,heartgoldsoulsilver_trainer_index=426; source=files/poketool/trainer/trainers.json; location_unpaired=true,10,5,
TRAINER_TEACHER_SHIRLEY,SHIRLEY,TRAINER_CLASS_TEACHER,,,,,TRAINER_PIC_TEACHER,,heartgoldsoulsilver_trainer_index=427; source=files/poketool/trainer/trainers.json; map_refs=300_P01R0307; location_unpaired=true,10,5,
TRAINER_SCHOOL_KID_M_NATE,NATE,TRAINER_CLASS_SCHOOL_KID_M,,,,,TRAINER_PIC_SCHOOL_KID_MALE,,heartgoldsoulsilver_trainer_index=428; source=files/poketool/trainer/trainers.json; map_refs=300_P01R0307; location_unpaired=true,10,5,
TRAINER_SCHOOL_KID_M_RICKY,RICKY,TRAINER_CLASS_SCHOOL_KID_M,,,,,TRAINER_PIC_SCHOOL_KID_MALE,,heartgoldsoulsilver_trainer_index=429; source=files/poketool/trainer/trainers.json; map_refs=300_P01R0307; location_unpaired=true,10,5,
TRAINER_SCHOOL_KID_M_JACK_2,JACK,TRAINER_CLASS_SCHOOL_KID_M,,true,,,TRAINER_PIC_SCHOOL_KID_MALE,,heartgoldsoulsilver_trainer_index=430; source=files/poketool/trainer/trainers.json; location_unpaired=true,10,5,
TRAINER_SCHOOL_KID_M_JACK_3,JACK,TRAINER_CLASS_SCHOOL_KID_M,,true,,,TRAINER_PIC_SCHOOL_KID_MALE,,heartgoldsoulsilver_trainer_index=431; source=files/poketool/trainer/trainers.json; location_unpaired=true,10,5,
TRAINER_SCHOOL_KID_M_ALAN_2,ALAN,TRAINER_CLASS_SCHOOL_KID_M,,true,,,TRAINER_PIC_SCHOOL_KID_MALE,,heartgoldsoulsilver_trainer_index=432; source=files/poketool/trainer/trainers.json; location_unpaired=true,10,5,
TRAINER_SCHOOL_KID_M_ALAN_3,ALAN,TRAINER_CLASS_SCHOOL_KID_M,,true,,,TRAINER_PIC_SCHOOL_KID_MALE,,heartgoldsoulsilver_trainer_index=433; source=files/poketool/trainer/trainers.json; location_unpaired=true,10,5,
TRAINER_SCHOOL_KID_M_CHAD_2,CHAD,TRAINER_CLASS_SCHOOL_KID_M,,true,,,TRAINER_PIC_SCHOOL_KID_MALE,,heartgoldsoulsilver_trainer_index=434; source=files/poketool/trainer/trainers.json; location_unpaired=true,10,5,
TRAINER_SCHOOL_KID_M_CHAD_3,CHAD,TRAINER_CLASS_SCHOOL_KID_M,,true,,,TRAINER_PIC_SCHOOL_KID_MALE,,heartgoldsoulsilver_trainer_index=435; source=files/poketool/trainer/trainers.json; location_unpaired=true,10,5,
TRAINER_POKEFAN_BEVERLY_2,BEVERLY,TRAINER_CLASS_POKEFAN,,true,,,TRAINER_PIC_POKEFAN_FEMALE,,heartgoldsoulsilver_trainer_index=436; source=files/poketool/trainer/trainers.json; location_unpaired=true,10,5,
TRAINER_POKEFAN_BEVERLY_3,BEVERLY,TRAINER_CLASS_POKEFAN,,true,,,TRAINER_PIC_POKEFAN_FEMALE,,heartgoldsoulsilver_trainer_index=437; source=files/poketool/trainer/trainers.json; location_unpaired=true,10,5,
TRAINER_POKEFAN_M_DEREK_2,DEREK,TRAINER_CLASS_POKEFAN_M,,true,,,TRAINER_PIC_POKEFAN_MALE,,heartgoldsoulsilver_trainer_index=438; source=files/poketool/trainer/trainers.json; location_unpaired=true,10,5,
TRAINER_POKEFAN_M_DEREK_3,DEREK,TRAINER_CLASS_POKEFAN_M,,true,,,TRAINER_PIC_POKEFAN_MALE,,heartgoldsoulsilver_trainer_index=439; source=files/poketool/trainer/trainers.json; location_unpaired=true,10,5,
TRAINER_SAILOR_HUEY_2,HUEY,TRAINER_CLASS_SAILOR,,true,,,TRAINER_PIC_SAILOR,,heartgoldsoulsilver_trainer_index=440; source=files/poketool/trainer/trainers.json; location_unpaired=true,10,5,
TRAINER_SAILOR_HUEY_3,HUEY,TRAINER_CLASS_SAILOR,,true,,,TRAINER_PIC_SAILOR,,heartgoldsoulsilver_trainer_index=441; source=files/poketool/trainer/trainers.json; location_unpaired=true,10,5,
TRAINER_LASS_MICKEY,MICKEY,TRAINER_CLASS_LASS,,,,,TRAINER_PIC_LASS,,heartgoldsoulsilver_trainer_index=442; source=files/poketool/trainer/trainers.json; location_unpaired=true,10,5,
TRAINER_LASS_MICKEY_2,MICKEY,TRAINER_CLASS_LASS,,true,,,TRAINER_PIC_LASS,,heartgoldsoulsilver_trainer_index=443; source=files/poketool/trainer/trainers.json; location_unpaired=true,10,5,
TRAINER_ACE_TRAINER_F_REENA_2,REENA,TRAINER_CLASS_ACE_TRAINER_F,,true,,,TRAINER_PIC_ACE_TRAINER_FEMALE,,heartgoldsoulsilver_trainer_index=444; source=files/poketool/trainer/trainers.json; location_unpaired=true,10,5,
TRAINER_ACE_TRAINER_F_REENA_3,REENA,TRAINER_CLASS_ACE_TRAINER_F,,true,,,TRAINER_PIC_ACE_TRAINER_FEMALE,,heartgoldsoulsilver_trainer_index=445; source=files/poketool/trainer/trainers.json; location_unpaired=true,10,5,
TRAINER_BIRD_KEEPER_GS_JOSE_3,JOSE,TRAINER_CLASS_BIRD_KEEPER_GS,,true,,,TRAINER_PIC_BIRD_KEEPER_GS,,heartgoldsoulsilver_trainer_index=446; source=files/poketool/trainer/trainers.json; location_unpaired=true,10,5,
TRAINER_BIRD_KEEPER_GS_VANCE_2,VANCE,TRAINER_CLASS_BIRD_KEEPER_GS,,true,,,TRAINER_PIC_BIRD_KEEPER_GS,,heartgoldsoulsilver_trainer_index=447; source=files/poketool/trainer/trainers.json; location_unpaired=true,10,5,
TRAINER_BIRD_KEEPER_GS_VANCE_3,VANCE,TRAINER_CLASS_BIRD_KEEPER_GS,,true,,,TRAINER_PIC_BIRD_KEEPER_GS,,heartgoldsoulsilver_trainer_index=448; source=files/poketool/trainer/trainers.json; location_unpaired=true,10,5,
TRAINER_BUG_CATCHER_ARNIE_3,ARNIE,TRAINER_CLASS_BUG_CATCHER,,true,,,TRAINER_PIC_BUG_CATCHER,,heartgoldsoulsilver_trainer_index=449; source=files/poketool/trainer/trainers.json; location_unpaired=true,10,5,
TRAINER_FISHERMAN_WILTON_3,WILTON,TRAINER_CLASS_FISHERMAN,,true,,,TRAINER_PIC_FISHERMAN,,heartgoldsoulsilver_trainer_index=450; source=files/poketool/trainer/trainers.json; location_unpaired=true,10,5,
TRAINER_HIKER_PARRY_2,PARRY,TRAINER_CLASS_HIKER,,true,,,TRAINER_PIC_HIKER,,heartgoldsoulsilver_trainer_index=451; source=files/poketool/trainer/trainers.json; location_unpaired=true,10,5,
TRAINER_HIKER_PARRY_3,PARRY,TRAINER_CLASS_HIKER,,true,,,TRAINER_PIC_HIKER,,heartgoldsoulsilver_trainer_index=452; source=files/poketool/trainer/trainers.json; location_unpaired=true,10,5,
TRAINER_PICNICKER_ERIN_3,ERIN,TRAINER_CLASS_PICNICKER,,true,,,TRAINER_PIC_PICNICKER,,heartgoldsoulsilver_trainer_index=453; source=files/poketool/trainer/trainers.json; location_unpaired=true,10,5,
TRAINER_JUGGLER_IRWIN_2,IRWIN,TRAINER_CLASS_JUGGLER,,true,,,TRAINER_PIC_JUGGLER,,heartgoldsoulsilver_trainer_index=454; source=files/poketool/trainer/trainers.json; location_unpaired=true,10,5,
TRAINER_JUGGLER_IRWIN_3,IRWIN,TRAINER_CLASS_JUGGLER,,true,,,TRAINER_PIC_JUGGLER,,heartgoldsoulsilver_trainer_index=455; source=files/poketool/trainer/trainers.json; location_unpaired=true,10,5,
TRAINER_ACE_TRAINER_M_GAVEN_2,GAVEN,TRAINER_CLASS_ACE_TRAINER_M,,true,,,TRAINER_PIC_ACE_TRAINER_MALE,,heartgoldsoulsilver_trainer_index=456; source=files/poketool/trainer/trainers.json; location_unpaired=true,10,5,
TRAINER_ACE_TRAINER_M_GAVEN_3,GAVEN,TRAINER_CLASS_ACE_TRAINER_M,,true,,,TRAINER_PIC_ACE_TRAINER_MALE,,heartgoldsoulsilver_trainer_index=457; source=files/poketool/trainer/trainers.json; location_unpaired=true,10,5,
TRAINER_ACE_TRAINER_F_JAMIE_2,JAMIE,TRAINER_CLASS_ACE_TRAINER_F,,true,,,TRAINER_PIC_ACE_TRAINER_FEMALE,,heartgoldsoulsilver_trainer_index=458; source=files/poketool/trainer/trainers.json; location_unpaired=true,10,5,
TRAINER_ACE_TRAINER_F_JAMIE_3,JAMIE,TRAINER_CLASS_ACE_TRAINER_F,,true,,,TRAINER_PIC_ACE_TRAINER_FEMALE,,heartgoldsoulsilver_trainer_index=459; source=files/poketool/trainer/trainers.json; location_unpaired=true,10,5,
TRAINER_BUG_CATCHER_WADE_2,WADE,TRAINER_CLASS_BUG_CATCHER,,true,,,TRAINER_PIC_BUG_CATCHER,,heartgoldsoulsilver_trainer_index=460; source=files/poketool/trainer/trainers.json; location_unpaired=true,10,5,
TRAINER_BUG_CATCHER_WADE_3,WADE,TRAINER_CLASS_BUG_CATCHER,,true,,,TRAINER_PIC_BUG_CATCHER,,heartgoldsoulsilver_trainer_index=461; source=files/poketool/trainer/trainers.json; location_unpaired=true,10,5,
TRAINER_FISHERMAN_RALPH_2,RALPH,TRAINER_CLASS_FISHERMAN,,true,,,TRAINER_PIC_FISHERMAN,,heartgoldsoulsilver_trainer_index=462; source=files/poketool/trainer/trainers.json; location_unpaired=true,10,5,
TRAINER_FISHERMAN_RALPH_3,RALPH,TRAINER_CLASS_FISHERMAN,,true,,,TRAINER_PIC_FISHERMAN,,heartgoldsoulsilver_trainer_index=463; source=files/poketool/trainer/trainers.json; location_unpaired=true,10,5,
TRAINER_LASS_DANA_2,DANA,TRAINER_CLASS_LASS,,true,,ITEM_MOOMOO_MILK,TRAINER_PIC_LASS,,heartgoldsoulsilver_trainer_index=464; source=files/poketool/trainer/trainers.json; location_unpaired=true,10,5,
TRAINER_LASS_DANA_3,DANA,TRAINER_CLASS_LASS,,true,,ITEM_MOOMOO_MILK,TRAINER_PIC_LASS,,heartgoldsoulsilver_trainer_index=465; source=files/poketool/trainer/trainers.json; location_unpaired=true,10,5,
TRAINER_PICNICKER_TIFFANY_2,TIFFANY,TRAINER_CLASS_PICNICKER,,true,,,TRAINER_PIC_PICNICKER,,heartgoldsoulsilver_trainer_index=466; source=files/poketool/trainer/trainers.json; location_unpaired=true,10,5,
TRAINER_PICNICKER_TIFFANY_3,TIFFANY,TRAINER_CLASS_PICNICKER,,true,,,TRAINER_PIC_PICNICKER,,heartgoldsoulsilver_trainer_index=467; source=files/poketool/trainer/trainers.json; location_unpaired=true,10,5,
TRAINER_SCIENTIST_GS_ROSS,ROSS,TRAINER_CLASS_SCIENTIST_GS,,,,,TRAINER_PIC_SCIENTIST_GS,,heartgoldsoulsilver_trainer_index=468; source=files/poketool/trainer/trainers.json; map_refs=235_D35R0104; location_unpaired=true,10,5,
TRAINER_SCIENTIST_GS_MITCH,MITCH,TRAINER_CLASS_SCIENTIST_GS,,,,,TRAINER_PIC_SCIENTIST_GS,,heartgoldsoulsilver_trainer_index=469; source=files/poketool/trainer/trainers.json; map_refs=235_D35R0104; location_unpaired=true,10,5,
TRAINER_SCIENTIST_GS_GREGG,GREGG,TRAINER_CLASS_SCIENTIST_GS,,,,,TRAINER_PIC_SCIENTIST_GS,,heartgoldsoulsilver_trainer_index=470; source=files/poketool/trainer/trainers.json; map_refs=233_D35R0102; location_unpaired=true,10,5,
TRAINER_SCIENTIST_GS_GARETT,GARETT,TRAINER_CLASS_SCIENTIST_GS,,,,,TRAINER_PIC_SCIENTIST_GS,,heartgoldsoulsilver_trainer_index=471; source=files/poketool/trainer/trainers.json; map_refs=180_D23R0103; location_unpaired=true,10,5,
TRAINER_SCIENTIST_GS_TRENTON,TRENTON,TRAINER_CLASS_SCIENTIST_GS,,,,,TRAINER_PIC_SCIENTIST_GS,,heartgoldsoulsilver_trainer_index=472; source=files/poketool/trainer/trainers.json; map_refs=181_D23R0104; location_unpaired=true,10,5,
TRAINER_SUPER_NERD_MICKEY_2,MICKEY,TRAINER_CLASS_SUPER_NERD,,true,,,TRAINER_PIC_SUPER_NERD,,heartgoldsoulsilver_trainer_index=473; source=files/poketool/trainer/trainers.json; location_unpaired=true,10,5,
TRAINER_SUPER_NERD_MICKEY_3,MICKEY,TRAINER_CLASS_SUPER_NERD,,true,,,TRAINER_PIC_SUPER_NERD,,heartgoldsoulsilver_trainer_index=474; source=files/poketool/trainer/trainers.json; location_unpaired=true,10,5,
TRAINER_SUPER_NERD_MICKEY_4,MICKEY,TRAINER_CLASS_SUPER_NERD,,true,,,TRAINER_PIC_SUPER_NERD,,heartgoldsoulsilver_trainer_index=475; source=files/poketool/trainer/trainers.json; location_unpaired=true,10,5,
TRAINER_SUPER_NERD_MICKEY_5,MICKEY,TRAINER_CLASS_SUPER_NERD,,true,,,TRAINER_PIC_SUPER_NERD,,heartgoldsoulsilver_trainer_index=476; source=files/poketool/trainer/trainers.json; location_unpaired=true,10,5,
TRAINER_SUPER_NERD_MICKEY_6,MICKEY,TRAINER_CLASS_SUPER_NERD,,true,,,TRAINER_PIC_SUPER_NERD,,heartgoldsoulsilver_trainer_index=477; source=files/poketool/trainer/trainers.json; location_unpaired=true,10,5,
TRAINER_EXECUTIVE_ARIANA_ARIANA,ARIANA,TRAINER_CLASS_EXECUTIVE_ARIANA,,,,,TRAINER_PIC_ARIANA,,heartgoldsoulsilver_trainer_index=478; source=files/poketool/trainer/trainers.json; map_refs=182_D23R0105; location_unpaired=true,10,5,
TRAINER_EXECUTIVE_ARIANA_ARIANA_2,ARIANA,TRAINER_CLASS_EXECUTIVE_ARIANA,,true,,,TRAINER_PIC_ARIANA,,heartgoldsoulsilver_trainer_index=479; source=files/poketool/trainer/trainers.json; map_refs=0090_D35R0103; location_unpaired=true,10,5,
TRAINER_SKIER_DIANA,DIANA,TRAINER_CLASS_SKIER,,,,,TRAINER_PIC_SKIER,,heartgoldsoulsilver_trainer_index=480; source=files/poketool/trainer/trainers.json; map_refs=0932_T28GYM0101|353_T28GYM0102; location_unpaired=true,10,5,
TRAINER_SKIER_JILL,JILL,TRAINER_CLASS_SKIER,,,,,TRAINER_PIC_SKIER,,heartgoldsoulsilver_trainer_index=481; source=files/poketool/trainer/trainers.json; map_refs=0932_T28GYM0101|136_T28GYM0101; location_unpaired=true,10,5,
TRAINER_BOARDER_DEANDRE,DEANDRE,TRAINER_CLASS_BOARDER,,,,,TRAINER_PIC_BOARDER,,heartgoldsoulsilver_trainer_index=482; source=files/poketool/trainer/trainers.json; map_refs=0932_T28GYM0101|136_T28GYM0101; location_unpaired=true,10,5,
TRAINER_BOARDER_PATTON,PATTON,TRAINER_CLASS_BOARDER,,,,,TRAINER_PIC_BOARDER,,heartgoldsoulsilver_trainer_index=483; source=files/poketool/trainer/trainers.json; map_refs=0932_T28GYM0101|353_T28GYM0102; location_unpaired=true,10,5,
TRAINER_BOARDER_GERARDO,GERARDO,TRAINER_CLASS_BOARDER,,,,,TRAINER_PIC_BOARDER,,heartgoldsoulsilver_trainer_index=484; source=files/poketool/trainer/trainers.json; map_refs=0932_T28GYM0101|136_T28GYM0101; location_unpaired=true,10,5,
TRAINER_EXECUTIVE_ARCHER_ARCHER,ARCHER,TRAINER_CLASS_EXECUTIVE_ARCHER,,,,,TRAINER_PIC_ARCHER,,heartgoldsoulsilver_trainer_index=485; source=files/poketool/trainer/trainers.json; map_refs=0034_D23R0106; location_unpaired=true,10,5,
TRAINER_EXECUTIVE_PROTON_PROTON,PROTON,TRAINER_CLASS_EXECUTIVE_PROTON,67,,,,TRAINER_PIC_PROTON,,heartgoldsoulsilver_trainer_index=486; source=files/poketool/trainer/trainers.json; map_refs=0060_D26R0102; matched_map=0060_D26R0102,10,5,
TRAINER_EXECUTIVE_PETREL_PETREL,PETREL,TRAINER_CLASS_EXECUTIVE_PETREL,,,,,TRAINER_PIC_PETREL,,heartgoldsoulsilver_trainer_index=487; source=files/poketool/trainer/trainers.json; map_refs=0033_D23R0105; location_unpaired=true,10,5,
TRAINER_EXECUTIVE_PETREL_PETREL_2,PETREL,TRAINER_CLASS_EXECUTIVE_PETREL,,true,,,TRAINER_PIC_PETREL,,heartgoldsoulsilver_trainer_index=488; source=files/poketool/trainer/trainers.json; map_refs=0091_D35R0104; location_unpaired=true,10,5,
TRAINER_RIVAL_SILVER_19,SILVER,TRAINER_CLASS_RIVAL,,,,"ITEM_FULL_RESTORE,ITEM_FULL_RESTORE",TRAINER_PIC_SILVER,,heartgoldsoulsilver_trainer_index=489; source=files/poketool/trainer/trainers.json; map_refs=0819_T10R0101; location_unpaired=true,10,5,
TRAINER_RIVAL_SILVER_20,SILVER,TRAINER_CLASS_RIVAL,,,,"ITEM_FULL_RESTORE,ITEM_FULL_RESTORE",TRAINER_PIC_SILVER,,heartgoldsoulsilver_trainer_index=490; source=files/poketool/trainer/trainers.json; map_refs=0819_T10R0101; location_unpaired=true,10,5,
TRAINER_RIVAL_SILVER_21,SILVER,TRAINER_CLASS_RIVAL,,,,"ITEM_FULL_RESTORE,ITEM_FULL_RESTORE",TRAINER_PIC_SILVER,,heartgoldsoulsilver_trainer_index=491; source=files/poketool/trainer/trainers.json; map_refs=0819_T10R0101; location_unpaired=true,10,5,
TRAINER_POKEFAN_M_ALEX,ALEX,TRAINER_CLASS_POKEFAN_M,36,,,,TRAINER_PIC_POKEFAN_MALE,,heartgoldsoulsilver_trainer_index=492; source=files/poketool/trainer/trainers.json; map_refs=018_R13; matched_map=018_R13,10,5,
TRAINER_MEDIUM_EDITH,EDITH,TRAINER_CLASS_MEDIUM,75,,,,TRAINER_PIC_MEDIUM,,heartgoldsoulsilver_trainer_index=493; source=files/poketool/trainer/trainers.json; map_refs=077_T27GYM0101; matched_map=077_T27GYM0101,10,5,
TRAINER_MEDIUM_GEORGINA,GEORGINA,TRAINER_CLASS_MEDIUM,75,,,,TRAINER_PIC_MEDIUM,,heartgoldsoulsilver_trainer_index=494; source=files/poketool/trainer/trainers.json; map_refs=077_T27GYM0101; matched_map=077_T27GYM0101,10,5,
TRAINER_PASSERBY_BOY,BOY,TRAINER_CLASS_PASSERBY,56,,,,TRAINER_PIC_PASSERBY,,heartgoldsoulsilver_trainer_index=495; source=files/poketool/trainer/trainers.json; map_refs=0850_T21; matched_map=0850_T21,10,5,
TRAINER_PASSERBY_BOY_2,BOY,TRAINER_CLASS_PASSERBY,56,true,,,TRAINER_PIC_PASSERBY,,heartgoldsoulsilver_trainer_index=496; source=files/poketool/trainer/trainers.json; map_refs=0850_T21; matched_map=0850_T21,10,5,
TRAINER_PASSERBY_BOY_3,BOY,TRAINER_CLASS_PASSERBY,56,true,,,TRAINER_PIC_PASSERBY,,heartgoldsoulsilver_trainer_index=497; source=files/poketool/trainer/trainers.json; map_refs=0850_T21; matched_map=0850_T21,10,5,
TRAINER_MYSTERY_MAN_EUSINE,EUSINE,TRAINER_CLASS_MYSTERY_MAN,84,,,,TRAINER_PIC_MYSTERY_MAN,,heartgoldsoulsilver_trainer_index=498; source=files/poketool/trainer/trainers.json; map_refs=0875_T24; matched_map=0875_T24,10,5,
TRAINER_TEAM_ROCKET_GRUNT_25,GRUNT,TRAINER_CLASS_TEAM_ROCKET,,,,,TRAINER_PIC_ROCKET_GRUNT_M,,heartgoldsoulsilver_trainer_index=499; source=files/poketool/trainer/trainers.json; map_refs=0090_D35R0103; location_unpaired=true,10,5,
TRAINER_ACE_TRAINER_M_KOBE,KOBE,TRAINER_CLASS_ACE_TRAINER_M,93,,,,TRAINER_PIC_ACE_TRAINER_MALE,,heartgoldsoulsilver_trainer_index=500; source=files/poketool/trainer/trainers.json; map_refs=239_D44R0102; matched_map=239_D44R0102,10,5,
TRAINER_ACE_TRAINER_F_PIPER,PIPER,TRAINER_CLASS_ACE_TRAINER_F,93,,,,TRAINER_PIC_ACE_TRAINER_FEMALE,,heartgoldsoulsilver_trainer_index=501; source=files/poketool/trainer/trainers.json; map_refs=239_D44R0102; matched_map=239_D44R0102,10,5,
TRAINER_TWINS_CLEA_AND_GIL,CLEA & GIL,TRAINER_CLASS_TWINS,93,,,,TRAINER_PIC_TWINS,True,heartgoldsoulsilver_trainer_index=502; source=files/poketool/trainer/trainers.json; map_refs=239_D44R0102; matched_map=239_D44R0102,10,5,
TRAINER_SCHOOL_KID_M_JACK_4,JACK,TRAINER_CLASS_SCHOOL_KID_M,,true,,ITEM_HYPER_POTION,TRAINER_PIC_SCHOOL_KID_MALE,,heartgoldsoulsilver_trainer_index=503; source=files/poketool/trainer/trainers.json; location_unpaired=true,10,5,
TRAINER_SCHOOL_KID_M_MICKEY,MICKEY,TRAINER_CLASS_SCHOOL_KID_M,,,,,TRAINER_PIC_SCHOOL_KID_MALE,,heartgoldsoulsilver_trainer_index=504; source=files/poketool/trainer/trainers.json; location_unpaired=true,10,5,
TRAINER_SCHOOL_KID_M_ALAN_4,ALAN,TRAINER_CLASS_SCHOOL_KID_M,,true,,,TRAINER_PIC_SCHOOL_KID_MALE,,heartgoldsoulsilver_trainer_index=505; source=files/poketool/trainer/trainers.json; location_unpaired=true,10,5,
TRAINER_SCHOOL_KID_M_MICKEY_2,MICKEY,TRAINER_CLASS_SCHOOL_KID_M,,true,,,TRAINER_PIC_SCHOOL_KID_MALE,,heartgoldsoulsilver_trainer_index=506; source=files/poketool/trainer/trainers.json; location_unpaired=true,10,5,
TRAINER_SCHOOL_KID_M_CHAD_4,CHAD,TRAINER_CLASS_SCHOOL_KID_M,,true,,,TRAINER_PIC_SCHOOL_KID_MALE,,heartgoldsoulsilver_trainer_index=507; source=files/poketool/trainer/trainers.json; location_unpaired=true,10,5,
TRAINER_SCHOOL_KID_M_MICKEY_3,MICKEY,TRAINER_CLASS_SCHOOL_KID_M,,true,,,TRAINER_PIC_SCHOOL_KID_MALE,,heartgoldsoulsilver_trainer_index=508; source=files/poketool/trainer/trainers.json; location_unpaired=true,10,5,
TRAINER_SAILOR_HUEY_4,HUEY,TRAINER_CLASS_SAILOR,,true,,,TRAINER_PIC_SAILOR,,heartgoldsoulsilver_trainer_index=509; source=files/poketool/trainer/trainers.json; location_unpaired=true,10,5,
TRAINER_YOUNGSTER_JOEY_4,JOEY,TRAINER_CLASS_YOUNGSTER,,true,,,TRAINER_PIC_YOUNGSTER,,heartgoldsoulsilver_trainer_index=510; source=files/poketool/trainer/trainers.json; location_unpaired=true,10,5,
TRAINER_YOUNGSTER_MICKEY,MICKEY,TRAINER_CLASS_YOUNGSTER,,,,,TRAINER_PIC_YOUNGSTER,,heartgoldsoulsilver_trainer_index=511; source=files/poketool/trainer/trainers.json; location_unpaired=true,10,5,
TRAINER_BUG_CATCHER_WADE_4,WADE,TRAINER_CLASS_BUG_CATCHER,,true,,,TRAINER_PIC_BUG_CATCHER,,heartgoldsoulsilver_trainer_index=512; source=files/poketool/trainer/trainers.json; location_unpaired=true,10,5,
TRAINER_BUG_CATCHER_ARNIE_4,ARNIE,TRAINER_CLASS_BUG_CATCHER,,true,,,TRAINER_PIC_BUG_CATCHER,,heartgoldsoulsilver_trainer_index=513; source=files/poketool/trainer/trainers.json; location_unpaired=true,10,5,
TRAINER_BUG_CATCHER_MICKEY,MICKEY,TRAINER_CLASS_BUG_CATCHER,,,,,TRAINER_PIC_BUG_CATCHER,,heartgoldsoulsilver_trainer_index=514; source=files/poketool/trainer/trainers.json; location_unpaired=true,10,5,
TRAINER_FISHERMAN_RALPH_4,RALPH,TRAINER_CLASS_FISHERMAN,,true,,,TRAINER_PIC_FISHERMAN,,heartgoldsoulsilver_trainer_index=515; source=files/poketool/trainer/trainers.json; location_unpaired=true,10,5,
TRAINER_FISHERMAN_MICKEY,MICKEY,TRAINER_CLASS_FISHERMAN,,,,,TRAINER_PIC_FISHERMAN,,heartgoldsoulsilver_trainer_index=516; source=files/poketool/trainer/trainers.json; location_unpaired=true,10,5,
TRAINER_FISHERMAN_TULLY_4,TULLY,TRAINER_CLASS_FISHERMAN,,true,,,TRAINER_PIC_FISHERMAN,,heartgoldsoulsilver_trainer_index=517; source=files/poketool/trainer/trainers.json; location_unpaired=true,10,5,
TRAINER_PICNICKER_LIZ_4,LIZ,TRAINER_CLASS_PICNICKER,,true,,,TRAINER_PIC_PICNICKER,,heartgoldsoulsilver_trainer_index=518; source=files/poketool/trainer/trainers.json; location_unpaired=true,10,5,
TRAINER_PICNICKER_MICKEY,MICKEY,TRAINER_CLASS_PICNICKER,,,,,TRAINER_PIC_PICNICKER,,heartgoldsoulsilver_trainer_index=519; source=files/poketool/trainer/trainers.json; location_unpaired=true,10,5,
TRAINER_PICNICKER_GINA_4,GINA,TRAINER_CLASS_PICNICKER,,true,,,TRAINER_PIC_PICNICKER,,heartgoldsoulsilver_trainer_index=520; source=files/poketool/trainer/trainers.json; location_unpaired=true,10,5,
TRAINER_PICNICKER_MICKEY_2,MICKEY,TRAINER_CLASS_PICNICKER,,true,,,TRAINER_PIC_PICNICKER,,heartgoldsoulsilver_trainer_index=521; source=files/poketool/trainer/trainers.json; location_unpaired=true,10,5,
TRAINER_PICNICKER_TIFFANY_4,TIFFANY,TRAINER_CLASS_PICNICKER,,true,,,TRAINER_PIC_PICNICKER,,heartgoldsoulsilver_trainer_index=522; source=files/poketool/trainer/trainers.json; location_unpaired=true,10,5,
TRAINER_HIKER_ANTHONY_4,ANTHONY,TRAINER_CLASS_HIKER,,true,,,TRAINER_PIC_HIKER,,heartgoldsoulsilver_trainer_index=523; source=files/poketool/trainer/trainers.json; location_unpaired=true,10,5,
TRAINER_HIKER_MICKEY,MICKEY,TRAINER_CLASS_HIKER,,,,,TRAINER_PIC_HIKER,,heartgoldsoulsilver_trainer_index=524; source=files/poketool/trainer/trainers.json; location_unpaired=true,10,5,
TRAINER_CAMPER_TODD_4,TODD,TRAINER_CLASS_CAMPER,,true,,,TRAINER_PIC_CAMPER,,heartgoldsoulsilver_trainer_index=525; source=files/poketool/trainer/trainers.json; location_unpaired=true,10,5,
TRAINER_CAMPER_MICKEY_7,MICKEY,TRAINER_CLASS_CAMPER,,true,,,TRAINER_PIC_CAMPER,,heartgoldsoulsilver_trainer_index=526; source=files/poketool/trainer/trainers.json; location_unpaired=true,10,5,
TRAINER_JUGGLER_IRWIN_4,IRWIN,TRAINER_CLASS_JUGGLER,,true,,,TRAINER_PIC_JUGGLER,,heartgoldsoulsilver_trainer_index=527; source=files/poketool/trainer/trainers.json; location_unpaired=true,10,5,
TRAINER_LASS_DANA_4,DANA,TRAINER_CLASS_LASS,,true,,ITEM_MOOMOO_MILK,TRAINER_PIC_LASS,,heartgoldsoulsilver_trainer_index=528; source=files/poketool/trainer/trainers.json; location_unpaired=true,10,5,
TRAINER_LASS_MICKEY_3,MICKEY,TRAINER_CLASS_LASS,,true,,,TRAINER_PIC_LASS,,heartgoldsoulsilver_trainer_index=529; source=files/poketool/trainer/trainers.json; location_unpaired=true,10,5,
TRAINER_POKE_MANIAC_BRENT_4,BRENT,TRAINER_CLASS_POKE_MANIAC,,true,,,TRAINER_PIC_POKE_MANIAC,,heartgoldsoulsilver_trainer_index=530; source=files/poketool/trainer/trainers.json; location_unpaired=true,10,5,
TRAINER_TWINS_MICKEY,MICKEY,TRAINER_CLASS_TWINS,,,,,TRAINER_PIC_TWINS,True,heartgoldsoulsilver_trainer_index=531; source=files/poketool/trainer/trainers.json; location_unpaired=true,10,5,
TRAINER_BUG_CATCHER_MICKEY_2,MICKEY,TRAINER_CLASS_BUG_CATCHER,,true,,,TRAINER_PIC_BUG_CATCHER,,heartgoldsoulsilver_trainer_index=532; source=files/poketool/trainer/trainers.json; location_unpaired=true,10,5,
TRAINER_BUG_CATCHER_WAYNE,WAYNE,TRAINER_CLASS_BUG_CATCHER,,,,,TRAINER_PIC_BUG_CATCHER,,heartgoldsoulsilver_trainer_index=533; source=files/poketool/trainer/trainers.json; location_unpaired=true,10,5,
TRAINER_BEAUTY_KIMBERLY,KIMBERLY,TRAINER_CLASS_BEAUTY,,,,,TRAINER_PIC_BEAUTY,,heartgoldsoulsilver_trainer_index=534; source=files/poketool/trainer/trainers.json; location_unpaired=true,10,5,
TRAINER_POKEFAN_MARIGOLD,MARIGOLD,TRAINER_CLASS_POKEFAN,,,,,TRAINER_PIC_POKEFAN_FEMALE,,heartgoldsoulsilver_trainer_index=535; source=files/poketool/trainer/trainers.json; location_unpaired=true,10,5,
TRAINER_CAMPER_BERTRAND,BERTRAND,TRAINER_CLASS_CAMPER,,,,,TRAINER_PIC_CAMPER,,heartgoldsoulsilver_trainer_index=536; source=files/poketool/trainer/trainers.json; location_unpaired=true,10,5,
TRAINER_POKE_MANIAC_HARRISON,HARRISON,TRAINER_CLASS_POKE_MANIAC,,,,,TRAINER_PIC_POKE_MANIAC,,heartgoldsoulsilver_trainer_index=537; source=files/poketool/trainer/trainers.json; map_refs=236_D38R0102; location_unpaired=true,10,5,
TRAINER_SUPER_NERD_HUGH,HUGH,TRAINER_CLASS_SUPER_NERD,,,,,TRAINER_PIC_SUPER_NERD,,heartgoldsoulsilver_trainer_index=538; source=files/poketool/trainer/trainers.json; map_refs=237_D38R0103; location_unpaired=true,10,5,
TRAINER_SUPER_NERD_MARKUS,MARKUS,TRAINER_CLASS_SUPER_NERD,,,,,TRAINER_PIC_SUPER_NERD,,heartgoldsoulsilver_trainer_index=539; source=files/poketool/trainer/trainers.json; map_refs=236_D38R0102; location_unpaired=true,10,5,
TRAINER_POKEFAN_M_REX,REX,TRAINER_CLASS_POKEFAN_M,,,,,TRAINER_PIC_POKEFAN_MALE,,heartgoldsoulsilver_trainer_index=540; source=files/poketool/trainer/trainers.json; location_unpaired=true,10,5,
TRAINER_POKEFAN_M_ANDY,ANDY,TRAINER_CLASS_POKEFAN_M,,,,,TRAINER_PIC_POKEFAN_MALE,,heartgoldsoulsilver_trainer_index=541; source=files/poketool/trainer/trainers.json; location_unpaired=true,10,5,
TRAINER_SAGE_MICKEY_3,MICKEY,TRAINER_CLASS_SAGE,,true,,,TRAINER_PIC_SAGE,,heartgoldsoulsilver_trainer_index=542; source=files/poketool/trainer/trainers.json; location_unpaired=true,10,5,
TRAINER_SAGE_MICKEY_4,MICKEY,TRAINER_CLASS_SAGE,,true,,,TRAINER_PIC_SAGE,,heartgoldsoulsilver_trainer_index=543; source=files/poketool/trainer/trainers.json; location_unpaired=true,10,5,
TRAINER_SAGE_MICKEY_5,MICKEY,TRAINER_CLASS_SAGE,,true,,,TRAINER_PIC_SAGE,,heartgoldsoulsilver_trainer_index=544; source=files/poketool/trainer/trainers.json; location_unpaired=true,10,5,
TRAINER_ACE_TRAINER_M_FRENCH,FRENCH,TRAINER_CLASS_ACE_TRAINER_M,3,,,ITEM_DIRE_HIT,TRAINER_PIC_ACE_TRAINER_MALE,,heartgoldsoulsilver_trainer_index=545; source=files/poketool/trainer/trainers.json; map_refs=006_R01; matched_map=006_R01,10,5,
TRAINER_SCHOOL_KID_M_SHERMAN,SHERMAN,TRAINER_CLASS_SCHOOL_KID_M,3,,,,TRAINER_PIC_SCHOOL_KID_MALE,,heartgoldsoulsilver_trainer_index=546; source=files/poketool/trainer/trainers.json; map_refs=006_R01; matched_map=006_R01,10,5,
TRAINER_HIKER_BRUCE,BRUCE,TRAINER_CLASS_HIKER,8,,,,TRAINER_PIC_HIKER,,heartgoldsoulsilver_trainer_index=547; source=files/poketool/trainer/trainers.json; map_refs=008_R03; matched_map=008_R03,10,5,
TRAINER_BLACK_BELT_MANFORD,MANFORD,TRAINER_CLASS_BLACK_BELT,8,,,,TRAINER_PIC_BLACK_BELT,,heartgoldsoulsilver_trainer_index=548; source=files/poketool/trainer/trainers.json; map_refs=008_R03; matched_map=008_R03,10,5,
TRAINER_DOUBLE_TEAM_ZAC_AND_JEN,ZAC & JEN,TRAINER_CLASS_DOUBLE_TEAM,8,,,,TRAINER_PIC_DOUBLE_TEAM,True,heartgoldsoulsilver_trainer_index=549; source=files/poketool/trainer/trainers.json; map_refs=008_R03; matched_map=008_R03,10,5,
TRAINER_BLACK_BELT_ANDER,ANDER,TRAINER_CLASS_BLACK_BELT,8,,,,TRAINER_PIC_BLACK_BELT,,heartgoldsoulsilver_trainer_index=550; source=files/poketool/trainer/trainers.json; map_refs=008_R03; matched_map=008_R03,10,5,
TRAINER_HIKER_DWIGHT,DWIGHT,TRAINER_CLASS_HIKER,8,,,,TRAINER_PIC_HIKER,,heartgoldsoulsilver_trainer_index=551; source=files/poketool/trainer/trainers.json; map_refs=008_R03; matched_map=008_R03,10,5,
TRAINER_YOUNGSTER_REGIS,REGIS,TRAINER_CLASS_YOUNGSTER,8,,,,TRAINER_PIC_YOUNGSTER,,heartgoldsoulsilver_trainer_index=552; source=files/poketool/trainer/trainers.json; map_refs=008_R03; matched_map=008_R03,10,5,
TRAINER_YOUNG_COUPLE_MOE_AND_LULU,MOE & LULU,TRAINER_CLASS_YOUNG_COUPLE,24,,,,TRAINER_PIC_YOUNG_COUPLE,True,heartgoldsoulsilver_trainer_index=553; source=files/poketool/trainer/trainers.json; map_refs=013_R08; matched_map=013_R08,10,5,
TRAINER_GENTLEMAN_MILTON,MILTON,TRAINER_CLASS_GENTLEMAN,24,,,ITEM_FULL_RESTORE,TRAINER_PIC_GENTLEMAN,,heartgoldsoulsilver_trainer_index=554; source=files/poketool/trainer/trainers.json; map_refs=013_R08; matched_map=013_R08,10,5,
TRAINER_BIRD_KEEPER_GS_JUSTIN,JUSTIN,TRAINER_CLASS_BIRD_KEEPER_GS,23,,,,TRAINER_PIC_BIRD_KEEPER_GS,,heartgoldsoulsilver_trainer_index=555; source=files/poketool/trainer/trainers.json; map_refs=017_R12; matched_map=017_R12,10,5,
TRAINER_BIRD_KEEPER_GS_GAIL,GAIL,TRAINER_CLASS_BIRD_KEEPER_GS,23,,,,TRAINER_PIC_BIRD_KEEPER_GS,,heartgoldsoulsilver_trainer_index=556; source=files/poketool/trainer/trainers.json; map_refs=017_R12; matched_map=017_R12,10,5,
TRAINER_YOUNG_COUPLE_VIC_AND_TARA,VIC & TARA,TRAINER_CLASS_YOUNG_COUPLE,23,,,,TRAINER_PIC_YOUNG_COUPLE,True,heartgoldsoulsilver_trainer_index=557; source=files/poketool/trainer/trainers.json; map_refs=017_R12; matched_map=017_R12,10,5,
TRAINER_FISHERMAN_KYLER,KYLER,TRAINER_CLASS_FISHERMAN,23,,,,TRAINER_PIC_FISHERMAN,,heartgoldsoulsilver_trainer_index=558; source=files/poketool/trainer/trainers.json; map_refs=017_R12; matched_map=017_R12,10,5,
TRAINER_YOUNG_COUPLE_TIM_AND_SUE,TIM & SUE,TRAINER_CLASS_YOUNG_COUPLE,36,,,,TRAINER_PIC_YOUNG_COUPLE,True,heartgoldsoulsilver_trainer_index=559; source=files/poketool/trainer/trainers.json; map_refs=018_R13; matched_map=018_R13,10,5,
TRAINER_CAMPER_CLARK,CLARK,TRAINER_CLASS_CAMPER,36,,,,TRAINER_PIC_CAMPER,,heartgoldsoulsilver_trainer_index=560; source=files/poketool/trainer/trainers.json; map_refs=018_R13; matched_map=018_R13,10,5,
TRAINER_CAMPER_TANNER,TANNER,TRAINER_CLASS_CAMPER,36,,,,TRAINER_PIC_CAMPER,,heartgoldsoulsilver_trainer_index=561; source=files/poketool/trainer/trainers.json; map_refs=018_R13; matched_map=018_R13,10,5,
TRAINER_PICNICKER_PIPER,PIPER,TRAINER_CLASS_PICNICKER,36,,,,TRAINER_PIC_PICNICKER,,heartgoldsoulsilver_trainer_index=562; source=files/poketool/trainer/trainers.json; map_refs=018_R13; matched_map=018_R13,10,5,
TRAINER_PICNICKER_GINGER,GINGER,TRAINER_CLASS_PICNICKER,36,,,,TRAINER_PIC_PICNICKER,,heartgoldsoulsilver_trainer_index=563; source=files/poketool/trainer/trainers.json; map_refs=018_R13; matched_map=018_R13,10,5,
TRAINER_TEACHER_CLARICE,CLARICE,TRAINER_CLASS_TEACHER,35,,,,TRAINER_PIC_TEACHER,,heartgoldsoulsilver_trainer_index=564; source=files/poketool/trainer/trainers.json; map_refs=019_R14; matched_map=019_R14,10,5,
TRAINER_BIRD_KEEPER_GS_JOSH,JOSH,TRAINER_CLASS_BIRD_KEEPER_GS,35,,,,TRAINER_PIC_BIRD_KEEPER_GS,,heartgoldsoulsilver_trainer_index=565; source=files/poketool/trainer/trainers.json; map_refs=019_R14; matched_map=019_R14,10,5,
TRAINER_SCHOOL_KID_M_CONNOR,CONNOR,TRAINER_CLASS_SCHOOL_KID_M,35,,,,TRAINER_PIC_SCHOOL_KID_MALE,,heartgoldsoulsilver_trainer_index=566; source=files/poketool/trainer/trainers.json; map_refs=019_R14; matched_map=019_R14,10,5,
TRAINER_SCHOOL_KID_M_TORIN,TORIN,TRAINER_CLASS_SCHOOL_KID_M,35,,,,TRAINER_PIC_SCHOOL_KID_MALE,,heartgoldsoulsilver_trainer_index=567; source=files/poketool/trainer/trainers.json; map_refs=019_R14; matched_map=019_R14,10,5,
TRAINER_SCHOOL_KID_M_TRAVIS,TRAVIS,TRAINER_CLASS_SCHOOL_KID_M,35,,,,TRAINER_PIC_SCHOOL_KID_MALE,,heartgoldsoulsilver_trainer_index=568; source=files/poketool/trainer/trainers.json; map_refs=019_R14; matched_map=019_R14,10,5,
TRAINER_TWINS_KAY_AND_TIA,KAY & TIA,TRAINER_CLASS_TWINS,34,,,,TRAINER_PIC_TWINS,True,heartgoldsoulsilver_trainer_index=569; source=files/poketool/trainer/trainers.json; map_refs=020_R15; matched_map=020_R15,10,5,
TRAINER_POKEFAN_M_BOONE,BOONE,TRAINER_CLASS_POKEFAN_M,34,,,,TRAINER_PIC_POKEFAN_MALE,,heartgoldsoulsilver_trainer_index=570; source=files/poketool/trainer/trainers.json; map_refs=020_R15; matched_map=020_R15,10,5,
TRAINER_POKEFAN_ELEANOR,ELEANOR,TRAINER_CLASS_POKEFAN,34,,,,TRAINER_PIC_POKEFAN_FEMALE,,heartgoldsoulsilver_trainer_index=571; source=files/poketool/trainer/trainers.json; map_refs=020_R15; matched_map=020_R15,10,5,
TRAINER_BIKER_DALE,DALE,TRAINER_CLASS_BIKER,30,,,,TRAINER_PIC_BIKER,,heartgoldsoulsilver_trainer_index=572; source=files/poketool/trainer/trainers.json; map_refs=022_R17; matched_map=022_R17,10,5,
TRAINER_BIKER_JACOB,JACOB,TRAINER_CLASS_BIKER,30,,,,TRAINER_PIC_BIKER,,heartgoldsoulsilver_trainer_index=573; source=files/poketool/trainer/trainers.json; map_refs=022_R17; matched_map=022_R17,10,5,
TRAINER_BIKER_AIDEN,AIDEN,TRAINER_CLASS_BIKER,30,,,,TRAINER_PIC_BIKER,,heartgoldsoulsilver_trainer_index=574; source=files/poketool/trainer/trainers.json; map_refs=022_R17; matched_map=022_R17,10,5,
TRAINER_BIKER_DAN,DAN,TRAINER_CLASS_BIKER,30,,,,TRAINER_PIC_BIKER,,heartgoldsoulsilver_trainer_index=575; source=files/poketool/trainer/trainers.json; map_refs=022_R17; matched_map=022_R17,10,5,
TRAINER_BIKER_THERON,THERON,TRAINER_CLASS_BIKER,30,,,,TRAINER_PIC_BIKER,,heartgoldsoulsilver_trainer_index=576; source=files/poketool/trainer/trainers.json; map_refs=022_R17; matched_map=022_R17,10,5,
TRAINER_BIKER_MARKEY,MARKEY,TRAINER_CLASS_BIKER,30,,,,TRAINER_PIC_BIKER,,heartgoldsoulsilver_trainer_index=577; source=files/poketool/trainer/trainers.json; map_refs=022_R17; matched_map=022_R17,10,5,
TRAINER_BIKER_TEDDY,TEDDY,TRAINER_CLASS_BIKER,30,,,,TRAINER_PIC_BIKER,,heartgoldsoulsilver_trainer_index=578; source=files/poketool/trainer/trainers.json; map_refs=022_R17; matched_map=022_R17,10,5,
TRAINER_BIKER_ERNEST,ERNEST,TRAINER_CLASS_BIKER,30,,,,TRAINER_PIC_BIKER,,heartgoldsoulsilver_trainer_index=579; source=files/poketool/trainer/trainers.json; map_refs=022_R17; matched_map=022_R17,10,5,
TRAINER_CAMPER_PEDRO,PEDRO,TRAINER_CLASS_CAMPER,39,,,,TRAINER_PIC_CAMPER,,heartgoldsoulsilver_trainer_index=580; source=files/poketool/trainer/trainers.json; map_refs=089_W20; matched_map=089_W20,10,5,
TRAINER_PICNICKER_ADRIAN,ADRIAN,TRAINER_CLASS_PICNICKER,39,,,,TRAINER_PIC_PICNICKER,,heartgoldsoulsilver_trainer_index=581; source=files/poketool/trainer/trainers.json; map_refs=089_W20; matched_map=089_W20,10,5,
TRAINER_PICNICKER_CHEYENNE,CHEYENNE,TRAINER_CLASS_PICNICKER,39,,,,TRAINER_PIC_PICNICKER,,heartgoldsoulsilver_trainer_index=582; source=files/poketool/trainer/trainers.json; map_refs=089_W20; matched_map=089_W20,10,5,
TRAINER_BIRD_KEEPER_GS_BERT,BERT,TRAINER_CLASS_BIRD_KEEPER_GS,39,,,,TRAINER_PIC_BIRD_KEEPER_GS,,heartgoldsoulsilver_trainer_index=583; source=files/poketool/trainer/trainers.json; map_refs=089_W20; matched_map=089_W20,10,5,
TRAINER_BIRD_KEEPER_GS_ERNIE,ERNIE,TRAINER_CLASS_BIRD_KEEPER_GS,39,,,,TRAINER_PIC_BIRD_KEEPER_GS,,heartgoldsoulsilver_trainer_index=584; source=files/poketool/trainer/trainers.json; map_refs=089_W20; matched_map=089_W20,10,5,
TRAINER_SWIMMER_M_ELMO,ELMO,TRAINER_CLASS_SWIMMER_M,39,,,,TRAINER_PIC_SWIMMER_MALE,,heartgoldsoulsilver_trainer_index=585; source=files/poketool/trainer/trainers.json; map_refs=089_W20; matched_map=089_W20,10,5,
TRAINER_SWIMMER_M_LUIS,LUIS,TRAINER_CLASS_SWIMMER_M,39,,,,TRAINER_PIC_SWIMMER_MALE,,heartgoldsoulsilver_trainer_index=586; source=files/poketool/trainer/trainers.json; map_refs=089_W20; matched_map=089_W20,10,5,
TRAINER_SWIMMER_F_LEONA,LEONA,TRAINER_CLASS_SWIMMER_F,39,,,,TRAINER_PIC_SWIMMER_FEMALE,,heartgoldsoulsilver_trainer_index=587; source=files/poketool/trainer/trainers.json; map_refs=089_W20; matched_map=089_W20,10,5,
TRAINER_SWIMMER_F_MINA,MINA,TRAINER_CLASS_SWIMMER_F,39,,,,TRAINER_PIC_SWIMMER_FEMALE,,heartgoldsoulsilver_trainer_index=588; source=files/poketool/trainer/trainers.json; map_refs=089_W20; matched_map=089_W20,10,5,
TRAINER_FISHERMAN_MURPHY,MURPHY,TRAINER_CLASS_FISHERMAN,46,,,,TRAINER_PIC_FISHERMAN,,heartgoldsoulsilver_trainer_index=589; source=files/poketool/trainer/trainers.json; map_refs=090_W21; matched_map=090_W21,10,5,
TRAINER_FISHERMAN_LIAM,LIAM,TRAINER_CLASS_FISHERMAN,46,,,,TRAINER_PIC_FISHERMAN,,heartgoldsoulsilver_trainer_index=590; source=files/poketool/trainer/trainers.json; map_refs=090_W21; matched_map=090_W21,10,5,
TRAINER_FISHERMAN_GIDEON,GIDEON,TRAINER_CLASS_FISHERMAN,46,,,,TRAINER_PIC_FISHERMAN,,heartgoldsoulsilver_trainer_index=591; source=files/poketool/trainer/trainers.json; map_refs=090_W21; matched_map=090_W21,10,5,
TRAINER_SWIMMER_F_CHELAN,CHELAN,TRAINER_CLASS_SWIMMER_F,46,,,,TRAINER_PIC_SWIMMER_FEMALE,,heartgoldsoulsilver_trainer_index=592; source=files/poketool/trainer/trainers.json; map_refs=090_W21; matched_map=090_W21,10,5,
TRAINER_SWIMMER_F_KENDRA,KENDRA,TRAINER_CLASS_SWIMMER_F,46,,,,TRAINER_PIC_SWIMMER_FEMALE,,heartgoldsoulsilver_trainer_index=593; source=files/poketool/trainer/trainers.json; map_refs=090_W21; matched_map=090_W21,10,5,
TRAINER_SWIMMER_M_ESTEBAN,ESTEBAN,TRAINER_CLASS_SWIMMER_M,46,,,,TRAINER_PIC_SWIMMER_MALE,,heartgoldsoulsilver_trainer_index=594; source=files/poketool/trainer/trainers.json; map_refs=090_W21; matched_map=090_W21,10,5,
TRAINER_SWIMMER_M_DUANE,DUANE,TRAINER_CLASS_SWIMMER_M,46,,,,TRAINER_PIC_SWIMMER_MALE,,heartgoldsoulsilver_trainer_index=595; source=files/poketool/trainer/trainers.json; map_refs=090_W21; matched_map=090_W21,10,5,
TRAINER_BIRD_KEEPER_GS_KINSLEY,KINSLEY,TRAINER_CLASS_BIRD_KEEPER_GS,46,,,,TRAINER_PIC_BIRD_KEEPER_GS,,heartgoldsoulsilver_trainer_index=596; source=files/poketool/trainer/trainers.json; map_refs=090_W21; matched_map=090_W21,10,5,
TRAINER_BIRD_KEEPER_GS_EASTON,EASTON,TRAINER_CLASS_BIRD_KEEPER_GS,46,,,,TRAINER_PIC_BIRD_KEEPER_GS,,heartgoldsoulsilver_trainer_index=597; source=files/poketool/trainer/trainers.json; map_refs=090_W21; matched_map=090_W21,10,5,
TRAINER_TWINS_DAY_AND_DANI,DAY & DANI,TRAINER_CLASS_TWINS,15,,,,TRAINER_PIC_TWINS,True,heartgoldsoulsilver_trainer_index=598; source=files/poketool/trainer/trainers.json; map_refs=011_R06; matched_map=011_R06,10,5,
TRAINER_CAMPER_VIRGIL,VIRGIL,TRAINER_CLASS_CAMPER,15,,,,TRAINER_PIC_CAMPER,,heartgoldsoulsilver_trainer_index=599; source=files/poketool/trainer/trainers.json; map_refs=011_R06; matched_map=011_R06,10,5,
TRAINER_PICNICKER_SELINA,SELINA,TRAINER_CLASS_PICNICKER,15,,,,TRAINER_PIC_PICNICKER,,heartgoldsoulsilver_trainer_index=600; source=files/poketool/trainer/trainers.json; map_refs=011_R06; matched_map=011_R06,10,5,
TRAINER_TEAM_ROCKET_GRUNT_26,GRUNT,TRAINER_CLASS_TEAM_ROCKET,75,,,,TRAINER_PIC_ROCKET_GRUNT_M,,heartgoldsoulsilver_trainer_index=601; source=files/poketool/trainer/trainers.json; map_refs=0928_T27R0501; matched_map=0928_T27R0501,10,5,
TRAINER_BIRD_KEEPER_GS_JOSE_4,JOSE,TRAINER_CLASS_BIRD_KEEPER_GS,,true,,ITEM_X_ATTACK,TRAINER_PIC_BIRD_KEEPER_GS,,heartgoldsoulsilver_trainer_index=602; source=files/poketool/trainer/trainers.json; location_unpaired=true,10,5,
TRAINER_PICNICKER_ERIN_4,ERIN,TRAINER_CLASS_PICNICKER,,true,,,TRAINER_PIC_PICNICKER,,heartgoldsoulsilver_trainer_index=603; source=files/poketool/trainer/trainers.json; location_unpaired=true,10,5,
TRAINER_ACE_TRAINER_M_GAVEN_4,GAVEN,TRAINER_CLASS_ACE_TRAINER_M,,true,,,TRAINER_PIC_ACE_TRAINER_MALE,,heartgoldsoulsilver_trainer_index=604; source=files/poketool/trainer/trainers.json; location_unpaired=true,10,5,
TRAINER_BLACK_BELT_KENJI_4,KENJI,TRAINER_CLASS_BLACK_BELT,,true,,,TRAINER_PIC_BLACK_BELT,,heartgoldsoulsilver_trainer_index=605; source=files/poketool/trainer/trainers.json; location_unpaired=true,10,5,
TRAINER_HIKER_PARRY_4,PARRY,TRAINER_CLASS_HIKER,,true,,,TRAINER_PIC_HIKER,,heartgoldsoulsilver_trainer_index=606; source=files/poketool/trainer/trainers.json; location_unpaired=true,10,5,
TRAINER_ACE_TRAINER_F_REENA_4,REENA,TRAINER_CLASS_ACE_TRAINER_F,,true,,,TRAINER_PIC_ACE_TRAINER_FEMALE,,heartgoldsoulsilver_trainer_index=607; source=files/poketool/trainer/trainers.json; location_unpaired=true,10,5,
TRAINER_FISHERMAN_WILTON_4,WILTON,TRAINER_CLASS_FISHERMAN,,true,,,TRAINER_PIC_FISHERMAN,,heartgoldsoulsilver_trainer_index=608; source=files/poketool/trainer/trainers.json; location_unpaired=true,10,5,
TRAINER_ACE_TRAINER_F_JAMIE_4,JAMIE,TRAINER_CLASS_ACE_TRAINER_F,,true,,,TRAINER_PIC_ACE_TRAINER_FEMALE,,heartgoldsoulsilver_trainer_index=609; source=files/poketool/trainer/trainers.json; location_unpaired=true,10,5,
TRAINER_POKEFAN_M_DEREK_4,DEREK,TRAINER_CLASS_POKEFAN_M,,true,,,TRAINER_PIC_POKEFAN_MALE,,heartgoldsoulsilver_trainer_index=610; source=files/poketool/trainer/trainers.json; location_unpaired=true,10,5,
TRAINER_POKEFAN_BEVERLY_4,BEVERLY,TRAINER_CLASS_POKEFAN,,true,,,TRAINER_PIC_POKEFAN_FEMALE,,heartgoldsoulsilver_trainer_index=611; source=files/poketool/trainer/trainers.json; location_unpaired=true,10,5,
TRAINER_BIRD_KEEPER_GS_VANCE_4,VANCE,TRAINER_CLASS_BIRD_KEEPER_GS,,true,,,TRAINER_PIC_BIRD_KEEPER_GS,,heartgoldsoulsilver_trainer_index=612; source=files/poketool/trainer/trainers.json; location_unpaired=true,10,5,
TRAINER_LASS_KRISE_2,KRISE,TRAINER_CLASS_LASS,,true,,,TRAINER_PIC_LASS,,heartgoldsoulsilver_trainer_index=613; source=files/poketool/trainer/trainers.json; location_unpaired=true,10,5,
TRAINER_LASS_KRISE_3,KRISE,TRAINER_CLASS_LASS,,true,,,TRAINER_PIC_LASS,,heartgoldsoulsilver_trainer_index=614; source=files/poketool/trainer/trainers.json; location_unpaired=true,10,5,
TRAINER_LASS_KRISE_4,KRISE,TRAINER_CLASS_LASS,,true,,,TRAINER_PIC_LASS,,heartgoldsoulsilver_trainer_index=615; source=files/poketool/trainer/trainers.json; location_unpaired=true,10,5,
TRAINER_YOUNGSTER_IAN_2,IAN,TRAINER_CLASS_YOUNGSTER,,true,,,TRAINER_PIC_YOUNGSTER,,heartgoldsoulsilver_trainer_index=616; source=files/poketool/trainer/trainers.json; location_unpaired=true,10,5,
TRAINER_YOUNGSTER_IAN_3,IAN,TRAINER_CLASS_YOUNGSTER,,true,,,TRAINER_PIC_YOUNGSTER,,heartgoldsoulsilver_trainer_index=617; source=files/poketool/trainer/trainers.json; location_unpaired=true,10,5,
TRAINER_YOUNGSTER_IAN_4,IAN,TRAINER_CLASS_YOUNGSTER,,true,,,TRAINER_PIC_YOUNGSTER,,heartgoldsoulsilver_trainer_index=618; source=files/poketool/trainer/trainers.json; location_unpaired=true,10,5,
TRAINER_FIREBREATHER_WALT_2,WALT,TRAINER_CLASS_FIREBREATHER,,true,,,TRAINER_PIC_FIREBREATHER,,heartgoldsoulsilver_trainer_index=619; source=files/poketool/trainer/trainers.json; location_unpaired=true,10,5,
TRAINER_FIREBREATHER_WALT_3,WALT,TRAINER_CLASS_FIREBREATHER,,true,,,TRAINER_PIC_FIREBREATHER,,heartgoldsoulsilver_trainer_index=620; source=files/poketool/trainer/trainers.json; location_unpaired=true,10,5,
TRAINER_FIREBREATHER_WALT_4,WALT,TRAINER_CLASS_FIREBREATHER,,true,,,TRAINER_PIC_FIREBREATHER,,heartgoldsoulsilver_trainer_index=621; source=files/poketool/trainer/trainers.json; location_unpaired=true,10,5,
TRAINER_BUG_CATCHER_DOUG_2,DOUG,TRAINER_CLASS_BUG_CATCHER,,true,,,TRAINER_PIC_BUG_CATCHER,,heartgoldsoulsilver_trainer_index=622; source=files/poketool/trainer/trainers.json; location_unpaired=true,10,5,
TRAINER_BUG_CATCHER_DOUG_3,DOUG,TRAINER_CLASS_BUG_CATCHER,,true,,,TRAINER_PIC_BUG_CATCHER,,heartgoldsoulsilver_trainer_index=623; source=files/poketool/trainer/trainers.json; location_unpaired=true,10,5,
TRAINER_BUG_CATCHER_DOUG_4,DOUG,TRAINER_CLASS_BUG_CATCHER,,true,,,TRAINER_PIC_BUG_CATCHER,,heartgoldsoulsilver_trainer_index=624; source=files/poketool/trainer/trainers.json; location_unpaired=true,10,5,
TRAINER_BUG_CATCHER_ROB_2,ROB,TRAINER_CLASS_BUG_CATCHER,,true,,,TRAINER_PIC_BUG_CATCHER,,heartgoldsoulsilver_trainer_index=625; source=files/poketool/trainer/trainers.json; location_unpaired=true,10,5,
TRAINER_BUG_CATCHER_ROB_3,ROB,TRAINER_CLASS_BUG_CATCHER,,true,,,TRAINER_PIC_BUG_CATCHER,,heartgoldsoulsilver_trainer_index=626; source=files/poketool/trainer/trainers.json; location_unpaired=true,10,5,
TRAINER_BUG_CATCHER_ROB_4,ROB,TRAINER_CLASS_BUG_CATCHER,,true,,,TRAINER_PIC_BUG_CATCHER,,heartgoldsoulsilver_trainer_index=627; source=files/poketool/trainer/trainers.json; location_unpaired=true,10,5,
TRAINER_BIKER_REESE_2,REESE,TRAINER_CLASS_BIKER,,true,,,TRAINER_PIC_BIKER,,heartgoldsoulsilver_trainer_index=628; source=files/poketool/trainer/trainers.json; location_unpaired=true,10,5,
TRAINER_BIKER_REESE_3,REESE,TRAINER_CLASS_BIKER,,true,,,TRAINER_PIC_BIKER,,heartgoldsoulsilver_trainer_index=629; source=files/poketool/trainer/trainers.json; location_unpaired=true,10,5,
TRAINER_BIKER_REESE_4,REESE,TRAINER_CLASS_BIKER,,true,,,TRAINER_PIC_BIKER,,heartgoldsoulsilver_trainer_index=630; source=files/poketool/trainer/trainers.json; location_unpaired=true,10,5,
TRAINER_BIKER_AIDEN_2,AIDEN,TRAINER_CLASS_BIKER,,true,,,TRAINER_PIC_BIKER,,heartgoldsoulsilver_trainer_index=631; source=files/poketool/trainer/trainers.json; location_unpaired=true,10,5,
TRAINER_BIKER_AIDEN_3,AIDEN,TRAINER_CLASS_BIKER,,true,,,TRAINER_PIC_BIKER,,heartgoldsoulsilver_trainer_index=632; source=files/poketool/trainer/trainers.json; location_unpaired=true,10,5,
TRAINER_BIKER_AIDEN_4,AIDEN,TRAINER_CLASS_BIKER,,true,,,TRAINER_PIC_BIKER,,heartgoldsoulsilver_trainer_index=633; source=files/poketool/trainer/trainers.json; location_unpaired=true,10,5,
TRAINER_BIKER_ERNEST_2,ERNEST,TRAINER_CLASS_BIKER,,true,,,TRAINER_PIC_BIKER,,heartgoldsoulsilver_trainer_index=634; source=files/poketool/trainer/trainers.json; location_unpaired=true,10,5,
TRAINER_BIKER_ERNEST_3,ERNEST,TRAINER_CLASS_BIKER,,true,,,TRAINER_PIC_BIKER,,heartgoldsoulsilver_trainer_index=635; source=files/poketool/trainer/trainers.json; location_unpaired=true,10,5,
TRAINER_BIKER_ERNEST_4,ERNEST,TRAINER_CLASS_BIKER,,true,,,TRAINER_PIC_BIKER,,heartgoldsoulsilver_trainer_index=636; source=files/poketool/trainer/trainers.json; location_unpaired=true,10,5,
TRAINER_TEACHER_HILLARY_2,HILLARY,TRAINER_CLASS_TEACHER,,true,,,TRAINER_PIC_TEACHER,,heartgoldsoulsilver_trainer_index=637; source=files/poketool/trainer/trainers.json; location_unpaired=true,10,5,
TRAINER_TEACHER_HILLARY_3,HILLARY,TRAINER_CLASS_TEACHER,,true,,,TRAINER_PIC_TEACHER,,heartgoldsoulsilver_trainer_index=638; source=files/poketool/trainer/trainers.json; location_unpaired=true,10,5,
TRAINER_TEACHER_HILLARY_4,HILLARY,TRAINER_CLASS_TEACHER,,true,,,TRAINER_PIC_TEACHER,,heartgoldsoulsilver_trainer_index=639; source=files/poketool/trainer/trainers.json; location_unpaired=true,10,5,
TRAINER_SCHOOL_KID_M_BILLY_2,BILLY,TRAINER_CLASS_SCHOOL_KID_M,,true,,,TRAINER_PIC_SCHOOL_KID_MALE,,heartgoldsoulsilver_trainer_index=640; source=files/poketool/trainer/trainers.json; location_unpaired=true,10,5,
TRAINER_SCHOOL_KID_M_BILLY_3,BILLY,TRAINER_CLASS_SCHOOL_KID_M,,true,,,TRAINER_PIC_SCHOOL_KID_MALE,,heartgoldsoulsilver_trainer_index=641; source=files/poketool/trainer/trainers.json; location_unpaired=true,10,5,
TRAINER_SCHOOL_KID_M_BILLY_4,BILLY,TRAINER_CLASS_SCHOOL_KID_M,,true,,,TRAINER_PIC_SCHOOL_KID_MALE,,heartgoldsoulsilver_trainer_index=642; source=files/poketool/trainer/trainers.json; location_unpaired=true,10,5,
TRAINER_TWINS_KAY_AND_TIA_2,KAY & TIA,TRAINER_CLASS_TWINS,,true,,,TRAINER_PIC_TWINS,True,heartgoldsoulsilver_trainer_index=643; source=files/poketool/trainer/trainers.json; location_unpaired=true,10,5,
TRAINER_TWINS_KAY_AND_TIA_3,KAY & TIA,TRAINER_CLASS_TWINS,,true,,,TRAINER_PIC_TWINS,True,heartgoldsoulsilver_trainer_index=644; source=files/poketool/trainer/trainers.json; location_unpaired=true,10,5,
TRAINER_TWINS_KAY_AND_TIA_4,KAY & TIA,TRAINER_CLASS_TWINS,,true,,,TRAINER_PIC_TWINS,True,heartgoldsoulsilver_trainer_index=645; source=files/poketool/trainer/trainers.json; location_unpaired=true,10,5,
TRAINER_BIRD_KEEPER_GS_JOSH_2,JOSH,TRAINER_CLASS_BIRD_KEEPER_GS,,true,,,TRAINER_PIC_BIRD_KEEPER_GS,,heartgoldsoulsilver_trainer_index=646; source=files/poketool/trainer/trainers.json; location_unpaired=true,10,5,
TRAINER_BIRD_KEEPER_GS_JOSH_3,JOSH,TRAINER_CLASS_BIRD_KEEPER_GS,,true,,,TRAINER_PIC_BIRD_KEEPER_GS,,heartgoldsoulsilver_trainer_index=647; source=files/poketool/trainer/trainers.json; location_unpaired=true,10,5,
TRAINER_BIRD_KEEPER_GS_JOSH_4,JOSH,TRAINER_CLASS_BIRD_KEEPER_GS,,true,,,TRAINER_PIC_BIRD_KEEPER_GS,,heartgoldsoulsilver_trainer_index=648; source=files/poketool/trainer/trainers.json; location_unpaired=true,10,5,
TRAINER_SCHOOL_KID_M_TORIN_2,TORIN,TRAINER_CLASS_SCHOOL_KID_M,,true,,,TRAINER_PIC_SCHOOL_KID_MALE,,heartgoldsoulsilver_trainer_index=649; source=files/poketool/trainer/trainers.json; location_unpaired=true,10,5,
TRAINER_SCHOOL_KID_M_TORIN_3,TORIN,TRAINER_CLASS_SCHOOL_KID_M,,true,,,TRAINER_PIC_SCHOOL_KID_MALE,,heartgoldsoulsilver_trainer_index=650; source=files/poketool/trainer/trainers.json; location_unpaired=true,10,5,
TRAINER_SCHOOL_KID_M_TORIN_4,TORIN,TRAINER_CLASS_SCHOOL_KID_M,,true,,,TRAINER_PIC_SCHOOL_KID_MALE,,heartgoldsoulsilver_trainer_index=651; source=files/poketool/trainer/trainers.json; location_unpaired=true,10,5,
TRAINER_YOUNG_COUPLE_TIM_AND_SUE_2,TIM & SUE,TRAINER_CLASS_YOUNG_COUPLE,,true,,,TRAINER_PIC_YOUNG_COUPLE,True,heartgoldsoulsilver_trainer_index=652; source=files/poketool/trainer/trainers.json; location_unpaired=true,10,5,
TRAINER_YOUNG_COUPLE_TIM_AND_SUE_3,TIM & SUE,TRAINER_CLASS_YOUNG_COUPLE,,true,,,TRAINER_PIC_YOUNG_COUPLE,True,heartgoldsoulsilver_trainer_index=653; source=files/poketool/trainer/trainers.json; location_unpaired=true,10,5,
TRAINER_YOUNG_COUPLE_TIM_AND_SUE_4,TIM & SUE,TRAINER_CLASS_YOUNG_COUPLE,,true,,,TRAINER_PIC_YOUNG_COUPLE,True,heartgoldsoulsilver_trainer_index=654; source=files/poketool/trainer/trainers.json; location_unpaired=true,10,5,
TRAINER_HIKER_KENNY_2,KENNY,TRAINER_CLASS_HIKER,,true,,,TRAINER_PIC_HIKER,,heartgoldsoulsilver_trainer_index=655; source=files/poketool/trainer/trainers.json; location_unpaired=true,10,5,
TRAINER_HIKER_KENNY_3,KENNY,TRAINER_CLASS_HIKER,,true,,,TRAINER_PIC_HIKER,,heartgoldsoulsilver_trainer_index=656; source=files/poketool/trainer/trainers.json; location_unpaired=true,10,5,
TRAINER_HIKER_KENNY_4,KENNY,TRAINER_CLASS_HIKER,,true,,,TRAINER_PIC_HIKER,,heartgoldsoulsilver_trainer_index=657; source=files/poketool/trainer/trainers.json; location_unpaired=true,10,5,
TRAINER_CAMPER_TANNER_2,TANNER,TRAINER_CLASS_CAMPER,,true,,,TRAINER_PIC_CAMPER,,heartgoldsoulsilver_trainer_index=658; source=files/poketool/trainer/trainers.json; location_unpaired=true,10,5,
TRAINER_CAMPER_TANNER_3,TANNER,TRAINER_CLASS_CAMPER,,true,,,TRAINER_PIC_CAMPER,,heartgoldsoulsilver_trainer_index=659; source=files/poketool/trainer/trainers.json; location_unpaired=true,10,5,
TRAINER_CAMPER_TANNER_4,TANNER,TRAINER_CLASS_CAMPER,,true,,,TRAINER_PIC_CAMPER,,heartgoldsoulsilver_trainer_index=660; source=files/poketool/trainer/trainers.json; location_unpaired=true,10,5,
TRAINER_FISHERMAN_KYLE_2,KYLE,TRAINER_CLASS_FISHERMAN,,true,,,TRAINER_PIC_FISHERMAN,,heartgoldsoulsilver_trainer_index=661; source=files/poketool/trainer/trainers.json; location_unpaired=true,10,5,
TRAINER_FISHERMAN_KYLE_3,KYLE,TRAINER_CLASS_FISHERMAN,,true,,,TRAINER_PIC_FISHERMAN,,heartgoldsoulsilver_trainer_index=662; source=files/poketool/trainer/trainers.json; location_unpaired=true,10,5,
TRAINER_FISHERMAN_KYLE_4,KYLE,TRAINER_CLASS_FISHERMAN,,true,,,TRAINER_PIC_FISHERMAN,,heartgoldsoulsilver_trainer_index=663; source=files/poketool/trainer/trainers.json; location_unpaired=true,10,5,
TRAINER_FISHERMAN_KYLER_2,KYLER,TRAINER_CLASS_FISHERMAN,,true,,,TRAINER_PIC_FISHERMAN,,heartgoldsoulsilver_trainer_index=664; source=files/poketool/trainer/trainers.json; location_unpaired=true,10,5,
TRAINER_FISHERMAN_KYLER_3,KYLER,TRAINER_CLASS_FISHERMAN,,true,,,TRAINER_PIC_FISHERMAN,,heartgoldsoulsilver_trainer_index=665; source=files/poketool/trainer/trainers.json; location_unpaired=true,10,5,
TRAINER_FISHERMAN_KYLER_4,KYLER,TRAINER_CLASS_FISHERMAN,,true,,,TRAINER_PIC_FISHERMAN,,heartgoldsoulsilver_trainer_index=666; source=files/poketool/trainer/trainers.json; location_unpaired=true,10,5,
TRAINER_PKMN_TRAINER_CHERYL_CHERYL,CHERYL,TRAINER_CLASS_PKMN_TRAINER_CHERYL,,,,"ITEM_FULL_RESTORE,ITEM_FULL_RESTORE",TRAINER_PIC_TRAINER_CHERYL,,heartgoldsoulsilver_trainer_index=667; source=files/poketool/trainer/trainers.json; location_unpaired=true,10,5,
TRAINER_PKMN_TRAINER_BUCK_MARLEY,MARLEY,TRAINER_CLASS_PKMN_TRAINER_BUCK,,,,"ITEM_FULL_RESTORE,ITEM_FULL_RESTORE",TRAINER_PIC_TRAINER_BUCK,,heartgoldsoulsilver_trainer_index=668; source=files/poketool/trainer/trainers.json; location_unpaired=true,10,5,
TRAINER_PKMN_TRAINER_MARLEY_MIRA,MIRA,TRAINER_CLASS_PKMN_TRAINER_MARLEY,,,,"ITEM_FULL_RESTORE,ITEM_FULL_RESTORE",TRAINER_PIC_TRAINER_MARLEY,,heartgoldsoulsilver_trainer_index=669; source=files/poketool/trainer/trainers.json; location_unpaired=true,10,5,
TRAINER_PKMN_TRAINER_RILEY_RILEY,RILEY,TRAINER_CLASS_PKMN_TRAINER_RILEY,,,,"ITEM_FULL_RESTORE,ITEM_FULL_RESTORE",TRAINER_PIC_TRAINER_RILEY,,heartgoldsoulsilver_trainer_index=670; source=files/poketool/trainer/trainers.json; location_unpaired=true,10,5,
TRAINER_PKMN_TRAINER_MIRA_BUCK,BUCK,TRAINER_CLASS_PKMN_TRAINER_MIRA,,,,"ITEM_FULL_RESTORE,ITEM_FULL_RESTORE",TRAINER_PIC_TRAINER_MIRA,,heartgoldsoulsilver_trainer_index=671; source=files/poketool/trainer/trainers.json; location_unpaired=true,10,5,
TRAINER_GENTLEMAN_ALFRED_2,ALFRED,TRAINER_CLASS_GENTLEMAN,,true,,ITEM_FULL_RESTORE,TRAINER_PIC_GENTLEMAN,,heartgoldsoulsilver_trainer_index=672; source=files/poketool/trainer/trainers.json; location_unpaired=true,10,5,
TRAINER_GENTLEMAN_ALFRED_3,ALFRED,TRAINER_CLASS_GENTLEMAN,,true,,ITEM_FULL_RESTORE,TRAINER_PIC_GENTLEMAN,,heartgoldsoulsilver_trainer_index=673; source=files/poketool/trainer/trainers.json; location_unpaired=true,10,5,
TRAINER_GENTLEMAN_ALFRED_4,ALFRED,TRAINER_CLASS_GENTLEMAN,,true,,ITEM_FULL_RESTORE,TRAINER_PIC_GENTLEMAN,,heartgoldsoulsilver_trainer_index=674; source=files/poketool/trainer/trainers.json; location_unpaired=true,10,5,
TRAINER_PKMN_TRAINER_LANCE_LANCE,LANCE,TRAINER_CLASS_PKMN_TRAINER_LANCE,,,,,TRAINER_PIC_CHAMPION,,heartgoldsoulsilver_trainer_index=675; source=files/poketool/trainer/trainers.json; map_refs=0090_D35R0103; location_unpaired=true,10,5,
TRAINER_SAILOR_PARKER,PARKER,TRAINER_CLASS_SAILOR,11,,,,TRAINER_PIC_SAILOR,,heartgoldsoulsilver_trainer_index=676; source=files/poketool/trainer/trainers.json; map_refs=0760_T04GYM0101|382_T04GYM0101; matched_map=0760_T04GYM0101,10,5,
TRAINER_SAILOR_EDDIE,EDDIE,TRAINER_CLASS_SAILOR,11,,,,TRAINER_PIC_SAILOR,,heartgoldsoulsilver_trainer_index=677; source=files/poketool/trainer/trainers.json; map_refs=0760_T04GYM0101|382_T04GYM0101; matched_map=0760_T04GYM0101,10,5,
TRAINER_SWIMMER_F_JOY,JOY,TRAINER_CLASS_SWIMMER_F,11,,,,TRAINER_PIC_SWIMMER_FEMALE,,heartgoldsoulsilver_trainer_index=678; source=files/poketool/trainer/trainers.json; map_refs=0760_T04GYM0101|382_T04GYM0101; matched_map=0760_T04GYM0101,10,5,
TRAINER_BEAUTY_CALLIE,CALLIE,TRAINER_CLASS_BEAUTY,74,,,,TRAINER_PIC_BEAUTY,,heartgoldsoulsilver_trainer_index=679; source=files/poketool/trainer/trainers.json; map_refs=038_R37; matched_map=038_R37,10,5,
TRAINER_BEAUTY_KASSANDRA,KASSANDRA,TRAINER_CLASS_BEAUTY,74,,,,TRAINER_PIC_BEAUTY,,heartgoldsoulsilver_trainer_index=680; source=files/poketool/trainer/trainers.json; map_refs=038_R37; matched_map=038_R37,10,5,
TRAINER_ACE_TRAINER_M_ARABELLA,ARABELLA,TRAINER_CLASS_ACE_TRAINER_M,7,,,,TRAINER_PIC_ACE_TRAINER_MALE,,heartgoldsoulsilver_trainer_index=681; source=files/poketool/trainer/trainers.json; map_refs=0743_T02GYM0101|448_T02GYM0101; matched_map=0743_T02GYM0101,10,5,
TRAINER_ACE_TRAINER_M_BONITA,BONITA,TRAINER_CLASS_ACE_TRAINER_M,7,,,,TRAINER_PIC_ACE_TRAINER_MALE,,heartgoldsoulsilver_trainer_index=682; source=files/poketool/trainer/trainers.json; map_refs=0743_T02GYM0101|448_T02GYM0101; matched_map=0743_T02GYM0101,10,5,
TRAINER_ACE_TRAINER_F_SALMA,SALMA,TRAINER_CLASS_ACE_TRAINER_F,7,,,,TRAINER_PIC_ACE_TRAINER_FEMALE,,heartgoldsoulsilver_trainer_index=683; source=files/poketool/trainer/trainers.json; map_refs=0743_T02GYM0101|448_T02GYM0101; matched_map=0743_T02GYM0101,10,5,
TRAINER_DOUBLE_TEAM_ELAN_AND_IDA,ELAN & IDA,TRAINER_CLASS_DOUBLE_TEAM,7,,,,TRAINER_PIC_DOUBLE_TEAM,True,heartgoldsoulsilver_trainer_index=684; source=files/poketool/trainer/trainers.json; map_refs=0743_T02GYM0101|448_T02GYM0101; matched_map=0743_T02GYM0101,10,5,
TRAINER_HIKER_EDWIN,EDWIN,TRAINER_CLASS_HIKER,54,,,,TRAINER_PIC_HIKER,,heartgoldsoulsilver_trainer_index=685; source=files/poketool/trainer/trainers.json; map_refs=0752_T03GYM0101|426_T03GYM0101; matched_map=0752_T03GYM0101,10,5,
TRAINER_BOARDER_BRYCE,BRYCE,TRAINER_CLASS_BOARDER,,,,,TRAINER_PIC_BOARDER,,heartgoldsoulsilver_trainer_index=686; source=files/poketool/trainer/trainers.json; map_refs=409_D11R0103; location_unpaired=true,10,5,
TRAINER_BOARDER_SHAUN,SHAUN,TRAINER_CLASS_BOARDER,,,,,TRAINER_PIC_BOARDER,,heartgoldsoulsilver_trainer_index=687; source=files/poketool/trainer/trainers.json; map_refs=409_D11R0103; location_unpaired=true,10,5,
TRAINER_SKIER_CADY,CADY,TRAINER_CLASS_SKIER,,,,,TRAINER_PIC_SKIER,,heartgoldsoulsilver_trainer_index=688; source=files/poketool/trainer/trainers.json; map_refs=409_D11R0103; location_unpaired=true,10,5,
TRAINER_SUPER_NERD_CARY,CARY,TRAINER_CLASS_SUPER_NERD,,,,,TRAINER_PIC_SUPER_NERD,,heartgoldsoulsilver_trainer_index=689; source=files/poketool/trainer/trainers.json; map_refs=0015_D11R0106; location_unpaired=true,10,5,
TRAINER_SUPER_NERD_WALDO,WALDO,TRAINER_CLASS_SUPER_NERD,,,,,TRAINER_PIC_SUPER_NERD,,heartgoldsoulsilver_trainer_index=690; source=files/poketool/trainer/trainers.json; map_refs=0015_D11R0106; location_unpaired=true,10,5,
TRAINER_SUPER_NERD_MERLE,MERLE,TRAINER_CLASS_SUPER_NERD,,,,,TRAINER_PIC_SUPER_NERD,,heartgoldsoulsilver_trainer_index=691; source=files/poketool/trainer/trainers.json; map_refs=0015_D11R0106; location_unpaired=true,10,5,
TRAINER_SCIENTIST_GS_LOWELL,LOWELL,TRAINER_CLASS_SCIENTIST_GS,,,,,TRAINER_PIC_SCIENTIST_GS,,heartgoldsoulsilver_trainer_index=692; source=files/poketool/trainer/trainers.json; map_refs=0015_D11R0106; location_unpaired=true,10,5,
TRAINER_SCIENTIST_GS_LINDEN,LINDEN,TRAINER_CLASS_SCIENTIST_GS,,,,,TRAINER_PIC_SCIENTIST_GS,,heartgoldsoulsilver_trainer_index=693; source=files/poketool/trainer/trainers.json; map_refs=0015_D11R0106; location_unpaired=true,10,5,
TRAINER_SCIENTIST_GS_DANIEL,DANIEL,TRAINER_CLASS_SCIENTIST_GS,,,,,TRAINER_PIC_SCIENTIST_GS,,heartgoldsoulsilver_trainer_index=694; source=files/poketool/trainer/trainers.json; map_refs=0015_D11R0106; location_unpaired=true,10,5,
TRAINER_BUG_CATCHER_DANE,DANE,TRAINER_CLASS_BUG_CATCHER,7,,,,TRAINER_PIC_BUG_CATCHER,,heartgoldsoulsilver_trainer_index=695; source=files/poketool/trainer/trainers.json; map_refs=143_D46R0101; matched_map=143_D46R0101,10,5,
TRAINER_BUG_CATCHER_DION,DION,TRAINER_CLASS_BUG_CATCHER,7,,,,TRAINER_PIC_BUG_CATCHER,,heartgoldsoulsilver_trainer_index=696; source=files/poketool/trainer/trainers.json; map_refs=143_D46R0101; matched_map=143_D46R0101,10,5,
TRAINER_BUG_CATCHER_STACEY,STACEY,TRAINER_CLASS_BUG_CATCHER,7,,,,TRAINER_PIC_BUG_CATCHER,,heartgoldsoulsilver_trainer_index=697; source=files/poketool/trainer/trainers.json; map_refs=143_D46R0101; matched_map=143_D46R0101,10,5,
TRAINER_BUG_CATCHER_ELLIS,ELLIS,TRAINER_CLASS_BUG_CATCHER,7,,,,TRAINER_PIC_BUG_CATCHER,,heartgoldsoulsilver_trainer_index=698; source=files/poketool/trainer/trainers.json; map_refs=143_D46R0101; matched_map=143_D46R0101,10,5,
TRAINER_BUG_CATCHER_ABNER,ABNER,TRAINER_CLASS_BUG_CATCHER,7,,,,TRAINER_PIC_BUG_CATCHER,,heartgoldsoulsilver_trainer_index=699; source=files/poketool/trainer/trainers.json; map_refs=143_D46R0101; matched_map=143_D46R0101,10,5,
TRAINER_ROCKET_BOSS_GIOVANNI,GIOVANNI,TRAINER_CLASS_ROCKET_BOSS,97,,,ITEM_FULL_RESTORE,TRAINER_PIC_GIOVANNI,,heartgoldsoulsilver_trainer_index=700; source=files/poketool/trainer/trainers.json; map_refs=0114_D45R0102; matched_map=0114_D45R0102,10,5,
TRAINER_CHAMPION_LANCE_2,LANCE,TRAINER_CLASS_CHAMPION,,true,,"ITEM_FULL_RESTORE,ITEM_FULL_RESTORE,ITEM_FULL_RESTORE,ITEM_FULL_RESTORE",TRAINER_PIC_CHAMPION_CYNTHIA,,heartgoldsoulsilver_trainer_index=701; source=files/poketool/trainer/trainers.json; map_refs=0824_T10R0601; location_unpaired=true,10,5,
TRAINER_ELITE_FOUR_WILL_WILL_2,WILL,TRAINER_CLASS_ELITE_FOUR_WILL,,true,,"ITEM_FULL_RESTORE,ITEM_FULL_RESTORE",TRAINER_PIC_WILL,,heartgoldsoulsilver_trainer_index=702; source=files/poketool/trainer/trainers.json; map_refs=0820_T10R0201; location_unpaired=true,10,5,
TRAINER_ELITE_FOUR_KOGA_KOGA_2,KOGA,TRAINER_CLASS_ELITE_FOUR_KOGA,,true,,"ITEM_FULL_RESTORE,ITEM_FULL_RESTORE",TRAINER_PIC_KOGA,,heartgoldsoulsilver_trainer_index=703; source=files/poketool/trainer/trainers.json; map_refs=0821_T10R0301; location_unpaired=true,10,5,
TRAINER_ELITE_FOUR_BRUNO_BRUNO_2,BRUNO,TRAINER_CLASS_ELITE_FOUR_BRUNO,,true,,"ITEM_FULL_RESTORE,ITEM_FULL_RESTORE",TRAINER_PIC_BRUNO,,heartgoldsoulsilver_trainer_index=704; source=files/poketool/trainer/trainers.json; map_refs=0822_T10R0401; location_unpaired=true,10,5,
TRAINER_ELITE_FOUR_KAREN_KAREN_2,KAREN,TRAINER_CLASS_ELITE_FOUR_KAREN,,true,,"ITEM_FULL_RESTORE,ITEM_FULL_RESTORE",TRAINER_PIC_KAREN,,heartgoldsoulsilver_trainer_index=705; source=files/poketool/trainer/trainers.json; map_refs=0823_T10R0501; location_unpaired=true,10,5,
TRAINER_EXECUTIVE_PROTON_PROTON_2,PROTON,TRAINER_CLASS_EXECUTIVE_PROTON,,true,,,TRAINER_PIC_PROTON,,heartgoldsoulsilver_trainer_index=706; source=files/poketool/trainer/trainers.json; map_refs=181_D23R0104; location_unpaired=true,10,5,
TRAINER_TOWER_TYCOON_PALMER,PALMER,TRAINER_CLASS_TOWER_TYCOON,,,,,TRAINER_PIC_TOWER_TYCOON,,heartgoldsoulsilver_trainer_index=707; source=files/poketool/trainer/trainers.json; location_unpaired=true,10,5,
TRAINER_HALL_MATRON_ARGENTA,ARGENTA,TRAINER_CLASS_HALL_MATRON,,,,,TRAINER_PIC_HALL_MATRON,,heartgoldsoulsilver_trainer_index=708; source=files/poketool/trainer/trainers.json; location_unpaired=true,10,5,
TRAINER_FACTORY_HEAD_THORTON,THORTON,TRAINER_CLASS_FACTORY_HEAD,,,,,TRAINER_PIC_FACTORY_HEAD,,heartgoldsoulsilver_trainer_index=709; source=files/poketool/trainer/trainers.json; location_unpaired=true,10,5,
TRAINER_ARCADE_STAR_DAHLIA,DAHLIA,TRAINER_CLASS_ARCADE_STAR,,,,,TRAINER_PIC_ARCADE_STAR,,heartgoldsoulsilver_trainer_index=710; source=files/poketool/trainer/trainers.json; location_unpaired=true,10,5,
TRAINER_CASTLE_VALET_DARACH,DARACH,TRAINER_CLASS_CASTLE_VALET,,,,,TRAINER_PIC_CASTLE_VALET,,heartgoldsoulsilver_trainer_index=711; source=files/poketool/trainer/trainers.json; location_unpaired=true,10,5,
TRAINER_LEADER_FALKNER_FALKNER_2,FALKNER,TRAINER_CLASS_LEADER_FALKNER,27,true,,"ITEM_FULL_RESTORE,ITEM_FULL_RESTORE,ITEM_FULL_RESTORE",TRAINER_PIC_FALKNER,,heartgoldsoulsilver_trainer_index=712; source=files/poketool/trainer/trainers.json; map_refs=0832_T11R0101; matched_map=0832_T11R0101,10,5,
TRAINER_LEADER_BUGSY_BUGSY_2,BUGSY,TRAINER_CLASS_LEADER_BUGSY,27,true,,"ITEM_FULL_RESTORE,ITEM_FULL_RESTORE,ITEM_FULL_RESTORE",TRAINER_PIC_BUGSY,,heartgoldsoulsilver_trainer_index=713; source=files/poketool/trainer/trainers.json; map_refs=0832_T11R0101; matched_map=0832_T11R0101,10,5,
TRAINER_LEADER_WHITNEY_2,WHITNEY,TRAINER_CLASS_LEADER_WHITNEY,27,true,,"ITEM_FULL_RESTORE,ITEM_FULL_RESTORE,ITEM_FULL_RESTORE",TRAINER_PIC_WHITNEY,,heartgoldsoulsilver_trainer_index=714; source=files/poketool/trainer/trainers.json; map_refs=0832_T11R0101; matched_map=0832_T11R0101,10,5,
TRAINER_LEADER_MORTY_MORTY_2,MORTY,TRAINER_CLASS_LEADER_MORTY,27,true,,"ITEM_FULL_RESTORE,ITEM_FULL_RESTORE,ITEM_FULL_RESTORE",TRAINER_PIC_MORTY,,heartgoldsoulsilver_trainer_index=715; source=files/poketool/trainer/trainers.json; map_refs=0832_T11R0101; matched_map=0832_T11R0101,10,5,
TRAINER_LEADER_PRYCE_PRYCE_2,PRYCE,TRAINER_CLASS_LEADER_PRYCE,27,true,,"ITEM_FULL_RESTORE,ITEM_FULL_RESTORE,ITEM_FULL_RESTORE",TRAINER_PIC_PRYCE,,heartgoldsoulsilver_trainer_index=716; source=files/poketool/trainer/trainers.json; map_refs=0832_T11R0101; matched_map=0832_T11R0101,10,5,
TRAINER_LEADER_JASMINE_JASMINE_2,JASMINE,TRAINER_CLASS_LEADER_JASMINE,27,true,,"ITEM_FULL_RESTORE,ITEM_FULL_RESTORE,ITEM_FULL_RESTORE",TRAINER_PIC_JASMINE,,heartgoldsoulsilver_trainer_index=717; source=files/poketool/trainer/trainers.json; map_refs=0832_T11R0101; matched_map=0832_T11R0101,10,5,
TRAINER_LEADER_CHUCK_CHUCK_2,CHUCK,TRAINER_CLASS_LEADER_CHUCK,27,true,,"ITEM_FULL_RESTORE,ITEM_FULL_RESTORE,ITEM_FULL_RESTORE",TRAINER_PIC_CHUCK,,heartgoldsoulsilver_trainer_index=718; source=files/poketool/trainer/trainers.json; map_refs=0832_T11R0101; matched_map=0832_T11R0101,10,5,
TRAINER_LEADER_CLAIR_CLAIR_2,CLAIR,TRAINER_CLASS_LEADER_CLAIR,27,true,,"ITEM_FULL_RESTORE,ITEM_FULL_RESTORE,ITEM_FULL_RESTORE",TRAINER_PIC_CLAIR,,heartgoldsoulsilver_trainer_index=719; source=files/poketool/trainer/trainers.json; map_refs=0832_T11R0101; matched_map=0832_T11R0101,10,5,
TRAINER_LEADER_BROCK_BROCK_2,BROCK,TRAINER_CLASS_LEADER_BROCK,27,true,,"ITEM_FULL_RESTORE,ITEM_FULL_RESTORE,ITEM_FULL_RESTORE",TRAINER_PIC_BROCK,,heartgoldsoulsilver_trainer_index=720; source=files/poketool/trainer/trainers.json; map_refs=0832_T11R0101; matched_map=0832_T11R0101,10,5,
TRAINER_LEADER_MISTY_MISTY_2,MISTY,TRAINER_CLASS_LEADER_MISTY,27,true,,"ITEM_FULL_RESTORE,ITEM_FULL_RESTORE,ITEM_FULL_RESTORE",TRAINER_PIC_MISTY,,heartgoldsoulsilver_trainer_index=721; source=files/poketool/trainer/trainers.json; map_refs=0832_T11R0101; matched_map=0832_T11R0101,10,5,
TRAINER_LEADER_LT_SURGE_LT__SURGE_2,LT. SURGE,TRAINER_CLASS_LEADER_LT_SURGE,27,true,,"ITEM_FULL_RESTORE,ITEM_FULL_RESTORE,ITEM_FULL_RESTORE",TRAINER_PIC_LT_SURGE,,heartgoldsoulsilver_trainer_index=722; source=files/poketool/trainer/trainers.json; map_refs=0832_T11R0101; matched_map=0832_T11R0101,10,5,
TRAINER_LEADER_ERIKA_ERIKA_2,ERIKA,TRAINER_CLASS_LEADER_ERIKA,27,true,,"ITEM_FULL_RESTORE,ITEM_FULL_RESTORE,ITEM_FULL_RESTORE",TRAINER_PIC_ERIKA,,heartgoldsoulsilver_trainer_index=723; source=files/poketool/trainer/trainers.json; map_refs=0832_T11R0101; matched_map=0832_T11R0101,10,5,
TRAINER_LEADER_JANINE_JANINE_2,JANINE,TRAINER_CLASS_LEADER_JANINE,27,true,,"ITEM_FULL_RESTORE,ITEM_FULL_RESTORE,ITEM_FULL_RESTORE",TRAINER_PIC_JANINE,,heartgoldsoulsilver_trainer_index=724; source=files/poketool/trainer/trainers.json; map_refs=0832_T11R0101; matched_map=0832_T11R0101,10,5,
TRAINER_LEADER_SABRINA_SABRINA_2,SABRINA,TRAINER_CLASS_LEADER_SABRINA,27,true,,"ITEM_FULL_RESTORE,ITEM_FULL_RESTORE,ITEM_FULL_RESTORE",TRAINER_PIC_SABRINA,,heartgoldsoulsilver_trainer_index=725; source=files/poketool/trainer/trainers.json; map_refs=0832_T11R0101; matched_map=0832_T11R0101,10,5,
TRAINER_LEADER_BLAINE_BLAINE_2,BLAINE,TRAINER_CLASS_LEADER_BLAINE,27,true,,"ITEM_FULL_RESTORE,ITEM_FULL_RESTORE,ITEM_FULL_RESTORE",TRAINER_PIC_BLAINE,,heartgoldsoulsilver_trainer_index=726; source=files/poketool/trainer/trainers.json; map_refs=0832_T11R0101; matched_map=0832_T11R0101,10,5,
TRAINER_LEADER_BLUE_BLUE_2,BLUE,TRAINER_CLASS_LEADER_BLUE,27,true,,"ITEM_FULL_RESTORE,ITEM_FULL_RESTORE,ITEM_FULL_RESTORE,ITEM_FULL_RESTORE",TRAINER_PIC_BLUE,,heartgoldsoulsilver_trainer_index=727; source=files/poketool/trainer/trainers.json; map_refs=0832_T11R0101; matched_map=0832_T11R0101,10,5,
TRAINER_BEAUTY_CHARLOTTE,CHARLOTTE,TRAINER_CLASS_BEAUTY,80,,,,TRAINER_PIC_BEAUTY,,heartgoldsoulsilver_trainer_index=728; source=files/poketool/trainer/trainers.json; map_refs=0914_T26PC0101; matched_map=0914_T26PC0101,10,5,
TRAINER_YOUNG_COUPLE_DUFF_AND_EDA,DUFF & EDA,TRAINER_CLASS_YOUNG_COUPLE,229,,,,TRAINER_PIC_YOUNG_COUPLE,True,heartgoldsoulsilver_trainer_index=729; source=files/poketool/trainer/trainers.json; map_refs=146_R47; matched_map=146_R47,10,5,
TRAINER_DOUBLE_TEAM_THOM_AND_KAE,THOM & KAE,TRAINER_CLASS_DOUBLE_TEAM,229,,,,TRAINER_PIC_DOUBLE_TEAM,True,heartgoldsoulsilver_trainer_index=730; source=files/poketool/trainer/trainers.json; map_refs=146_R47; matched_map=146_R47,10,5,
TRAINER_HIKER_DEVIN,DEVIN,TRAINER_CLASS_HIKER,229,,,,TRAINER_PIC_HIKER,,heartgoldsoulsilver_trainer_index=731; source=files/poketool/trainer/trainers.json; map_refs=146_R47; matched_map=146_R47,10,5,
TRAINER_CAMPER_GRANT,GRANT,TRAINER_CLASS_CAMPER,229,,,,TRAINER_PIC_CAMPER,,heartgoldsoulsilver_trainer_index=732; source=files/poketool/trainer/trainers.json; map_refs=146_R47; matched_map=146_R47,10,5,
TRAINER_CHAMPION_LANCE_3,LANCE,TRAINER_CLASS_CHAMPION,93,true,,"ITEM_FULL_RESTORE,ITEM_FULL_RESTORE",TRAINER_PIC_CHAMPION_CYNTHIA,,heartgoldsoulsilver_trainer_index=733; source=files/poketool/trainer/trainers.json; map_refs=0111_D44R0102; matched_map=0111_D44R0102,10,5,
TRAINER_LEADER_CLAIR_CLAIR_3,CLAIR,TRAINER_CLASS_LEADER_CLAIR,93,true,,"ITEM_FULL_RESTORE,ITEM_FULL_RESTORE",TRAINER_PIC_CLAIR,,heartgoldsoulsilver_trainer_index=734; source=files/poketool/trainer/trainers.json; map_refs=0111_D44R0102; matched_map=0111_D44R0102,10,5,
TRAINER_PARTNER_RIVAL_1,SILVER,TRAINER_CLASS_RIVAL,93,,,"ITEM_FULL_RESTORE,ITEM_FULL_RESTORE",TRAINER_PIC_SILVER,,heartgoldsoulsilver_trainer_index=735; source=files/poketool/trainer/trainers.json; map_refs=0111_D44R0102; matched_map=0111_D44R0102,10,5,
TRAINER_PARTNER_RIVAL_2,SILVER,TRAINER_CLASS_RIVAL,93,true,,"ITEM_FULL_RESTORE,ITEM_FULL_RESTORE",TRAINER_PIC_SILVER,,heartgoldsoulsilver_trainer_index=736; source=files/poketool/trainer/trainers.json; map_refs=0111_D44R0102; matched_map=0111_D44R0102,10,5,
TRAINER_PARTNER_RIVAL_3,SILVER,TRAINER_CLASS_RIVAL,93,true,,"ITEM_FULL_RESTORE,ITEM_FULL_RESTORE",TRAINER_PIC_SILVER,,heartgoldsoulsilver_trainer_index=737; source=files/poketool/trainer/trainers.json; map_refs=0111_D44R0102; matched_map=0111_D44R0102,10,5,
