encounter_name,trainer_name,trainer_class,canonical_location_id,canonical_location_name,is_rematch,is_event,trainer_items,trainer_pic,trainer_double,details,version_group_id,load_build,game_id,crystal_class,crystal_id,map,source,map_line,x,y,location_method
TRAINER_FALKNER_FALKNER1,FALKNER,TRAINER_CLASS_FALKNER,60,Violet City,,True,,TRAINER_PIC_FALKNER,,goldsilver_map=VioletGym; source=loadtrainer; script_label=VioletGymFalknerScript; map_line=21,3,4,,FALKNER,FALKNER1,VioletGym,loadtrainer,21,,,manual
TRAINER_WHITNEY_WHITNEY1,WHITNEY,TRAINER_CLASS_WHITNEY,70,Goldenrod City,,True,,TRAINER_PIC_WHITNEY,,goldsilver_map=GoldenrodGym; source=loadtrainer; script_label=GoldenrodGymWhitneyScript; map_line=31,3,4,,WHITNEY,WHITNEY1,GoldenrodGym,loadtrainer,31,,,manual
TRAINER_BUGSY_BUGSY1,BUGSY,TRAINER_CLASS_BUGSY,66,Azalea Town,,True,,TRAINER_PIC_BUGSY,,goldsilver_map=AzaleaGym; source=loadtrainer; script_label=AzaleaGymBugsyScript; map_line=24,3,4,,BUGSY,BUGSY1,AzaleaGym,loadtrainer,24,,,manual
TRAINER_MORTY_MORTY1,MORTY,TRAINER_CLASS_MORTY,75,Ecruteak City,,True,,TRAINER_PIC_MORTY,,goldsilver_map=EcruteakGym; source=loadtrainer; script_label=EcruteakGymMortyScript; map_line=23,3,4,,MORTY,MORTY1,EcruteakGym,loadtrainer,23,,,manual
TRAINER_PRYCE_PRYCE1,PRYCE,TRAINER_CLASS_PRYCE,,,,True,,TRAINER_PIC_PRYCE,,goldsilver_map=MahoganyGym; source=loadtrainer; script_label=MahoganyGymPryceScript; map_line=24; no canonical event_location match in current Crystal script,3,4,,PRYCE,PRYCE1,MahoganyGym,loadtrainer,24,,,manual_missing
TRAINER_JASMINE_JASMINE1,JASMINE,TRAINER_CLASS_JASMINE,80,Olivine City,,True,,TRAINER_PIC_JASMINE,,goldsilver_map=OlivineGym; source=loadtrainer; script_label=OlivineGymJasmineScript; map_line=19,3,4,,JASMINE,JASMINE1,OlivineGym,loadtrainer,19,,,manual
TRAINER_CHUCK_CHUCK1,CHUCK,TRAINER_CLASS_CHUCK,84,Cianwood City,,True,,TRAINER_PIC_CHUCK,,goldsilver_map=CianwoodGym; source=loadtrainer; script_label=CianwoodGymChuckScript; map_line=41,3,4,,CHUCK,CHUCK1,CianwoodGym,loadtrainer,41,,,manual
TRAINER_CLAIR_CLAIR1,CLAIR,TRAINER_CLASS_CLAIR,92,Blackthorn City,,True,,TRAINER_PIC_CLAIR,,goldsilver_map=BlackthornGym1F; source=loadtrainer; script_label=BlackthornGymClairScript; map_line=40,3,4,,CLAIR,CLAIR1,BlackthornGym1F,loadtrainer,40,,,manual
TRAINER_RIVAL1_RIVAL1_1_CHIKORITA,,TRAINER_CLASS_RIVAL1,56,Cherrygrove City,,True,,TRAINER_PIC_RIVAL1,,goldsilver_map=CherrygroveCity; source=loadtrainer; script_label=CherrygroveRivalSceneNorth; map_line=133,3,4,,RIVAL1,RIVAL1_1_CHIKORITA,CherrygroveCity,loadtrainer,133,,,direct
TRAINER_RIVAL1_RIVAL1_1_CYNDAQUIL,,TRAINER_CLASS_RIVAL1,56,Cherrygrove City,,True,,TRAINER_PIC_RIVAL1,,goldsilver_map=CherrygroveCity; source=loadtrainer; script_label=CherrygroveRivalSceneNorth; map_line=144,3,4,,RIVAL1,RIVAL1_1_CYNDAQUIL,CherrygroveCity,loadtrainer,144,,,direct
TRAINER_RIVAL1_RIVAL1_1_TOTODILE,,TRAINER_CLASS_RIVAL1,56,Cherrygrove City,,True,,TRAINER_PIC_RIVAL1,,goldsilver_map=CherrygroveCity; source=loadtrainer; script_label=CherrygroveRivalSceneNorth; map_line=122,3,4,,RIVAL1,RIVAL1_1_TOTODILE,CherrygroveCity,loadtrainer,122,,,direct
TRAINER_RIVAL1_RIVAL1_2_CHIKORITA,,TRAINER_CLASS_RIVAL1,66,Azalea Town,,True,,TRAINER_PIC_RIVAL1,,goldsilver_map=AzaleaTown; source=loadtrainer; script_label=AzaleaTownRivalBattleScript; map_line=73,3,4,,RIVAL1,RIVAL1_2_CHIKORITA,AzaleaTown,loadtrainer,73,,,direct
TRAINER_RIVAL1_RIVAL1_2_CYNDAQUIL,,TRAINER_CLASS_RIVAL1,66,Azalea Town,,True,,TRAINER_PIC_RIVAL1,,goldsilver_map=AzaleaTown; source=loadtrainer; script_label=AzaleaTownRivalBattleScript; map_line=82,3,4,,RIVAL1,RIVAL1_2_CYNDAQUIL,AzaleaTown,loadtrainer,82,,,direct
TRAINER_RIVAL1_RIVAL1_2_TOTODILE,,TRAINER_CLASS_RIVAL1,66,Azalea Town,,True,,TRAINER_PIC_RIVAL1,,goldsilver_map=AzaleaTown; source=loadtrainer; script_label=AzaleaTownRivalBattleScript; map_line=64,3,4,,RIVAL1,RIVAL1_2_TOTODILE,AzaleaTown,loadtrainer,64,,,direct
TRAINER_RIVAL1_RIVAL1_3_CHIKORITA,,TRAINER_CLASS_RIVAL1,76,Burned Tower,,True,,TRAINER_PIC_RIVAL1,,goldsilver_map=BurnedTower1F; source=loadtrainer; script_label=BurnedTower1FRivalBattleScript; map_line=61,3,4,,RIVAL1,RIVAL1_3_CHIKORITA,BurnedTower1F,loadtrainer,61,,,manual
TRAINER_RIVAL1_RIVAL1_3_CYNDAQUIL,,TRAINER_CLASS_RIVAL1,76,Burned Tower,,True,,TRAINER_PIC_RIVAL1,,goldsilver_map=BurnedTower1F; source=loadtrainer; script_label=BurnedTower1FRivalBattleScript; map_line=70,3,4,,RIVAL1,RIVAL1_3_CYNDAQUIL,BurnedTower1F,loadtrainer,70,,,manual
TRAINER_RIVAL1_RIVAL1_3_TOTODILE,,TRAINER_CLASS_RIVAL1,76,Burned Tower,,True,,TRAINER_PIC_RIVAL1,,goldsilver_map=BurnedTower1F; source=loadtrainer; script_label=BurnedTower1FRivalBattleScript; map_line=52,3,4,,RIVAL1,RIVAL1_3_TOTODILE,BurnedTower1F,loadtrainer,52,,,manual
TRAINER_RIVAL1_RIVAL1_4_CHIKORITA,,TRAINER_CLASS_RIVAL1,70,Goldenrod City,,True,,TRAINER_PIC_RIVAL1,,goldsilver_map=GoldenrodUndergroundSwitchRoomEntrances; source=loadtrainer; script_label=UndergroundRivalBattleScript; map_line=149,3,4,,RIVAL1,RIVAL1_4_CHIKORITA,GoldenrodUndergroundSwitchRoomEntrances,loadtrainer,149,,,manual
TRAINER_RIVAL1_RIVAL1_4_CYNDAQUIL,,TRAINER_CLASS_RIVAL1,70,Goldenrod City,,True,,TRAINER_PIC_RIVAL1,,goldsilver_map=GoldenrodUndergroundSwitchRoomEntrances; source=loadtrainer; script_label=UndergroundRivalBattleScript; map_line=158,3,4,,RIVAL1,RIVAL1_4_CYNDAQUIL,GoldenrodUndergroundSwitchRoomEntrances,loadtrainer,158,,,manual
TRAINER_RIVAL1_RIVAL1_4_TOTODILE,,TRAINER_CLASS_RIVAL1,70,Goldenrod City,,True,,TRAINER_PIC_RIVAL1,,goldsilver_map=GoldenrodUndergroundSwitchRoomEntrances; source=loadtrainer; script_label=UndergroundRivalBattleScript; map_line=140,3,4,,RIVAL1,RIVAL1_4_TOTODILE,GoldenrodUndergroundSwitchRoomEntrances,loadtrainer,140,,,manual
TRAINER_RIVAL1_RIVAL1_5_CHIKORITA,,TRAINER_CLASS_RIVAL1,48,Victory Road,,True,,TRAINER_PIC_RIVAL1,,goldsilver_map=VictoryRoad; source=loadtrainer; script_label=VictoryRoadRivalNext; map_line=74,3,4,,RIVAL1,RIVAL1_5_CHIKORITA,VictoryRoad,loadtrainer,74,,,direct
TRAINER_RIVAL1_RIVAL1_5_CYNDAQUIL,,TRAINER_CLASS_RIVAL1,48,Victory Road,,True,,TRAINER_PIC_RIVAL1,,goldsilver_map=VictoryRoad; source=loadtrainer; script_label=VictoryRoadRivalNext; map_line=83,3,4,,RIVAL1,RIVAL1_5_CYNDAQUIL,VictoryRoad,loadtrainer,83,,,direct
TRAINER_RIVAL1_RIVAL1_5_TOTODILE,,TRAINER_CLASS_RIVAL1,48,Victory Road,,True,,TRAINER_PIC_RIVAL1,,goldsilver_map=VictoryRoad; source=loadtrainer; script_label=VictoryRoadRivalNext; map_line=65,3,4,,RIVAL1,RIVAL1_5_TOTODILE,VictoryRoad,loadtrainer,65,,,direct
TRAINER_WILL_WILL1,WILL,TRAINER_CLASS_WILL,48,Victory Road,,True,,TRAINER_PIC_WILL,,goldsilver_map=WillsRoom; source=loadtrainer; script_label=WillScript_Battle; map_line=52,3,4,,WILL,WILL1,WillsRoom,loadtrainer,52,,,manual
TRAINER_CAL_CAL1,CAL,TRAINER_CLASS_CAL,,,,,,TRAINER_PIC_CAL,,party exists in decomp but no map trainer/loadtrainer reference was found,3,4,,CAL,CAL1,,,,,,unreferenced
TRAINER_CAL_CAL2,CAL,TRAINER_CLASS_CAL,4,Viridian City,,True,,TRAINER_PIC_CAL,,goldsilver_map=TrainerHouseB1F; source=loadtrainer; script_label=TrainerHouseReceptionistScript; map_line=47,3,4,,CAL,CAL2,TrainerHouseB1F,loadtrainer,47,,,manual
TRAINER_CAL_CAL3,CAL,TRAINER_CLASS_CAL,4,Viridian City,,True,,TRAINER_PIC_CAL,,goldsilver_map=TrainerHouseB1F; source=loadtrainer; script_label=TrainerHouseReceptionistScript; map_line=54,3,4,,CAL,CAL3,TrainerHouseB1F,loadtrainer,54,,,manual
TRAINER_BRUNO_BRUNO1,BRUNO,TRAINER_CLASS_BRUNO,48,Victory Road,,True,,TRAINER_PIC_BRUNO,,goldsilver_map=BrunosRoom; source=loadtrainer; script_label=BrunoScript_Battle; map_line=52,3,4,,BRUNO,BRUNO1,BrunosRoom,loadtrainer,52,,,manual
TRAINER_KAREN_KAREN1,KAREN,TRAINER_CLASS_KAREN,48,Victory Road,,True,,TRAINER_PIC_KAREN,,goldsilver_map=KarensRoom; source=loadtrainer; script_label=KarenScript_Battle; map_line=52,3,4,,KAREN,KAREN1,KarensRoom,loadtrainer,52,,,manual
TRAINER_KOGA_KOGA1,KOGA,TRAINER_CLASS_KOGA,48,Victory Road,,True,,TRAINER_PIC_KOGA,,goldsilver_map=KogasRoom; source=loadtrainer; script_label=KogaScript_Battle; map_line=52,3,4,,KOGA,KOGA1,KogasRoom,loadtrainer,52,,,manual
TRAINER_CHAMPION_LANCE,LANCE,TRAINER_CLASS_CHAMPION,48,Victory Road,,True,,TRAINER_PIC_CHAMPION,,goldsilver_map=LancesRoom; source=loadtrainer; script_label=LancesRoomLanceScript; map_line=60,3,4,,CHAMPION,LANCE,LancesRoom,loadtrainer,60,,,manual
TRAINER_BROCK_BROCK1,BROCK,TRAINER_CLASS_BROCK,54,Pewter City,,True,,TRAINER_PIC_BROCK,,goldsilver_map=PewterGym; source=loadtrainer; script_label=PewterGymBrockScript; map_line=20,3,4,,BROCK,BROCK1,PewterGym,loadtrainer,20,,,manual
TRAINER_MISTY_MISTY1,MISTY,TRAINER_CLASS_MISTY,11,Cerulean City,,True,,TRAINER_PIC_MISTY,,goldsilver_map=CeruleanGym; source=loadtrainer; script_label=CeruleanGymMistyScript; map_line=68,3,4,,MISTY,MISTY1,CeruleanGym,loadtrainer,68,,,manual
TRAINER_LT_SURGE_LT_SURGE1,LT.SURGE,TRAINER_CLASS_LT_SURGE,16,Vermilion City,,True,,TRAINER_PIC_LT_SURGE,,goldsilver_map=VermilionGym; source=loadtrainer; script_label=VermilionGymSurgeScript; map_line=22,3,4,,LT_SURGE,LT_SURGE1,VermilionGym,loadtrainer,22,,,manual
TRAINER_SCIENTIST_ROSS,ROSS,TRAINER_CLASS_SCIENTIST,89,Rocket Hideout,,,,TRAINER_PIC_SCIENTIST,,"goldsilver_map=TeamRocketBaseB3F; source=trainer; script_label=TrainerScientistRoss; map_line=152; object_xy=25,12",3,4,,SCIENTIST,ROSS,TeamRocketBaseB3F,trainer,152,25,12,manual
TRAINER_SCIENTIST_MITCH,MITCH,TRAINER_CLASS_SCIENTIST,89,Rocket Hideout,,,,TRAINER_PIC_SCIENTIST,,"goldsilver_map=TeamRocketBaseB3F; source=trainer; script_label=TrainerScientistMitch; map_line=163; object_xy=14,15",3,4,,SCIENTIST,MITCH,TeamRocketBaseB3F,trainer,163,14,15,manual
TRAINER_SCIENTIST_JED,JED,TRAINER_CLASS_SCIENTIST,89,Rocket Hideout,,,,TRAINER_PIC_SCIENTIST,,"goldsilver_map=TeamRocketBaseB1F; source=trainer; script_label=TrainerScientistJed; map_line=482; object_xy=18,12",3,4,,SCIENTIST,JED,TeamRocketBaseB1F,trainer,482,18,12,manual
TRAINER_SCIENTIST_MARC,MARC,TRAINER_CLASS_SCIENTIST,70,Goldenrod City,,,,TRAINER_PIC_SCIENTIST,,"goldsilver_map=RadioTower3F; source=trainer; script_label=TrainerScientistMarc; map_line=117; object_xy=9,6",3,4,,SCIENTIST,MARC,RadioTower3F,trainer,117,9,6,manual
TRAINER_SCIENTIST_RICH,RICH,TRAINER_CLASS_SCIENTIST,70,Goldenrod City,,,,TRAINER_PIC_SCIENTIST,,"goldsilver_map=RadioTower4F; source=trainer; script_label=TrainerScientistRich; map_line=90; object_xy=4,2",3,4,,SCIENTIST,RICH,RadioTower4F,trainer,90,4,2,manual
TRAINER_ERIKA_ERIKA1,ERIKA,TRAINER_CLASS_ERIKA,,,,True,,TRAINER_PIC_ERIKA,,goldsilver_map=CeladonGym; source=loadtrainer; script_label=CeladonGymErikaScript; map_line=23; canonical candidate 26 Celadon City is not in Crystal event_locations,3,4,,ERIKA,ERIKA1,CeladonGym,loadtrainer,23,,,canon_not_in_event
TRAINER_YOUNGSTER_JOEY1,JOEY,TRAINER_CLASS_YOUNGSTER,57,Route 30,,,,TRAINER_PIC_YOUNGSTER,,"goldsilver_map=Route30; source=trainer; script_label=TrainerYoungsterJoey; map_line=39; object_xy=6,29",3,4,,YOUNGSTER,JOEY1,Route30,trainer,39,6,29,route
TRAINER_YOUNGSTER_MIKEY,MIKEY,TRAINER_CLASS_YOUNGSTER,57,Route 30,,,,TRAINER_PIC_YOUNGSTER,,"goldsilver_map=Route30; source=trainer; script_label=TrainerYoungsterMikey; map_line=122; object_xy=5,23",3,4,,YOUNGSTER,MIKEY,Route30,trainer,122,5,23,route
TRAINER_YOUNGSTER_ALBERT,ALBERT,TRAINER_CLASS_YOUNGSTER,62,Route 32,,,,TRAINER_PIC_YOUNGSTER,,"goldsilver_map=Route32; source=trainer; script_label=TrainerYoungsterAlbert; map_line=344; object_xy=13,23",3,4,,YOUNGSTER,ALBERT,Route32,trainer,344,13,23,route
TRAINER_YOUNGSTER_GORDON,GORDON,TRAINER_CLASS_YOUNGSTER,62,Route 32,,,,TRAINER_PIC_YOUNGSTER,,"goldsilver_map=Route32; source=trainer; script_label=TrainerYoungsterGordon; map_line=355; object_xy=4,65",3,4,,YOUNGSTER,GORDON,Route32,trainer,355,4,65,route
TRAINER_YOUNGSTER_SAMUEL,SAMUEL,TRAINER_CLASS_YOUNGSTER,69,Route 34,,,,TRAINER_PIC_YOUNGSTER,,"goldsilver_map=Route34; source=trainer; script_label=TrainerYoungsterSamuel; map_line=285; object_xy=15,33",3,4,,YOUNGSTER,SAMUEL,Route34,trainer,285,15,33,route
TRAINER_YOUNGSTER_IAN,IAN,TRAINER_CLASS_YOUNGSTER,69,Route 34,,,,TRAINER_PIC_YOUNGSTER,,"goldsilver_map=Route34; source=trainer; script_label=TrainerYoungsterIan; map_line=296; object_xy=17,22",3,4,,YOUNGSTER,IAN,Route34,trainer,296,17,22,route
TRAINER_YOUNGSTER_JOEY2,JOEY,TRAINER_CLASS_YOUNGSTER,57,Route 30,True,True,,TRAINER_PIC_YOUNGSTER,,goldsilver_map=Route30; source=loadtrainer; script_label=TrainerYoungsterJoey; map_line=80; rematch variant; base fight should drive current app display,3,4,,YOUNGSTER,JOEY2,Route30,loadtrainer,80,,,route
TRAINER_YOUNGSTER_JOEY3,JOEY,TRAINER_CLASS_YOUNGSTER,57,Route 30,True,True,,TRAINER_PIC_YOUNGSTER,,goldsilver_map=Route30; source=loadtrainer; script_label=TrainerYoungsterJoey; map_line=87; rematch variant; base fight should drive current app display,3,4,,YOUNGSTER,JOEY3,Route30,loadtrainer,87,,,route
TRAINER_YOUNGSTER_WARREN,WARREN,TRAINER_CLASS_YOUNGSTER,8,Route 3,,,,TRAINER_PIC_YOUNGSTER,,"goldsilver_map=Route3; source=trainer; script_label=TrainerYoungsterWarren; map_line=24; object_xy=11,2",3,4,,YOUNGSTER,WARREN,Route3,trainer,24,11,2,route
TRAINER_YOUNGSTER_JIMMY,JIMMY,TRAINER_CLASS_YOUNGSTER,8,Route 3,,,,TRAINER_PIC_YOUNGSTER,,"goldsilver_map=Route3; source=trainer; script_label=TrainerYoungsterJimmy; map_line=35; object_xy=20,4",3,4,,YOUNGSTER,JIMMY,Route3,trainer,35,20,4,route
TRAINER_YOUNGSTER_OWEN,OWEN,TRAINER_CLASS_YOUNGSTER,17,Route 11,,,,TRAINER_PIC_YOUNGSTER,,"goldsilver_map=Route11; source=trainer; script_label=TrainerYoungsterOwen; map_line=14; object_xy=22,14",3,4,,YOUNGSTER,OWEN,Route11,trainer,14,22,14,route
TRAINER_YOUNGSTER_JASON,JASON,TRAINER_CLASS_YOUNGSTER,17,Route 11,,,,TRAINER_PIC_YOUNGSTER,,"goldsilver_map=Route11; source=trainer; script_label=TrainerYoungsterJason; map_line=25; object_xy=15,9",3,4,,YOUNGSTER,JASON,Route11,trainer,25,15,9,route
TRAINER_SCHOOLBOY_JACK1,JACK,TRAINER_CLASS_SCHOOLBOY,72,National Park,,,,TRAINER_PIC_SCHOOLBOY,,"goldsilver_map=NationalPark; source=trainer; script_label=TrainerSchoolboyJack1; map_line=73; object_xy=27,23",3,4,,SCHOOLBOY,JACK1,NationalPark,trainer,73,27,23,direct
TRAINER_SCHOOLBOY_KIPP,KIPP,TRAINER_CLASS_SCHOOLBOY,34,Route 15,,,,TRAINER_PIC_SCHOOLBOY,,"goldsilver_map=Route15; source=trainer; script_label=TrainerSchoolboyKipp; map_line=38; object_xy=11,10",3,4,,SCHOOLBOY,KIPP,Route15,trainer,38,11,10,route
TRAINER_SCHOOLBOY_ALAN1,ALAN,TRAINER_CLASS_SCHOOLBOY,73,Route 36,,,,TRAINER_PIC_SCHOOLBOY,,"goldsilver_map=Route36; source=trainer; script_label=TrainerSchoolboyAlan1; map_line=116; object_xy=31,14",3,4,,SCHOOLBOY,ALAN1,Route36,trainer,116,31,14,route
TRAINER_SCHOOLBOY_JOHNNY,JOHNNY,TRAINER_CLASS_SCHOOLBOY,34,Route 15,,,,TRAINER_PIC_SCHOOLBOY,,"goldsilver_map=Route15; source=trainer; script_label=TrainerSchoolboyJohnny; map_line=60; object_xy=33,10",3,4,,SCHOOLBOY,JOHNNY,Route15,trainer,60,33,10,route
TRAINER_SCHOOLBOY_DANNY,DANNY,TRAINER_CLASS_SCHOOLBOY,3,Route 1,,,,TRAINER_PIC_SCHOOLBOY,,"goldsilver_map=Route1; source=trainer; script_label=TrainerSchoolboyDanny; map_line=12; object_xy=7,17",3,4,,SCHOOLBOY,DANNY,Route1,trainer,12,7,17,route
TRAINER_SCHOOLBOY_TOMMY,TOMMY,TRAINER_CLASS_SCHOOLBOY,34,Route 15,,,,TRAINER_PIC_SCHOOLBOY,,"goldsilver_map=Route15; source=trainer; script_label=TrainerSchoolboyTommy; map_line=49; object_xy=11,11",3,4,,SCHOOLBOY,TOMMY,Route15,trainer,49,11,11,route
TRAINER_SCHOOLBOY_DUDLEY,DUDLEY,TRAINER_CLASS_SCHOOLBOY,13,Route 25,,,,TRAINER_PIC_SCHOOLBOY,,"goldsilver_map=Route25; source=trainer; script_label=TrainerSchoolboyDudley; map_line=80; object_xy=12,8",3,4,,SCHOOLBOY,DUDLEY,Route25,trainer,80,12,8,route
TRAINER_SCHOOLBOY_JOE,JOE,TRAINER_CLASS_SCHOOLBOY,13,Route 25,,,,TRAINER_PIC_SCHOOLBOY,,"goldsilver_map=Route25; source=trainer; script_label=TrainerSchoolboyJoe; map_line=102; object_xy=21,8",3,4,,SCHOOLBOY,JOE,Route25,trainer,102,21,8,route
TRAINER_SCHOOLBOY_BILLY,BILLY,TRAINER_CLASS_SCHOOLBOY,34,Route 15,,,,TRAINER_PIC_SCHOOLBOY,,"goldsilver_map=Route15; source=trainer; script_label=TrainerSchoolboyBilly; map_line=71; object_xy=27,10",3,4,,SCHOOLBOY,BILLY,Route15,trainer,71,27,10,route
TRAINER_SCHOOLBOY_CHAD1,CHAD,TRAINER_CLASS_SCHOOLBOY,78,Route 38,,,,TRAINER_PIC_SCHOOLBOY,,"goldsilver_map=Route38; source=trainer; script_label=TrainerSchoolboyChad1; map_line=120; object_xy=4,1",3,4,,SCHOOLBOY,CHAD1,Route38,trainer,120,4,1,route
TRAINER_SCHOOLBOY_NATE,NATE,TRAINER_CLASS_SCHOOLBOY,16,Vermilion City,,,,TRAINER_PIC_SCHOOLBOY,,"goldsilver_map=FastShipB1F; source=trainer; script_label=TrainerSchoolboyNate; map_line=183; object_xy=14,9",3,4,,SCHOOLBOY,NATE,FastShipB1F,trainer,183,14,9,manual
TRAINER_SCHOOLBOY_RICKY,RICKY,TRAINER_CLASS_SCHOOLBOY,16,Vermilion City,,,,TRAINER_PIC_SCHOOLBOY,,"goldsilver_map=FastShipB1F; source=trainer; script_label=TrainerSchoolboyRicky; map_line=194; object_xy=14,11",3,4,,SCHOOLBOY,RICKY,FastShipB1F,trainer,194,14,11,manual
TRAINER_SCHOOLBOY_JACK2,JACK,TRAINER_CLASS_SCHOOLBOY,72,National Park,True,True,,TRAINER_PIC_SCHOOLBOY,,goldsilver_map=NationalPark; source=loadtrainer; script_label=TrainerSchoolboyJack1; map_line=114; rematch variant; base fight should drive current app display,3,4,,SCHOOLBOY,JACK2,NationalPark,loadtrainer,114,,,direct
TRAINER_SCHOOLBOY_JACK3,JACK,TRAINER_CLASS_SCHOOLBOY,72,National Park,True,True,,TRAINER_PIC_SCHOOLBOY,,goldsilver_map=NationalPark; source=loadtrainer; script_label=TrainerSchoolboyJack1; map_line=121; rematch variant; base fight should drive current app display,3,4,,SCHOOLBOY,JACK3,NationalPark,loadtrainer,121,,,direct
TRAINER_SCHOOLBOY_ALAN2,ALAN,TRAINER_CLASS_SCHOOLBOY,73,Route 36,True,True,,TRAINER_PIC_SCHOOLBOY,,goldsilver_map=Route36; source=loadtrainer; script_label=TrainerSchoolboyAlan1; map_line=157; rematch variant; base fight should drive current app display,3,4,,SCHOOLBOY,ALAN2,Route36,loadtrainer,157,,,route
TRAINER_SCHOOLBOY_ALAN3,ALAN,TRAINER_CLASS_SCHOOLBOY,73,Route 36,True,True,,TRAINER_PIC_SCHOOLBOY,,goldsilver_map=Route36; source=loadtrainer; script_label=TrainerSchoolboyAlan1; map_line=164; rematch variant; base fight should drive current app display,3,4,,SCHOOLBOY,ALAN3,Route36,loadtrainer,164,,,route
TRAINER_SCHOOLBOY_CHAD2,CHAD,TRAINER_CLASS_SCHOOLBOY,78,Route 38,True,True,,TRAINER_PIC_SCHOOLBOY,,goldsilver_map=Route38; source=loadtrainer; script_label=TrainerSchoolboyChad1; map_line=161; rematch variant; base fight should drive current app display,3,4,,SCHOOLBOY,CHAD2,Route38,loadtrainer,161,,,route
TRAINER_SCHOOLBOY_CHAD3,CHAD,TRAINER_CLASS_SCHOOLBOY,78,Route 38,True,True,,TRAINER_PIC_SCHOOLBOY,,goldsilver_map=Route38; source=loadtrainer; script_label=TrainerSchoolboyChad1; map_line=168; rematch variant; base fight should drive current app display,3,4,,SCHOOLBOY,CHAD3,Route38,loadtrainer,168,,,route
TRAINER_BIRD_KEEPER_ROD,ROD,TRAINER_CLASS_BIRD_KEEPER,60,Violet City,,,,TRAINER_PIC_BIRD_KEEPER,,"goldsilver_map=VioletGym; source=trainer; script_label=TrainerBirdKeeperRod; map_line=68; object_xy=7,6",3,4,,BIRD_KEEPER,ROD,VioletGym,trainer,68,7,6,manual
TRAINER_BIRD_KEEPER_ABE,ABE,TRAINER_CLASS_BIRD_KEEPER,60,Violet City,,,,TRAINER_PIC_BIRD_KEEPER,,"goldsilver_map=VioletGym; source=trainer; script_label=TrainerBirdKeeperAbe; map_line=79; object_xy=2,10",3,4,,BIRD_KEEPER,ABE,VioletGym,trainer,79,2,10,manual
TRAINER_BIRD_KEEPER_BRYAN,BRYAN,TRAINER_CLASS_BIRD_KEEPER,71,Route 35,,,,TRAINER_PIC_BIRD_KEEPER,,"goldsilver_map=Route35; source=trainer; script_label=TrainerBirdKeeperBryan; map_line=20; object_xy=14,28",3,4,,BIRD_KEEPER,BRYAN,Route35,trainer,20,14,28,route
TRAINER_BIRD_KEEPER_THEO,THEO,TRAINER_CLASS_BIRD_KEEPER,80,Olivine City,,,,TRAINER_PIC_BIRD_KEEPER,,"goldsilver_map=OlivineLighthouse3F; source=trainer; script_label=TrainerBirdKeeperTheo; map_line=13; object_xy=3,9",3,4,,BIRD_KEEPER,THEO,OlivineLighthouse3F,trainer,13,3,9,manual
TRAINER_BIRD_KEEPER_TOBY,TOBY,TRAINER_CLASS_BIRD_KEEPER,78,Route 38,,,,TRAINER_PIC_BIRD_KEEPER,,"goldsilver_map=Route38; source=trainer; script_label=TrainerBirdKeeperToby; map_line=15; object_xy=15,10",3,4,,BIRD_KEEPER,TOBY,Route38,trainer,15,15,10,route
TRAINER_BIRD_KEEPER_DENIS,DENIS,TRAINER_CLASS_BIRD_KEEPER,80,Olivine City,,,,TRAINER_PIC_BIRD_KEEPER,,"goldsilver_map=OlivineLighthouse5F; source=trainer; script_label=TrainerBirdKeeperDenis; map_line=14; object_xy=8,3",3,4,,BIRD_KEEPER,DENIS,OlivineLighthouse5F,trainer,14,8,3,manual
TRAINER_BIRD_KEEPER_VANCE1,VANCE,TRAINER_CLASS_BIRD_KEEPER,90,Route 44,,,,TRAINER_PIC_BIRD_KEEPER,,"goldsilver_map=Route44; source=trainer; script_label=TrainerBirdKeeperVance1; map_line=19; object_xy=50,7",3,4,,BIRD_KEEPER,VANCE1,Route44,trainer,19,50,7,route
TRAINER_BIRD_KEEPER_HANK,HANK,TRAINER_CLASS_BIRD_KEEPER,9,Route 4,,,,TRAINER_PIC_BIRD_KEEPER,,"goldsilver_map=Route4; source=trainer; script_label=TrainerBirdKeeperHank; map_line=13; object_xy=17,9",3,4,,BIRD_KEEPER,HANK,Route4,trainer,13,17,9,route
TRAINER_BIRD_KEEPER_ROY,ROY,TRAINER_CLASS_BIRD_KEEPER,35,Route 14,,,,TRAINER_PIC_BIRD_KEEPER,,"goldsilver_map=Route14; source=trainer; script_label=TrainerBirdKeeperRoy; map_line=32; object_xy=11,27",3,4,,BIRD_KEEPER,ROY,Route14,trainer,32,11,27,route
TRAINER_BIRD_KEEPER_BORIS,BORIS,TRAINER_CLASS_BIRD_KEEPER,31,Route 18,,,,TRAINER_PIC_BIRD_KEEPER,,"goldsilver_map=Route18; source=trainer; script_label=TrainerBirdKeeperBoris; map_line=11; object_xy=9,12",3,4,,BIRD_KEEPER,BORIS,Route18,trainer,11,9,12,route
TRAINER_BIRD_KEEPER_BOB,BOB,TRAINER_CLASS_BIRD_KEEPER,31,Route 18,,,,TRAINER_PIC_BIRD_KEEPER,,"goldsilver_map=Route18; source=trainer; script_label=TrainerBirdKeeperBob; map_line=22; object_xy=13,6",3,4,,BIRD_KEEPER,BOB,Route18,trainer,22,13,6,route
TRAINER_BIRD_KEEPER_JOSE1,JOSE,TRAINER_CLASS_BIRD_KEEPER,96,Route 27,,True,,TRAINER_PIC_BIRD_KEEPER,,goldsilver_map=Route27; source=loadtrainer; script_label=TrainerBirdKeeperJose2; map_line=102,3,4,,BIRD_KEEPER,JOSE1,Route27,loadtrainer,102,,,route
TRAINER_BIRD_KEEPER_PETER,PETER,TRAINER_CLASS_BIRD_KEEPER,62,Route 32,,,,TRAINER_PIC_BIRD_KEEPER,,"goldsilver_map=Route32; source=trainer; script_label=TrainerBirdKeeperPeter; map_line=366; object_xy=11,82",3,4,,BIRD_KEEPER,PETER,Route32,trainer,366,11,82,route
TRAINER_BIRD_KEEPER_JOSE2,JOSE,TRAINER_CLASS_BIRD_KEEPER,96,Route 27,True,,,TRAINER_PIC_BIRD_KEEPER,,"goldsilver_map=Route27; source=trainer; script_label=TrainerBirdKeeperJose2; map_line=61; object_xy=58,13; rematch variant; base fight should drive current app display",3,4,,BIRD_KEEPER,JOSE2,Route27,trainer,61,58,13,route
TRAINER_BIRD_KEEPER_PERRY,PERRY,TRAINER_CLASS_BIRD_KEEPER,36,Route 13,,,,TRAINER_PIC_BIRD_KEEPER,,"goldsilver_map=Route13; source=trainer; script_label=TrainerBirdKeeperPerry; map_line=36; object_xy=42,6",3,4,,BIRD_KEEPER,PERRY,Route13,trainer,36,42,6,route
TRAINER_BIRD_KEEPER_BRET,BRET,TRAINER_CLASS_BIRD_KEEPER,36,Route 13,,,,TRAINER_PIC_BIRD_KEEPER,,"goldsilver_map=Route13; source=trainer; script_label=TrainerBirdKeeperBret; map_line=47; object_xy=43,6",3,4,,BIRD_KEEPER,BRET,Route13,trainer,47,43,6,route
TRAINER_BIRD_KEEPER_JOSE3,JOSE,TRAINER_CLASS_BIRD_KEEPER,96,Route 27,True,True,,TRAINER_PIC_BIRD_KEEPER,,goldsilver_map=Route27; source=loadtrainer; script_label=TrainerBirdKeeperJose2; map_line=109; rematch variant; base fight should drive current app display,3,4,,BIRD_KEEPER,JOSE3,Route27,loadtrainer,109,,,route
TRAINER_BIRD_KEEPER_VANCE2,VANCE,TRAINER_CLASS_BIRD_KEEPER,90,Route 44,True,True,,TRAINER_PIC_BIRD_KEEPER,,goldsilver_map=Route44; source=loadtrainer; script_label=TrainerBirdKeeperVance1; map_line=60; rematch variant; base fight should drive current app display,3,4,,BIRD_KEEPER,VANCE2,Route44,loadtrainer,60,,,route
TRAINER_BIRD_KEEPER_VANCE3,VANCE,TRAINER_CLASS_BIRD_KEEPER,90,Route 44,True,True,,TRAINER_PIC_BIRD_KEEPER,,goldsilver_map=Route44; source=loadtrainer; script_label=TrainerBirdKeeperVance1; map_line=67; rematch variant; base fight should drive current app display,3,4,,BIRD_KEEPER,VANCE3,Route44,loadtrainer,67,,,route
TRAINER_LASS_CARRIE,CARRIE,TRAINER_CLASS_LASS,70,Goldenrod City,,,,TRAINER_PIC_LASS,,"goldsilver_map=GoldenrodGym; source=trainer; script_label=TrainerLassCarrie; map_line=94; object_xy=9,13",3,4,,LASS,CARRIE,GoldenrodGym,trainer,94,9,13,manual
TRAINER_LASS_BRIDGET,BRIDGET,TRAINER_CLASS_LASS,70,Goldenrod City,,,,TRAINER_PIC_LASS,,"goldsilver_map=GoldenrodGym; source=trainer; script_label=TrainerLassBridget; map_line=118; object_xy=9,6",3,4,,LASS,BRIDGET,GoldenrodGym,trainer,118,9,6,manual
TRAINER_LASS_ALICE,ALICE,TRAINER_CLASS_LASS,32,Fuschia City,,True,,TRAINER_PIC_LASS,,goldsilver_map=FuchsiaGym; source=loadtrainer; script_label=LassAliceScript; map_line=76,3,4,,LASS,ALICE,FuchsiaGym,loadtrainer,76,,,manual
TRAINER_LASS_KRISE,KRISE,TRAINER_CLASS_LASS,72,National Park,,,,TRAINER_PIC_LASS,,"goldsilver_map=NationalPark; source=trainer; script_label=TrainerLassKrise; map_line=250; object_xy=8,14",3,4,,LASS,KRISE,NationalPark,trainer,250,8,14,direct
TRAINER_LASS_CONNIE1,CONNIE,TRAINER_CLASS_LASS,80,Olivine City,,,,TRAINER_PIC_LASS,,"goldsilver_map=OlivineLighthouse4F; source=trainer; script_label=TrainerLassConnie; map_line=11; object_xy=11,2",3,4,,LASS,CONNIE1,OlivineLighthouse4F,trainer,11,11,2,manual
TRAINER_LASS_LINDA,LINDA,TRAINER_CLASS_LASS,32,Fuschia City,,True,,TRAINER_PIC_LASS,,goldsilver_map=FuchsiaGym; source=loadtrainer; script_label=LassLindaScript; map_line=110,3,4,,LASS,LINDA,FuchsiaGym,loadtrainer,110,,,manual
TRAINER_LASS_LAURA,LAURA,TRAINER_CLASS_LASS,13,Route 25,,,,TRAINER_PIC_LASS,,"goldsilver_map=Route25; source=trainer; script_label=TrainerLassLaura; map_line=113; object_xy=22,6",3,4,,LASS,LAURA,Route25,trainer,113,22,6,route
TRAINER_LASS_SHANNON,SHANNON,TRAINER_CLASS_LASS,13,Route 25,,,,TRAINER_PIC_LASS,,"goldsilver_map=Route25; source=trainer; script_label=TrainerLassShannon; map_line=135; object_xy=28,11",3,4,,LASS,SHANNON,Route25,trainer,135,28,11,route
TRAINER_LASS_MICHELLE,MICHELLE,TRAINER_CLASS_LASS,,,,,,TRAINER_PIC_LASS,,"goldsilver_map=CeladonGym; source=trainer; script_label=TrainerLassMichelle; map_line=51; object_xy=7,8; canonical candidate 26 Celadon City is not in Crystal event_locations",3,4,,LASS,MICHELLE,CeladonGym,trainer,51,7,8,canon_not_in_event
TRAINER_LASS_DANA1,DANA,TRAINER_CLASS_LASS,78,Route 38,,,,TRAINER_PIC_LASS,,"goldsilver_map=Route38; source=trainer; script_label=TrainerLassDana1; map_line=37; object_xy=15,3",3,4,,LASS,DANA1,Route38,trainer,37,15,3,route
TRAINER_LASS_ELLEN,ELLEN,TRAINER_CLASS_LASS,13,Route 25,,,,TRAINER_PIC_LASS,,"goldsilver_map=Route25; source=trainer; script_label=TrainerLassEllen; map_line=91; object_xy=16,11",3,4,,LASS,ELLEN,Route25,trainer,91,16,11,route
TRAINER_LASS_CONNIE2,CONNIE,TRAINER_CLASS_LASS,,,True,,,TRAINER_PIC_LASS,,party exists in decomp but no map trainer/loadtrainer reference was found; rematch variant; base fight should drive current app display,3,4,,LASS,CONNIE2,,,,,,unreferenced
TRAINER_LASS_CONNIE3,CONNIE,TRAINER_CLASS_LASS,,,True,,,TRAINER_PIC_LASS,,party exists in decomp but no map trainer/loadtrainer reference was found; rematch variant; base fight should drive current app display,3,4,,LASS,CONNIE3,,,,,,unreferenced
TRAINER_LASS_DANA2,DANA,TRAINER_CLASS_LASS,78,Route 38,True,True,,TRAINER_PIC_LASS,,goldsilver_map=Route38; source=loadtrainer; script_label=TrainerLassDana1; map_line=78; rematch variant; base fight should drive current app display,3,4,,LASS,DANA2,Route38,loadtrainer,78,,,route
TRAINER_LASS_DANA3,DANA,TRAINER_CLASS_LASS,78,Route 38,True,True,,TRAINER_PIC_LASS,,goldsilver_map=Route38; source=loadtrainer; script_label=TrainerLassDana1; map_line=85; rematch variant; base fight should drive current app display,3,4,,LASS,DANA3,Route38,loadtrainer,85,,,route
TRAINER_JANINE_JANINE1,JANINE,TRAINER_CLASS_JANINE,32,Fuschia City,,True,,TRAINER_PIC_JANINE,,goldsilver_map=FuchsiaGym; source=loadtrainer; script_label=FuchsiaGymJanineScript; map_line=24,3,4,,JANINE,JANINE1,FuchsiaGym,loadtrainer,24,,,manual
TRAINER_COOLTRAINERM_NICK,NICK,TRAINER_CLASS_COOLTRAINERM,64,Union Cave,,,,TRAINER_PIC_COOLTRAINERM,,"goldsilver_map=UnionCaveB2F; source=trainer; script_label=TrainerCooltrainermNick; map_line=39; object_xy=17,23",3,4,,COOLTRAINERM,NICK,UnionCaveB2F,trainer,39,17,23,manual
TRAINER_COOLTRAINERM_AARON,AARON,TRAINER_CLASS_COOLTRAINERM,88,Lake of Rage,,,,TRAINER_PIC_COOLTRAINERM,,"goldsilver_map=LakeOfRage; source=trainer; script_label=TrainerCooltrainermAaron; map_line=169; object_xy=4,15",3,4,,COOLTRAINERM,AARON,LakeOfRage,trainer,169,4,15,direct
TRAINER_COOLTRAINERM_PAUL,PAUL,TRAINER_CLASS_COOLTRAINERM,92,Blackthorn City,,,,TRAINER_PIC_COOLTRAINERM,,"goldsilver_map=BlackthornGym1F; source=trainer; script_label=TrainerCooltrainermPaul; map_line=94; object_xy=1,14",3,4,,COOLTRAINERM,PAUL,BlackthornGym1F,trainer,94,1,14,manual
TRAINER_COOLTRAINERM_CODY,CODY,TRAINER_CLASS_COOLTRAINERM,92,Blackthorn City,,,,TRAINER_PIC_COOLTRAINERM,,"goldsilver_map=BlackthornGym2F; source=trainer; script_label=TrainerCooltrainermCody; map_line=60; object_xy=4,1",3,4,,COOLTRAINERM,CODY,BlackthornGym2F,trainer,60,4,1,manual
TRAINER_COOLTRAINERM_MIKE,MIKE,TRAINER_CLASS_COOLTRAINERM,92,Blackthorn City,,,,TRAINER_PIC_COOLTRAINERM,,"goldsilver_map=BlackthornGym1F; source=trainer; script_label=TrainerCooltrainermMike; map_line=105; object_xy=6,6",3,4,,COOLTRAINERM,MIKE,BlackthornGym1F,trainer,105,6,6,manual
TRAINER_COOLTRAINERM_GAVEN1,GAVEN,TRAINER_CLASS_COOLTRAINERM,98,Route 26,,True,,TRAINER_PIC_COOLTRAINERM,,goldsilver_map=Route26; source=loadtrainer; script_label=TrainerCooltrainermGaven3; map_line=69,3,4,,COOLTRAINERM,GAVEN1,Route26,loadtrainer,69,,,route
TRAINER_COOLTRAINERM_GAVEN2,GAVEN,TRAINER_CLASS_COOLTRAINERM,98,Route 26,True,True,,TRAINER_PIC_COOLTRAINERM,,goldsilver_map=Route26; source=loadtrainer; script_label=TrainerCooltrainermGaven3; map_line=76; rematch variant; base fight should drive current app display,3,4,,COOLTRAINERM,GAVEN2,Route26,loadtrainer,76,,,route
TRAINER_COOLTRAINERM_RYAN,RYAN,TRAINER_CLASS_COOLTRAINERM,94,Route 45,,,,TRAINER_PIC_COOLTRAINERM,,"goldsilver_map=Route45; source=trainer; script_label=TrainerCooltrainermRyan; map_line=192; object_xy=17,18",3,4,,COOLTRAINERM,RYAN,Route45,trainer,192,17,18,route
TRAINER_COOLTRAINERM_JAKE,JAKE,TRAINER_CLASS_COOLTRAINERM,98,Route 26,,,,TRAINER_PIC_COOLTRAINERM,,"goldsilver_map=Route26; source=trainer; script_label=TrainerCooltrainermJake; map_line=17; object_xy=11,16",3,4,,COOLTRAINERM,JAKE,Route26,trainer,17,11,16,route
TRAINER_COOLTRAINERM_GAVEN3,GAVEN,TRAINER_CLASS_COOLTRAINERM,98,Route 26,True,,,TRAINER_PIC_COOLTRAINERM,,"goldsilver_map=Route26; source=trainer; script_label=TrainerCooltrainermGaven3; map_line=28; object_xy=9,38; rematch variant; base fight should drive current app display",3,4,,COOLTRAINERM,GAVEN3,Route26,trainer,28,9,38,route
TRAINER_COOLTRAINERM_BLAKE,BLAKE,TRAINER_CLASS_COOLTRAINERM,96,Route 27,,,,TRAINER_PIC_COOLTRAINERM,,"goldsilver_map=Route27; source=trainer; script_label=TrainerCooltrainermBlake; map_line=144; object_xy=49,7",3,4,,COOLTRAINERM,BLAKE,Route27,trainer,144,49,7,route
TRAINER_COOLTRAINERM_BRIAN,BRIAN,TRAINER_CLASS_COOLTRAINERM,96,Route 27,,,,TRAINER_PIC_COOLTRAINERM,,"goldsilver_map=Route27; source=trainer; script_label=TrainerCooltrainermBrian; map_line=155; object_xy=58,6",3,4,,COOLTRAINERM,BRIAN,Route27,trainer,155,58,6,route
TRAINER_COOLTRAINERM_ERICK,ERICK,TRAINER_CLASS_COOLTRAINERM,,,,,,TRAINER_PIC_COOLTRAINERM,,party exists in decomp but no map trainer/loadtrainer reference was found,3,4,,COOLTRAINERM,ERICK,,,,,,unreferenced
TRAINER_COOLTRAINERM_ANDY,ANDY,TRAINER_CLASS_COOLTRAINERM,,,,,,TRAINER_PIC_COOLTRAINERM,,party exists in decomp but no map trainer/loadtrainer reference was found,3,4,,COOLTRAINERM,ANDY,,,,,,unreferenced
TRAINER_COOLTRAINERM_TYLER,TYLER,TRAINER_CLASS_COOLTRAINERM,,,,,,TRAINER_PIC_COOLTRAINERM,,party exists in decomp but no map trainer/loadtrainer reference was found,3,4,,COOLTRAINERM,TYLER,,,,,,unreferenced
TRAINER_COOLTRAINERM_SEAN,SEAN,TRAINER_CLASS_COOLTRAINERM,16,Vermilion City,,,,TRAINER_PIC_COOLTRAINERM,,"goldsilver_map=FastShipCabins_NNW_NNE_NE; source=trainer; script_label=TrainerCooltrainermSean; map_line=16; object_xy=4,3",3,4,,COOLTRAINERM,SEAN,FastShipCabins_NNW_NNE_NE,trainer,16,4,3,manual
TRAINER_COOLTRAINERM_KEVIN,KEVIN,TRAINER_CLASS_COOLTRAINERM,13,Route 25,,True,,TRAINER_PIC_COOLTRAINERM,,goldsilver_map=Route25; source=loadtrainer; script_label=TrainerCooltrainermKevin; map_line=173,3,4,,COOLTRAINERM,KEVIN,Route25,loadtrainer,173,,,route
TRAINER_COOLTRAINERM_STEVE,STEVE,TRAINER_CLASS_COOLTRAINERM,,,,,,TRAINER_PIC_COOLTRAINERM,,party exists in decomp but no map trainer/loadtrainer reference was found,3,4,,COOLTRAINERM,STEVE,,,,,,unreferenced
TRAINER_COOLTRAINERM_ALLEN,ALLEN,TRAINER_CLASS_COOLTRAINERM,90,Route 44,,,,TRAINER_PIC_COOLTRAINERM,,"goldsilver_map=Route44; source=trainer; script_label=TrainerCooltrainermAllen; map_line=201; object_xy=41,15",3,4,,COOLTRAINERM,ALLEN,Route44,trainer,201,41,15,route
TRAINER_COOLTRAINERF_GWEN,GWEN,TRAINER_CLASS_COOLTRAINERF,64,Union Cave,,,,TRAINER_PIC_COOLTRAINERF,,"goldsilver_map=UnionCaveB2F; source=trainer; script_label=TrainerCooltrainerfGwen; map_line=50; object_xy=5,13",3,4,,COOLTRAINERF,GWEN,UnionCaveB2F,trainer,50,5,13,manual
TRAINER_COOLTRAINERF_LOIS,LOIS,TRAINER_CLASS_COOLTRAINERF,88,Lake of Rage,,,,TRAINER_PIC_COOLTRAINERF,,"goldsilver_map=LakeOfRage; source=trainer; script_label=TrainerCooltrainerfLois; map_line=180; object_xy=36,7",3,4,,COOLTRAINERF,LOIS,LakeOfRage,trainer,180,36,7,direct
TRAINER_COOLTRAINERF_FRAN,FRAN,TRAINER_CLASS_COOLTRAINERF,92,Blackthorn City,,,,TRAINER_PIC_COOLTRAINERF,,"goldsilver_map=BlackthornGym2F; source=trainer; script_label=TrainerCooltrainerfFran; map_line=71; object_xy=4,11",3,4,,COOLTRAINERF,FRAN,BlackthornGym2F,trainer,71,4,11,manual
TRAINER_COOLTRAINERF_LOLA,LOLA,TRAINER_CLASS_COOLTRAINERF,92,Blackthorn City,,,,TRAINER_PIC_COOLTRAINERF,,"goldsilver_map=BlackthornGym1F; source=trainer; script_label=TrainerCooltrainerfLola; map_line=116; object_xy=9,2",3,4,,COOLTRAINERF,LOLA,BlackthornGym1F,trainer,116,9,2,manual
TRAINER_COOLTRAINERF_KATE,KATE,TRAINER_CLASS_COOLTRAINERF,69,Route 34,,,,TRAINER_PIC_COOLTRAINERF,,"goldsilver_map=Route34; source=trainer; script_label=TrainerCooltrainerfKate; map_line=356; object_xy=6,51",3,4,,COOLTRAINERF,KATE,Route34,trainer,356,6,51,route
TRAINER_COOLTRAINERF_IRENE,IRENE,TRAINER_CLASS_COOLTRAINERF,69,Route 34,,,,TRAINER_PIC_COOLTRAINERF,,"goldsilver_map=Route34; source=trainer; script_label=TrainerCooltrainerfIrene; map_line=318; object_xy=11,48",3,4,,COOLTRAINERF,IRENE,Route34,trainer,318,11,48,route
TRAINER_COOLTRAINERF_KELLY,KELLY,TRAINER_CLASS_COOLTRAINERF,94,Route 45,,,,TRAINER_PIC_COOLTRAINERF,,"goldsilver_map=Route45; source=trainer; script_label=TrainerCooltrainerfKelly; map_line=203; object_xy=4,36",3,4,,COOLTRAINERF,KELLY,Route45,trainer,203,4,36,route
TRAINER_COOLTRAINERF_JOYCE,JOYCE,TRAINER_CLASS_COOLTRAINERF,98,Route 26,,,,TRAINER_PIC_COOLTRAINERF,,"goldsilver_map=Route26; source=trainer; script_label=TrainerCooltrainerfJoyce; map_line=111; object_xy=10,56",3,4,,COOLTRAINERF,JOYCE,Route26,trainer,111,10,56,route
TRAINER_COOLTRAINERF_BETH1,BETH,TRAINER_CLASS_COOLTRAINERF,98,Route 26,,,,TRAINER_PIC_COOLTRAINERF,,"goldsilver_map=Route26; source=trainer; script_label=TrainerCooltrainerfBeth1; map_line=122; object_xy=5,8",3,4,,COOLTRAINERF,BETH1,Route26,trainer,122,5,8,route
TRAINER_COOLTRAINERF_REENA1,REENA,TRAINER_CLASS_COOLTRAINERF,96,Route 27,,,,TRAINER_PIC_COOLTRAINERF,,"goldsilver_map=Route27; source=trainer; script_label=TrainerCooltrainerfReena; map_line=166; object_xy=72,11",3,4,,COOLTRAINERF,REENA1,Route27,trainer,166,72,11,route
TRAINER_COOLTRAINERF_MEGAN,MEGAN,TRAINER_CLASS_COOLTRAINERF,96,Route 27,,,,TRAINER_PIC_COOLTRAINERF,,"goldsilver_map=Route27; source=trainer; script_label=TrainerCooltrainerfMegan; map_line=249; object_xy=37,6",3,4,,COOLTRAINERF,MEGAN,Route27,trainer,249,37,6,route
TRAINER_COOLTRAINERF_BETH2,BETH,TRAINER_CLASS_COOLTRAINERF,98,Route 26,True,True,,TRAINER_PIC_COOLTRAINERF,,goldsilver_map=Route26; source=loadtrainer; script_label=TrainerCooltrainerfBeth1; map_line=163; rematch variant; base fight should drive current app display,3,4,,COOLTRAINERF,BETH2,Route26,loadtrainer,163,,,route
TRAINER_COOLTRAINERF_CAROL,CAROL,TRAINER_CLASS_COOLTRAINERF,16,Vermilion City,,,,TRAINER_PIC_COOLTRAINERF,,"goldsilver_map=FastShipCabins_NNW_NNE_NE; source=trainer; script_label=TrainerCooltrainerfCarol; map_line=27; object_xy=1,5",3,4,,COOLTRAINERF,CAROL,FastShipCabins_NNW_NNE_NE,trainer,27,1,5,manual
TRAINER_COOLTRAINERF_QUINN,QUINN,TRAINER_CLASS_COOLTRAINERF,3,Route 1,,,,TRAINER_PIC_COOLTRAINERF,,"goldsilver_map=Route1; source=trainer; script_label=TrainerCooltrainerfQuinn; map_line=23; object_xy=3,26",3,4,,COOLTRAINERF,QUINN,Route1,trainer,23,3,26,route
TRAINER_COOLTRAINERF_EMMA,EMMA,TRAINER_CLASS_COOLTRAINERF,64,Union Cave,,,,TRAINER_PIC_COOLTRAINERF,,"goldsilver_map=UnionCaveB2F; source=trainer; script_label=TrainerCooltrainerfEmma; map_line=61; object_xy=3,28",3,4,,COOLTRAINERF,EMMA,UnionCaveB2F,trainer,61,3,28,manual
TRAINER_COOLTRAINERF_CYBIL,CYBIL,TRAINER_CLASS_COOLTRAINERF,90,Route 44,,,,TRAINER_PIC_COOLTRAINERF,,"goldsilver_map=Route44; source=trainer; script_label=TrainerCooltrainerfCybil; map_line=179; object_xy=31,14",3,4,,COOLTRAINERF,CYBIL,Route44,trainer,179,31,14,route
TRAINER_COOLTRAINERF_JENN,JENN,TRAINER_CLASS_COOLTRAINERF,69,Route 34,,,,TRAINER_PIC_COOLTRAINERF,,"goldsilver_map=Route34; source=trainer; script_label=TrainerCooltrainerfJenn; map_line=337; object_xy=3,48",3,4,,COOLTRAINERF,JENN,Route34,trainer,337,3,48,route
TRAINER_COOLTRAINERF_BETH3,BETH,TRAINER_CLASS_COOLTRAINERF,98,Route 26,True,True,,TRAINER_PIC_COOLTRAINERF,,goldsilver_map=Route26; source=loadtrainer; script_label=TrainerCooltrainerfBeth1; map_line=170; rematch variant; base fight should drive current app display,3,4,,COOLTRAINERF,BETH3,Route26,loadtrainer,170,,,route
TRAINER_COOLTRAINERF_REENA2,REENA,TRAINER_CLASS_COOLTRAINERF,96,Route 27,True,True,,TRAINER_PIC_COOLTRAINERF,,goldsilver_map=Route27; source=loadtrainer; script_label=TrainerCooltrainerfReena; map_line=207; rematch variant; base fight should drive current app display,3,4,,COOLTRAINERF,REENA2,Route27,loadtrainer,207,,,route
TRAINER_COOLTRAINERF_REENA3,REENA,TRAINER_CLASS_COOLTRAINERF,96,Route 27,True,True,,TRAINER_PIC_COOLTRAINERF,,goldsilver_map=Route27; source=loadtrainer; script_label=TrainerCooltrainerfReena; map_line=214; rematch variant; base fight should drive current app display,3,4,,COOLTRAINERF,REENA3,Route27,loadtrainer,214,,,route
TRAINER_BEAUTY_VICTORIA,VICTORIA,TRAINER_CLASS_BEAUTY,70,Goldenrod City,,,,TRAINER_PIC_BEAUTY,,"goldsilver_map=GoldenrodGym; source=trainer; script_label=TrainerBeautyVictoria; map_line=129; object_xy=0,2",3,4,,BEAUTY,VICTORIA,GoldenrodGym,trainer,129,0,2,manual
TRAINER_BEAUTY_SAMANTHA,SAMANTHA,TRAINER_CLASS_BEAUTY,70,Goldenrod City,,,,TRAINER_PIC_BEAUTY,,"goldsilver_map=GoldenrodGym; source=trainer; script_label=TrainerBeautySamantha; map_line=140; object_xy=19,5",3,4,,BEAUTY,SAMANTHA,GoldenrodGym,trainer,140,19,5,manual
TRAINER_BEAUTY_JULIE,JULIE,TRAINER_CLASS_BEAUTY,,,,,,TRAINER_PIC_BEAUTY,,party exists in decomp but no map trainer/loadtrainer reference was found,3,4,,BEAUTY,JULIE,,,,,,unreferenced
TRAINER_BEAUTY_JACLYN,JACLYN,TRAINER_CLASS_BEAUTY,,,,,,TRAINER_PIC_BEAUTY,,party exists in decomp but no map trainer/loadtrainer reference was found,3,4,,BEAUTY,JACLYN,,,,,,unreferenced
TRAINER_BEAUTY_BRENDA,BRENDA,TRAINER_CLASS_BEAUTY,,,,,,TRAINER_PIC_BEAUTY,,party exists in decomp but no map trainer/loadtrainer reference was found,3,4,,BEAUTY,BRENDA,,,,,,unreferenced
TRAINER_BEAUTY_CASSIE,CASSIE,TRAINER_CLASS_BEAUTY,16,Vermilion City,,,,TRAINER_PIC_BEAUTY,,"goldsilver_map=FastShipCabins_SW_SSW_NW; source=trainer; script_label=TrainerBeautyCassie; map_line=35; object_xy=1,26",3,4,,BEAUTY,CASSIE,FastShipCabins_SW_SSW_NW,trainer,35,1,26,manual
TRAINER_BEAUTY_CAROLINE,CAROLINE,TRAINER_CLASS_BEAUTY,,,,,,TRAINER_PIC_BEAUTY,,party exists in decomp but no map trainer/loadtrainer reference was found,3,4,,BEAUTY,CAROLINE,,,,,,unreferenced
TRAINER_BEAUTY_CARLENE,CARLENE,TRAINER_CLASS_BEAUTY,,,,,,TRAINER_PIC_BEAUTY,,party exists in decomp but no map trainer/loadtrainer reference was found,3,4,,BEAUTY,CARLENE,,,,,,unreferenced
TRAINER_BEAUTY_JESSICA,JESSICA,TRAINER_CLASS_BEAUTY,,,,,,TRAINER_PIC_BEAUTY,,party exists in decomp but no map trainer/loadtrainer reference was found,3,4,,BEAUTY,JESSICA,,,,,,unreferenced
TRAINER_BEAUTY_RACHAEL,RACHAEL,TRAINER_CLASS_BEAUTY,,,,,,TRAINER_PIC_BEAUTY,,party exists in decomp but no map trainer/loadtrainer reference was found,3,4,,BEAUTY,RACHAEL,,,,,,unreferenced
TRAINER_BEAUTY_ANGELICA,ANGELICA,TRAINER_CLASS_BEAUTY,,,,,,TRAINER_PIC_BEAUTY,,party exists in decomp but no map trainer/loadtrainer reference was found,3,4,,BEAUTY,ANGELICA,,,,,,unreferenced
TRAINER_BEAUTY_KENDRA,KENDRA,TRAINER_CLASS_BEAUTY,,,,,,TRAINER_PIC_BEAUTY,,party exists in decomp but no map trainer/loadtrainer reference was found,3,4,,BEAUTY,KENDRA,,,,,,unreferenced
TRAINER_BEAUTY_VERONICA,VERONICA,TRAINER_CLASS_BEAUTY,,,,,,TRAINER_PIC_BEAUTY,,party exists in decomp but no map trainer/loadtrainer reference was found,3,4,,BEAUTY,VERONICA,,,,,,unreferenced
TRAINER_BEAUTY_JULIA,JULIA,TRAINER_CLASS_BEAUTY,,,,,,TRAINER_PIC_BEAUTY,,"goldsilver_map=CeladonGym; source=trainer; script_label=TrainerBeautyJulia; map_line=73; object_xy=3,5; canonical candidate 26 Celadon City is not in Crystal event_locations",3,4,,BEAUTY,JULIA,CeladonGym,trainer,73,3,5,canon_not_in_event
TRAINER_BEAUTY_THERESA,THERESA,TRAINER_CLASS_BEAUTY,,,,,,TRAINER_PIC_BEAUTY,,party exists in decomp but no map trainer/loadtrainer reference was found,3,4,,BEAUTY,THERESA,,,,,,unreferenced
TRAINER_BEAUTY_VALERIE,VALERIE,TRAINER_CLASS_BEAUTY,78,Route 38,,,,TRAINER_PIC_BEAUTY,,"goldsilver_map=Route38; source=trainer; script_label=TrainerBeautyValerie; map_line=203; object_xy=9,6",3,4,,BEAUTY,VALERIE,Route38,trainer,203,9,6,route
TRAINER_POKEMANIAC_LARRY,LARRY,TRAINER_CLASS_POKEMANIAC,64,Union Cave,,,,TRAINER_PIC_POKEMANIAC,,"goldsilver_map=UnionCave1F; source=trainer; script_label=TrainerPokemaniacLarry; map_line=18; object_xy=4,21",3,4,,POKEMANIAC,LARRY,UnionCave1F,trainer,18,4,21,manual
TRAINER_POKEMANIAC_ANDREW,ANDREW,TRAINER_CLASS_POKEMANIAC,64,Union Cave,,,,TRAINER_PIC_POKEMANIAC,,"goldsilver_map=UnionCaveB1F; source=trainer; script_label=TrainerPokemaniacAndrew; map_line=16; object_xy=5,32",3,4,,POKEMANIAC,ANDREW,UnionCaveB1F,trainer,16,5,32,manual
TRAINER_POKEMANIAC_CALVIN,CALVIN,TRAINER_CLASS_POKEMANIAC,64,Union Cave,,,,TRAINER_PIC_POKEMANIAC,,"goldsilver_map=UnionCaveB1F; source=trainer; script_label=TrainerPokemaniacCalvin; map_line=27; object_xy=17,30",3,4,,POKEMANIAC,CALVIN,UnionCaveB1F,trainer,27,17,30,manual
TRAINER_POKEMANIAC_SHANE,SHANE,TRAINER_CLASS_POKEMANIAC,85,Route 42,,,,TRAINER_PIC_POKEMANIAC,,"goldsilver_map=Route42; source=trainer; script_label=TrainerPokemaniacShane; map_line=100; object_xy=47,8",3,4,,POKEMANIAC,SHANE,Route42,trainer,100,47,8,route
TRAINER_POKEMANIAC_BEN,BEN,TRAINER_CLASS_POKEMANIAC,87,Route 43,,,,TRAINER_PIC_POKEMANIAC,,"goldsilver_map=Route43; source=trainer; script_label=TrainerPokemaniacBen; map_line=39; object_xy=14,6",3,4,,POKEMANIAC,BEN,Route43,trainer,39,14,6,route
TRAINER_POKEMANIAC_BRENT1,BRENT,TRAINER_CLASS_POKEMANIAC,87,Route 43,,,,TRAINER_PIC_POKEMANIAC,,"goldsilver_map=Route43; source=trainer; script_label=TrainerPokemaniacBrent; map_line=50; object_xy=13,20",3,4,,POKEMANIAC,BRENT1,Route43,trainer,50,13,20,route
TRAINER_POKEMANIAC_RON,RON,TRAINER_CLASS_POKEMANIAC,87,Route 43,,,,TRAINER_PIC_POKEMANIAC,,"goldsilver_map=Route43; source=trainer; script_label=TrainerPokemaniacRon; map_line=133; object_xy=13,7",3,4,,POKEMANIAC,RON,Route43,trainer,133,13,7,route
TRAINER_POKEMANIAC_ETHAN,ETHAN,TRAINER_CLASS_POKEMANIAC,16,Vermilion City,,,,TRAINER_PIC_POKEMANIAC,,"goldsilver_map=FastShipCabins_NNW_NNE_NE; source=trainer; script_label=TrainerPokemaniacEthan; map_line=38; object_xy=1,5",3,4,,POKEMANIAC,ETHAN,FastShipCabins_NNW_NNE_NE,trainer,38,1,5,manual
TRAINER_POKEMANIAC_BRENT2,BRENT,TRAINER_CLASS_POKEMANIAC,87,Route 43,True,True,,TRAINER_PIC_POKEMANIAC,,goldsilver_map=Route43; source=loadtrainer; script_label=TrainerPokemaniacBrent; map_line=91; rematch variant; base fight should drive current app display,3,4,,POKEMANIAC,BRENT2,Route43,loadtrainer,91,,,route
TRAINER_POKEMANIAC_BRENT3,BRENT,TRAINER_CLASS_POKEMANIAC,87,Route 43,True,True,,TRAINER_PIC_POKEMANIAC,,goldsilver_map=Route43; source=loadtrainer; script_label=TrainerPokemaniacBrent; map_line=98; rematch variant; base fight should drive current app display,3,4,,POKEMANIAC,BRENT3,Route43,loadtrainer,98,,,route
TRAINER_POKEMANIAC_ISSAC,ISSAC,TRAINER_CLASS_POKEMANIAC,70,Goldenrod City,,,,TRAINER_PIC_POKEMANIAC,,"goldsilver_map=GoldenrodUnderground; source=trainer; script_label=TrainerPokemaniacIssac; map_line=137; object_xy=3,27",3,4,,POKEMANIAC,ISSAC,GoldenrodUnderground,trainer,137,3,27,manual
TRAINER_POKEMANIAC_DONALD,DONALD,TRAINER_CLASS_POKEMANIAC,70,Goldenrod City,,,,TRAINER_PIC_POKEMANIAC,,"goldsilver_map=GoldenrodUnderground; source=trainer; script_label=TrainerPokemaniacDonald; map_line=148; object_xy=2,6",3,4,,POKEMANIAC,DONALD,GoldenrodUnderground,trainer,148,2,6,manual
TRAINER_POKEMANIAC_ZACH,ZACH,TRAINER_CLASS_POKEMANIAC,90,Route 44,,,,TRAINER_PIC_POKEMANIAC,,"goldsilver_map=Route44; source=trainer; script_label=TrainerPokemaniacZach; map_line=190; object_xy=35,2",3,4,,POKEMANIAC,ZACH,Route44,trainer,190,35,2,route
TRAINER_GRUNTM_GRUNTM_1,GRUNT,TRAINER_CLASS_GRUNTM,67,Slowpoke Well,,,,TRAINER_PIC_GRUNTM,,"goldsilver_map=SlowpokeWellB1F; source=trainer; script_label=TrainerGruntM1; map_line=32; object_xy=5,2",3,4,,GRUNTM,GRUNTM_1,SlowpokeWellB1F,trainer,32,5,2,manual
TRAINER_GRUNTM_GRUNTM_2,GRUNT,TRAINER_CLASS_GRUNTM,67,Slowpoke Well,,,,TRAINER_PIC_GRUNTM,,"goldsilver_map=SlowpokeWellB1F; source=trainer; script_label=TrainerGruntM2; map_line=75; object_xy=5,6",3,4,,GRUNTM,GRUNTM_2,SlowpokeWellB1F,trainer,75,5,6,manual
TRAINER_GRUNTM_GRUNTM_3,GRUNT,TRAINER_CLASS_GRUNTM,70,Goldenrod City,,,,TRAINER_PIC_GRUNTM,,"goldsilver_map=RadioTower1F; source=trainer; script_label=TrainerGruntM3; map_line=187; object_xy=14,1",3,4,,GRUNTM,GRUNTM_3,RadioTower1F,trainer,187,14,1,manual
TRAINER_GRUNTM_GRUNTM_4,GRUNT,TRAINER_CLASS_GRUNTM,70,Goldenrod City,,,,TRAINER_PIC_GRUNTM,,"goldsilver_map=RadioTower2F; source=trainer; script_label=TrainerGruntM4; map_line=54; object_xy=1,4",3,4,,GRUNTM,GRUNTM_4,RadioTower2F,trainer,54,1,4,manual
TRAINER_GRUNTM_GRUNTM_5,GRUNT,TRAINER_CLASS_GRUNTM,70,Goldenrod City,,,,TRAINER_PIC_GRUNTM,,"goldsilver_map=RadioTower2F; source=trainer; script_label=TrainerGruntM5; map_line=65; object_xy=8,4",3,4,,GRUNTM,GRUNTM_5,RadioTower2F,trainer,65,8,4,manual
TRAINER_GRUNTM_GRUNTM_6,GRUNT,TRAINER_CLASS_GRUNTM,70,Goldenrod City,,,,TRAINER_PIC_GRUNTM,,"goldsilver_map=RadioTower2F; source=trainer; script_label=TrainerGruntM6; map_line=76; object_xy=4,1",3,4,,GRUNTM,GRUNTM_6,RadioTower2F,trainer,76,4,1,manual
TRAINER_GRUNTM_GRUNTM_7,GRUNT,TRAINER_CLASS_GRUNTM,70,Goldenrod City,,,,TRAINER_PIC_GRUNTM,,"goldsilver_map=RadioTower3F; source=trainer; script_label=TrainerGruntM7; map_line=84; object_xy=5,1",3,4,,GRUNTM,GRUNTM_7,RadioTower3F,trainer,84,5,1,manual
TRAINER_GRUNTM_GRUNTM_8,GRUNT,TRAINER_CLASS_GRUNTM,70,Goldenrod City,,,,TRAINER_PIC_GRUNTM,,"goldsilver_map=RadioTower3F; source=trainer; script_label=TrainerGruntM8; map_line=95; object_xy=6,2",3,4,,GRUNTM,GRUNTM_8,RadioTower3F,trainer,95,6,2,manual
TRAINER_GRUNTM_GRUNTM_9,GRUNT,TRAINER_CLASS_GRUNTM,70,Goldenrod City,,,,TRAINER_PIC_GRUNTM,,"goldsilver_map=RadioTower3F; source=trainer; script_label=TrainerGruntM9; map_line=106; object_xy=16,6",3,4,,GRUNTM,GRUNTM_9,RadioTower3F,trainer,106,16,6,manual
TRAINER_GRUNTM_GRUNTM_10,GRUNT,TRAINER_CLASS_GRUNTM,70,Goldenrod City,,,,TRAINER_PIC_GRUNTM,,"goldsilver_map=RadioTower4F; source=trainer; script_label=TrainerGruntM10; map_line=57; object_xy=5,6",3,4,,GRUNTM,GRUNTM_10,RadioTower4F,trainer,57,5,6,manual
TRAINER_GRUNTM_GRUNTM_11,GRUNT,TRAINER_CLASS_GRUNTM,70,Goldenrod City,,,,TRAINER_PIC_GRUNTM,,"goldsilver_map=GoldenrodUndergroundSwitchRoomEntrances; source=trainer; script_label=TrainerGruntM11; map_line=173; object_xy=11,2",3,4,,GRUNTM,GRUNTM_11,GoldenrodUndergroundSwitchRoomEntrances,trainer,173,11,2,manual
TRAINER_GRUNTM_GRUNTM_12,EXECUTIVE,TRAINER_CLASS_GRUNTM,,,,,,TRAINER_PIC_GRUNTM,,party exists in decomp but no map trainer/loadtrainer reference was found,3,4,,GRUNTM,GRUNTM_12,,,,,,unreferenced
TRAINER_GRUNTM_GRUNTM_13,GRUNT,TRAINER_CLASS_GRUNTM,70,Goldenrod City,,,,TRAINER_PIC_GRUNTM,,"goldsilver_map=GoldenrodUndergroundSwitchRoomEntrances; source=trainer; script_label=TrainerGruntM13; map_line=217; object_xy=17,2",3,4,,GRUNTM,GRUNTM_13,GoldenrodUndergroundSwitchRoomEntrances,trainer,217,17,2,manual
TRAINER_GRUNTM_GRUNTM_14,GRUNT,TRAINER_CLASS_GRUNTM,70,Goldenrod City,,,,TRAINER_PIC_GRUNTM,,"goldsilver_map=GoldenrodUndergroundWarehouse; source=trainer; script_label=TrainerGruntM14; map_line=47; object_xy=8,15",3,4,,GRUNTM,GRUNTM_14,GoldenrodUndergroundWarehouse,trainer,47,8,15,manual
TRAINER_GRUNTM_GRUNTM_15,GRUNT,TRAINER_CLASS_GRUNTM,70,Goldenrod City,,,,TRAINER_PIC_GRUNTM,,"goldsilver_map=GoldenrodUndergroundWarehouse; source=trainer; script_label=TrainerGruntM15; map_line=58; object_xy=14,3",3,4,,GRUNTM,GRUNTM_15,GoldenrodUndergroundWarehouse,trainer,58,14,3,manual
TRAINER_GRUNTM_GRUNTM_16,GRUNT,TRAINER_CLASS_GRUNTM,89,Rocket Hideout,,,,TRAINER_PIC_GRUNTM,,"goldsilver_map=TeamRocketBaseB1F; source=trainer; script_label=TrainerGruntM16; map_line=493; object_xy=2,4",3,4,,GRUNTM,GRUNTM_16,TeamRocketBaseB1F,trainer,493,2,4,manual
TRAINER_GRUNTM_GRUNTM_17,GRUNT,TRAINER_CLASS_GRUNTM,89,Rocket Hideout,,,,TRAINER_PIC_GRUNTM,,"goldsilver_map=TeamRocketBaseB2F; source=trainer; script_label=TrainerGruntM17; map_line=189; object_xy=25,13",3,4,,GRUNTM,GRUNTM_17,TeamRocketBaseB2F,trainer,189,25,13,manual
TRAINER_GRUNTM_GRUNTM_18,GRUNT,TRAINER_CLASS_GRUNTM,89,Rocket Hideout,,,,TRAINER_PIC_GRUNTM,,"goldsilver_map=TeamRocketBaseB2F; source=trainer; script_label=TrainerGruntM18; map_line=200; object_xy=2,1",3,4,,GRUNTM,GRUNTM_18,TeamRocketBaseB2F,trainer,200,2,1,manual
TRAINER_GRUNTM_GRUNTM_19,GRUNT,TRAINER_CLASS_GRUNTM,89,Rocket Hideout,,,,TRAINER_PIC_GRUNTM,,"goldsilver_map=TeamRocketBaseB2F; source=trainer; script_label=TrainerGruntM19; map_line=211; object_xy=21,14",3,4,,GRUNTM,GRUNTM_19,TeamRocketBaseB2F,trainer,211,21,14,manual
TRAINER_GRUNTM_GRUNTM_20,GRUNT,TRAINER_CLASS_GRUNTM,89,Rocket Hideout,,True,,TRAINER_PIC_GRUNTM,,goldsilver_map=TeamRocketBaseB1F; source=loadtrainer; script_label=TrainerCameraGrunt1; map_line=239,3,4,,GRUNTM,GRUNTM_20,TeamRocketBaseB1F,loadtrainer,239,,,manual
TRAINER_GRUNTM_GRUNTM_21,GRUNT,TRAINER_CLASS_GRUNTM,89,Rocket Hideout,,True,,TRAINER_PIC_GRUNTM,,goldsilver_map=TeamRocketBaseB1F; source=loadtrainer; script_label=TrainerCameraGrunt2; map_line=252,3,4,,GRUNTM,GRUNTM_21,TeamRocketBaseB1F,loadtrainer,252,,,manual
TRAINER_GRUNTM_GRUNTM_22,EXECUTIVE,TRAINER_CLASS_GRUNTM,,,,,,TRAINER_PIC_GRUNTM,,party exists in decomp but no map trainer/loadtrainer reference was found,3,4,,GRUNTM,GRUNTM_22,,,,,,unreferenced
TRAINER_GRUNTM_GRUNTM_23,EXECUTIVE,TRAINER_CLASS_GRUNTM,,,,,,TRAINER_PIC_GRUNTM,,party exists in decomp but no map trainer/loadtrainer reference was found,3,4,,GRUNTM,GRUNTM_23,,,,,,unreferenced
TRAINER_GRUNTM_GRUNTM_24,GRUNT,TRAINER_CLASS_GRUNTM,70,Goldenrod City,,,,TRAINER_PIC_GRUNTM,,"goldsilver_map=GoldenrodUndergroundWarehouse; source=trainer; script_label=TrainerGruntM24; map_line=36; object_xy=9,8",3,4,,GRUNTM,GRUNTM_24,GoldenrodUndergroundWarehouse,trainer,36,9,8,manual
TRAINER_GRUNTM_GRUNTM_25,GRUNT,TRAINER_CLASS_GRUNTM,70,Goldenrod City,,,,TRAINER_PIC_GRUNTM,,"goldsilver_map=GoldenrodUndergroundSwitchRoomEntrances; source=trainer; script_label=TrainerGruntM25; map_line=184; object_xy=3,2",3,4,,GRUNTM,GRUNTM_25,GoldenrodUndergroundSwitchRoomEntrances,trainer,184,3,2,manual
TRAINER_GRUNTM_GRUNTM_26,GRUNT,TRAINER_CLASS_GRUNTM,,,,,,TRAINER_PIC_GRUNTM,,party exists in decomp but no map trainer/loadtrainer reference was found,3,4,,GRUNTM,GRUNTM_26,,,,,,unreferenced
TRAINER_GRUNTM_GRUNTM_27,EXECUTIVE,TRAINER_CLASS_GRUNTM,,,,,,TRAINER_PIC_GRUNTM,,party exists in decomp but no map trainer/loadtrainer reference was found,3,4,,GRUNTM,GRUNTM_27,,,,,,unreferenced
TRAINER_GRUNTM_GRUNTM_28,GRUNT,TRAINER_CLASS_GRUNTM,89,Rocket Hideout,,,,TRAINER_PIC_GRUNTM,,"goldsilver_map=TeamRocketBaseB3F; source=trainer; script_label=RaticateTailGrunt; map_line=140; object_xy=5,15",3,4,,GRUNTM,GRUNTM_28,TeamRocketBaseB3F,trainer,140,5,15,manual
TRAINER_GRUNTM_GRUNTM_29,GRUNT,TRAINER_CLASS_GRUNTM,67,Slowpoke Well,,,,TRAINER_PIC_GRUNTM,,"goldsilver_map=SlowpokeWellB1F; source=trainer; script_label=TrainerGruntM29; map_line=21; object_xy=14,8",3,4,,GRUNTM,GRUNTM_29,SlowpokeWellB1F,trainer,21,14,8,manual
TRAINER_GRUNTM_GRUNTM_30,GRUNT,TRAINER_CLASS_GRUNTM,,,,,,TRAINER_PIC_GRUNTM,,party exists in decomp but no map trainer/loadtrainer reference was found,3,4,,GRUNTM,GRUNTM_30,,,,,,unreferenced
TRAINER_GRUNTM_GRUNTM_31,GRUNT,TRAINER_CLASS_GRUNTM,12,Route 24,,True,,TRAINER_PIC_GRUNTM,,goldsilver_map=Route24; source=loadtrainer; script_label=Route24RocketScript; map_line=17,3,4,,GRUNTM,GRUNTM_31,Route24,loadtrainer,17,,,route
TRAINER_GENTLEMAN_PRESTON,PRESTON,TRAINER_CLASS_GENTLEMAN,80,Olivine City,,,,TRAINER_PIC_GENTLEMAN,,"goldsilver_map=OlivineLighthouse3F; source=trainer; script_label=TrainerGentlemanPreston; map_line=24; object_xy=13,5",3,4,,GENTLEMAN,PRESTON,OlivineLighthouse3F,trainer,24,13,5,manual
TRAINER_GENTLEMAN_EDWARD,EDWARD,TRAINER_CLASS_GENTLEMAN,16,Vermilion City,,,,TRAINER_PIC_GENTLEMAN,,"goldsilver_map=FastShipCabins_NNW_NNE_NE; source=trainer; script_label=TrainerGentlemanEdward; map_line=60; object_xy=7,30",3,4,,GENTLEMAN,EDWARD,FastShipCabins_NNW_NNE_NE,trainer,60,7,30,manual
TRAINER_GENTLEMAN_GREGORY,GREGORY,TRAINER_CLASS_GENTLEMAN,16,Vermilion City,,,,TRAINER_PIC_GENTLEMAN,,"goldsilver_map=VermilionGym; source=trainer; script_label=TrainerGentlemanGregory; map_line=46; object_xy=8,8",3,4,,GENTLEMAN,GREGORY,VermilionGym,trainer,46,8,8,manual
TRAINER_GENTLEMAN_VIRGIL,VIRGIL,TRAINER_CLASS_GENTLEMAN,,,,,,TRAINER_PIC_GENTLEMAN,,party exists in decomp but no map trainer/loadtrainer reference was found,3,4,,GENTLEMAN,VIRGIL,,,,,,unreferenced
TRAINER_GENTLEMAN_ALFRED,ALFRED,TRAINER_CLASS_GENTLEMAN,80,Olivine City,,,,TRAINER_PIC_GENTLEMAN,,"goldsilver_map=OlivineLighthouse2F; source=trainer; script_label=TrainerGentlemanAlfred; map_line=11; object_xy=17,8",3,4,,GENTLEMAN,ALFRED,OlivineLighthouse2F,trainer,11,17,8,manual
TRAINER_SKIER_ROXANNE,ROXANNE,TRAINER_CLASS_SKIER,,,,,,TRAINER_PIC_SKIER,,"goldsilver_map=MahoganyGym; source=trainer; script_label=TrainerSkierRoxanne; map_line=72; object_xy=4,6; no canonical event_location match in current Crystal script",3,4,,SKIER,ROXANNE,MahoganyGym,trainer,72,4,6,manual_missing
TRAINER_SKIER_CLARISSA,CLARISSA,TRAINER_CLASS_SKIER,,,,,,TRAINER_PIC_SKIER,,"goldsilver_map=MahoganyGym; source=trainer; script_label=TrainerSkierClarissa; map_line=83; object_xy=9,17; no canonical event_location match in current Crystal script",3,4,,SKIER,CLARISSA,MahoganyGym,trainer,83,9,17,manual_missing
TRAINER_TEACHER_COLETTE,COLETTE,TRAINER_CLASS_TEACHER,34,Route 15,,,,TRAINER_PIC_TEACHER,,"goldsilver_map=Route15; source=trainer; script_label=TrainerTeacherColette; map_line=16; object_xy=30,12",3,4,,TEACHER,COLETTE,Route15,trainer,16,30,12,route
TRAINER_TEACHER_HILLARY,HILLARY,TRAINER_CLASS_TEACHER,34,Route 15,,,,TRAINER_PIC_TEACHER,,"goldsilver_map=Route15; source=trainer; script_label=TrainerTeacherHillary; map_line=27; object_xy=16,10",3,4,,TEACHER,HILLARY,Route15,trainer,27,16,10,route
TRAINER_TEACHER_SHIRLEY,SHIRLEY,TRAINER_CLASS_TEACHER,16,Vermilion City,,,,TRAINER_PIC_TEACHER,,"goldsilver_map=FastShipB1F; source=trainer; script_label=TrainerTeacherShirley; map_line=172; object_xy=9,11",3,4,,TEACHER,SHIRLEY,FastShipB1F,trainer,172,9,11,manual
TRAINER_SABRINA_SABRINA1,SABRINA,TRAINER_CLASS_SABRINA,,,,True,,TRAINER_PIC_SABRINA,,goldsilver_map=SaffronGym; source=loadtrainer; script_label=SaffronGymSabrinaScript; map_line=23; canonical candidate 27 Saffron City is not in Crystal event_locations,3,4,,SABRINA,SABRINA1,SaffronGym,loadtrainer,23,,,canon_not_in_event
TRAINER_BUG_CATCHER_DON,DON,TRAINER_CLASS_BUG_CATCHER,57,Route 30,,,,TRAINER_PIC_BUG_CATCHER,,"goldsilver_map=Route30; source=trainer; script_label=TrainerBugCatcherDon; map_line=133; object_xy=4,7",3,4,,BUG_CATCHER,DON,Route30,trainer,133,4,7,route
TRAINER_BUG_CATCHER_ROB,ROB,TRAINER_CLASS_BUG_CATCHER,6,Route 2,,,,TRAINER_PIC_BUG_CATCHER,,"goldsilver_map=Route2; source=trainer; script_label=TrainerBugCatcherRob; map_line=17; object_xy=10,45",3,4,,BUG_CATCHER,ROB,Route2,trainer,17,10,45,route
TRAINER_BUG_CATCHER_ED,ED,TRAINER_CLASS_BUG_CATCHER,6,Route 2,,,,TRAINER_PIC_BUG_CATCHER,,"goldsilver_map=Route2; source=trainer; script_label=TrainerBugCatcherEd; map_line=28; object_xy=5,5",3,4,,BUG_CATCHER,ED,Route2,trainer,28,5,5,route
TRAINER_BUG_CATCHER_WADE1,WADE,TRAINER_CLASS_BUG_CATCHER,58,Route 31,,,,TRAINER_PIC_BUG_CATCHER,,"goldsilver_map=Route31; source=trainer; script_label=TrainerBugCatcherWade1; map_line=26; object_xy=18,15",3,4,,BUG_CATCHER,WADE1,Route31,trainer,26,18,15,route
TRAINER_BUG_CATCHER_BENNY,BENNY,TRAINER_CLASS_BUG_CATCHER,66,Azalea Town,,,,TRAINER_PIC_BUG_CATCHER,,"goldsilver_map=AzaleaGym; source=trainer; script_label=TrainerBugCatcherBenny; map_line=93; object_xy=5,3",3,4,,BUG_CATCHER,BENNY,AzaleaGym,trainer,93,5,3,manual
TRAINER_BUG_CATCHER_AL,AL,TRAINER_CLASS_BUG_CATCHER,66,Azalea Town,,,,TRAINER_PIC_BUG_CATCHER,,"goldsilver_map=AzaleaGym; source=trainer; script_label=TrainerBugCatcherAl; map_line=104; object_xy=8,8",3,4,,BUG_CATCHER,AL,AzaleaGym,trainer,104,8,8,manual
TRAINER_BUG_CATCHER_JOSH,JOSH,TRAINER_CLASS_BUG_CATCHER,66,Azalea Town,,,,TRAINER_PIC_BUG_CATCHER,,"goldsilver_map=AzaleaGym; source=trainer; script_label=TrainerBugCatcherJosh; map_line=115; object_xy=0,2",3,4,,BUG_CATCHER,JOSH,AzaleaGym,trainer,115,0,2,manual
TRAINER_BUG_CATCHER_ARNIE1,ARNIE,TRAINER_CLASS_BUG_CATCHER,71,Route 35,,,,TRAINER_PIC_BUG_CATCHER,,"goldsilver_map=Route35; source=trainer; script_label=TrainerBugCatcherArnie; map_line=158; object_xy=16,7",3,4,,BUG_CATCHER,ARNIE1,Route35,trainer,158,16,7,route
TRAINER_BUG_CATCHER_KEN,KEN,TRAINER_CLASS_BUG_CATCHER,16,Vermilion City,,,,TRAINER_PIC_BUG_CATCHER,,"goldsilver_map=FastShipCabins_SW_SSW_NW; source=trainer; script_label=TrainerBugCatcherKen; map_line=24; object_xy=6,15",3,4,,BUG_CATCHER,KEN,FastShipCabins_SW_SSW_NW,trainer,24,6,15,manual
TRAINER_BUG_CATCHER_WADE2,WADE,TRAINER_CLASS_BUG_CATCHER,58,Route 31,True,True,,TRAINER_PIC_BUG_CATCHER,,goldsilver_map=Route31; source=loadtrainer; script_label=TrainerBugCatcherWade1; map_line=67; rematch variant; base fight should drive current app display,3,4,,BUG_CATCHER,WADE2,Route31,loadtrainer,67,,,route
TRAINER_BUG_CATCHER_WADE3,WADE,TRAINER_CLASS_BUG_CATCHER,58,Route 31,True,True,,TRAINER_PIC_BUG_CATCHER,,goldsilver_map=Route31; source=loadtrainer; script_label=TrainerBugCatcherWade1; map_line=74; rematch variant; base fight should drive current app display,3,4,,BUG_CATCHER,WADE3,Route31,loadtrainer,74,,,route
TRAINER_BUG_CATCHER_DOUG,DOUG,TRAINER_CLASS_BUG_CATCHER,6,Route 2,,,,TRAINER_PIC_BUG_CATCHER,,"goldsilver_map=Route2; source=trainer; script_label=TrainerBugCatcherDoug; map_line=39; object_xy=4,43",3,4,,BUG_CATCHER,DOUG,Route2,trainer,39,4,43,route
TRAINER_BUG_CATCHER_ARNIE2,ARNIE,TRAINER_CLASS_BUG_CATCHER,71,Route 35,True,True,,TRAINER_PIC_BUG_CATCHER,,goldsilver_map=Route35; source=loadtrainer; script_label=TrainerBugCatcherArnie; map_line=199; rematch variant; base fight should drive current app display,3,4,,BUG_CATCHER,ARNIE2,Route35,loadtrainer,199,,,route
TRAINER_BUG_CATCHER_ARNIE3,ARNIE,TRAINER_CLASS_BUG_CATCHER,71,Route 35,True,True,,TRAINER_PIC_BUG_CATCHER,,goldsilver_map=Route35; source=loadtrainer; script_label=TrainerBugCatcherArnie; map_line=206; rematch variant; base fight should drive current app display,3,4,,BUG_CATCHER,ARNIE3,Route35,loadtrainer,206,,,route
TRAINER_FISHER_JUSTIN,JUSTIN,TRAINER_CLASS_FISHER,62,Route 32,,,,TRAINER_PIC_FISHER,,"goldsilver_map=Route32; source=trainer; script_label=TrainerFisherJustin; map_line=156; object_xy=8,49",3,4,,FISHER,JUSTIN,Route32,trainer,156,8,49,route
TRAINER_FISHER_RALPH1,RALPH,TRAINER_CLASS_FISHER,62,Route 32,,,,TRAINER_PIC_FISHER,,"goldsilver_map=Route32; source=trainer; script_label=TrainerFisherRalph1; map_line=167; object_xy=12,56",3,4,,FISHER,RALPH1,Route32,trainer,167,12,56,route
TRAINER_FISHER_ARNOLD,ARNOLD,TRAINER_CLASS_FISHER,46,Route 21,,,,TRAINER_PIC_FISHER,,"goldsilver_map=Route21; source=trainer; script_label=TrainerFisherArnold; map_line=34; object_xy=14,22",3,4,,FISHER,ARNOLD,Route21,trainer,34,14,22,route
TRAINER_FISHER_KYLE,KYLE,TRAINER_CLASS_FISHER,23,Route 12,,,,TRAINER_PIC_FISHER,,"goldsilver_map=Route12; source=trainer; script_label=TrainerFisherKyle; map_line=15; object_xy=6,6",3,4,,FISHER,KYLE,Route12,trainer,15,6,6,route
TRAINER_FISHER_HENRY,HENRY,TRAINER_CLASS_FISHER,62,Route 32,,,,TRAINER_PIC_FISHER,,"goldsilver_map=Route32; source=trainer; script_label=TrainerFisherHenry; map_line=250; object_xy=6,48",3,4,,FISHER,HENRY,Route32,trainer,250,6,48,route
TRAINER_FISHER_MARVIN,MARVIN,TRAINER_CLASS_FISHER,87,Route 43,,,,TRAINER_PIC_FISHER,,"goldsilver_map=Route43; source=trainer; script_label=TrainerFisherMarvin; map_line=144; object_xy=4,16",3,4,,FISHER,MARVIN,Route43,trainer,144,4,16,route
TRAINER_FISHER_CHRIS1,CHRIS,TRAINER_CLASS_FISHER,85,Route 42,,,,TRAINER_PIC_FISHER,,"goldsilver_map=Route42; source=trainer; script_label=TrainerFisherChris; map_line=17; object_xy=40,10",3,4,,FISHER,CHRIS1,Route42,trainer,17,40,10,route
TRAINER_FISHER_ANDRE,ANDRE,TRAINER_CLASS_FISHER,88,Lake of Rage,,,,TRAINER_PIC_FISHER,,"goldsilver_map=LakeOfRage; source=trainer; script_label=TrainerFisherAndre; map_line=147; object_xy=30,23",3,4,,FISHER,ANDRE,LakeOfRage,trainer,147,30,23,direct
TRAINER_FISHER_RAYMOND,RAYMOND,TRAINER_CLASS_FISHER,88,Lake of Rage,,,,TRAINER_PIC_FISHER,,"goldsilver_map=LakeOfRage; source=trainer; script_label=TrainerFisherRaymond; map_line=158; object_xy=24,26",3,4,,FISHER,RAYMOND,LakeOfRage,trainer,158,24,26,direct
TRAINER_FISHER_WILTON1,WILTON,TRAINER_CLASS_FISHER,90,Route 44,,,,TRAINER_PIC_FISHER,,"goldsilver_map=Route44; source=trainer; script_label=TrainerFisherWilton1; map_line=113; object_xy=42,5",3,4,,FISHER,WILTON1,Route44,trainer,113,42,5,route
TRAINER_FISHER_EDGAR,EDGAR,TRAINER_CLASS_FISHER,90,Route 44,,,,TRAINER_PIC_FISHER,,"goldsilver_map=Route44; source=trainer; script_label=TrainerFisherEdgar; map_line=168; object_xy=19,13",3,4,,FISHER,EDGAR,Route44,trainer,168,19,13,route
TRAINER_FISHER_JONAH,JONAH,TRAINER_CLASS_FISHER,16,Vermilion City,,,,TRAINER_PIC_FISHER,,"goldsilver_map=FastShipB1F; source=trainer; script_label=TrainerFisherJonah; map_line=139; object_xy=25,8",3,4,,FISHER,JONAH,FastShipB1F,trainer,139,25,8,manual
TRAINER_FISHER_MARTIN,MARTIN,TRAINER_CLASS_FISHER,23,Route 12,,,,TRAINER_PIC_FISHER,,"goldsilver_map=Route12; source=trainer; script_label=TrainerFisherMartin; map_line=26; object_xy=5,15",3,4,,FISHER,MARTIN,Route12,trainer,26,5,15,route
TRAINER_FISHER_STEPHEN,STEPHEN,TRAINER_CLASS_FISHER,23,Route 12,,,,TRAINER_PIC_FISHER,,"goldsilver_map=Route12; source=trainer; script_label=TrainerFisherStephen; map_line=37; object_xy=15,28",3,4,,FISHER,STEPHEN,Route12,trainer,37,15,28,route
TRAINER_FISHER_BARNEY,BARNEY,TRAINER_CLASS_FISHER,23,Route 12,,,,TRAINER_PIC_FISHER,,"goldsilver_map=Route12; source=trainer; script_label=TrainerFisherBarney; map_line=48; object_xy=13,39",3,4,,FISHER,BARNEY,Route12,trainer,48,13,39,route
TRAINER_FISHER_RALPH2,RALPH,TRAINER_CLASS_FISHER,62,Route 32,True,True,,TRAINER_PIC_FISHER,,goldsilver_map=Route32; source=loadtrainer; script_label=TrainerFisherRalph1; map_line=208; rematch variant; base fight should drive current app display,3,4,,FISHER,RALPH2,Route32,loadtrainer,208,,,route
TRAINER_FISHER_RALPH3,RALPH,TRAINER_CLASS_FISHER,62,Route 32,True,True,,TRAINER_PIC_FISHER,,goldsilver_map=Route32; source=loadtrainer; script_label=TrainerFisherRalph1; map_line=215; rematch variant; base fight should drive current app display,3,4,,FISHER,RALPH3,Route32,loadtrainer,215,,,route
TRAINER_FISHER_CHRIS2,CHRIS,TRAINER_CLASS_FISHER,85,Route 42,True,True,,TRAINER_PIC_FISHER,,goldsilver_map=Route42; source=loadtrainer; script_label=TrainerFisherChris; map_line=58; rematch variant; base fight should drive current app display,3,4,,FISHER,CHRIS2,Route42,loadtrainer,58,,,route
TRAINER_FISHER_CHRIS3,CHRIS,TRAINER_CLASS_FISHER,85,Route 42,True,True,,TRAINER_PIC_FISHER,,goldsilver_map=Route42; source=loadtrainer; script_label=TrainerFisherChris; map_line=65; rematch variant; base fight should drive current app display,3,4,,FISHER,CHRIS3,Route42,loadtrainer,65,,,route
TRAINER_FISHER_WILTON2,WILTON,TRAINER_CLASS_FISHER,90,Route 44,True,True,,TRAINER_PIC_FISHER,,goldsilver_map=Route44; source=loadtrainer; script_label=TrainerFisherWilton1; map_line=154; rematch variant; base fight should drive current app display,3,4,,FISHER,WILTON2,Route44,loadtrainer,154,,,route
TRAINER_FISHER_SCOTT,SCOTT,TRAINER_CLASS_FISHER,98,Route 26,,,,TRAINER_PIC_FISHER,,"goldsilver_map=Route26; source=trainer; script_label=TrainerFisherScott; map_line=216; object_xy=10,92",3,4,,FISHER,SCOTT,Route26,trainer,216,10,92,route
TRAINER_FISHER_WILTON3,WILTON,TRAINER_CLASS_FISHER,90,Route 44,True,True,,TRAINER_PIC_FISHER,,goldsilver_map=Route44; source=loadtrainer; script_label=TrainerFisherWilton1; map_line=161; rematch variant; base fight should drive current app display,3,4,,FISHER,WILTON3,Route44,loadtrainer,161,,,route
TRAINER_SWIMMERM_HAROLD,HAROLD,TRAINER_CLASS_SWIMMERM,38,Route 19,,,,TRAINER_PIC_SWIMMERM,,"goldsilver_map=Route19; source=trainer; script_label=TrainerSwimmermHarold; map_line=39; object_xy=13,28",3,4,,SWIMMERM,HAROLD,Route19,trainer,39,13,28,route
TRAINER_SWIMMERM_SIMON,SIMON,TRAINER_CLASS_SWIMMERM,81,Route 40,,,,TRAINER_PIC_SWIMMERM,,"goldsilver_map=Route40; source=trainer; script_label=TrainerSwimmermSimon; map_line=51; object_xy=14,15",3,4,,SWIMMERM,SIMON,Route40,trainer,51,14,15,route
TRAINER_SWIMMERM_RANDALL,RANDALL,TRAINER_CLASS_SWIMMERM,81,Route 40,,,,TRAINER_PIC_SWIMMERM,,"goldsilver_map=Route40; source=trainer; script_label=TrainerSwimmermRandall; map_line=62; object_xy=18,30",3,4,,SWIMMERM,RANDALL,Route40,trainer,62,18,30,route
TRAINER_SWIMMERM_CHARLIE,CHARLIE,TRAINER_CLASS_SWIMMERM,82,Route 41,,,,TRAINER_PIC_SWIMMERM,,"goldsilver_map=Route41; source=trainer; script_label=TrainerSwimmermCharlie; map_line=74; object_xy=32,6",3,4,,SWIMMERM,CHARLIE,Route41,trainer,74,32,6,route
TRAINER_SWIMMERM_GEORGE,GEORGE,TRAINER_CLASS_SWIMMERM,82,Route 41,,,,TRAINER_PIC_SWIMMERM,,"goldsilver_map=Route41; source=trainer; script_label=TrainerSwimmermGeorge; map_line=85; object_xy=46,8",3,4,,SWIMMERM,GEORGE,Route41,trainer,85,46,8,route
TRAINER_SWIMMERM_BERKE,BERKE,TRAINER_CLASS_SWIMMERM,82,Route 41,,,,TRAINER_PIC_SWIMMERM,,"goldsilver_map=Route41; source=trainer; script_label=TrainerSwimmermBerke; map_line=96; object_xy=20,26",3,4,,SWIMMERM,BERKE,Route41,trainer,96,20,26,route
TRAINER_SWIMMERM_KIRK,KIRK,TRAINER_CLASS_SWIMMERM,82,Route 41,,,,TRAINER_PIC_SWIMMERM,,"goldsilver_map=Route41; source=trainer; script_label=TrainerSwimmermKirk; map_line=107; object_xy=32,30",3,4,,SWIMMERM,KIRK,Route41,trainer,107,32,30,route
TRAINER_SWIMMERM_MATHEW,MATHEW,TRAINER_CLASS_SWIMMERM,82,Route 41,,,,TRAINER_PIC_SWIMMERM,,"goldsilver_map=Route41; source=trainer; script_label=TrainerSwimmermMathew; map_line=118; object_xy=19,46",3,4,,SWIMMERM,MATHEW,Route41,trainer,118,19,46,route
TRAINER_SWIMMERM_HAL,HAL,TRAINER_CLASS_SWIMMERM,,,,,,TRAINER_PIC_SWIMMERM,,party exists in decomp but no map trainer/loadtrainer reference was found,3,4,,SWIMMERM,HAL,,,,,,unreferenced
TRAINER_SWIMMERM_PATON,PATON,TRAINER_CLASS_SWIMMERM,,,,,,TRAINER_PIC_SWIMMERM,,party exists in decomp but no map trainer/loadtrainer reference was found,3,4,,SWIMMERM,PATON,,,,,,unreferenced
TRAINER_SWIMMERM_DARYL,DARYL,TRAINER_CLASS_SWIMMERM,,,,,,TRAINER_PIC_SWIMMERM,,party exists in decomp but no map trainer/loadtrainer reference was found,3,4,,SWIMMERM,DARYL,,,,,,unreferenced
TRAINER_SWIMMERM_WALTER,WALTER,TRAINER_CLASS_SWIMMERM,,,,,,TRAINER_PIC_SWIMMERM,,party exists in decomp but no map trainer/loadtrainer reference was found,3,4,,SWIMMERM,WALTER,,,,,,unreferenced
TRAINER_SWIMMERM_TONY,TONY,TRAINER_CLASS_SWIMMERM,,,,,,TRAINER_PIC_SWIMMERM,,party exists in decomp but no map trainer/loadtrainer reference was found,3,4,,SWIMMERM,TONY,,,,,,unreferenced
TRAINER_SWIMMERM_JEROME,JEROME,TRAINER_CLASS_SWIMMERM,38,Route 19,,,,TRAINER_PIC_SWIMMERM,,"goldsilver_map=Route19; source=trainer; script_label=TrainerSwimmermJerome; map_line=50; object_xy=11,17",3,4,,SWIMMERM,JEROME,Route19,trainer,50,11,17,route
TRAINER_SWIMMERM_TUCKER,TUCKER,TRAINER_CLASS_SWIMMERM,38,Route 19,,,,TRAINER_PIC_SWIMMERM,,"goldsilver_map=Route19; source=trainer; script_label=TrainerSwimmermTucker; map_line=61; object_xy=8,23",3,4,,SWIMMERM,TUCKER,Route19,trainer,61,8,23,route
TRAINER_SWIMMERM_RICK,RICK,TRAINER_CLASS_SWIMMERM,,,,,,TRAINER_PIC_SWIMMERM,,party exists in decomp but no map trainer/loadtrainer reference was found,3,4,,SWIMMERM,RICK,,,,,,unreferenced
TRAINER_SWIMMERM_CAMERON,CAMERON,TRAINER_CLASS_SWIMMERM,39,Route 20,,,,TRAINER_PIC_SWIMMERM,,"goldsilver_map=Route20; source=trainer; script_label=TrainerSwimmermCameron; map_line=39; object_xy=12,13",3,4,,SWIMMERM,CAMERON,Route20,trainer,39,12,13,route
TRAINER_SWIMMERM_SETH,SETH,TRAINER_CLASS_SWIMMERM,46,Route 21,,,,TRAINER_PIC_SWIMMERM,,"goldsilver_map=Route21; source=trainer; script_label=TrainerSwimmermSeth; map_line=12; object_xy=2,30",3,4,,SWIMMERM,SETH,Route21,trainer,12,2,30,route
TRAINER_SWIMMERM_JAMES,JAMES,TRAINER_CLASS_SWIMMERM,,,,,,TRAINER_PIC_SWIMMERM,,party exists in decomp but no map trainer/loadtrainer reference was found,3,4,,SWIMMERM,JAMES,,,,,,unreferenced
TRAINER_SWIMMERM_LEWIS,LEWIS,TRAINER_CLASS_SWIMMERM,,,,,,TRAINER_PIC_SWIMMERM,,party exists in decomp but no map trainer/loadtrainer reference was found,3,4,,SWIMMERM,LEWIS,,,,,,unreferenced
TRAINER_SWIMMERM_PARKER,PARKER,TRAINER_CLASS_SWIMMERM,11,Cerulean City,,,,TRAINER_PIC_SWIMMERM,,"goldsilver_map=CeruleanGym; source=trainer; script_label=TrainerSwimmermParker; map_line=109; object_xy=8,9",3,4,,SWIMMERM,PARKER,CeruleanGym,trainer,109,8,9,manual
TRAINER_SWIMMERF_ELAINE,ELAINE,TRAINER_CLASS_SWIMMERF,81,Route 40,,,,TRAINER_PIC_SWIMMERF,,"goldsilver_map=Route40; source=trainer; script_label=TrainerSwimmerfElaine; map_line=29; object_xy=3,19",3,4,,SWIMMERF,ELAINE,Route40,trainer,29,3,19,route
TRAINER_SWIMMERF_PAULA,PAULA,TRAINER_CLASS_SWIMMERF,81,Route 40,,,,TRAINER_PIC_SWIMMERF,,"goldsilver_map=Route40; source=trainer; script_label=TrainerSwimmerfPaula; map_line=40; object_xy=10,25",3,4,,SWIMMERF,PAULA,Route40,trainer,40,10,25,route
TRAINER_SWIMMERF_KAYLEE,KAYLEE,TRAINER_CLASS_SWIMMERF,82,Route 41,,,,TRAINER_PIC_SWIMMERF,,"goldsilver_map=Route41; source=trainer; script_label=TrainerSwimmerfKaylee; map_line=19; object_xy=17,4",3,4,,SWIMMERF,KAYLEE,Route41,trainer,19,17,4,route
TRAINER_SWIMMERF_SUSIE,SUSIE,TRAINER_CLASS_SWIMMERF,82,Route 41,,,,TRAINER_PIC_SWIMMERF,,"goldsilver_map=Route41; source=trainer; script_label=TrainerSwimmerfSusie; map_line=30; object_xy=23,19",3,4,,SWIMMERF,SUSIE,Route41,trainer,30,23,19,route
TRAINER_SWIMMERF_DENISE,DENISE,TRAINER_CLASS_SWIMMERF,82,Route 41,,,,TRAINER_PIC_SWIMMERF,,"goldsilver_map=Route41; source=trainer; script_label=TrainerSwimmerfDenise; map_line=41; object_xy=27,34",3,4,,SWIMMERF,DENISE,Route41,trainer,41,27,34,route
TRAINER_SWIMMERF_KARA,KARA,TRAINER_CLASS_SWIMMERF,82,Route 41,,,,TRAINER_PIC_SWIMMERF,,"goldsilver_map=Route41; source=trainer; script_label=TrainerSwimmerfKara; map_line=52; object_xy=44,28",3,4,,SWIMMERF,KARA,Route41,trainer,52,44,28,route
TRAINER_SWIMMERF_WENDY,WENDY,TRAINER_CLASS_SWIMMERF,82,Route 41,,,,TRAINER_PIC_SWIMMERF,,"goldsilver_map=Route41; source=trainer; script_label=TrainerSwimmerfWendy; map_line=63; object_xy=9,50",3,4,,SWIMMERF,WENDY,Route41,trainer,63,9,50,route
TRAINER_SWIMMERF_LISA,LISA,TRAINER_CLASS_SWIMMERF,,,,,,TRAINER_PIC_SWIMMERF,,party exists in decomp but no map trainer/loadtrainer reference was found,3,4,,SWIMMERF,LISA,,,,,,unreferenced
TRAINER_SWIMMERF_JILL,JILL,TRAINER_CLASS_SWIMMERF,,,,,,TRAINER_PIC_SWIMMERF,,party exists in decomp but no map trainer/loadtrainer reference was found,3,4,,SWIMMERF,JILL,,,,,,unreferenced
TRAINER_SWIMMERF_MARY,MARY,TRAINER_CLASS_SWIMMERF,,,,,,TRAINER_PIC_SWIMMERF,,party exists in decomp but no map trainer/loadtrainer reference was found,3,4,,SWIMMERF,MARY,,,,,,unreferenced
TRAINER_SWIMMERF_KATIE,KATIE,TRAINER_CLASS_SWIMMERF,,,,,,TRAINER_PIC_SWIMMERF,,party exists in decomp but no map trainer/loadtrainer reference was found,3,4,,SWIMMERF,KATIE,,,,,,unreferenced
TRAINER_SWIMMERF_DAWN,DAWN,TRAINER_CLASS_SWIMMERF,38,Route 19,,,,TRAINER_PIC_SWIMMERF,,"goldsilver_map=Route19; source=trainer; script_label=TrainerSwimmerfDawn; map_line=28; object_xy=9,23",3,4,,SWIMMERF,DAWN,Route19,trainer,28,9,23,route
TRAINER_SWIMMERF_TARA,TARA,TRAINER_CLASS_SWIMMERF,,,,,,TRAINER_PIC_SWIMMERF,,party exists in decomp but no map trainer/loadtrainer reference was found,3,4,,SWIMMERF,TARA,,,,,,unreferenced
TRAINER_SWIMMERF_NICOLE,NICOLE,TRAINER_CLASS_SWIMMERF,39,Route 20,,,,TRAINER_PIC_SWIMMERF,,"goldsilver_map=Route20; source=trainer; script_label=TrainerSwimmerfNicole; map_line=17; object_xy=52,8",3,4,,SWIMMERF,NICOLE,Route20,trainer,17,52,8,route
TRAINER_SWIMMERF_LORI,LORI,TRAINER_CLASS_SWIMMERF,39,Route 20,,,,TRAINER_PIC_SWIMMERF,,"goldsilver_map=Route20; source=trainer; script_label=TrainerSwimmerfLori; map_line=28; object_xy=45,13",3,4,,SWIMMERF,LORI,Route20,trainer,28,45,13,route
TRAINER_SWIMMERF_JODY,JODY,TRAINER_CLASS_SWIMMERF,,,,,,TRAINER_PIC_SWIMMERF,,party exists in decomp but no map trainer/loadtrainer reference was found,3,4,,SWIMMERF,JODY,,,,,,unreferenced
TRAINER_SWIMMERF_NIKKI,NIKKI,TRAINER_CLASS_SWIMMERF,46,Route 21,,,,TRAINER_PIC_SWIMMERF,,"goldsilver_map=Route21; source=trainer; script_label=TrainerSwimmerfNikki; map_line=23; object_xy=11,16",3,4,,SWIMMERF,NIKKI,Route21,trainer,23,11,16,route
TRAINER_SWIMMERF_DIANA,DIANA,TRAINER_CLASS_SWIMMERF,11,Cerulean City,,,,TRAINER_PIC_SWIMMERF,,"goldsilver_map=CeruleanGym; source=trainer; script_label=TrainerSwimmerfDiana; map_line=87; object_xy=4,6",3,4,,SWIMMERF,DIANA,CeruleanGym,trainer,87,4,6,manual
TRAINER_SWIMMERF_BRIANA,BRIANA,TRAINER_CLASS_SWIMMERF,11,Cerulean City,,,,TRAINER_PIC_SWIMMERF,,"goldsilver_map=CeruleanGym; source=trainer; script_label=TrainerSwimmerfBriana; map_line=98; object_xy=1,9",3,4,,SWIMMERF,BRIANA,CeruleanGym,trainer,98,1,9,manual
TRAINER_SAILOR_EUGENE,EUGENE,TRAINER_CLASS_SAILOR,79,Route 39,,,,TRAINER_PIC_SAILOR,,"goldsilver_map=Route39; source=trainer; script_label=TrainerSailorEugene; map_line=120; object_xy=13,29",3,4,,SAILOR,EUGENE,Route39,trainer,120,13,29,route
TRAINER_SAILOR_HUEY1,HUEY,TRAINER_CLASS_SAILOR,80,Olivine City,,,,TRAINER_PIC_SAILOR,,"goldsilver_map=OlivineLighthouse2F; source=trainer; script_label=TrainerSailorHuey; map_line=22; object_xy=9,3",3,4,,SAILOR,HUEY1,OlivineLighthouse2F,trainer,22,9,3,manual
TRAINER_SAILOR_TERRELL,TERRELL,TRAINER_CLASS_SAILOR,80,Olivine City,,,,TRAINER_PIC_SAILOR,,"goldsilver_map=OlivineLighthouse3F; source=trainer; script_label=TrainerSailorTerrell; map_line=35; object_xy=9,2",3,4,,SAILOR,TERRELL,OlivineLighthouse3F,trainer,35,9,2,manual
TRAINER_SAILOR_KENT,KENT,TRAINER_CLASS_SAILOR,80,Olivine City,,,,TRAINER_PIC_SAILOR,,"goldsilver_map=OlivineLighthouse4F; source=trainer; script_label=TrainerSailorKent; map_line=22; object_xy=7,14",3,4,,SAILOR,KENT,OlivineLighthouse4F,trainer,22,7,14,manual
TRAINER_SAILOR_ERNEST,ERNEST,TRAINER_CLASS_SAILOR,80,Olivine City,,,,TRAINER_PIC_SAILOR,,"goldsilver_map=OlivineLighthouse5F; source=trainer; script_label=TrainerSailorErnest; map_line=25; object_xy=8,11",3,4,,SAILOR,ERNEST,OlivineLighthouse5F,trainer,25,8,11,manual
TRAINER_SAILOR_JEFF,JEFF,TRAINER_CLASS_SAILOR,16,Vermilion City,,,,TRAINER_PIC_SAILOR,,"goldsilver_map=FastShipB1F; source=trainer; script_label=TrainerSailorJeff; map_line=95; object_xy=9,11",3,4,,SAILOR,JEFF,FastShipB1F,trainer,95,9,11,manual
TRAINER_SAILOR_GARRETT,GARRETT,TRAINER_CLASS_SAILOR,16,Vermilion City,,,,TRAINER_PIC_SAILOR,,"goldsilver_map=FastShipB1F; source=trainer; script_label=TrainerSailorGarrett; map_line=128; object_xy=17,4",3,4,,SAILOR,GARRETT,FastShipB1F,trainer,128,17,4,manual
TRAINER_SAILOR_KENNETH,KENNETH,TRAINER_CLASS_SAILOR,16,Vermilion City,,,,TRAINER_PIC_SAILOR,,"goldsilver_map=FastShipB1F; source=trainer; script_label=TrainerSailorKenneth; map_line=161; object_xy=23,4",3,4,,SAILOR,KENNETH,FastShipB1F,trainer,161,23,4,manual
TRAINER_SAILOR_STANLY,STANLY,TRAINER_CLASS_SAILOR,16,Vermilion City,,True,,TRAINER_PIC_SAILOR,,goldsilver_map=FastShipCabins_NNW_NNE_NE; source=loadtrainer; script_label=FastShipLazySailorScript; map_line=89,3,4,,SAILOR,STANLY,FastShipCabins_NNW_NNE_NE,loadtrainer,89,,,manual
TRAINER_SAILOR_HARRY,HARRY,TRAINER_CLASS_SAILOR,78,Route 38,,,,TRAINER_PIC_SAILOR,,"goldsilver_map=Route38; source=trainer; script_label=TrainerSailorHarry; map_line=26; object_xy=25,5",3,4,,SAILOR,HARRY,Route38,trainer,26,25,5,route
TRAINER_SAILOR_HUEY2,HUEY,TRAINER_CLASS_SAILOR,80,Olivine City,True,True,,TRAINER_PIC_SAILOR,,goldsilver_map=OlivineLighthouse2F; source=loadtrainer; script_label=TrainerSailorHuey; map_line=63; rematch variant; base fight should drive current app display,3,4,,SAILOR,HUEY2,OlivineLighthouse2F,loadtrainer,63,,,manual
TRAINER_SAILOR_HUEY3,HUEY,TRAINER_CLASS_SAILOR,80,Olivine City,True,True,,TRAINER_PIC_SAILOR,,goldsilver_map=OlivineLighthouse2F; source=loadtrainer; script_label=TrainerSailorHuey; map_line=70; rematch variant; base fight should drive current app display,3,4,,SAILOR,HUEY3,OlivineLighthouse2F,loadtrainer,70,,,manual
TRAINER_SUPER_NERD_ERIC_UNUSED,ERIC,TRAINER_CLASS_SUPER_NERD,63,Ruins of Alph,,,,TRAINER_PIC_SUPER_NERD,,goldsilver_map=RuinsOfAlphOutside; source=trainer; script_label=TrainerSuperNerdEricUnused; map_line=83,3,4,,SUPER_NERD,ERIC_UNUSED,RuinsOfAlphOutside,trainer,83,,,manual
TRAINER_SUPER_NERD_ERIC,ERIC,TRAINER_CLASS_SUPER_NERD,70,Goldenrod City,,,,TRAINER_PIC_SUPER_NERD,,"goldsilver_map=GoldenrodUnderground; source=trainer; script_label=TrainerSupernerdEric; map_line=115; object_xy=5,31",3,4,,SUPER_NERD,ERIC,GoldenrodUnderground,trainer,115,5,31,manual
TRAINER_SUPER_NERD_GREGG,GREGG,TRAINER_CLASS_SUPER_NERD,,,,,,TRAINER_PIC_SUPER_NERD,,party exists in decomp but no map trainer/loadtrainer reference was found,3,4,,SUPER_NERD,GREGG,,,,,,unreferenced
TRAINER_SUPER_NERD_JAY,JAY,TRAINER_CLASS_SUPER_NERD,,,,,,TRAINER_PIC_SUPER_NERD,,party exists in decomp but no map trainer/loadtrainer reference was found,3,4,,SUPER_NERD,JAY,,,,,,unreferenced
TRAINER_SUPER_NERD_DAVE,DAVE,TRAINER_CLASS_SUPER_NERD,,,,,,TRAINER_PIC_SUPER_NERD,,party exists in decomp but no map trainer/loadtrainer reference was found,3,4,,SUPER_NERD,DAVE,,,,,,unreferenced
TRAINER_SUPER_NERD_SAM,SAM,TRAINER_CLASS_SUPER_NERD,24,Route 8,,,,TRAINER_PIC_SUPER_NERD,,"goldsilver_map=Route8; source=trainer; script_label=TrainerSupernerdSam; map_line=48; object_xy=20,6",3,4,,SUPER_NERD,SAM,Route8,trainer,48,20,6,route
TRAINER_SUPER_NERD_TOM,TOM,TRAINER_CLASS_SUPER_NERD,24,Route 8,,,,TRAINER_PIC_SUPER_NERD,,"goldsilver_map=Route8; source=trainer; script_label=TrainerSupernerdTom; map_line=59; object_xy=27,9",3,4,,SUPER_NERD,TOM,Route8,trainer,59,27,9,route
TRAINER_SUPER_NERD_PAT,PAT,TRAINER_CLASS_SUPER_NERD,13,Route 25,,,,TRAINER_PIC_SUPER_NERD,,"goldsilver_map=Route25; source=trainer; script_label=TrainerSupernerdPat; map_line=146; object_xy=31,7",3,4,,SUPER_NERD,PAT,Route25,trainer,146,31,7,route
TRAINER_SUPER_NERD_SHAWN,SHAWN,TRAINER_CLASS_SUPER_NERD,16,Vermilion City,,,,TRAINER_PIC_SUPER_NERD,,"goldsilver_map=FastShipCabins_SE_SSE_CaptainsCabin; source=trainer; script_label=TrainerSupernerdShawn; map_line=198; object_xy=1,15",3,4,,SUPER_NERD,SHAWN,FastShipCabins_SE_SSE_CaptainsCabin,trainer,198,1,15,manual
TRAINER_SUPER_NERD_TERU,TERU,TRAINER_CLASS_SUPER_NERD,70,Goldenrod City,,,,TRAINER_PIC_SUPER_NERD,,"goldsilver_map=GoldenrodUnderground; source=trainer; script_label=TrainerSupernerdTeru; map_line=126; object_xy=6,9",3,4,,SUPER_NERD,TERU,GoldenrodUnderground,trainer,126,6,9,manual
TRAINER_SUPER_NERD_RUSS,RUSS,TRAINER_CLASS_SUPER_NERD,,,,,,TRAINER_PIC_SUPER_NERD,,party exists in decomp but no map trainer/loadtrainer reference was found,3,4,,SUPER_NERD,RUSS,,,,,,unreferenced
TRAINER_SUPER_NERD_NORTON,NORTON,TRAINER_CLASS_SUPER_NERD,,,,,,TRAINER_PIC_SUPER_NERD,,party exists in decomp but no map trainer/loadtrainer reference was found,3,4,,SUPER_NERD,NORTON,,,,,,unreferenced
TRAINER_RIVAL2_RIVAL2_1_CHIKORITA,,TRAINER_CLASS_RIVAL2,10,Mt. Moon,,True,,TRAINER_PIC_RIVAL2,,goldsilver_map=MountMoon; source=loadtrainer; script_label=MountMoonRivalBattleScript; map_line=44,3,4,,RIVAL2,RIVAL2_1_CHIKORITA,MountMoon,loadtrainer,44,,,manual
TRAINER_RIVAL2_RIVAL2_1_CYNDAQUIL,,TRAINER_CLASS_RIVAL2,10,Mt. Moon,,True,,TRAINER_PIC_RIVAL2,,goldsilver_map=MountMoon; source=loadtrainer; script_label=MountMoonRivalBattleScript; map_line=53,3,4,,RIVAL2,RIVAL2_1_CYNDAQUIL,MountMoon,loadtrainer,53,,,manual
TRAINER_RIVAL2_RIVAL2_1_TOTODILE,,TRAINER_CLASS_RIVAL2,10,Mt. Moon,,True,,TRAINER_PIC_RIVAL2,,goldsilver_map=MountMoon; source=loadtrainer; script_label=MountMoonRivalBattleScript; map_line=35,3,4,,RIVAL2,RIVAL2_1_TOTODILE,MountMoon,loadtrainer,35,,,manual
TRAINER_RIVAL2_RIVAL2_2_CHIKORITA,,TRAINER_CLASS_RIVAL2,48,Victory Road,,True,,TRAINER_PIC_RIVAL2,,goldsilver_map=IndigoPlateauPokecenter1F; source=loadtrainer; script_label=PlateauRivalBattleCommon; map_line=107,3,4,,RIVAL2,RIVAL2_2_CHIKORITA,IndigoPlateauPokecenter1F,loadtrainer,107,,,manual
TRAINER_RIVAL2_RIVAL2_2_CYNDAQUIL,,TRAINER_CLASS_RIVAL2,48,Victory Road,,True,,TRAINER_PIC_RIVAL2,,goldsilver_map=IndigoPlateauPokecenter1F; source=loadtrainer; script_label=PlateauRivalBattleCommon; map_line=116,3,4,,RIVAL2,RIVAL2_2_CYNDAQUIL,IndigoPlateauPokecenter1F,loadtrainer,116,,,manual
TRAINER_RIVAL2_RIVAL2_2_TOTODILE,,TRAINER_CLASS_RIVAL2,48,Victory Road,,True,,TRAINER_PIC_RIVAL2,,goldsilver_map=IndigoPlateauPokecenter1F; source=loadtrainer; script_label=PlateauRivalBattleCommon; map_line=98,3,4,,RIVAL2,RIVAL2_2_TOTODILE,IndigoPlateauPokecenter1F,loadtrainer,98,,,manual
TRAINER_GUITARIST_CLYDE,CLYDE,TRAINER_CLASS_GUITARIST,16,Vermilion City,,,,TRAINER_PIC_GUITARIST,,"goldsilver_map=FastShipCabins_SW_SSW_NW; source=trainer; script_label=TrainerGuitaristClyde; map_line=46; object_xy=3,28",3,4,,GUITARIST,CLYDE,FastShipCabins_SW_SSW_NW,trainer,46,3,28,manual
TRAINER_GUITARIST_VINCENT,VINCENT,TRAINER_CLASS_GUITARIST,16,Vermilion City,,,,TRAINER_PIC_GUITARIST,,"goldsilver_map=VermilionGym; source=trainer; script_label=TrainerGuitaristVincent; map_line=57; object_xy=4,7",3,4,,GUITARIST,VINCENT,VermilionGym,trainer,57,4,7,manual
TRAINER_HIKER_ANTHONY1,ANTHONY,TRAINER_CLASS_HIKER,65,Route 33,,True,,TRAINER_PIC_HIKER,,goldsilver_map=Route33; source=loadtrainer; script_label=TrainerHikerAnthony; map_line=52,3,4,,HIKER,ANTHONY1,Route33,loadtrainer,52,,,route
TRAINER_HIKER_RUSSELL,RUSSELL,TRAINER_CLASS_HIKER,64,Union Cave,,,,TRAINER_PIC_HIKER,,"goldsilver_map=UnionCave1F; source=trainer; script_label=TrainerHikerRussell; map_line=29; object_xy=15,8",3,4,,HIKER,RUSSELL,UnionCave1F,trainer,29,15,8,manual
TRAINER_HIKER_PHILLIP,PHILLIP,TRAINER_CLASS_HIKER,64,Union Cave,,,,TRAINER_PIC_HIKER,,"goldsilver_map=UnionCaveB1F; source=trainer; script_label=TrainerHikerPhillip; map_line=38; object_xy=10,4",3,4,,HIKER,PHILLIP,UnionCaveB1F,trainer,38,10,4,manual
TRAINER_HIKER_LEONARD,LEONARD,TRAINER_CLASS_HIKER,64,Union Cave,,,,TRAINER_PIC_HIKER,,"goldsilver_map=UnionCaveB1F; source=trainer; script_label=TrainerHikerLeonard; map_line=49; object_xy=17,10",3,4,,HIKER,LEONARD,UnionCaveB1F,trainer,49,17,10,manual
TRAINER_HIKER_ANTHONY2,ANTHONY,TRAINER_CLASS_HIKER,65,Route 33,True,,,TRAINER_PIC_HIKER,,"goldsilver_map=Route33; source=trainer; script_label=TrainerHikerAnthony; map_line=11; object_xy=6,13; rematch variant; base fight should drive current app display",3,4,,HIKER,ANTHONY2,Route33,trainer,11,6,13,route
TRAINER_HIKER_BENJAMIN,BENJAMIN,TRAINER_CLASS_HIKER,85,Route 42,,,,TRAINER_PIC_HIKER,,"goldsilver_map=Route42; source=trainer; script_label=TrainerHikerBenjamin; map_line=111; object_xy=51,9",3,4,,HIKER,BENJAMIN,Route42,trainer,111,51,9,route
TRAINER_HIKER_ERIK,ERIK,TRAINER_CLASS_HIKER,94,Route 45,,,,TRAINER_PIC_HIKER,,"goldsilver_map=Route45; source=trainer; script_label=TrainerHikerErik; map_line=104; object_xy=10,16",3,4,,HIKER,ERIK,Route45,trainer,104,10,16,route
TRAINER_HIKER_MICHAEL,MICHAEL,TRAINER_CLASS_HIKER,94,Route 45,,,,TRAINER_PIC_HIKER,,"goldsilver_map=Route45; source=trainer; script_label=TrainerHikerMichael; map_line=115; object_xy=15,64",3,4,,HIKER,MICHAEL,Route45,trainer,115,15,64,route
TRAINER_HIKER_PARRY1,PARRY,TRAINER_CLASS_HIKER,94,Route 45,,True,,TRAINER_PIC_HIKER,,goldsilver_map=Route45; source=loadtrainer; script_label=TrainerHikerParry; map_line=167,3,4,,HIKER,PARRY1,Route45,loadtrainer,167,,,route
TRAINER_HIKER_TIMOTHY,TIMOTHY,TRAINER_CLASS_HIKER,94,Route 45,,,,TRAINER_PIC_HIKER,,"goldsilver_map=Route45; source=trainer; script_label=TrainerHikerTimothy; map_line=181; object_xy=9,64",3,4,,HIKER,TIMOTHY,Route45,trainer,181,9,64,route
TRAINER_HIKER_BAILEY,BAILEY,TRAINER_CLASS_HIKER,95,Route 46,,,,TRAINER_PIC_HIKER,,"goldsilver_map=Route46; source=trainer; script_label=TrainerHikerBailey; map_line=109; object_xy=12,18",3,4,,HIKER,BAILEY,Route46,trainer,109,12,18,route
TRAINER_HIKER_ANTHONY3,ANTHONY,TRAINER_CLASS_HIKER,65,Route 33,True,True,,TRAINER_PIC_HIKER,,goldsilver_map=Route33; source=loadtrainer; script_label=TrainerHikerAnthony; map_line=59; rematch variant; base fight should drive current app display,3,4,,HIKER,ANTHONY3,Route33,loadtrainer,59,,,route
TRAINER_HIKER_TIM,TIM,TRAINER_CLASS_HIKER,19,Route 9,,,,TRAINER_PIC_HIKER,,"goldsilver_map=Route9; source=trainer; script_label=TrainerHikerTim; map_line=59; object_xy=32,3",3,4,,HIKER,TIM,Route9,trainer,59,32,3,route
TRAINER_HIKER_NOLAND,NOLAND,TRAINER_CLASS_HIKER,16,Vermilion City,,,,TRAINER_PIC_HIKER,,"goldsilver_map=FastShipCabins_NNW_NNE_NE; source=trainer; script_label=TrainerHikerNoland; map_line=49; object_xy=4,17",3,4,,HIKER,NOLAND,FastShipCabins_NNW_NNE_NE,trainer,49,4,17,manual
TRAINER_HIKER_SIDNEY,SIDNEY,TRAINER_CLASS_HIKER,19,Route 9,,,,TRAINER_PIC_HIKER,,"goldsilver_map=Route9; source=trainer; script_label=TrainerHikerSidney; map_line=70; object_xy=33,15",3,4,,HIKER,SIDNEY,Route9,trainer,70,33,15,route
TRAINER_HIKER_KENNY,KENNY,TRAINER_CLASS_HIKER,36,Route 13,,,,TRAINER_PIC_HIKER,,"goldsilver_map=Route13; source=trainer; script_label=TrainerHikerKenny; map_line=58; object_xy=14,10",3,4,,HIKER,KENNY,Route13,trainer,58,14,10,route
TRAINER_HIKER_JIM,JIM,TRAINER_CLASS_HIKER,20,Route 10,,,,TRAINER_PIC_HIKER,,"goldsilver_map=Route10South; source=trainer; script_label=TrainerHikerJim; map_line=11; object_xy=17,3",3,4,,HIKER,JIM,Route10South,trainer,11,17,3,route
TRAINER_HIKER_DANIEL,DANIEL,TRAINER_CLASS_HIKER,64,Union Cave,,,,TRAINER_PIC_HIKER,,"goldsilver_map=UnionCave1F; source=trainer; script_label=TrainerHikerDaniel; map_line=40; object_xy=4,4",3,4,,HIKER,DANIEL,UnionCave1F,trainer,40,4,4,manual
TRAINER_HIKER_PARRY2,PARRY,TRAINER_CLASS_HIKER,94,Route 45,True,True,,TRAINER_PIC_HIKER,,goldsilver_map=Route45; source=loadtrainer; script_label=TrainerHikerParry; map_line=174; rematch variant; base fight should drive current app display,3,4,,HIKER,PARRY2,Route45,loadtrainer,174,,,route
TRAINER_HIKER_PARRY3,PARRY,TRAINER_CLASS_HIKER,94,Route 45,True,,,TRAINER_PIC_HIKER,,"goldsilver_map=Route45; source=trainer; script_label=TrainerHikerParry; map_line=126; object_xy=5,28; rematch variant; base fight should drive current app display",3,4,,HIKER,PARRY3,Route45,trainer,126,5,28,route
TRAINER_BIKER_KAZU1,KAZU,TRAINER_CLASS_BIKER,,,,,,TRAINER_PIC_BIKER,,party exists in decomp but no map trainer/loadtrainer reference was found,3,4,,BIKER,KAZU1,,,,,,unreferenced
TRAINER_BIKER_KAZU2,KAZU,TRAINER_CLASS_BIKER,,,True,,,TRAINER_PIC_BIKER,,party exists in decomp but no map trainer/loadtrainer reference was found; rematch variant; base fight should drive current app display,3,4,,BIKER,KAZU2,,,,,,unreferenced
TRAINER_BIKER_DWAYNE,DWAYNE,TRAINER_CLASS_BIKER,24,Route 8,,,,TRAINER_PIC_BIKER,,"goldsilver_map=Route8; source=trainer; script_label=TrainerBikerDwayne; map_line=15; object_xy=10,8",3,4,,BIKER,DWAYNE,Route8,trainer,15,10,8,route
TRAINER_BIKER_HARRIS,HARRIS,TRAINER_CLASS_BIKER,24,Route 8,,,,TRAINER_PIC_BIKER,,"goldsilver_map=Route8; source=trainer; script_label=TrainerBikerHarris; map_line=26; object_xy=10,9",3,4,,BIKER,HARRIS,Route8,trainer,26,10,9,route
TRAINER_BIKER_ZEKE,ZEKE,TRAINER_CLASS_BIKER,24,Route 8,,,,TRAINER_PIC_BIKER,,"goldsilver_map=Route8; source=trainer; script_label=TrainerBikerZeke; map_line=37; object_xy=10,10",3,4,,BIKER,ZEKE,Route8,trainer,37,10,10,route
TRAINER_BIKER_CHARLES,CHARLES,TRAINER_CLASS_BIKER,30,Route 17,,,,TRAINER_PIC_BIKER,,"goldsilver_map=Route17; source=trainer; script_label=TrainerBikerCharles; map_line=19; object_xy=6,80",3,4,,BIKER,CHARLES,Route17,trainer,19,6,80,route
TRAINER_BIKER_RILEY,RILEY,TRAINER_CLASS_BIKER,30,Route 17,,,,TRAINER_PIC_BIKER,,"goldsilver_map=Route17; source=trainer; script_label=TrainerBikerRiley; map_line=30; object_xy=4,17",3,4,,BIKER,RILEY,Route17,trainer,30,4,17,route
TRAINER_BIKER_JOEL,JOEL,TRAINER_CLASS_BIKER,30,Route 17,,,,TRAINER_PIC_BIKER,,"goldsilver_map=Route17; source=trainer; script_label=TrainerBikerJoel; map_line=41; object_xy=16,32",3,4,,BIKER,JOEL,Route17,trainer,41,16,32,route
TRAINER_BIKER_GLENN,GLENN,TRAINER_CLASS_BIKER,30,Route 17,,,,TRAINER_PIC_BIKER,,"goldsilver_map=Route17; source=trainer; script_label=TrainerBikerGlenn; map_line=52; object_xy=3,53",3,4,,BIKER,GLENN,Route17,trainer,52,3,53,route
TRAINER_BLAINE_BLAINE1,BLAINE,TRAINER_CLASS_BLAINE,,,,True,,TRAINER_PIC_BLAINE,,goldsilver_map=SeafoamGym; source=loadtrainer; script_label=SeafoamGymBlaineScript; map_line=23; canonical candidate 40 Seafoam Islands is not in Crystal event_locations,3,4,,BLAINE,BLAINE1,SeafoamGym,loadtrainer,23,,,canon_not_in_event
TRAINER_BURGLAR_DUNCAN,DUNCAN,TRAINER_CLASS_BURGLAR,70,Goldenrod City,,,,TRAINER_PIC_BURGLAR,,"goldsilver_map=GoldenrodUndergroundSwitchRoomEntrances; source=trainer; script_label=TrainerBurglarDuncan; map_line=195; object_xy=9,12",3,4,,BURGLAR,DUNCAN,GoldenrodUndergroundSwitchRoomEntrances,trainer,195,9,12,manual
TRAINER_BURGLAR_EDDIE,EDDIE,TRAINER_CLASS_BURGLAR,70,Goldenrod City,,,,TRAINER_PIC_BURGLAR,,"goldsilver_map=GoldenrodUndergroundSwitchRoomEntrances; source=trainer; script_label=TrainerBurglarEddie; map_line=206; object_xy=4,8",3,4,,BURGLAR,EDDIE,GoldenrodUndergroundSwitchRoomEntrances,trainer,206,4,8,manual
TRAINER_BURGLAR_COREY,COREY,TRAINER_CLASS_BURGLAR,16,Vermilion City,,,,TRAINER_PIC_BURGLAR,,"goldsilver_map=FastShipCabins_NNW_NNE_NE; source=trainer; script_label=TrainerBurglarCorey; map_line=71; object_xy=2,30",3,4,,BURGLAR,COREY,FastShipCabins_NNW_NNE_NE,trainer,71,2,30,manual
TRAINER_FIREBREATHER_OTIS,OTIS,TRAINER_CLASS_FIREBREATHER,8,Route 3,,,,TRAINER_PIC_FIREBREATHER,,"goldsilver_map=Route3; source=trainer; script_label=TrainerFirebreatherOtis; map_line=13; object_xy=26,12",3,4,,FIREBREATHER,OTIS,Route3,trainer,13,26,12,route
TRAINER_FIREBREATHER_DICK,DICK,TRAINER_CLASS_FIREBREATHER,76,Burned Tower,,True,,TRAINER_PIC_FIREBREATHER,,goldsilver_map=BurnedTower1F; source=loadtrainer; script_label=FirebreatherDickFight; map_line=103,3,4,,FIREBREATHER,DICK,BurnedTower1F,loadtrainer,103,,,manual
TRAINER_FIREBREATHER_NED,NED,TRAINER_CLASS_FIREBREATHER,76,Burned Tower,,,,TRAINER_PIC_FIREBREATHER,,"goldsilver_map=BurnedTower1F; source=trainer; script_label=TrainerFirebreatherNed; map_line=127; object_xy=16,8",3,4,,FIREBREATHER,NED,BurnedTower1F,trainer,127,16,8,manual
TRAINER_FIREBREATHER_BURT,BURT,TRAINER_CLASS_FIREBREATHER,8,Route 3,,,,TRAINER_PIC_FIREBREATHER,,"goldsilver_map=Route3; source=trainer; script_label=TrainerFirebreatherBurt; map_line=46; object_xy=49,5",3,4,,FIREBREATHER,BURT,Route3,trainer,46,49,5,route
TRAINER_FIREBREATHER_BILL,BILL,TRAINER_CLASS_FIREBREATHER,64,Union Cave,,,,TRAINER_PIC_FIREBREATHER,,"goldsilver_map=UnionCave1F; source=trainer; script_label=TrainerFirebreatherBill; map_line=51; object_xy=15,15",3,4,,FIREBREATHER,BILL,UnionCave1F,trainer,51,15,15,manual
TRAINER_FIREBREATHER_WALT,WALT,TRAINER_CLASS_FIREBREATHER,71,Route 35,,,,TRAINER_PIC_FIREBREATHER,,"goldsilver_map=Route35; source=trainer; script_label=TrainerFirebreatherWalt; map_line=213; object_xy=2,10",3,4,,FIREBREATHER,WALT,Route35,trainer,213,2,10,route
TRAINER_FIREBREATHER_RAY,RAY,TRAINER_CLASS_FIREBREATHER,64,Union Cave,,,,TRAINER_PIC_FIREBREATHER,,"goldsilver_map=UnionCave1F; source=trainer; script_label=TrainerFirebreatherRay; map_line=62; object_xy=16,31",3,4,,FIREBREATHER,RAY,UnionCave1F,trainer,62,16,31,manual
TRAINER_FIREBREATHER_LYLE,LYLE,TRAINER_CLASS_FIREBREATHER,16,Vermilion City,,,,TRAINER_PIC_FIREBREATHER,,"goldsilver_map=FastShipCabins_SW_SSW_NW; source=trainer; script_label=TrainerFirebreatherLyle; map_line=13; object_xy=1,15",3,4,,FIREBREATHER,LYLE,FastShipCabins_SW_SSW_NW,trainer,13,1,15,manual
TRAINER_JUGGLER_IRWIN1,IRWIN,TRAINER_CLASS_JUGGLER,71,Route 35,,,,TRAINER_PIC_JUGGLER,,"goldsilver_map=Route35; source=trainer; script_label=TrainerJugglerIrwin; map_line=31; object_xy=5,10",3,4,,JUGGLER,IRWIN1,Route35,trainer,31,5,10,route
TRAINER_JUGGLER_FRITZ,FRITZ,TRAINER_CLASS_JUGGLER,16,Vermilion City,,,,TRAINER_PIC_JUGGLER,,"goldsilver_map=FastShipB1F; source=trainer; script_label=TrainerJugglerFritz; map_line=117; object_xy=26,9",3,4,,JUGGLER,FRITZ,FastShipB1F,trainer,117,26,9,manual
TRAINER_JUGGLER_HORTON,HORTON,TRAINER_CLASS_JUGGLER,16,Vermilion City,,,,TRAINER_PIC_JUGGLER,,"goldsilver_map=VermilionGym; source=trainer; script_label=TrainerJugglerHorton; map_line=68; object_xy=0,10",3,4,,JUGGLER,HORTON,VermilionGym,trainer,68,0,10,manual
TRAINER_JUGGLER_IRWIN2,IRWIN,TRAINER_CLASS_JUGGLER,71,Route 35,True,True,,TRAINER_PIC_JUGGLER,,goldsilver_map=Route35; source=loadtrainer; script_label=TrainerJugglerIrwin; map_line=72; rematch variant; base fight should drive current app display,3,4,,JUGGLER,IRWIN2,Route35,loadtrainer,72,,,route
TRAINER_JUGGLER_IRWIN3,IRWIN,TRAINER_CLASS_JUGGLER,71,Route 35,True,True,,TRAINER_PIC_JUGGLER,,goldsilver_map=Route35; source=loadtrainer; script_label=TrainerJugglerIrwin; map_line=79; rematch variant; base fight should drive current app display,3,4,,JUGGLER,IRWIN3,Route35,loadtrainer,79,,,route
TRAINER_BLACKBELT_T_KENJI1,KENJI,TRAINER_CLASS_BLACKBELT_T,94,Route 45,,True,,TRAINER_PIC_BLACKBELT_T,,goldsilver_map=Route45; source=loadtrainer; script_label=TrainerBlackbeltKenji; map_line=62,3,4,,BLACKBELT_T,KENJI1,Route45,loadtrainer,62,,,route
TRAINER_BLACKBELT_T_YOSHI,YOSHI,TRAINER_CLASS_BLACKBELT_T,84,Cianwood City,,,,TRAINER_PIC_BLACKBELT_T,,"goldsilver_map=CianwoodGym; source=trainer; script_label=TrainerBlackbeltYoshi; map_line=88; object_xy=2,12",3,4,,BLACKBELT_T,YOSHI,CianwoodGym,trainer,88,2,12,manual
TRAINER_BLACKBELT_T_KENJI2,KENJI,TRAINER_CLASS_BLACKBELT_T,94,Route 45,True,True,,TRAINER_PIC_BLACKBELT_T,,goldsilver_map=Route45; source=loadtrainer; script_label=TrainerBlackbeltKenji; map_line=69; rematch variant; base fight should drive current app display,3,4,,BLACKBELT_T,KENJI2,Route45,loadtrainer,69,,,route
TRAINER_BLACKBELT_T_LAO,LAO,TRAINER_CLASS_BLACKBELT_T,84,Cianwood City,,,,TRAINER_PIC_BLACKBELT_T,,"goldsilver_map=CianwoodGym; source=trainer; script_label=TrainerBlackbeltLao; map_line=99; object_xy=7,12",3,4,,BLACKBELT_T,LAO,CianwoodGym,trainer,99,7,12,manual
TRAINER_BLACKBELT_T_NOB,NOB,TRAINER_CLASS_BLACKBELT_T,84,Cianwood City,,,,TRAINER_PIC_BLACKBELT_T,,"goldsilver_map=CianwoodGym; source=trainer; script_label=TrainerBlackbeltNob; map_line=110; object_xy=3,9",3,4,,BLACKBELT_T,NOB,CianwoodGym,trainer,110,3,9,manual
TRAINER_BLACKBELT_T_KIYO,KIYO,TRAINER_CLASS_BLACKBELT_T,86,Mt. Mortar,,True,,TRAINER_PIC_BLACKBELT_T,,goldsilver_map=MountMortarB1F; source=loadtrainer; script_label=MountMortarB1FKiyoScript; map_line=23,3,4,,BLACKBELT_T,KIYO,MountMortarB1F,loadtrainer,23,,,manual
TRAINER_BLACKBELT_T_LUNG,LUNG,TRAINER_CLASS_BLACKBELT_T,84,Cianwood City,,,,TRAINER_PIC_BLACKBELT_T,,"goldsilver_map=CianwoodGym; source=trainer; script_label=TrainerBlackbeltLung; map_line=121; object_xy=5,5",3,4,,BLACKBELT_T,LUNG,CianwoodGym,trainer,121,5,5,manual
TRAINER_BLACKBELT_T_KENJI3,KENJI,TRAINER_CLASS_BLACKBELT_T,94,Route 45,True,,,TRAINER_PIC_BLACKBELT_T,,"goldsilver_map=Route45; source=trainer; script_label=TrainerBlackbeltKenji; map_line=21; object_xy=11,50; rematch variant; base fight should drive current app display",3,4,,BLACKBELT_T,KENJI3,Route45,trainer,21,11,50,route
TRAINER_BLACKBELT_T_WAI,WAI,TRAINER_CLASS_BLACKBELT_T,16,Vermilion City,,,,TRAINER_PIC_BLACKBELT_T,,"goldsilver_map=FastShipB1F; source=trainer; script_label=TrainerBlackbeltWai; map_line=150; object_xy=15,11",3,4,,BLACKBELT_T,WAI,FastShipB1F,trainer,150,15,11,manual
TRAINER_EXECUTIVEM_EXECUTIVEM_1,EXECUTIVE,TRAINER_CLASS_EXECUTIVEM,70,Goldenrod City,,True,,TRAINER_PIC_EXECUTIVEM,,goldsilver_map=RadioTower5F; source=loadtrainer; script_label=RadioTower5FRocketBossScript; map_line=88,3,4,,EXECUTIVEM,EXECUTIVEM_1,RadioTower5F,loadtrainer,88,,,manual
TRAINER_EXECUTIVEM_EXECUTIVEM_2,EXECUTIVE,TRAINER_CLASS_EXECUTIVEM,70,Goldenrod City,,,,TRAINER_PIC_EXECUTIVEM,,"goldsilver_map=RadioTower4F; source=trainer; script_label=TrainerExecutivem2; map_line=68; object_xy=14,1",3,4,,EXECUTIVEM,EXECUTIVEM_2,RadioTower4F,trainer,68,14,1,manual
TRAINER_EXECUTIVEM_EXECUTIVEM_3,EXECUTIVE,TRAINER_CLASS_EXECUTIVEM,70,Goldenrod City,,True,,TRAINER_PIC_EXECUTIVEM,,goldsilver_map=RadioTower5F; source=loadtrainer; script_label=FakeDirectorScript; map_line=39,3,4,,EXECUTIVEM,EXECUTIVEM_3,RadioTower5F,loadtrainer,39,,,manual
TRAINER_EXECUTIVEM_EXECUTIVEM_4,EXECUTIVE,TRAINER_CLASS_EXECUTIVEM,89,Rocket Hideout,,True,,TRAINER_PIC_EXECUTIVEM,,goldsilver_map=TeamRocketBaseB3F; source=loadtrainer; script_label=RocketBaseBoss; map_line=104,3,4,,EXECUTIVEM,EXECUTIVEM_4,TeamRocketBaseB3F,loadtrainer,104,,,manual
TRAINER_PSYCHIC_T_NATHAN,NATHAN,TRAINER_CLASS_PSYCHIC_T,63,Ruins of Alph,,,,TRAINER_PIC_PSYCHIC_T,,"goldsilver_map=RuinsOfAlphOutside; source=trainer; script_label=TrainerPsychicNathan; map_line=72; object_xy=4,20",3,4,,PSYCHIC_T,NATHAN,RuinsOfAlphOutside,trainer,72,4,20,manual
TRAINER_PSYCHIC_T_FRANKLIN,FRANKLIN,TRAINER_CLASS_PSYCHIC_T,,,,,,TRAINER_PIC_PSYCHIC_T,,"goldsilver_map=SaffronGym; source=trainer; script_label=TrainerPsychicFranklin; map_line=59; object_xy=3,16; canonical candidate 27 Saffron City is not in Crystal event_locations",3,4,,PSYCHIC_T,FRANKLIN,SaffronGym,trainer,59,3,16,canon_not_in_event
TRAINER_PSYCHIC_T_HERMAN,HERMAN,TRAINER_CLASS_PSYCHIC_T,17,Route 11,,,,TRAINER_PIC_PSYCHIC_T,,"goldsilver_map=Route11; source=trainer; script_label=TrainerPsychicHerman; map_line=36; object_xy=29,7",3,4,,PSYCHIC_T,HERMAN,Route11,trainer,36,29,7,route
TRAINER_PSYCHIC_T_FIDEL,FIDEL,TRAINER_CLASS_PSYCHIC_T,17,Route 11,,,,TRAINER_PIC_PSYCHIC_T,,"goldsilver_map=Route11; source=trainer; script_label=TrainerPsychicFidel; map_line=47; object_xy=7,4",3,4,,PSYCHIC_T,FIDEL,Route11,trainer,47,7,4,route
TRAINER_PSYCHIC_T_GREG,GREG,TRAINER_CLASS_PSYCHIC_T,74,Route 37,,,,TRAINER_PIC_PSYCHIC_T,,"goldsilver_map=Route37; source=trainer; script_label=TrainerPsychicGreg; map_line=49; object_xy=9,6",3,4,,PSYCHIC_T,GREG,Route37,trainer,49,9,6,route
TRAINER_PSYCHIC_T_NORMAN,NORMAN,TRAINER_CLASS_PSYCHIC_T,79,Route 39,,,,TRAINER_PIC_PSYCHIC_T,,"goldsilver_map=Route39; source=trainer; script_label=TrainerPsychicNorman; map_line=131; object_xy=13,6",3,4,,PSYCHIC_T,NORMAN,Route39,trainer,131,13,6,route
TRAINER_PSYCHIC_T_MARK,MARK,TRAINER_CLASS_PSYCHIC_T,73,Route 36,,,,TRAINER_PIC_PSYCHIC_T,,"goldsilver_map=Route36; source=trainer; script_label=TrainerPsychicMark; map_line=199; object_xy=20,12",3,4,,PSYCHIC_T,MARK,Route36,trainer,199,20,12,route
TRAINER_PSYCHIC_T_PHIL,PHIL,TRAINER_CLASS_PSYCHIC_T,90,Route 44,,,,TRAINER_PIC_PSYCHIC_T,,"goldsilver_map=Route44; source=trainer; script_label=TrainerPsychicPhil; map_line=102; object_xy=10,9",3,4,,PSYCHIC_T,PHIL,Route44,trainer,102,10,9,route
TRAINER_PSYCHIC_T_RICHARD,RICHARD,TRAINER_CLASS_PSYCHIC_T,98,Route 26,,,,TRAINER_PIC_PSYCHIC_T,,"goldsilver_map=Route26; source=trainer; script_label=TrainerPsychicRichard; map_line=205; object_xy=13,79",3,4,,PSYCHIC_T,RICHARD,Route26,trainer,205,13,79,route
TRAINER_PSYCHIC_T_GILBERT,GILBERT,TRAINER_CLASS_PSYCHIC_T,96,Route 27,,,,TRAINER_PIC_PSYCHIC_T,,"goldsilver_map=Route27; source=trainer; script_label=TrainerPsychicGilbert; map_line=50; object_xy=64,7",3,4,,PSYCHIC_T,GILBERT,Route27,trainer,50,64,7,route
TRAINER_PSYCHIC_T_JARED,JARED,TRAINER_CLASS_PSYCHIC_T,,,,,,TRAINER_PIC_PSYCHIC_T,,"goldsilver_map=SaffronGym; source=trainer; script_label=TrainerPsychicJared; map_line=81; object_xy=17,4; canonical candidate 27 Saffron City is not in Crystal event_locations",3,4,,PSYCHIC_T,JARED,SaffronGym,trainer,81,17,4,canon_not_in_event
TRAINER_PSYCHIC_T_RODNEY,RODNEY,TRAINER_CLASS_PSYCHIC_T,16,Vermilion City,,,,TRAINER_PIC_PSYCHIC_T,,"goldsilver_map=FastShipCabins_SE_SSE_CaptainsCabin; source=trainer; script_label=TrainerPsychicRodney; map_line=165; object_xy=5,5",3,4,,PSYCHIC_T,RODNEY,FastShipCabins_SE_SSE_CaptainsCabin,trainer,165,5,5,manual
TRAINER_PICNICKER_LIZ1,LIZ,TRAINER_CLASS_PICNICKER,62,Route 32,,,,TRAINER_PIC_PICNICKER,,"goldsilver_map=Route32; source=trainer; script_label=TrainerPicnickerLiz1; map_line=261; object_xy=10,30",3,4,,PICNICKER,LIZ1,Route32,trainer,261,10,30,route
TRAINER_PICNICKER_GINA1,GINA,TRAINER_CLASS_PICNICKER,69,Route 34,,,,TRAINER_PIC_PICNICKER,,"goldsilver_map=Route34; source=trainer; script_label=TrainerPicnickerGina1; map_line=171; object_xy=10,26",3,4,,PICNICKER,GINA1,Route34,trainer,171,10,26,route
TRAINER_PICNICKER_BROOKE,BROOKE,TRAINER_CLASS_PICNICKER,71,Route 35,,,,TRAINER_PIC_PICNICKER,,"goldsilver_map=Route35; source=trainer; script_label=TrainerPicnickerBrooke; map_line=136; object_xy=7,20",3,4,,PICNICKER,BROOKE,Route35,trainer,136,7,20,route
TRAINER_PICNICKER_KIM,KIM,TRAINER_CLASS_PICNICKER,71,Route 35,,,,TRAINER_PIC_PICNICKER,,"goldsilver_map=Route35; source=trainer; script_label=TrainerPicnickerKim; map_line=147; object_xy=11,24",3,4,,PICNICKER,KIM,Route35,trainer,147,11,24,route
TRAINER_PICNICKER_CINDY,CINDY,TRAINER_CLASS_PICNICKER,32,Fuschia City,,True,,TRAINER_PIC_PICNICKER,,goldsilver_map=FuchsiaGym; source=loadtrainer; script_label=PicnickerCindyScript; map_line=144,3,4,,PICNICKER,CINDY,FuchsiaGym,loadtrainer,144,,,manual
TRAINER_PICNICKER_HOPE,HOPE,TRAINER_CLASS_PICNICKER,9,Route 4,,,,TRAINER_PIC_PICNICKER,,"goldsilver_map=Route4; source=trainer; script_label=TrainerPicnickerHope; map_line=24; object_xy=10,8",3,4,,PICNICKER,HOPE,Route4,trainer,24,10,8,route
TRAINER_PICNICKER_SHARON,SHARON,TRAINER_CLASS_PICNICKER,9,Route 4,,,,TRAINER_PIC_PICNICKER,,"goldsilver_map=Route4; source=trainer; script_label=TrainerPicnickerSharon; map_line=35; object_xy=21,6",3,4,,PICNICKER,SHARON,Route4,trainer,35,21,6,route
TRAINER_PICNICKER_DEBRA,DEBRA,TRAINER_CLASS_PICNICKER,16,Vermilion City,,,,TRAINER_PIC_PICNICKER,,"goldsilver_map=FastShipB1F; source=trainer; script_label=TrainerPicnickerDebra; map_line=106; object_xy=6,4",3,4,,PICNICKER,DEBRA,FastShipB1F,trainer,106,6,4,manual
TRAINER_PICNICKER_GINA2,GINA,TRAINER_CLASS_PICNICKER,69,Route 34,True,True,,TRAINER_PIC_PICNICKER,,goldsilver_map=Route34; source=loadtrainer; script_label=TrainerPicnickerGina1; map_line=212; rematch variant; base fight should drive current app display,3,4,,PICNICKER,GINA2,Route34,loadtrainer,212,,,route
TRAINER_PICNICKER_ERIN1,ERIN,TRAINER_CLASS_PICNICKER,95,Route 46,,,,TRAINER_PIC_PICNICKER,,"goldsilver_map=Route46; source=trainer; script_label=TrainerPicnickerErin1; map_line=26; object_xy=1,15",3,4,,PICNICKER,ERIN1,Route46,trainer,26,1,15,route
TRAINER_PICNICKER_LIZ2,LIZ,TRAINER_CLASS_PICNICKER,62,Route 32,True,True,,TRAINER_PIC_PICNICKER,,goldsilver_map=Route32; source=loadtrainer; script_label=TrainerPicnickerLiz1; map_line=302; rematch variant; base fight should drive current app display,3,4,,PICNICKER,LIZ2,Route32,loadtrainer,302,,,route
TRAINER_PICNICKER_LIZ3,LIZ,TRAINER_CLASS_PICNICKER,62,Route 32,True,True,,TRAINER_PIC_PICNICKER,,goldsilver_map=Route32; source=loadtrainer; script_label=TrainerPicnickerLiz1; map_line=309; rematch variant; base fight should drive current app display,3,4,,PICNICKER,LIZ3,Route32,loadtrainer,309,,,route
TRAINER_PICNICKER_HEIDI,HEIDI,TRAINER_CLASS_PICNICKER,19,Route 9,,,,TRAINER_PIC_PICNICKER,,"goldsilver_map=Route9; source=trainer; script_label=TrainerPicnickerHeidi; map_line=26; object_xy=35,8",3,4,,PICNICKER,HEIDI,Route9,trainer,26,35,8,route
TRAINER_PICNICKER_EDNA,EDNA,TRAINER_CLASS_PICNICKER,19,Route 9,,,,TRAINER_PIC_PICNICKER,,"goldsilver_map=Route9; source=trainer; script_label=TrainerPicnickerEdna; map_line=48; object_xy=9,10",3,4,,PICNICKER,EDNA,Route9,trainer,48,9,10,route
TRAINER_PICNICKER_GINA3,GINA,TRAINER_CLASS_PICNICKER,69,Route 34,True,True,,TRAINER_PIC_PICNICKER,,goldsilver_map=Route34; source=loadtrainer; script_label=TrainerPicnickerGina1; map_line=219; rematch variant; base fight should drive current app display,3,4,,PICNICKER,GINA3,Route34,loadtrainer,219,,,route
TRAINER_PICNICKER_TIFFANY1,TIFFANY,TRAINER_CLASS_PICNICKER,87,Route 43,,True,,TRAINER_PIC_PICNICKER,,goldsilver_map=Route43; source=loadtrainer; script_label=TrainerPicnickerTiffany; map_line=196,3,4,,PICNICKER,TIFFANY1,Route43,loadtrainer,196,,,route
TRAINER_PICNICKER_TIFFANY2,TIFFANY,TRAINER_CLASS_PICNICKER,87,Route 43,True,True,,TRAINER_PIC_PICNICKER,,goldsilver_map=Route43; source=loadtrainer; script_label=TrainerPicnickerTiffany; map_line=203; rematch variant; base fight should drive current app display,3,4,,PICNICKER,TIFFANY2,Route43,loadtrainer,203,,,route
TRAINER_PICNICKER_ERIN2,ERIN,TRAINER_CLASS_PICNICKER,95,Route 46,True,True,,TRAINER_PIC_PICNICKER,,goldsilver_map=Route46; source=loadtrainer; script_label=TrainerPicnickerErin1; map_line=67; rematch variant; base fight should drive current app display,3,4,,PICNICKER,ERIN2,Route46,loadtrainer,67,,,route
TRAINER_PICNICKER_TANYA,TANYA,TRAINER_CLASS_PICNICKER,,,,,,TRAINER_PIC_PICNICKER,,"goldsilver_map=CeladonGym; source=trainer; script_label=TrainerPicnickerTanya; map_line=62; object_xy=2,8; canonical candidate 26 Celadon City is not in Crystal event_locations",3,4,,PICNICKER,TANYA,CeladonGym,trainer,62,2,8,canon_not_in_event
TRAINER_PICNICKER_TIFFANY3,TIFFANY,TRAINER_CLASS_PICNICKER,87,Route 43,True,,,TRAINER_PIC_PICNICKER,,"goldsilver_map=Route43; source=trainer; script_label=TrainerPicnickerTiffany; map_line=155; object_xy=9,29; rematch variant; base fight should drive current app display",3,4,,PICNICKER,TIFFANY3,Route43,trainer,155,9,29,route
TRAINER_PICNICKER_ERIN3,ERIN,TRAINER_CLASS_PICNICKER,95,Route 46,True,True,,TRAINER_PIC_PICNICKER,,goldsilver_map=Route46; source=loadtrainer; script_label=TrainerPicnickerErin1; map_line=74; rematch variant; base fight should drive current app display,3,4,,PICNICKER,ERIN3,Route46,loadtrainer,74,,,route
TRAINER_CAMPER_ROLAND,ROLAND,TRAINER_CLASS_CAMPER,62,Route 32,,,,TRAINER_PIC_CAMPER,,"goldsilver_map=Route32; source=trainer; script_label=TrainerCamperRoland; map_line=145; object_xy=1,56",3,4,,CAMPER,ROLAND,Route32,trainer,145,1,56,route
TRAINER_CAMPER_TODD1,TODD,TRAINER_CLASS_CAMPER,69,Route 34,,,,TRAINER_PIC_CAMPER,,"goldsilver_map=Route34; source=trainer; script_label=TrainerCamperTodd1; map_line=88; object_xy=13,7",3,4,,CAMPER,TODD1,Route34,trainer,88,13,7,route
TRAINER_CAMPER_IVAN,IVAN,TRAINER_CLASS_CAMPER,71,Route 35,,,,TRAINER_PIC_CAMPER,,"goldsilver_map=Route35; source=trainer; script_label=TrainerCamperIvan; map_line=114; object_xy=3,19",3,4,,CAMPER,IVAN,Route35,trainer,114,3,19,route
TRAINER_CAMPER_ELLIOT,ELLIOT,TRAINER_CLASS_CAMPER,71,Route 35,,,,TRAINER_PIC_CAMPER,,"goldsilver_map=Route35; source=trainer; script_label=TrainerCamperElliot; map_line=125; object_xy=8,20",3,4,,CAMPER,ELLIOT,Route35,trainer,125,8,20,route
TRAINER_CAMPER_BARRY,BARRY,TRAINER_CLASS_CAMPER,32,Fuschia City,,True,,TRAINER_PIC_CAMPER,,goldsilver_map=FuchsiaGym; source=loadtrainer; script_label=CamperBarryScript; map_line=178,3,4,,CAMPER,BARRY,FuchsiaGym,loadtrainer,178,,,manual
TRAINER_CAMPER_LLOYD,LLOYD,TRAINER_CLASS_CAMPER,13,Route 25,,,,TRAINER_PIC_CAMPER,,"goldsilver_map=Route25; source=trainer; script_label=TrainerCamperLloyd; map_line=124; object_xy=25,4",3,4,,CAMPER,LLOYD,Route25,trainer,124,25,4,route
TRAINER_CAMPER_DEAN,DEAN,TRAINER_CLASS_CAMPER,19,Route 9,,,,TRAINER_PIC_CAMPER,,"goldsilver_map=Route9; source=trainer; script_label=TrainerCamperDean; map_line=15; object_xy=23,11",3,4,,CAMPER,DEAN,Route9,trainer,15,23,11,route
TRAINER_CAMPER_SID,SID,TRAINER_CLASS_CAMPER,19,Route 9,,,,TRAINER_PIC_CAMPER,,"goldsilver_map=Route9; source=trainer; script_label=TrainerCamperSid; map_line=37; object_xy=11,2",3,4,,CAMPER,SID,Route9,trainer,37,11,2,route
TRAINER_CAMPER_HARVEY,HARVEY,TRAINER_CLASS_CAMPER,,,,,,TRAINER_PIC_CAMPER,,party exists in decomp but no map trainer/loadtrainer reference was found,3,4,,CAMPER,HARVEY,,,,,,unreferenced
TRAINER_CAMPER_DALE,DALE,TRAINER_CLASS_CAMPER,,,,,,TRAINER_PIC_CAMPER,,party exists in decomp but no map trainer/loadtrainer reference was found,3,4,,CAMPER,DALE,,,,,,unreferenced
TRAINER_CAMPER_TED,TED,TRAINER_CLASS_CAMPER,95,Route 46,,,,TRAINER_PIC_CAMPER,,"goldsilver_map=Route46; source=trainer; script_label=TrainerCamperTed; map_line=15; object_xy=3,13",3,4,,CAMPER,TED,Route46,trainer,15,3,13,route
TRAINER_CAMPER_TODD2,TODD,TRAINER_CLASS_CAMPER,69,Route 34,True,True,,TRAINER_PIC_CAMPER,,goldsilver_map=Route34; source=loadtrainer; script_label=TrainerCamperTodd1; map_line=129; rematch variant; base fight should drive current app display,3,4,,CAMPER,TODD2,Route34,loadtrainer,129,,,route
TRAINER_CAMPER_TODD3,TODD,TRAINER_CLASS_CAMPER,69,Route 34,True,True,,TRAINER_PIC_CAMPER,,goldsilver_map=Route34; source=loadtrainer; script_label=TrainerCamperTodd1; map_line=136; rematch variant; base fight should drive current app display,3,4,,CAMPER,TODD3,Route34,loadtrainer,136,,,route
TRAINER_CAMPER_THOMAS,THOMAS,TRAINER_CLASS_CAMPER,,,,,,TRAINER_PIC_CAMPER,,party exists in decomp but no map trainer/loadtrainer reference was found,3,4,,CAMPER,THOMAS,,,,,,unreferenced
TRAINER_CAMPER_LEROY,LEROY,TRAINER_CLASS_CAMPER,,,,,,TRAINER_PIC_CAMPER,,party exists in decomp but no map trainer/loadtrainer reference was found,3,4,,CAMPER,LEROY,,,,,,unreferenced
TRAINER_CAMPER_DAVID,DAVID,TRAINER_CLASS_CAMPER,,,,,,TRAINER_PIC_CAMPER,,party exists in decomp but no map trainer/loadtrainer reference was found,3,4,,CAMPER,DAVID,,,,,,unreferenced
TRAINER_CAMPER_JOHN,JOHN,TRAINER_CLASS_CAMPER,,,,,,TRAINER_PIC_CAMPER,,party exists in decomp but no map trainer/loadtrainer reference was found,3,4,,CAMPER,JOHN,,,,,,unreferenced
TRAINER_CAMPER_JERRY,JERRY,TRAINER_CLASS_CAMPER,54,Pewter City,,,,TRAINER_PIC_CAMPER,,"goldsilver_map=PewterGym; source=trainer; script_label=TrainerCamperJerry; map_line=42; object_xy=2,5",3,4,,CAMPER,JERRY,PewterGym,trainer,42,2,5,manual
TRAINER_CAMPER_SPENCER,SPENCER,TRAINER_CLASS_CAMPER,87,Route 43,,,,TRAINER_PIC_CAMPER,,"goldsilver_map=Route43; source=trainer; script_label=TrainerCamperSpencer; map_line=28; object_xy=15,43",3,4,,CAMPER,SPENCER,Route43,trainer,28,15,43,route
TRAINER_EXECUTIVEF_EXECUTIVEF_1,EXECUTIVE,TRAINER_CLASS_EXECUTIVEF,70,Goldenrod City,,,,TRAINER_PIC_EXECUTIVEF,,"goldsilver_map=RadioTower5F; source=trainer; script_label=TrainerExecutivef1; map_line=68; object_xy=17,2",3,4,,EXECUTIVEF,EXECUTIVEF_1,RadioTower5F,trainer,68,17,2,manual
TRAINER_EXECUTIVEF_EXECUTIVEF_2,EXECUTIVE,TRAINER_CLASS_EXECUTIVEF,89,Rocket Hideout,,True,,TRAINER_PIC_EXECUTIVEF,,goldsilver_map=TeamRocketBaseB2F; source=loadtrainer; script_label=RocketBaseBossFScript; map_line=98,3,4,,EXECUTIVEF,EXECUTIVEF_2,TeamRocketBaseB2F,loadtrainer,98,,,manual
TRAINER_SAGE_CHOW,CHOW,TRAINER_CLASS_SAGE,61,Sprout Tower,,,,TRAINER_PIC_SAGE,,"goldsilver_map=SproutTower1F; source=trainer; script_label=TrainerSageChow; map_line=27; object_xy=2,1",3,4,,SAGE,CHOW,SproutTower1F,trainer,27,2,1,manual
TRAINER_SAGE_NICO,NICO,TRAINER_CLASS_SAGE,61,Sprout Tower,,,,TRAINER_PIC_SAGE,,"goldsilver_map=SproutTower2F; source=trainer; script_label=TrainerSageNico; map_line=12; object_xy=14,4",3,4,,SAGE,NICO,SproutTower2F,trainer,12,14,4,manual
TRAINER_SAGE_JIN,JIN,TRAINER_CLASS_SAGE,61,Sprout Tower,,,,TRAINER_PIC_SAGE,,"goldsilver_map=SproutTower3F; source=trainer; script_label=TrainerSageJin; map_line=94; object_xy=8,13",3,4,,SAGE,JIN,SproutTower3F,trainer,94,8,13,manual
TRAINER_SAGE_TROY,TROY,TRAINER_CLASS_SAGE,61,Sprout Tower,,,,TRAINER_PIC_SAGE,,"goldsilver_map=SproutTower3F; source=trainer; script_label=TrainerSageTroy; map_line=105; object_xy=8,8",3,4,,SAGE,TROY,SproutTower3F,trainer,105,8,8,manual
TRAINER_SAGE_JEFFREY,JEFFREY,TRAINER_CLASS_SAGE,75,Ecruteak City,,,,TRAINER_PIC_SAGE,,"goldsilver_map=EcruteakGym; source=trainer; script_label=TrainerSageJeffrey; map_line=71; object_xy=2,7",3,4,,SAGE,JEFFREY,EcruteakGym,trainer,71,2,7,manual
TRAINER_SAGE_PING,PING,TRAINER_CLASS_SAGE,75,Ecruteak City,,,,TRAINER_PIC_SAGE,,"goldsilver_map=EcruteakGym; source=trainer; script_label=TrainerSagePing; map_line=82; object_xy=3,13",3,4,,SAGE,PING,EcruteakGym,trainer,82,3,13,manual
TRAINER_SAGE_EDMOND,EDMOND,TRAINER_CLASS_SAGE,61,Sprout Tower,,,,TRAINER_PIC_SAGE,,"goldsilver_map=SproutTower2F; source=trainer; script_label=TrainerSageEdmond; map_line=23; object_xy=3,15",3,4,,SAGE,EDMOND,SproutTower2F,trainer,23,3,15,manual
TRAINER_SAGE_NEAL,NEAL,TRAINER_CLASS_SAGE,61,Sprout Tower,,,,TRAINER_PIC_SAGE,,"goldsilver_map=SproutTower3F; source=trainer; script_label=TrainerSageNeal; map_line=116; object_xy=11,11",3,4,,SAGE,NEAL,SproutTower3F,trainer,116,11,11,manual
TRAINER_SAGE_LI,LI,TRAINER_CLASS_SAGE,61,Sprout Tower,,True,,TRAINER_PIC_SAGE,,goldsilver_map=SproutTower3F; source=loadtrainer; script_label=SageLiScript; map_line=73,3,4,,SAGE,LI,SproutTower3F,loadtrainer,73,,,manual
TRAINER_MEDIUM_MARTHA,MARTHA,TRAINER_CLASS_MEDIUM,75,Ecruteak City,,,,TRAINER_PIC_MEDIUM,,"goldsilver_map=EcruteakGym; source=trainer; script_label=TrainerMediumMartha; map_line=93; object_xy=7,5",3,4,,MEDIUM,MARTHA,EcruteakGym,trainer,93,7,5,manual
TRAINER_MEDIUM_GRACE,GRACE,TRAINER_CLASS_MEDIUM,75,Ecruteak City,,,,TRAINER_PIC_MEDIUM,,"goldsilver_map=EcruteakGym; source=trainer; script_label=TrainerMediumGrace; map_line=104; object_xy=7,9",3,4,,MEDIUM,GRACE,EcruteakGym,trainer,104,7,9,manual
TRAINER_MEDIUM_BETHANY,BETHANY,TRAINER_CLASS_MEDIUM,,,,,,TRAINER_PIC_MEDIUM,,party exists in decomp but no map trainer/loadtrainer reference was found,3,4,,MEDIUM,BETHANY,,,,,,unreferenced
TRAINER_MEDIUM_MARGRET,MARGRET,TRAINER_CLASS_MEDIUM,,,,,,TRAINER_PIC_MEDIUM,,party exists in decomp but no map trainer/loadtrainer reference was found,3,4,,MEDIUM,MARGRET,,,,,,unreferenced
TRAINER_MEDIUM_ETHEL,ETHEL,TRAINER_CLASS_MEDIUM,,,,,,TRAINER_PIC_MEDIUM,,party exists in decomp but no map trainer/loadtrainer reference was found,3,4,,MEDIUM,ETHEL,,,,,,unreferenced
TRAINER_MEDIUM_REBECCA,REBECCA,TRAINER_CLASS_MEDIUM,,,,,,TRAINER_PIC_MEDIUM,,"goldsilver_map=SaffronGym; source=trainer; script_label=TrainerMediumRebecca; map_line=48; object_xy=17,16; canonical candidate 27 Saffron City is not in Crystal event_locations",3,4,,MEDIUM,REBECCA,SaffronGym,trainer,48,17,16,canon_not_in_event
TRAINER_MEDIUM_DORIS,DORIS,TRAINER_CLASS_MEDIUM,,,,,,TRAINER_PIC_MEDIUM,,"goldsilver_map=SaffronGym; source=trainer; script_label=TrainerMediumDoris; map_line=70; object_xy=3,4; canonical candidate 27 Saffron City is not in Crystal event_locations",3,4,,MEDIUM,DORIS,SaffronGym,trainer,70,3,4,canon_not_in_event
TRAINER_BOARDER_RONALD,RONALD,TRAINER_CLASS_BOARDER,,,,,,TRAINER_PIC_BOARDER,,"goldsilver_map=MahoganyGym; source=trainer; script_label=TrainerBoarderRonald; map_line=94; object_xy=0,17; no canonical event_location match in current Crystal script",3,4,,BOARDER,RONALD,MahoganyGym,trainer,94,0,17,manual_missing
TRAINER_BOARDER_BRAD,BRAD,TRAINER_CLASS_BOARDER,,,,,,TRAINER_PIC_BOARDER,,"goldsilver_map=MahoganyGym; source=trainer; script_label=TrainerBoarderBrad; map_line=105; object_xy=5,9; no canonical event_location match in current Crystal script",3,4,,BOARDER,BRAD,MahoganyGym,trainer,105,5,9,manual_missing
TRAINER_BOARDER_DOUGLAS,DOUGLAS,TRAINER_CLASS_BOARDER,,,,,,TRAINER_PIC_BOARDER,,"goldsilver_map=MahoganyGym; source=trainer; script_label=TrainerBoarderDouglas; map_line=116; object_xy=2,4; no canonical event_location match in current Crystal script",3,4,,BOARDER,DOUGLAS,MahoganyGym,trainer,116,2,4,manual_missing
TRAINER_POKEFANM_WILLIAM,WILLIAM,TRAINER_CLASS_POKEFANM,72,National Park,,,,TRAINER_PIC_POKEFANM,,"goldsilver_map=NationalPark; source=trainer; script_label=TrainerPokefanmWilliam; map_line=156; object_xy=16,9",3,4,,POKEFANM,WILLIAM,NationalPark,trainer,156,16,9,direct
TRAINER_POKEFANM_DEREK1,DEREK,TRAINER_CLASS_POKEFANM,79,Route 39,,,,TRAINER_PIC_POKEFANM,,"goldsilver_map=Route39; source=trainer; script_label=TrainerPokefanmDerek; map_line=26; object_xy=11,19",3,4,,POKEFANM,DEREK1,Route39,trainer,26,11,19,route
TRAINER_POKEFANM_ROBERT,ROBERT,TRAINER_CLASS_POKEFANM,20,Route 10,,,,TRAINER_PIC_POKEFANM,,"goldsilver_map=Route10South; source=trainer; script_label=TrainerPokefanmRobert; map_line=22; object_xy=4,10",3,4,,POKEFANM,ROBERT,Route10South,trainer,22,4,10,route
TRAINER_POKEFANM_JOSHUA,JOSHUA,TRAINER_CLASS_POKEFANM,36,Route 13,,,,TRAINER_PIC_POKEFANM,,"goldsilver_map=Route13; source=trainer; script_label=TrainerPokefanmJoshua; map_line=25; object_xy=32,8",3,4,,POKEFANM,JOSHUA,Route13,trainer,25,32,8,route
TRAINER_POKEFANM_CARTER,CARTER,TRAINER_CLASS_POKEFANM,35,Route 14,,,,TRAINER_PIC_POKEFANM,,"goldsilver_map=Route14; source=trainer; script_label=TrainerPokefanmCarter; map_line=21; object_xy=12,14",3,4,,POKEFANM,CARTER,Route14,trainer,21,12,14,route
TRAINER_POKEFANM_TREVOR,TREVOR,TRAINER_CLASS_POKEFANM,35,Route 14,,,,TRAINER_PIC_POKEFANM,,"goldsilver_map=Route14; source=trainer; script_label=TrainerPokefanmTrevor; map_line=43; object_xy=5,9",3,4,,POKEFANM,TREVOR,Route14,trainer,43,5,9,route
TRAINER_POKEFANM_BRANDON,BRANDON,TRAINER_CLASS_POKEFANM,69,Route 34,,,,TRAINER_PIC_POKEFANM,,"goldsilver_map=Route34; source=trainer; script_label=TrainerPokefanmBrandon; map_line=307; object_xy=19,28",3,4,,POKEFANM,BRANDON,Route34,trainer,307,19,28,route
TRAINER_POKEFANM_JEREMY,JEREMY,TRAINER_CLASS_POKEFANM,16,Vermilion City,,,,TRAINER_PIC_POKEFANM,,"goldsilver_map=FastShipCabins_SE_SSE_CaptainsCabin; source=trainer; script_label=TrainerPokefanmJeremy; map_line=176; object_xy=2,3",3,4,,POKEFANM,JEREMY,FastShipCabins_SE_SSE_CaptainsCabin,trainer,176,2,3,manual
TRAINER_POKEFANM_COLIN,COLIN,TRAINER_CLASS_POKEFANM,16,Vermilion City,,,,TRAINER_PIC_POKEFANM,,"goldsilver_map=FastShipCabins_SE_SSE_CaptainsCabin; source=trainer; script_label=TrainerPokefanmColin; map_line=132; object_xy=5,6",3,4,,POKEFANM,COLIN,FastShipCabins_SE_SSE_CaptainsCabin,trainer,132,5,6,manual
TRAINER_POKEFANM_DEREK2,DEREK,TRAINER_CLASS_POKEFANM,79,Route 39,True,True,,TRAINER_PIC_POKEFANM,,goldsilver_map=Route39; source=loadtrainer; script_label=TrainerPokefanmDerek; map_line=67; rematch variant; base fight should drive current app display,3,4,,POKEFANM,DEREK2,Route39,loadtrainer,67,,,route
TRAINER_POKEFANM_DEREK3,DEREK,TRAINER_CLASS_POKEFANM,79,Route 39,True,True,,TRAINER_PIC_POKEFANM,,goldsilver_map=Route39; source=loadtrainer; script_label=TrainerPokefanmDerek; map_line=74; rematch variant; base fight should drive current app display,3,4,,POKEFANM,DEREK3,Route39,loadtrainer,74,,,route
TRAINER_POKEFANM_ALEX,ALEX,TRAINER_CLASS_POKEFANM,36,Route 13,,,,TRAINER_PIC_POKEFANM,,"goldsilver_map=Route13; source=trainer; script_label=TrainerPokefanmAlex; map_line=14; object_xy=25,6",3,4,,POKEFANM,ALEX,Route13,trainer,14,25,6,route
TRAINER_KIMONO_GIRL_KYOKO,KYOKO,TRAINER_CLASS_KIMONO_GIRL,,,,,,TRAINER_PIC_KIMONO_GIRL,,party exists in decomp but no map trainer/loadtrainer reference was found,3,4,,KIMONO_GIRL,KYOKO,,,,,,unreferenced
TRAINER_KIMONO_GIRL_NAOKO,NAOKO,TRAINER_CLASS_KIMONO_GIRL,75,Ecruteak City,,,,TRAINER_PIC_KIMONO_GIRL,,"goldsilver_map=DanceTheater; source=trainer; script_label=TrainerKimonoGirlNaoko; map_line=18; object_xy=0,2",3,4,,KIMONO_GIRL,NAOKO,DanceTheater,trainer,18,0,2,manual
TRAINER_KIMONO_GIRL_SAYO,SAYO,TRAINER_CLASS_KIMONO_GIRL,75,Ecruteak City,,,,TRAINER_PIC_KIMONO_GIRL,,"goldsilver_map=DanceTheater; source=trainer; script_label=TrainerKimonoGirlSayo; map_line=29; object_xy=2,1",3,4,,KIMONO_GIRL,SAYO,DanceTheater,trainer,29,2,1,manual
TRAINER_KIMONO_GIRL_ZUKI,ZUKI,TRAINER_CLASS_KIMONO_GIRL,75,Ecruteak City,,,,TRAINER_PIC_KIMONO_GIRL,,"goldsilver_map=DanceTheater; source=trainer; script_label=TrainerKimonoGirlZuki; map_line=40; object_xy=6,2",3,4,,KIMONO_GIRL,ZUKI,DanceTheater,trainer,40,6,2,manual
TRAINER_KIMONO_GIRL_KUNI,KUNI,TRAINER_CLASS_KIMONO_GIRL,75,Ecruteak City,,,,TRAINER_PIC_KIMONO_GIRL,,"goldsilver_map=DanceTheater; source=trainer; script_label=TrainerKimonoGirlKuni; map_line=51; object_xy=9,1",3,4,,KIMONO_GIRL,KUNI,DanceTheater,trainer,51,9,1,manual
TRAINER_KIMONO_GIRL_MIKI,MIKI,TRAINER_CLASS_KIMONO_GIRL,75,Ecruteak City,,,,TRAINER_PIC_KIMONO_GIRL,,"goldsilver_map=DanceTheater; source=trainer; script_label=TrainerKimonoGirlMiki; map_line=62; object_xy=11,2",3,4,,KIMONO_GIRL,MIKI,DanceTheater,trainer,62,11,2,manual
TRAINER_TWINS_AMYANDMAY1,AMY & MAY,TRAINER_CLASS_TWINS,66,Azalea Town,,,,TRAINER_PIC_TWINS,,"goldsilver_map=AzaleaGym; source=trainer; script_label=TrainerTwinsAmyandmay1; map_line=71; object_xy=4,10",3,4,,TWINS,AMYANDMAY1,AzaleaGym,trainer,71,4,10,manual
TRAINER_TWINS_ANNANDANNE1,ANN & ANNE,TRAINER_CLASS_TWINS,74,Route 37,,,,TRAINER_PIC_TWINS,,"goldsilver_map=Route37; source=trainer; script_label=TrainerTwinsAnnandanne1; map_line=27; object_xy=6,12",3,4,,TWINS,ANNANDANNE1,Route37,trainer,27,6,12,route
TRAINER_TWINS_ANNANDANNE2,ANN & ANNE,TRAINER_CLASS_TWINS,74,Route 37,,,,TRAINER_PIC_TWINS,,"goldsilver_map=Route37; source=trainer; script_label=TrainerTwinsAnnandanne2; map_line=38; object_xy=7,12",3,4,,TWINS,ANNANDANNE2,Route37,trainer,38,7,12,route
TRAINER_TWINS_AMYANDMAY2,AMY & MAY,TRAINER_CLASS_TWINS,66,Azalea Town,,,,TRAINER_PIC_TWINS,,"goldsilver_map=AzaleaGym; source=trainer; script_label=TrainerTwinsAmyandmay2; map_line=82; object_xy=5,10",3,4,,TWINS,AMYANDMAY2,AzaleaGym,trainer,82,5,10,manual
TRAINER_TWINS_JOANDZOE1,JO & ZOE,TRAINER_CLASS_TWINS,,,,,,TRAINER_PIC_TWINS,,"goldsilver_map=CeladonGym; source=trainer; script_label=TrainerTwinsJoAndZoe1; map_line=84; object_xy=4,10; canonical candidate 26 Celadon City is not in Crystal event_locations",3,4,,TWINS,JOANDZOE1,CeladonGym,trainer,84,4,10,canon_not_in_event
TRAINER_TWINS_JOANDZOE2,JO & ZOE,TRAINER_CLASS_TWINS,,,,,,TRAINER_PIC_TWINS,,"goldsilver_map=CeladonGym; source=trainer; script_label=TrainerTwinsJoAndZoe2; map_line=95; object_xy=5,10; canonical candidate 26 Celadon City is not in Crystal event_locations",3,4,,TWINS,JOANDZOE2,CeladonGym,trainer,95,5,10,canon_not_in_event
TRAINER_TWINS_MEGANDPEG1,MEG & PEG,TRAINER_CLASS_TWINS,16,Vermilion City,,,,TRAINER_PIC_TWINS,,"goldsilver_map=FastShipCabins_SE_SSE_CaptainsCabin; source=trainer; script_label=TrainerTwinsMegandpeg1; map_line=143; object_xy=2,4",3,4,,TWINS,MEGANDPEG1,FastShipCabins_SE_SSE_CaptainsCabin,trainer,143,2,4,manual
TRAINER_TWINS_MEGANDPEG2,MEG & PEG,TRAINER_CLASS_TWINS,16,Vermilion City,,,,TRAINER_PIC_TWINS,,"goldsilver_map=FastShipCabins_SE_SSE_CaptainsCabin; source=trainer; script_label=TrainerTwinsMegandpeg2; map_line=154; object_xy=3,4",3,4,,TWINS,MEGANDPEG2,FastShipCabins_SE_SSE_CaptainsCabin,trainer,154,3,4,manual
TRAINER_POKEFANF_BEVERLY1,BEVERLY,TRAINER_CLASS_POKEFANF,72,National Park,,,,TRAINER_PIC_POKEFANF,,"goldsilver_map=NationalPark; source=trainer; script_label=TrainerPokefanfBeverly1; map_line=167; object_xy=18,29",3,4,,POKEFANF,BEVERLY1,NationalPark,trainer,167,18,29,direct
TRAINER_POKEFANF_RUTH,RUTH,TRAINER_CLASS_POKEFANF,79,Route 39,,,,TRAINER_PIC_POKEFANF,,"goldsilver_map=Route39; source=trainer; script_label=TrainerPokefanfRuth; map_line=109; object_xy=13,22",3,4,,POKEFANF,RUTH,Route39,trainer,109,13,22,route
TRAINER_POKEFANF_BEVERLY2,BEVERLY,TRAINER_CLASS_POKEFANF,72,National Park,True,True,,TRAINER_PIC_POKEFANF,,goldsilver_map=NationalPark; source=loadtrainer; script_label=TrainerPokefanfBeverly1; map_line=208; rematch variant; base fight should drive current app display,3,4,,POKEFANF,BEVERLY2,NationalPark,loadtrainer,208,,,direct
TRAINER_POKEFANF_BEVERLY3,BEVERLY,TRAINER_CLASS_POKEFANF,72,National Park,True,True,,TRAINER_PIC_POKEFANF,,goldsilver_map=NationalPark; source=loadtrainer; script_label=TrainerPokefanfBeverly1; map_line=215; rematch variant; base fight should drive current app display,3,4,,POKEFANF,BEVERLY3,NationalPark,loadtrainer,215,,,direct
TRAINER_POKEFANF_GEORGIA,GEORGIA,TRAINER_CLASS_POKEFANF,16,Vermilion City,,,,TRAINER_PIC_POKEFANF,,"goldsilver_map=FastShipCabins_SE_SSE_CaptainsCabin; source=trainer; script_label=TrainerPokefanfGeorgia; map_line=187; object_xy=5,5",3,4,,POKEFANF,GEORGIA,FastShipCabins_SE_SSE_CaptainsCabin,trainer,187,5,5,manual
TRAINER_RED_RED1,RED,TRAINER_CLASS_RED,100,Mt. Silver,,True,,TRAINER_PIC_RED,,goldsilver_map=SilverCaveRoom3; source=loadtrainer; script_label=Red; map_line=17,3,4,,RED,RED1,SilverCaveRoom3,loadtrainer,17,,,manual
TRAINER_BLUE_BLUE1,BLUE,TRAINER_CLASS_BLUE,4,Viridian City,,True,,TRAINER_PIC_BLUE,,goldsilver_map=ViridianGym; source=loadtrainer; script_label=ViridianGymBlueScript; map_line=19,3,4,,BLUE,BLUE1,ViridianGym,loadtrainer,19,,,manual
TRAINER_OFFICER_KEITH,KEITH,TRAINER_CLASS_OFFICER,69,Route 34,,True,,TRAINER_PIC_OFFICER,,goldsilver_map=Route34; source=loadtrainer; script_label=OfficerKeithScript; map_line=265,3,4,,OFFICER,KEITH,Route34,loadtrainer,265,,,route
TRAINER_OFFICER_DIRK,DIRK,TRAINER_CLASS_OFFICER,71,Route 35,,True,,TRAINER_PIC_OFFICER,,goldsilver_map=Route35; source=loadtrainer; script_label=TrainerOfficerDirk; map_line=235,3,4,,OFFICER,DIRK,Route35,loadtrainer,235,,,route
TRAINER_GRUNTF_GRUNTF_1,GRUNT,TRAINER_CLASS_GRUNTF,67,Slowpoke Well,,,,TRAINER_PIC_GRUNTF,,"goldsilver_map=SlowpokeWellB1F; source=trainer; script_label=TrainerGruntF1; map_line=86; object_xy=13,2",3,4,,GRUNTF,GRUNTF_1,SlowpokeWellB1F,trainer,86,13,2,manual
TRAINER_GRUNTF_GRUNTF_2,GRUNT,TRAINER_CLASS_GRUNTF,70,Goldenrod City,,,,TRAINER_PIC_GRUNTF,,"goldsilver_map=RadioTower2F; source=trainer; script_label=TrainerGruntF2; map_line=87; object_xy=10,5",3,4,,GRUNTF,GRUNTF_2,RadioTower2F,trainer,87,10,5,manual
TRAINER_GRUNTF_GRUNTF_3,GRUNT,TRAINER_CLASS_GRUNTF,70,Goldenrod City,,,,TRAINER_PIC_GRUNTF,,"goldsilver_map=GoldenrodUndergroundSwitchRoomEntrances; source=trainer; script_label=TrainerGruntF3; map_line=228; object_xy=19,12",3,4,,GRUNTF,GRUNTF_3,GoldenrodUndergroundSwitchRoomEntrances,trainer,228,19,12,manual
TRAINER_GRUNTF_GRUNTF_4,GRUNT,TRAINER_CLASS_GRUNTF,70,Goldenrod City,,,,TRAINER_PIC_GRUNTF,,"goldsilver_map=RadioTower4F; source=trainer; script_label=TrainerGruntF4; map_line=79; object_xy=12,4",3,4,,GRUNTF,GRUNTF_4,RadioTower4F,trainer,79,12,4,manual
TRAINER_GRUNTF_GRUNTF_5,GRUNT,TRAINER_CLASS_GRUNTF,89,Rocket Hideout,,,,TRAINER_PIC_GRUNTF,,"goldsilver_map=TeamRocketBaseB3F; source=trainer; script_label=SlowpokeTailGrunt; map_line=128; object_xy=21,7",3,4,,GRUNTF,GRUNTF_5,TeamRocketBaseB3F,trainer,128,21,7,manual
