encounter_name,species_name,lvl,moves,held_item,iv,version_group_id,load_build,slot
TRAINER_ACE_TRAINER_ABEL,GLALIE,59,"HAIL,ICE_BEAM,SHEER_COLD,CRUNCH",,50,9,5,1
TRAINER_ACE_TRAINER_ABEL,CROBAT,60,"AIR_SLASH,POISON_FANG,CONFUSE_RAY,SHADOW_BALL",,50,9,5,2
TRAINER_ACE_TRAINER_ALICIA,SNEASEL,40,"ICY_WIND,SLASH,SCREECH,FAINT_ATTACK",,60,9,5,1
TRAINER_ACE_TRAINER_ALICIA,SNEASEL,43,"ICY_WIND,SLASH,SCREECH,FAINT_ATTACK",,60,9,5,2
TRAINER_ACE_TRAINER_ALLEN,GASTLY,21,"NIGHT_SHADE,SUCKER_PUNCH,CURSE,CONFUSE_RAY",,60,9,5,1
TRAINER_ACE_TRAINER_ALLEN,GASTLY,22,"NIGHT_SHADE,SUCKER_PUNCH,HYPNOSIS,CONFUSE_RAY",,60,9,5,2
TRAINER_ACE_TRAINER_ALLEN,HAUNTER,24,"SHADOW_BALL,CONFUSE_RAY,CURSE,MEAN_LOOK",,60,9,5,3
TRAINER_ACE_TRAINER_ALYSSA,AIPOM,32,"SWIFT,WATER_PULSE,SHOCK_WAVE,AERIAL_ACE",,50,9,5,1
TRAINER_ACE_TRAINER_ALYSSA,GIRAFARIG,32,"DOUBLE_HIT,PSYBEAM,ASSURANCE,LIGHT_SCREEN",,50,9,5,2
TRAINER_ACE_TRAINER_ALYSSA,GROTLE,33,"MEGA_DRAIN,BITE,CURSE",,50,9,5,3
TRAINER_ACE_TRAINER_ANTON,GLALIE,44,"ICE_BEAM,CRUNCH",,50,9,5,1
TRAINER_ACE_TRAINER_ARTHUR,GASTRODON,54,"MUDDY_WATER,RECOVER,TOXIC,WATER_PULSE",,50,9,5,1
TRAINER_ACE_TRAINER_ARTHUR,BEEDRILL,54,"POISON_JAB,U_TURN,AERIAL_ACE,SWORDS_DANCE",,50,9,5,2
TRAINER_ACE_TRAINER_ARTHUR,ELECTRODE,55,"THUNDERBOLT,HYPER_BEAM,ENDURE,EXPLOSION",,50,9,5,3
TRAINER_ACE_TRAINER_BLAKE,AMBIPOM,39,"DOUBLE_HIT,U_TURN,SAND_ATTACK,SCREECH",,50,9,5,1
TRAINER_ACE_TRAINER_BLAKE,PORYGON2,40,"PSYBEAM,SIGNAL_BEAM,CONVERSION_2,RECOVER",,50,9,5,2
TRAINER_ACE_TRAINER_BRANDI,MAROWAK,54,"BONE_RUSH,STONE_EDGE,SWORDS_DANCE,ENDEAVOR",,50,9,5,1
TRAINER_ACE_TRAINER_BRANDI,KANGASKHAN,57,"DIZZY_PUNCH,CRUNCH,OUTRAGE,EARTHQUAKE",,50,9,5,2
TRAINER_ACE_TRAINER_BREANNA,BRONZOR,35,"GYRO_BALL,EXTRASENSORY,CONFUSE_RAY",,60,9,5,1
TRAINER_ACE_TRAINER_BREANNA,BRONZOR,36,"GYRO_BALL,EXTRASENSORY,CONFUSE_RAY",,60,9,5,2
TRAINER_ACE_TRAINER_BREANNA,BRONZOR,38,"GYRO_BALL,EXTRASENSORY,CONFUSE_RAY",,60,9,5,3
TRAINER_ACE_TRAINER_BRENDA,LOPUNNY,38,,,50,9,5,1
TRAINER_ACE_TRAINER_BRENDA,KIRLIA,36,,,50,9,5,2
TRAINER_ACE_TRAINER_BRENDA,MEDICHAM,35,,,50,9,5,3
TRAINER_ACE_TRAINER_BRENNA,SNEASEL,40,"ICE_SHARD,SLASH,FAINT_ATTACK,QUICK_ATTACK",,50,9,5,1
TRAINER_ACE_TRAINER_BRENNA,SNORUNT,40,"ICE_FANG,CRUNCH,HAIL",,50,9,5,2
TRAINER_ACE_TRAINER_BRENNA,SNOVER,41,"ICE_SHARD,WOOD_HAMMER,INGRAIN,GRASS_WHISTLE",,50,9,5,3
TRAINER_ACE_TRAINER_CATHERINE,HAUNTER,23,"NIGHT_SHADE,CONFUSE_RAY,SUCKER_PUNCH,CURSE",,60,9,5,1
TRAINER_ACE_TRAINER_CATHERINE,MISDREAVUS,24,"PSYBEAM,PAIN_SPLIT,CONFUSE_RAY,SPITE",,60,9,5,2
TRAINER_ACE_TRAINER_CESAR,SCIZOR,40,"METAL_CLAW,X_SCISSOR,SLASH,PURSUIT",,60,9,5,1
TRAINER_ACE_TRAINER_CLARICE,SWALOT,53,"GUNK_SHOT,YAWN,BODY_SLAM,PROTECT",,50,9,5,1
TRAINER_ACE_TRAINER_CLARICE,NINETALES,54,"WILL_O_WISP,FLAMETHROWER,DARK_PULSE,EXTRASENSORY",,50,9,5,2
TRAINER_ACE_TRAINER_CLARICE,MAGNEZONE,56,"FLASH_CANNON,MIRROR_COAT,DISCHARGE,HYPER_BEAM",,50,9,5,3
TRAINER_ACE_TRAINER_DALTON,ELECTABUZZ,40,"THUNDERBOLT,SWIFT,QUICK_ATTACK,THUNDER_WAVE",,50,9,5,1
TRAINER_ACE_TRAINER_DALTON,MAGMAR,40,"FLAMETHROWER,FAINT_ATTACK,SMOG,WILL_O_WISP",,50,9,5,2
TRAINER_ACE_TRAINER_DALTON_REMATCH,ELECTIVIRE,54,"THUNDERBOLT,SWIFT,QUICK_ATTACK,THUNDER_WAVE",,50,9,5,1
TRAINER_ACE_TRAINER_DALTON_REMATCH,MAGMORTAR,54,"FLAMETHROWER,FAINT_ATTACK,SMOG,WILL_O_WISP",,50,9,5,2
TRAINER_ACE_TRAINER_DANA,MIGHTYENA,55,"CRUNCH,SUCKER_PUNCH,IRON_TAIL,SCARY_FACE",,50,9,5,1
TRAINER_ACE_TRAINER_DANA,KIRLIA,56,"PSYCHIC,MAGICAL_LEAF,SHOCK_WAVE,SHADOW_BALL",,50,9,5,2
TRAINER_ACE_TRAINER_DEANNA,FLAAFFY,55,"DISCHARGE,POWER_GEM,SIGNAL_BEAM,LIGHT_SCREEN",,50,9,5,1
TRAINER_ACE_TRAINER_DEANNA,TROPIUS,56,"SOLAR_BEAM,AIR_SLASH,SYNTHESIS,SUNNY_DAY",,50,9,5,2
TRAINER_ACE_TRAINER_DEANNA_REMATCH,AMPHAROS,61,"DISCHARGE,POWER_GEM,SIGNAL_BEAM,FIRE_PUNCH",,50,9,5,1
TRAINER_ACE_TRAINER_DEANNA_REMATCH,TROPIUS,62,"LEAF_STORM,AIR_SLASH,EARTHQUAKE,SILVER_WIND",,50,9,5,2
TRAINER_ACE_TRAINER_DENNIS,GLIGAR,24,"SCREECH,FAINT_ATTACK,QUICK_ATTACK,POISON_STING",,50,9,5,1
TRAINER_ACE_TRAINER_DENNIS,BUIZEL,24,"AQUA_JET,SWIFT,PURSUIT,QUICK_ATTACK",,50,9,5,2
TRAINER_ACE_TRAINER_DENNIS,DRIFBLIM,25,"SWALLOW,GUST,STOCKPILE,OMINOUS_WIND",,50,9,5,3
TRAINER_ACE_TRAINER_DENNIS_REMATCH_1,GLIGAR,44,"SCREECH,FAINT_ATTACK,QUICK_ATTACK,POISON_STING",,50,9,5,1
TRAINER_ACE_TRAINER_DENNIS_REMATCH_1,FLOATZEL,44,"AQUA_JET,SWIFT,PURSUIT,QUICK_ATTACK",,50,9,5,2
TRAINER_ACE_TRAINER_DENNIS_REMATCH_1,DRIFBLIM,45,"SWALLOW,GUST,STOCKPILE,SHADOW_BALL",,50,9,5,3
TRAINER_ACE_TRAINER_DENNIS_REMATCH_2,GLISCOR,61,"THUNDER_FANG,X_SCISSOR,QUICK_ATTACK,AERIAL_ACE",,50,9,5,1
TRAINER_ACE_TRAINER_DENNIS_REMATCH_2,FLOATZEL,61,"AQUA_JET,SWIFT,CRUNCH,QUICK_ATTACK",,50,9,5,2
TRAINER_ACE_TRAINER_DENNIS_REMATCH_2,DRIFBLIM,59,"SWALLOW,GUST,STOCKPILE,SHADOW_BALL",,50,9,5,3
TRAINER_ACE_TRAINER_DESTINY,ELECTABUZZ,47,"THUNDERBOLT,SHOCK_WAVE,QUICK_ATTACK,IRON_TAIL",,60,9,5,1
TRAINER_ACE_TRAINER_DESTINY,RAICHU,48,"THUNDERBOLT,DIG,THUNDER_WAVE,LIGHT_SCREEN",,60,9,5,2
TRAINER_ACE_TRAINER_ERNEST,SCYTHER,32,"SLASH,WING_ATTACK,PURSUIT,QUICK_ATTACK",,50,9,5,1
TRAINER_ACE_TRAINER_ERNEST,PROBOPASS,31,"THUNDER_WAVE,ROCK_SLIDE,MAGNET_BOMB,IRON_DEFENSE",,50,9,5,2
TRAINER_ACE_TRAINER_ERNEST,LUXIO,34,"THUNDERBOLT,CRUNCH,SWAGGER,DOUBLE_TEAM",,50,9,5,3
TRAINER_ACE_TRAINER_FELIX,DUSCLOPS,55,"SHADOW_SNEAK,PAYBACK,CURSE,WILL_O_WISP",,50,9,5,1
TRAINER_ACE_TRAINER_FELIX,SALAMENCE,56,"DRAGON_CLAW,AERIAL_ACE,ZEN_HEADBUTT,CRUNCH",,50,9,5,2
TRAINER_ACE_TRAINER_GARRETT,MR_MIME,37,"PSYBEAM,MIMIC,REFLECT,LIGHT_SCREEN",,50,9,5,1
TRAINER_ACE_TRAINER_GARRETT,DUSCLOPS,39,"WILL_O_WISP,SHADOW_PUNCH,PURSUIT,CONFUSE_RAY",,50,9,5,2
TRAINER_ACE_TRAINER_GARRETT,SCYTHER,39,"SLASH,X_SCISSOR,QUICK_ATTACK,FURY_CUTTER",,50,9,5,3
TRAINER_ACE_TRAINER_GRAHAM,TYROGUE,55,,,50,9,5,1
TRAINER_ACE_TRAINER_GRAHAM,HITMONCHAN,59,,,50,9,5,2
TRAINER_ACE_TRAINER_HENRY,RHYDON,47,"STONE_EDGE,EARTHQUAKE,HAMMER_ARM,TAKE_DOWN",,50,9,5,1
TRAINER_ACE_TRAINER_HENRY,CARNIVINE,48,"WRING_OUT,CRUNCH,FAINT_ATTACK,INGRAIN",,50,9,5,2
TRAINER_ACE_TRAINER_ISAIAH,PILOSWINE,44,"EARTHQUAKE,FURY_ATTACK,ICE_FANG,ANCIENT_POWER",,60,9,5,1
TRAINER_ACE_TRAINER_JAKE,STARAPTOR,35,"TAKE_DOWN,AERIAL_ACE,ENDEAVOR,QUICK_ATTACK",,50,9,5,1
TRAINER_ACE_TRAINER_JAKE,GIRAFARIG,36,"DOUBLE_HIT,PSYCHIC",,50,9,5,2
TRAINER_ACE_TRAINER_JAKE_REMATCH,STARAPTOR,54,"BRAVE_BIRD,TAKE_DOWN,ENDEAVOR,QUICK_ATTACK",,50,9,5,1
TRAINER_ACE_TRAINER_JAKE_REMATCH,GIRAFARIG,55,"PSYCHIC,DOUBLE_HIT,CRUNCH,THUNDER_WAVE",,50,9,5,2
TRAINER_ACE_TRAINER_JAMIE,METAGROSS,60,"METEOR_MASH,HAMMER_ARM,PSYCHIC,MAGNET_RISE",,50,9,5,1
TRAINER_ACE_TRAINER_JASMIN,DRAPION,61,"CROSS_POISON,CRUNCH,X_SCISSOR,AERIAL_ACE",,50,9,5,1
TRAINER_ACE_TRAINER_JONAH,QUAGSIRE,35,,,50,9,5,1
TRAINER_ACE_TRAINER_JONAH,STARAPTOR,36,,,50,9,5,2
TRAINER_ACE_TRAINER_JONAH,HIPPOPOTAS,38,,,50,9,5,3
TRAINER_ACE_TRAINER_JOSE,GOLDUCK,56,"HYDRO_PUMP,BRICK_BREAK,ZEN_HEADBUTT,SCREECH",,50,9,5,1
TRAINER_ACE_TRAINER_JOSE,SANDSLASH,56,"EARTHQUAKE,CRUSH_CLAW,POISON_JAB,SAND_TOMB",,50,9,5,2
TRAINER_ACE_TRAINER_JOSE,MANECTRIC,57,"THUNDER_FANG,FIRE_FANG,QUICK_ATTACK,GIGA_IMPACT",,50,9,5,3
TRAINER_ACE_TRAINER_KASSANDRA,JUMPLUFF,58,"MEMENTO,GIGA_DRAIN,TOXIC,BOUNCE",,50,9,5,1
TRAINER_ACE_TRAINER_KASSANDRA,ONIX,58,"STONE_EDGE,EARTHQUAKE,IRON_TAIL,DRAGON_BREATH",,50,9,5,2
TRAINER_ACE_TRAINER_KASSANDRA,AMPHAROS,59,"THUNDER_PUNCH,POWER_GEM,SIGNAL_BEAM,FIRE_PUNCH",,50,9,5,3
TRAINER_ACE_TRAINER_KEENAN,PRIMEAPE,58,,,50,9,5,1
TRAINER_ACE_TRAINER_KEENAN,ELECTABUZZ,58,,,50,9,5,2
TRAINER_ACE_TRAINER_KEENAN,BANETTE,59,,,50,9,5,3
TRAINER_ACE_TRAINER_LAURA,TROPIUS,42,"AIR_SLASH,BODY_SLAM,MAGICAL_LEAF,SWEET_SCENT",,50,9,5,1
TRAINER_ACE_TRAINER_MARIA,GOLDUCK,38,"WATER_PULSE,CONFUSION,DISABLE,SCREECH",,50,9,5,1
TRAINER_ACE_TRAINER_MARIA,RAPIDASH,39,"FIRE_BLAST,TAKE_DOWN,FURY_ATTACK,WILL_O_WISP",,50,9,5,2
TRAINER_ACE_TRAINER_MARIA,SUDOWOODO,38,"ROCK_SLIDE,LOW_KICK,FLAIL,ENDURE",,50,9,5,3
TRAINER_ACE_TRAINER_MARIAH,BLISSEY,45,"DOUBLE_EDGE,SING,SOFTBOILED,LIGHT_SCREEN",,50,9,5,1
TRAINER_ACE_TRAINER_MARIAH,GLALIE,46,"ICE_BEAM,CRUNCH,HEADBUTT,SHADOW_BALL",,50,9,5,2
TRAINER_ACE_TRAINER_MARIAH,MAGNEZONE,48,"DISCHARGE,FLASH_CANNON,THUNDER_WAVE,BARRIER",,50,9,5,3
TRAINER_ACE_TRAINER_MAYA,ROSELIA,24,"TOXIC_SPIKES,GIGA_DRAIN,LEECH_SEED",,50,9,5,1
TRAINER_ACE_TRAINER_MAYA,RALTS,24,"PSYCHIC,MAGICAL_LEAF,CALM_MIND,DOUBLE_TEAM",,50,9,5,2
TRAINER_ACE_TRAINER_MAYA,LICKITUNG,25,"SUPERSONIC,STOMP,ROLLOUT,DEFENSE_CURL",,50,9,5,3
TRAINER_ACE_TRAINER_MAYA_REMATCH_1,ROSELIA,44,"TOXIC_SPIKES,GIGA_DRAIN,LEECH_SEED,TOXIC",,50,9,5,1
TRAINER_ACE_TRAINER_MAYA_REMATCH_1,KIRLIA,44,"PSYCHIC,MAGICAL_LEAF,CALM_MIND,DOUBLE_TEAM",,50,9,5,2
TRAINER_ACE_TRAINER_MAYA_REMATCH_1,LICKITUNG,45,"SUPERSONIC,STOMP,ROLLOUT,DEFENSE_CURL",,50,9,5,3
TRAINER_ACE_TRAINER_MAYA_REMATCH_2,ROSERADE,59,"TOXIC_SPIKES,GIGA_DRAIN,LEECH_SEED,TOXIC",,50,9,5,1
TRAINER_ACE_TRAINER_MAYA_REMATCH_2,GARDEVOIR,61,"PSYCHIC,MAGICAL_LEAF,CALM_MIND,DOUBLE_TEAM",,50,9,5,2
TRAINER_ACE_TRAINER_MAYA_REMATCH_2,LICKILICKY,61,"SUPERSONIC,STOMP,SCREECH,POWER_WHIP",,50,9,5,3
TRAINER_ACE_TRAINER_MEAGAN,DELCATTY,57,"FAKE_OUT,CAPTIVATE,FAINT_ATTACK,DOUBLE_EDGE",,50,9,5,1
TRAINER_ACE_TRAINER_MEAGAN,ABOMASNOW,58,"ICE_SHARD,AVALANCHE,RAZOR_LEAF,WATER_PULSE",,50,9,5,2
TRAINER_ACE_TRAINER_MICAH,METANG,55,"BULLET_PUNCH,ZEN_HEADBUTT,PURSUIT,METEOR_MASH",,50,9,5,1
TRAINER_ACE_TRAINER_MICAH,LUDICOLO,56,"WATER_PULSE,ZEN_HEADBUTT,ENERGY_BALL,FAKE_OUT",,50,9,5,2
TRAINER_ACE_TRAINER_MIKAYLA,SEVIPER,56,"NIGHT_SLASH,POISON_FANG,WRING_OUT,GLARE",,50,9,5,1
TRAINER_ACE_TRAINER_MIKAYLA,PERSIAN,56,"NIGHT_SLASH,POWER_GEM,FAINT_ATTACK,FAKE_OUT",,50,9,5,2
TRAINER_ACE_TRAINER_MIKAYLA,ABSOL,56,"NIGHT_SLASH,PSYCHO_CUT,SLASH,QUICK_ATTACK",,50,9,5,3
TRAINER_ACE_TRAINER_MOIRA,SANDSLASH,56,"SLASH,GYRO_BALL,DIG,X_SCISSOR",,50,9,5,1
TRAINER_ACE_TRAINER_MOIRA,GASTRODON,56,"MUDDY_WATER,RECOVER,BODY_SLAM,PROTECT",,50,9,5,2
TRAINER_ACE_TRAINER_MOIRA,CLAYDOL,57,"EARTHQUAKE,PSYCHIC,ANCIENT_POWER,COSMIC_POWER",,50,9,5,3
TRAINER_ACE_TRAINER_MOIRA_REMATCH,SANDSLASH,59,"SLASH,GYRO_BALL,DIG,X_SCISSOR",,50,9,5,1
TRAINER_ACE_TRAINER_MOIRA_REMATCH,GASTRODON,59,"MUDDY_WATER,RECOVER,BODY_SLAM,PROTECT",,50,9,5,2
TRAINER_ACE_TRAINER_MOIRA_REMATCH,CLAYDOL,60,"EARTHQUAKE,PSYCHIC,ANCIENT_POWER,COSMIC_POWER",,50,9,5,3
TRAINER_ACE_TRAINER_MONIQUE,LUXRAY,58,"DISCHARGE,CRUNCH,THUNDER_WAVE,FACADE",,50,9,5,1
TRAINER_ACE_TRAINER_MONIQUE,URSARING,59,"HAMMER_ARM,STONE_EDGE,SWORDS_DANCE,GIGA_IMPACT",,50,9,5,2
TRAINER_ACE_TRAINER_MONIQUE,GLISCOR,58,"AERIAL_ACE,X_SCISSOR,EARTHQUAKE,QUICK_ATTACK",,50,9,5,3
TRAINER_ACE_TRAINER_NATASHA,WIGGLYTUFF,58,"HYPER_VOICE,REFLECT,LIGHT_SCREEN,SHADOW_BALL",,50,9,5,1
TRAINER_ACE_TRAINER_NATASHA,GARDEVOIR,59,"PSYCHIC,MAGICAL_LEAF,CALM_MIND,FOCUS_BLAST",,50,9,5,2
TRAINER_ACE_TRAINER_NATASHA,MEDICHAM,58,"RECOVER,FORCE_PALM,PSYCHIC,ROCK_SLIDE",,50,9,5,3
TRAINER_ACE_TRAINER_OLIVIA,KIRLIA,38,"FUTURE_SIGHT,PSYCHIC,MAGICAL_LEAF,LUCKY_CHANT",,50,9,5,1
TRAINER_ACE_TRAINER_OLIVIA,SEAKING,39,"WATERFALL,POISON_JAB,SUPERSONIC,AQUA_RING",,50,9,5,2
TRAINER_ACE_TRAINER_OLIVIA,BUNEARY,38,"DIZZY_PUNCH,QUICK_ATTACK,JUMP_KICK,SHADOW_BALL",,50,9,5,3
TRAINER_ACE_TRAINER_OLIVIA_REMATCH,GARDEVOIR,52,"FUTURE_SIGHT,PSYCHIC,MAGICAL_LEAF,CALM_MIND",,50,9,5,1
TRAINER_ACE_TRAINER_OLIVIA_REMATCH,SEAKING,56,"MEGAHORN,HORN_DRILL,WATER_PULSE,POISON_JAB",,50,9,5,2
TRAINER_ACE_TRAINER_OLIVIA_REMATCH,LOPUNNY,52,"DIZZY_PUNCH,QUICK_ATTACK,DRAIN_PUNCH,SHADOW_BALL",,50,9,5,3
TRAINER_ACE_TRAINER_OMAR,MAMOSWINE,45,"BLIZZARD,ICE_FANG,ROCK_SLIDE,GIGA_IMPACT",,50,9,5,1
TRAINER_ACE_TRAINER_OMAR,MOTHIM,46,"SILVER_WIND,AIR_SLASH,PSYCHIC,TOXIC",,50,9,5,2
TRAINER_ACE_TRAINER_OMAR,RAMPARDOS,48,"HEAD_SMASH,ZEN_HEADBUTT,ANCIENT_POWER,SCREECH",,50,9,5,3
TRAINER_ACE_TRAINER_QUINN,PINSIR,55,"SUPERPOWER,X_SCISSOR,SWORDS_DANCE,ROCK_TOMB",,50,9,5,1
TRAINER_ACE_TRAINER_QUINN,LANTURN,56,"DISCHARGE,SIGNAL_BEAM,SURF,CONFUSE_RAY",,50,9,5,2
TRAINER_ACE_TRAINER_RODOLFO,STARMIE,55,"WATER_PULSE,RECOVER,PSYCHIC,SWIFT",,50,9,5,1
TRAINER_ACE_TRAINER_RODOLFO,VIBRAVA,56,"DRAGON_BREATH,EARTHQUAKE,FAINT_ATTACK,SCREECH",,50,9,5,2
TRAINER_ACE_TRAINER_RODOLFO_REMATCH,STARMIE,61,"WATER_PULSE,RECOVER,PSYCHIC,SWIFT",,50,9,5,1
TRAINER_ACE_TRAINER_RODOLFO_REMATCH,FLYGON,62,"DRAGON_CLAW,EARTHQUAKE,FAINT_ATTACK,SCREECH",,50,9,5,2
TRAINER_ACE_TRAINER_RUBEN,NUZLEAF,56,"EXTRASENSORY,FAKE_OUT,FAINT_ATTACK,RAZOR_LEAF",,50,9,5,1
TRAINER_ACE_TRAINER_RUBEN,GYARADOS,57,"AQUA_TAIL,HYDRO_PUMP,DRAGON_DANCE,ICE_FANG",,50,9,5,2
TRAINER_ACE_TRAINER_SANDRA,DUGTRIO,55,,,50,9,5,1
TRAINER_ACE_TRAINER_SANDRA,RAICHU,54,,,50,9,5,2
TRAINER_ACE_TRAINER_SANDRA,NINETALES,54,,,50,9,5,3
TRAINER_ACE_TRAINER_SAUL,TAUROS,61,"THRASH,ZEN_HEADBUTT,SWAGGER,PAYBACK",,50,9,5,1
TRAINER_ACE_TRAINER_SAUL_REMATCH,TAUROS,63,"GIGA_IMPACT,ZEN_HEADBUTT,EARTHQUAKE,STONE_EDGE",,50,9,5,1
TRAINER_ACE_TRAINER_SAVANNAH,SNORUNT,39,"ICE_FANG,CRUNCH,HAIL,PROTECT",,60,9,5,1
TRAINER_ACE_TRAINER_SAVANNAH,SNORUNT,40,"ICE_FANG,CRUNCH,HAIL,PROTECT",,60,9,5,2
TRAINER_ACE_TRAINER_SAVANNAH,GLALIE,42,"ICE_FANG,CRUNCH,HAIL,PROTECT",,60,9,5,3
TRAINER_ACE_TRAINER_SERGIO,SNOVER,41,"ICE_SHARD,SWAGGER,ICY_WIND,WOOD_HAMMER",,60,9,5,1
TRAINER_ACE_TRAINER_SERGIO,SNEASEL,42,"ICY_WIND,SLASH,FAINT_ATTACK,QUICK_ATTACK",,60,9,5,2
TRAINER_ACE_TRAINER_SHANNON,CHERRIM,34,"PETAL_DANCE,MAGICAL_LEAF,LEECH_SEED",,50,9,5,1
TRAINER_ACE_TRAINER_SHANNON,AZUMARILL,34,"DOUBLE_EDGE,BUBBLE_BEAM,AQUA_RING",,50,9,5,2
TRAINER_ACE_TRAINER_SHANNON,LOPUNNY,35,"JUMP_KICK,QUICK_ATTACK,CHARM",,50,9,5,3
TRAINER_ACE_TRAINER_SHANNON_REMATCH,CHERRIM,52,"SOLAR_BEAM,MAGICAL_LEAF,PETAL_DANCE,SUNNY_DAY",,50,9,5,1
TRAINER_ACE_TRAINER_SHANNON_REMATCH,AZUMARILL,52,"ICE_BEAM,DOUBLE_EDGE,AQUA_TAIL,AQUA_RING",,50,9,5,2
TRAINER_ACE_TRAINER_SHANNON_REMATCH,LOPUNNY,56,"DIZZY_PUNCH,JUMP_KICK,QUICK_ATTACK,BOUNCE",,50,9,5,3
TRAINER_ACE_TRAINER_SKYLAR,LOUDRED,58,"HYPER_VOICE,BITE,SUPERSONIC,SCREECH",,50,9,5,1
TRAINER_ACE_TRAINER_SKYLAR,RAMPARDOS,59,"HEAD_SMASH,ZEN_HEADBUTT,ANCIENT_POWER,SCREECH",,50,9,5,2
TRAINER_ACE_TRAINER_SKYLAR,PELIPPER,58,"AIR_SLASH,WATER_PULSE,ROOST,QUICK_ATTACK",,50,9,5,3
TRAINER_ACE_TRAINER_STEFAN,PUPITAR,58,,,50,9,5,1
TRAINER_ACE_TRAINER_STEFAN,TORTERRA,61,,,50,9,5,2
TRAINER_ACE_TRAINER_SYDNEY,CLEFABLE,47,"METEOR_MASH,REFLECT,LIGHT_SCREEN,GRAVITY",,50,9,5,1
TRAINER_ACE_TRAINER_SYDNEY,TORTERRA,48,"EARTHQUAKE,CRUNCH,LEECH_SEED,SYNTHESIS",,50,9,5,2
TRAINER_ACE_TRAINER_ZACHERY,ELECTABUZZ,47,"THUNDERBOLT,SHOCK_WAVE,QUICK_ATTACK,IRON_TAIL",,60,9,5,1
TRAINER_ACE_TRAINER_ZACHERY,MAGNETON,48,"THUNDERBOLT,TRI_ATTACK,MIRROR_SHOT",,60,9,5,2
TRAINER_ARCADE_STAR_DAHLIA_DUMMY,RATTATA,5,,,0,9,5,1
TRAINER_AROMA_LADY_ALISON,ROSELIA,28,,,0,9,5,1
TRAINER_AROMA_LADY_ANGELA,ROSELIA,19,"MEGA_DRAIN,POISON_STING,STUN_SPORE",,20,9,5,1
TRAINER_AROMA_LADY_ELIZABETH,ROSELIA,14,"GROWTH,MEGA_DRAIN",,0,9,5,1
TRAINER_AROMA_LADY_ELIZABETH_REMATCH_1,ROSELIA,24,,,0,9,5,1
TRAINER_AROMA_LADY_ELIZABETH_REMATCH_2,ROSELIA,35,,,0,9,5,1
TRAINER_AROMA_LADY_ELIZABETH_REMATCH_3,ROSERADE,54,,,0,9,5,1
TRAINER_AROMA_LADY_HANNAH,ROSELIA,18,,,0,9,5,1
TRAINER_AROMA_LADY_HANNAH,COMBEE,22,,,0,9,5,2
TRAINER_AROMA_LADY_JENNA,BUDEW,15,"ABSORB,STUN_SPORE,WATER_SPORT",,20,9,5,1
TRAINER_AROMA_LADY_JENNA,BUDEW,16,"ABSORB,STUN_SPORE,WATER_SPORT",,20,9,5,2
TRAINER_AROMA_LADY_JENNA,BUDEW,17,"ABSORB,STUN_SPORE,WATER_SPORT",,20,9,5,3
TRAINER_AROMA_LADY_TAYLOR,BUDEW,9,,,0,9,5,1
TRAINER_AROMA_LADY_TAYLOR,CHERUBI,11,,,0,9,5,2
TRAINER_ARTIST_ISMAEL,KRICKETUNE,28,,,0,9,5,1
TRAINER_ARTIST_WILLIAM,MIME_JR,20,,,0,9,5,1
TRAINER_ARTIST_WILLIAM,BONSLY,20,,,0,9,5,2
TRAINER_ARTIST_WILLIAM_REMATCH_1,MR_MIME,33,,,0,9,5,1
TRAINER_ARTIST_WILLIAM_REMATCH_1,SUDOWOODO,33,,,0,9,5,2
TRAINER_ARTIST_WILLIAM_REMATCH_2,MR_MIME,43,,,0,9,5,1
TRAINER_ARTIST_WILLIAM_REMATCH_2,SUDOWOODO,43,,,0,9,5,2
TRAINER_ARTIST_WILLIAM_REMATCH_3,SMEARGLE,60,"OMINOUS_WIND,ANCIENT_POWER,SILVER_WIND,BATON_PASS",,250,9,5,1
TRAINER_ARTIST_WILLIAM_REMATCH_3,MR_MIME,57,"PSYCHIC,LIGHT_SCREEN,REFLECT,MIMIC",,0,9,5,2
TRAINER_ARTIST_WILLIAM_REMATCH_3,SUDOWOODO,57,"ROCK_THROW,FLAIL,SUCKER_PUNCH,MIMIC",,0,9,5,3
TRAINER_BATTLE_GIRL_HELEN,MACHOP,21,,,20,9,5,1
TRAINER_BATTLE_GIRL_HELEN,MEDITITE,21,,,20,9,5,2
TRAINER_BATTLE_GIRL_HELEN_REMATCH_1,MEDITITE,23,,,30,9,5,1
TRAINER_BATTLE_GIRL_HELEN_REMATCH_1,MACHOP,23,,,30,9,5,2
TRAINER_BATTLE_GIRL_HELEN_REMATCH_2,MEDICHAM,44,,,30,9,5,1
TRAINER_BATTLE_GIRL_HELEN_REMATCH_2,MACHOKE,44,,,30,9,5,2
TRAINER_BATTLE_GIRL_HELEN_REMATCH_3,MEDICHAM,60,,,30,9,5,1
TRAINER_BATTLE_GIRL_HELEN_REMATCH_3,MACHAMP,60,,,30,9,5,2
TRAINER_BATTLE_GIRL_KELSEY,MACHOP,15,,,20,9,5,1
TRAINER_BATTLE_GIRL_TYLER,MEDICHAM,38,,,30,9,5,1
TRAINER_BEAUTY_CYNDY,GLAMEOW,29,,,0,9,5,1
TRAINER_BEAUTY_CYNDY_REMATCH_1,GLAMEOW,45,,,0,9,5,1
TRAINER_BEAUTY_CYNDY_REMATCH_2,MEOWTH,59,,,0,9,5,1
TRAINER_BEAUTY_CYNDY_REMATCH_2,SKITTY,59,,,0,9,5,2
TRAINER_BEAUTY_CYNDY_REMATCH_2,GLAMEOW,59,,,0,9,5,3
TRAINER_BEAUTY_DEVON,WORMADAM,24,,,0,9,5,1
TRAINER_BEAUTY_DEVON,WORMADAM,24,,,0,9,5,2
TRAINER_BEAUTY_DEVON,WORMADAM,24,,,0,9,5,3
TRAINER_BEAUTY_GABRIELLA,FINNEON,26,,,0,9,5,1
TRAINER_BEAUTY_HARLEY,PSYDUCK,26,,,0,9,5,1
TRAINER_BEAUTY_LINDSAY,ROSELIA,19,"MEGA_DRAIN,POISON_STING,STUN_SPORE",,20,9,5,1
TRAINER_BEAUTY_NICOLA,LOPUNNY,45,,,0,9,5,1
TRAINER_BELLE_AND_PA_AVA_AND_MATT,PONYTA,24,,,0,9,5,1
TRAINER_BELLE_AND_PA_AVA_AND_MATT,RAPIDASH,24,,,0,9,5,2
TRAINER_BELLE_AND_PA_BETH_AND_BOB,PONYTA,23,,,0,9,5,1
TRAINER_BELLE_AND_PA_BETH_AND_BOB,PONYTA,23,,,0,9,5,2
TRAINER_BIRD_KEEPER_ALEXANDRA,STARLY,17,,,20,9,5,1
TRAINER_BIRD_KEEPER_ALEXANDRA,HOOTHOOT,17,,,20,9,5,2
TRAINER_BIRD_KEEPER_AUDREY,TAILLOW,51,,,0,9,5,1
TRAINER_BIRD_KEEPER_AUDREY,FARFETCHD,53,,,0,9,5,2
TRAINER_BIRD_KEEPER_AUDREY,PIDGEOT,55,,,0,9,5,3
TRAINER_BIRD_KEEPER_AUDREY_REMATCH,FARFETCHD,57,,,0,9,5,1
TRAINER_BIRD_KEEPER_AUDREY_REMATCH,SWELLOW,59,,,0,9,5,2
TRAINER_BIRD_KEEPER_AUDREY_REMATCH,PIDGEOT,61,,,0,9,5,3
TRAINER_BIRD_KEEPER_AUTUMN,MURKROW,54,,,0,9,5,1
TRAINER_BIRD_KEEPER_AUTUMN,XATU,54,,,0,9,5,2
TRAINER_BIRD_KEEPER_BRIANNA,HOOTHOOT,31,,,50,9,5,1
TRAINER_BIRD_KEEPER_BRIANNA,NOCTOWL,33,,,50,9,5,2
TRAINER_BIRD_KEEPER_BRIANNA_REMATCH_1,NOCTOWL,44,,,50,9,5,1
TRAINER_BIRD_KEEPER_BRIANNA_REMATCH_1,NOCTOWL,44,,,50,9,5,2
TRAINER_BIRD_KEEPER_BRIANNA_REMATCH_2,SKARMORY,59,"NIGHT_SLASH,SLASH,AIR_SLASH,STEEL_WING",,50,9,5,1
TRAINER_BIRD_KEEPER_BRIANNA_REMATCH_2,NOCTOWL,59,"HYPNOSIS,PSYCHIC,ROOST,AIR_SLASH",,50,9,5,2
TRAINER_BIRD_KEEPER_BRIANNA_REMATCH_2,NOCTOWL,59,"HYPNOSIS,PSYCHIC,ROOST,AIR_SLASH",,50,9,5,3
TRAINER_BIRD_KEEPER_GENEVA,FEAROW,55,,,0,9,5,1
TRAINER_BIRD_KEEPER_GENEVA,XATU,57,,,0,9,5,2
TRAINER_BIRD_KEEPER_HANA,NOCTOWL,45,,,0,9,5,1
TRAINER_BIRD_KEEPER_HANA,TOGETIC,47,,,0,9,5,2
TRAINER_BIRD_KEEPER_KATHERINE,NOCTOWL,34,,,50,9,5,1
TRAINER_BIRD_KEEPER_KRYSTAL,STARAVIA,55,,,0,9,5,1
TRAINER_BIRD_KEEPER_KRYSTAL,FEAROW,57,,,0,9,5,2
TRAINER_BIRD_KEEPER_KRYSTAL,NOCTOWL,59,,,0,9,5,3
TRAINER_BLACK_BELT_ADAM,MACHOKE,34,,,30,9,5,1
TRAINER_BLACK_BELT_CARL,TYROGUE,55,,,30,9,5,1
TRAINER_BLACK_BELT_CARL,HITMONLEE,59,,,30,9,5,2
TRAINER_BLACK_BELT_COLBY,MACHOKE,23,"KARATE_CHOP,LEER,FORESIGHT",,40,9,5,1
TRAINER_BLACK_BELT_COLBY,MACHOKE,25,"LOW_KICK,FORESIGHT",,40,9,5,2
TRAINER_BLACK_BELT_COLBY,MACHOKE,27,"SUBMISSION,LEER,FORESIGHT",,40,9,5,3
TRAINER_BLACK_BELT_DARREN,MACHOP,25,"KARATE_CHOP,FORESIGHT",,40,9,5,1
TRAINER_BLACK_BELT_DARREN,MEDITITE,25,"CONFUSION,FORCE_PALM",,40,9,5,2
TRAINER_BLACK_BELT_DARREN,MACHOKE,25,"KARATE_CHOP,FORESIGHT",,40,9,5,3
TRAINER_BLACK_BELT_DAVID,STEELIX,35,"IRON_TAIL,ROCK_SLIDE,SANDSTORM,SCREECH",,40,9,5,1
TRAINER_BLACK_BELT_DAVID,STEELIX,37,"IRON_TAIL,ROCK_SLIDE,SANDSTORM,SCREECH",,40,9,5,2
TRAINER_BLACK_BELT_DAVON,TYROGUE,54,,,30,9,5,1
TRAINER_BLACK_BELT_DAVON,MAKUHITA,54,,,30,9,5,2
TRAINER_BLACK_BELT_DAVON,MACHAMP,57,,,30,9,5,3
TRAINER_BLACK_BELT_DAVON_REMATCH,HITMONTOP,59,,,30,9,5,1
TRAINER_BLACK_BELT_DAVON_REMATCH,HARIYAMA,59,,,30,9,5,2
TRAINER_BLACK_BELT_DAVON_REMATCH,MACHAMP,59,,,30,9,5,3
TRAINER_BLACK_BELT_DEREK,CROAGUNK,26,,,30,9,5,1
TRAINER_BLACK_BELT_EDDIE,MANKEY,51,,,30,9,5,1
TRAINER_BLACK_BELT_EDDIE,MACHOKE,53,,,30,9,5,2
TRAINER_BLACK_BELT_EDDIE,INFERNAPE,55,,,30,9,5,3
TRAINER_BLACK_BELT_GREGORY,MACHOP,23,,,30,9,5,1
TRAINER_BLACK_BELT_GREGORY,MACHOP,23,,,30,9,5,2
TRAINER_BLACK_BELT_GREGORY,MACHOP,23,,,30,9,5,3
TRAINER_BLACK_BELT_GRIFFIN,BRELOOM,58,"SPORE,MACH_PUNCH,SEED_BOMB,SKY_UPPERCUT",,30,9,5,1
TRAINER_BLACK_BELT_GRIFFIN,MEDICHAM,58,"DETECT,PSYCHIC,HI_JUMP_KICK,ICE_PUNCH",,30,9,5,2
TRAINER_BLACK_BELT_JARRETT,MACHAMP,60,"CROSS_CHOP,FIRE_PUNCH,ICE_PUNCH,THUNDER_PUNCH",,30,9,5,1
TRAINER_BLACK_BELT_JEFFERY,HERACROSS,28,"BRICK_BREAK,AERIAL_ACE,LEER",,40,9,5,1
TRAINER_BLACK_BELT_KENDAL,TOXICROAK,38,,,30,9,5,1
TRAINER_BLACK_BELT_KYLE,MACHOP,23,,,30,9,5,1
TRAINER_BLACK_BELT_LUKE,CROAGUNK,37,,,30,9,5,1
TRAINER_BLACK_BELT_LUKE,RIOLU,37,,,30,9,5,2
TRAINER_BLACK_BELT_LUKE,MACHOKE,37,,,30,9,5,3
TRAINER_BLACK_BELT_MILES,MACHAMP,48,,,30,9,5,1
TRAINER_BLACK_BELT_NATHANIEL,CROAGUNK,21,,,30,9,5,1
TRAINER_BLACK_BELT_NATHANIEL,MEDITITE,24,,,30,9,5,2
TRAINER_BLACK_BELT_NATHANIEL,MACHOP,24,,,30,9,5,3
TRAINER_BLACK_BELT_PHILIP,MACHOKE,40,,,30,9,5,1
TRAINER_BLACK_BELT_PHILIP_REMATCH,MACHAMP,55,,,30,9,5,1
TRAINER_BLACK_BELT_RAFAEL,CROAGUNK,26,"SWAGGER,REVENGE,FAINT_ATTACK",,40,9,5,1
TRAINER_BLACK_BELT_RAFAEL,MACHOKE,26,"KARATE_CHOP,FORESIGHT",,40,9,5,2
TRAINER_BLACK_BELT_RAY,BRELOOM,58,"SEED_BOMB,MACH_PUNCH,SKY_UPPERCUT,SPORE",,30,9,5,1
TRAINER_BLACK_BELT_RAY,TOXICROAK,58,"SLUDGE_BOMB,NASTY_PLOT,FOCUS_BLAST,DARK_PULSE",,30,9,5,2
TRAINER_BLACK_BELT_RICKY,STEELIX,38,"IRON_TAIL,TAUNT,TORMENT,SCREECH",,40,9,5,1
TRAINER_BLACK_BELT_SEAN,CROAGUNK,31,,,30,9,5,1
TRAINER_BLACK_BELT_SEAN,MEDITITE,31,,,30,9,5,2
TRAINER_BLACK_BELT_SEAN,MACHOKE,31,,,30,9,5,3
TRAINER_BLACK_BELT_WILLIE,HERACROSS,54,,,30,9,5,1
TRAINER_BLACK_BELT_WILLIE,MACHAMP,54,,,30,9,5,2
TRAINER_BREEDER_ALBERT,BUDEW,20,,,0,9,5,1
TRAINER_BREEDER_ALBERT,BONSLY,20,,,0,9,5,2
TRAINER_BREEDER_ALBERT,PICHU,20,,,0,9,5,3
TRAINER_BREEDER_ALBERT,EEVEE,20,,,0,9,5,4
TRAINER_BREEDER_ALBERT_REMATCH_1,ROSELIA,32,,,0,9,5,1
TRAINER_BREEDER_ALBERT_REMATCH_1,BONSLY,32,,,0,9,5,2
TRAINER_BREEDER_ALBERT_REMATCH_1,PIKACHU,32,,,0,9,5,3
TRAINER_BREEDER_ALBERT_REMATCH_1,EEVEE,32,,,0,9,5,4
TRAINER_BREEDER_ALBERT_REMATCH_2,ROSELIA,42,,,0,9,5,1
TRAINER_BREEDER_ALBERT_REMATCH_2,SUDOWOODO,42,,,0,9,5,2
TRAINER_BREEDER_ALBERT_REMATCH_2,PIKACHU,42,,,0,9,5,3
TRAINER_BREEDER_ALBERT_REMATCH_2,UMBREON,42,,,0,9,5,4
TRAINER_BREEDER_ALBERT_REMATCH_3,ROSERADE,51,,,0,9,5,1
TRAINER_BREEDER_ALBERT_REMATCH_3,SUDOWOODO,51,,,0,9,5,2
TRAINER_BREEDER_ALBERT_REMATCH_3,RAICHU,51,,,0,9,5,3
TRAINER_BREEDER_ALBERT_REMATCH_3,UMBREON,51,,,0,9,5,4
TRAINER_BREEDER_AMBER,MAGBY,23,,,0,9,5,1
TRAINER_BREEDER_AMBER,TOGEPI,23,,,0,9,5,2
TRAINER_BREEDER_JENNIFER,BUDEW,20,,,0,9,5,1
TRAINER_BREEDER_JENNIFER,MIME_JR,20,,,0,9,5,2
TRAINER_BREEDER_JENNIFER,CLEFFA,20,,,0,9,5,3
TRAINER_BREEDER_JENNIFER,EEVEE,20,,,0,9,5,4
TRAINER_BREEDER_JENNIFER_REMATCH_1,ROSELIA,32,,,0,9,5,1
TRAINER_BREEDER_JENNIFER_REMATCH_1,MIME_JR,32,,,0,9,5,2
TRAINER_BREEDER_JENNIFER_REMATCH_1,CLEFAIRY,32,,,0,9,5,3
TRAINER_BREEDER_JENNIFER_REMATCH_1,EEVEE,32,,,0,9,5,4
TRAINER_BREEDER_JENNIFER_REMATCH_2,ROSELIA,41,,,0,9,5,1
TRAINER_BREEDER_JENNIFER_REMATCH_2,MR_MIME,41,,,0,9,5,2
TRAINER_BREEDER_JENNIFER_REMATCH_2,CLEFAIRY,41,,,0,9,5,3
TRAINER_BREEDER_JENNIFER_REMATCH_2,ESPEON,41,,,0,9,5,4
TRAINER_BREEDER_JENNIFER_REMATCH_3,ROSERADE,50,,,0,9,5,1
TRAINER_BREEDER_JENNIFER_REMATCH_3,MR_MIME,50,,,0,9,5,2
TRAINER_BREEDER_JENNIFER_REMATCH_3,CLEFABLE,50,,,0,9,5,3
TRAINER_BREEDER_JENNIFER_REMATCH_3,ESPEON,50,,,0,9,5,4
TRAINER_BREEDER_KAHLIL,ELEKID,23,,,0,9,5,1
TRAINER_BREEDER_KAHLIL,HAPPINY,23,,,0,9,5,2
TRAINER_BREEDER_KAYLEE,AIPOM,26,,,0,9,5,1
TRAINER_BREEDER_KAYLEE,MARILL,26,,,0,9,5,2
TRAINER_BREEDER_KAYLEE,SWABLU,26,,,0,9,5,3
TRAINER_BUCK_BATTLEGROUND,SHUCKLE,61,"REST,TOXIC,PROTECT,SANDSTORM",ITEM_NONE,200,9,5,1
TRAINER_BUCK_BATTLEGROUND,UMBREON,62,"DARK_PULSE,PSYCHIC,CONFUSE_RAY,DOUBLE_TEAM",ITEM_NONE,200,9,5,2
TRAINER_BUCK_BATTLEGROUND,TORKOAL,61,"EARTHQUAKE,WILL_O_WISP,ERUPTION,PROTECT",ITEM_NONE,200,9,5,3
TRAINER_BUCK_BATTLEGROUND,DUSKNOIR,63,"FIRE_PUNCH,ICE_PUNCH,THUNDER_PUNCH,SHADOW_BALL",ITEM_NONE,200,9,5,4
TRAINER_BUCK_BATTLEGROUND,CLAYDOL,65,"EARTH_POWER,PSYCHIC,ANCIENT_POWER,CALM_MIND",ITEM_SITRUS_BERRY,200,9,5,5
TRAINER_BUCK_STARK_MOUNTAIN,CLAYDOL,63,"PSYCHIC,ANCIENT_POWER,LIGHT_SCREEN,REFLECT",,30,9,5,1
TRAINER_BUG_CATCHER_BRANDON,WURMPLE,10,"TACKLE,STRING_SHOT,POISON_STING",,0,9,5,1
TRAINER_BUG_CATCHER_BRANDON,KRICKETOT,11,BIDE,,0,9,5,2
TRAINER_BUG_CATCHER_BRANDON_REMATCH_1,DUSTOX,21,,,0,9,5,1
TRAINER_BUG_CATCHER_BRANDON_REMATCH_1,KRICKETUNE,23,,,0,9,5,2
TRAINER_BUG_CATCHER_BRANDON_REMATCH_2,DUSTOX,30,,,0,9,5,1
TRAINER_BUG_CATCHER_BRANDON_REMATCH_2,KRICKETUNE,32,,,0,9,5,2
TRAINER_BUG_CATCHER_BRANDON_REMATCH_2,SCYTHER,34,,,0,9,5,3
TRAINER_BUG_CATCHER_BRANDON_REMATCH_3,DUSTOX,49,,,0,9,5,1
TRAINER_BUG_CATCHER_BRANDON_REMATCH_3,KRICKETUNE,51,,,0,9,5,2
TRAINER_BUG_CATCHER_BRANDON_REMATCH_3,SCIZOR,53,,,0,9,5,3
TRAINER_BUG_CATCHER_DONALD,BURMY,14,,,10,9,5,1
TRAINER_BUG_CATCHER_DONALD,BURMY,14,,,10,9,5,2
TRAINER_BUG_CATCHER_JACK,WURMPLE,11,"TACKLE,STRING_SHOT,POISON_STING",,0,9,5,1
TRAINER_BUG_CATCHER_JACK,SILCOON,13,"TACKLE,STRING_SHOT,POISON_STING,HARDEN",,0,9,5,2
TRAINER_BUG_CATCHER_JACK,BEAUTIFLY,15,"TACKLE,POISON_STING,ABSORB,GUST",,20,9,5,3
TRAINER_BUG_CATCHER_PHILLIP,WURMPLE,11,"TACKLE,STRING_SHOT,POISON_STING",,0,9,5,1
TRAINER_BUG_CATCHER_PHILLIP,CASCOON,13,"TACKLE,STRING_SHOT,POISON_STING,HARDEN",,0,9,5,2
TRAINER_BUG_CATCHER_PHILLIP,DUSTOX,15,"TACKLE,POISON_STING,CONFUSION,GUST",,20,9,5,3
TRAINER_CAMERAMAN_DARRYL,MAGNEMITE,26,,,0,9,5,1
TRAINER_CAMERAMAN_DARRYL,MR_MIME,26,,,0,9,5,2
TRAINER_CAMERAMAN_TEVIN,MIME_JR,20,,,0,9,5,1
TRAINER_CAMERAMAN_TEVIN,MACHOP,22,,,0,9,5,2
TRAINER_CAMERAMAN_TEVIN_REMATCH_1,MAGNEMITE,30,,,0,9,5,1
TRAINER_CAMERAMAN_TEVIN_REMATCH_1,MR_MIME,32,,,0,9,5,2
TRAINER_CAMERAMAN_TEVIN_REMATCH_1,MACHOKE,34,,,0,9,5,3
TRAINER_CAMERAMAN_TEVIN_REMATCH_2,MAGNEMITE,42,,,0,9,5,1
TRAINER_CAMERAMAN_TEVIN_REMATCH_2,MAGNETON,42,,,0,9,5,2
TRAINER_CAMERAMAN_TEVIN_REMATCH_2,MR_MIME,43,,,0,9,5,3
TRAINER_CAMERAMAN_TEVIN_REMATCH_2,MACHOKE,45,,,0,9,5,4
TRAINER_CAMERAMAN_TEVIN_REMATCH_3,MAGNETON,48,,,0,9,5,1
TRAINER_CAMERAMAN_TEVIN_REMATCH_3,MAGNETON,48,,,0,9,5,2
TRAINER_CAMERAMAN_TEVIN_REMATCH_3,MR_MIME,49,,,0,9,5,3
TRAINER_CAMERAMAN_TEVIN_REMATCH_3,MACHAMP,51,,,0,9,5,4
TRAINER_CAMERAMAN_TEVIN_REMATCH_4,MAGNETON,54,,,0,9,5,1
TRAINER_CAMERAMAN_TEVIN_REMATCH_4,MAGNETON,54,,,0,9,5,2
TRAINER_CAMERAMAN_TEVIN_REMATCH_4,MR_MIME,55,,,0,9,5,3
TRAINER_CAMERAMAN_TEVIN_REMATCH_4,MACHAMP,57,,,0,9,5,4
TRAINER_CAMERAMAN_TEVIN_UNUSED,MACHOP,6,,,0,9,5,1
TRAINER_CAMPER_ANTHONY,CHIMCHAR,22,,,0,9,5,1
TRAINER_CAMPER_CURTIS,STARLY,7,,,0,9,5,1
TRAINER_CAMPER_CURTIS,SHINX,7,,,0,9,5,2
TRAINER_CAMPER_DIEGO,AIPOM,22,,,0,9,5,1
TRAINER_CAMPER_DREW,GASTLY,27,"PAYBACK,SUCKER_PUNCH,CONFUSE_RAY",,10,9,5,1
TRAINER_CAMPER_DREW,GASTLY,27,"SUCKER_PUNCH,NIGHT_SHADE,CONFUSE_RAY",,10,9,5,2
TRAINER_CAMPER_DREW,GASTLY,27,"NIGHT_SHADE,PAYBACK,CONFUSE_RAY",,10,9,5,3
TRAINER_CAMPER_JACOB,PONYTA,14,"EMBER,TACKLE",,0,9,5,1
TRAINER_CAMPER_LAWRENCE,AIPOM,34,,,0,9,5,1
TRAINER_CAMPER_LAWRENCE,FLOATZEL,36,,,0,9,5,2
TRAINER_CAMPER_PARKER,BUIZEL,20,"WATER_GUN,SWIFT,QUICK_ATTACK",,0,9,5,1
TRAINER_CAMPER_PARKER,SHINX,20,"SPARK,BITE",,0,9,5,2
TRAINER_CAMPER_ZACKARY,AIPOM,14,,,0,9,5,1
TRAINER_CAMPER_ZACKARY_REMATCH_1,AIPOM,24,,,0,9,5,1
TRAINER_CAMPER_ZACKARY_REMATCH_2,AMBIPOM,35,,,0,9,5,1
TRAINER_CAMPER_ZACKARY_REMATCH_3,AMBIPOM,52,"BATON_PASS,SWIFT,NASTY_PLOT,WATER_PULSE",,0,9,5,1
TRAINER_CAMPER_ZACKARY_REMATCH_3,BIBAREL,52,"THUNDERBOLT,ICE_BEAM,SURF,SHADOW_BALL",,0,9,5,2
TRAINER_CASTLE_VALET_DARACH_DUMMY,RATTATA,5,,,0,9,5,1
TRAINER_CHAMPION_CYNTHIA,SPIRITOMB,58,"DARK_PULSE,PSYCHIC,SILVER_WIND,SHADOW_BALL",ITEM_NONE,250,9,5,1
TRAINER_CHAMPION_CYNTHIA,ROSERADE,58,"ENERGY_BALL,SLUDGE_BOMB,TOXIC,EXTRASENSORY",ITEM_NONE,250,9,5,2
TRAINER_CHAMPION_CYNTHIA,TOGEKISS,60,"AIR_SLASH,AURA_SPHERE,WATER_PULSE,SHOCK_WAVE",ITEM_NONE,250,9,5,3
TRAINER_CHAMPION_CYNTHIA,LUCARIO,60,"AURA_SPHERE,EXTREME_SPEED,SHADOW_BALL,STONE_EDGE",ITEM_NONE,250,9,5,4
TRAINER_CHAMPION_CYNTHIA,MILOTIC,58,"SURF,ICE_BEAM,MIRROR_COAT,DRAGON_PULSE",ITEM_NONE,250,9,5,5
TRAINER_CHAMPION_CYNTHIA,GARCHOMP,62,"DRAGON_RUSH,EARTHQUAKE,FLAMETHROWER,GIGA_IMPACT",ITEM_SITRUS_BERRY,250,9,5,6
TRAINER_CHAMPION_CYNTHIA_REMATCH,SPIRITOMB,74,"DARK_PULSE,PSYCHIC,SILVER_WIND,OMINOUS_WIND",ITEM_NONE,250,9,5,1
TRAINER_CHAMPION_CYNTHIA_REMATCH,ROSERADE,74,"ENERGY_BALL,SLUDGE_BOMB,SHADOW_BALL,EXTRASENSORY",ITEM_NONE,250,9,5,2
TRAINER_CHAMPION_CYNTHIA_REMATCH,TOGEKISS,76,"AIR_SLASH,AURA_SPHERE,WATER_PULSE,PSYCHIC",ITEM_NONE,250,9,5,3
TRAINER_CHAMPION_CYNTHIA_REMATCH,LUCARIO,76,"AURA_SPHERE,DRAGON_PULSE,PSYCHIC,EARTHQUAKE",ITEM_NONE,250,9,5,4
TRAINER_CHAMPION_CYNTHIA_REMATCH,MILOTIC,74,"SURF,ICE_BEAM,MIRROR_COAT,AQUA_RING",ITEM_NONE,250,9,5,5
TRAINER_CHAMPION_CYNTHIA_REMATCH,GARCHOMP,78,"DRAGON_RUSH,EARTHQUAKE,BRICK_BREAK,GIGA_IMPACT",ITEM_SITRUS_BERRY,250,9,5,6
TRAINER_CHERYL_BATTLEGROUND,WOBBUFFET,61,"COUNTER,MIRROR_COAT,SAFEGUARD,ENCORE",ITEM_NONE,200,9,5,1
TRAINER_CHERYL_BATTLEGROUND,DRIFBLIM,61,"TOXIC,OMINOUS_WIND,FLY,PROTECT",ITEM_NONE,200,9,5,2
TRAINER_CHERYL_BATTLEGROUND,HARIYAMA,62,"CLOSE_COMBAT,EARTHQUAKE,BULLET_PUNCH,STONE_EDGE",ITEM_NONE,200,9,5,3
TRAINER_CHERYL_BATTLEGROUND,WAILORD,63,"WATER_SPOUT,BRINE,EARTHQUAKE,AVALANCHE",ITEM_NONE,200,9,5,4
TRAINER_CHERYL_BATTLEGROUND,BLISSEY,65,"SOFTBOILED,COUNTER,PSYCHIC,TOXIC",ITEM_SITRUS_BERRY,200,9,5,5
TRAINER_CHERYL_ETERNA_FOREST,CHANSEY,20,"EGG_BOMB,SOFTBOILED,REFRESH",,30,9,5,1
TRAINER_CLOWN_LEE,MIME_JR,23,,,0,9,5,1
TRAINER_CLOWN_LEE_REMATCH_1,MR_MIME,33,,,0,9,5,1
TRAINER_CLOWN_LEE_REMATCH_1,KADABRA,33,,,0,9,5,2
TRAINER_CLOWN_LEE_REMATCH_2,MR_MIME,44,,,0,9,5,1
TRAINER_CLOWN_LEE_REMATCH_2,KADABRA,44,,,0,9,5,2
TRAINER_CLOWN_LEE_REMATCH_2,AMBIPOM,44,,,0,9,5,3
TRAINER_CLOWN_LEE_REMATCH_3,MR_MIME,50,,,0,9,5,1
TRAINER_CLOWN_LEE_REMATCH_3,ALAKAZAM,50,,,0,9,5,2
TRAINER_CLOWN_LEE_REMATCH_3,AMBIPOM,50,,,0,9,5,3
TRAINER_CLOWN_LEE_REMATCH_4,MR_MIME,56,,,0,9,5,1
TRAINER_CLOWN_LEE_REMATCH_4,ALAKAZAM,56,,,0,9,5,2
TRAINER_CLOWN_LEE_REMATCH_4,AMBIPOM,56,,,0,9,5,3
TRAINER_CLOWN_LEE_UNUSED,MIME_JR,6,,,0,9,5,1
TRAINER_COLLECTOR_BRADY,SKORUPI,21,,,0,9,5,1
TRAINER_COLLECTOR_BRADY,TANGELA,21,,,0,9,5,2
TRAINER_COLLECTOR_BRADY,YANMA,21,,,0,9,5,3
TRAINER_COLLECTOR_BRADY,CARNIVINE,21,,,0,9,5,4
TRAINER_COLLECTOR_BRADY,CROAGUNK,21,,,0,9,5,5
TRAINER_COLLECTOR_BRADY,TROPIUS,21,,,0,9,5,6
TRAINER_COLLECTOR_DEAN,UMBREON,27,,,0,9,5,1
TRAINER_COLLECTOR_DEAN,ESPEON,27,,,0,9,5,2
TRAINER_COLLECTOR_DOUGLAS,JOLTEON,24,,,0,9,5,1
TRAINER_COLLECTOR_DOUGLAS,VAPOREON,24,,,0,9,5,2
TRAINER_COLLECTOR_DOUGLAS,FLAREON,24,,,0,9,5,3
TRAINER_COLLECTOR_EDWIN,MUNCHLAX,25,,,0,9,5,1
TRAINER_COLLECTOR_EUGENE,FEEBAS,28,,,0,9,5,1
TRAINER_COLLECTOR_FERNANDO,HERACROSS,25,,,0,9,5,1
TRAINER_COLLECTOR_IVAN,TOGETIC,35,,,0,9,5,1
TRAINER_COLLECTOR_IVAN_REMATCH,TOGEKISS,54,,,0,9,5,1
TRAINER_COLLECTOR_JAMAL,PORYGON,27,,,0,9,5,1
TRAINER_COLLECTOR_TERRY,GIBLE,22,,,0,9,5,1
TRAINER_COMMANDER_JUPITER_SPEAR_PILLAR,BRONZOR,44,"GYRO_BALL,EXTRASENSORY,ROCK_SLIDE,REFLECT",ITEM_NONE,200,9,5,1
TRAINER_COMMANDER_JUPITER_SPEAR_PILLAR,GOLBAT,44,"SLUDGE_BOMB,AIR_CUTTER,GIGA_DRAIN,MEAN_LOOK",ITEM_NONE,200,9,5,2
TRAINER_COMMANDER_JUPITER_SPEAR_PILLAR,SKUNTANK,46,"NIGHT_SLASH,POISON_JAB,FLAMETHROWER,SMOKE_SCREEN",ITEM_SITRUS_BERRY,200,9,5,3
TRAINER_COMMANDER_JUPITER_STARK_MOUNTAIN,BRONZONG,58,"GYRO_BALL,EXTRASENSORY,ROCK_SLIDE,REFLECT",ITEM_NONE,200,9,5,1
TRAINER_COMMANDER_JUPITER_STARK_MOUNTAIN,GOLBAT,58,"SLUDGE_BOMB,AIR_CUTTER,GIGA_DRAIN,MEAN_LOOK",ITEM_NONE,200,9,5,2
TRAINER_COMMANDER_JUPITER_STARK_MOUNTAIN,SKUNTANK,60,"NIGHT_SLASH,POISON_JAB,FLAMETHROWER,SMOKE_SCREEN",ITEM_SITRUS_BERRY,200,9,5,3
TRAINER_COMMANDER_JUPITER_TEAM_GALACTIC_ETERNA_BUILDING,ZUBAT,21,"GIGA_DRAIN,WING_ATTACK,BITE",ITEM_NONE,100,9,5,1
TRAINER_COMMANDER_JUPITER_TEAM_GALACTIC_ETERNA_BUILDING,SKUNTANK,23,"NIGHT_SLASH,POISON_GAS,SCREECH,SMOKE_SCREEN",ITEM_SITRUS_BERRY,100,9,5,2
TRAINER_COMMANDER_MARS_LAKE_VERITY,GOLBAT,38,"AIR_CUTTER,BITE,TOXIC,SUPERSONIC",ITEM_NONE,200,9,5,1
TRAINER_COMMANDER_MARS_LAKE_VERITY,BRONZOR,38,"GYRO_BALL,EXTRASENSORY,IRON_DEFENSE,CONFUSE_RAY",ITEM_NONE,200,9,5,2
TRAINER_COMMANDER_MARS_LAKE_VERITY,PURUGLY,40,"SLASH,FAINT_ATTACK,HYPNOSIS,FAKE_OUT",ITEM_SITRUS_BERRY,200,9,5,3
TRAINER_COMMANDER_MARS_SPEAR_PILLAR,BRONZOR,44,"GYRO_BALL,EXTRASENSORY,LIGHT_SCREEN,CONFUSE_RAY",ITEM_NONE,200,9,5,1
TRAINER_COMMANDER_MARS_SPEAR_PILLAR,GOLBAT,44,"AIR_CUTTER,BITE,POISON_FANG,CONFUSE_RAY",ITEM_NONE,200,9,5,2
TRAINER_COMMANDER_MARS_SPEAR_PILLAR,PURUGLY,46,"SLASH,SHADOW_CLAW,AERIAL_ACE,HYPNOSIS",ITEM_SITRUS_BERRY,200,9,5,3
TRAINER_COMMANDER_MARS_STARK_MOUNTAIN,BRONZONG,58,"GYRO_BALL,EXTRASENSORY,LIGHT_SCREEN,CONFUSE_RAY",ITEM_NONE,200,9,5,1
TRAINER_COMMANDER_MARS_STARK_MOUNTAIN,GOLBAT,58,"AIR_CUTTER,BITE,POISON_FANG,CONFUSE_RAY",ITEM_NONE,200,9,5,2
TRAINER_COMMANDER_MARS_STARK_MOUNTAIN,PURUGLY,60,"SLASH,SHADOW_CLAW,AERIAL_ACE,HYPNOSIS",ITEM_SITRUS_BERRY,200,9,5,3
TRAINER_COMMANDER_MARS_VALLEY_WINDWORKS,ZUBAT,15,"BITE,LEECH_LIFE,TOXIC",ITEM_NONE,100,9,5,1
TRAINER_COMMANDER_MARS_VALLEY_WINDWORKS,PURUGLY,17,"FAINT_ATTACK,SCRATCH,FAKE_OUT",ITEM_ORAN_BERRY,100,9,5,2
TRAINER_COMMANDER_SATURN_GALACTIC_HQ,GOLBAT,42,"AIR_CUTTER,BITE,POISON_FANG,CONFUSE_RAY",ITEM_NONE,200,9,5,1
TRAINER_COMMANDER_SATURN_GALACTIC_HQ,BRONZOR,42,"GYRO_BALL,EXTRASENSORY,SHADOW_BALL,CONFUSE_RAY",ITEM_NONE,200,9,5,2
TRAINER_COMMANDER_SATURN_GALACTIC_HQ,TOXICROAK,44,"POISON_JAB,BRICK_BREAK,X_SCISSOR,FAINT_ATTACK",ITEM_SITRUS_BERRY,200,9,5,3
TRAINER_COMMANDER_SATURN_VALOR_CAVERN,GOLBAT,38,"AIR_CUTTER,BITE,TOXIC,SUPERSONIC",ITEM_NONE,200,9,5,1
TRAINER_COMMANDER_SATURN_VALOR_CAVERN,BRONZOR,38,"GYRO_BALL,SHADOW_BALL,ROCK_TOMB,IRON_DEFENSE",ITEM_NONE,200,9,5,2
TRAINER_COMMANDER_SATURN_VALOR_CAVERN,TOXICROAK,40,"POISON_JAB,REVENGE,MUD_BOMB,FAINT_ATTACK",ITEM_SITRUS_BERRY,200,9,5,3
TRAINER_COWGIRL_SHELLEY,PONYTA,23,,,0,9,5,1
TRAINER_CYCLIST_AXEL,PIKACHU,21,,,0,9,5,1
TRAINER_CYCLIST_JAMES,PONYTA,21,,,0,9,5,1
TRAINER_CYCLIST_JOHN,STARLY,18,,,0,9,5,1
TRAINER_CYCLIST_JOHN,STARAVIA,20,,,0,9,5,2
TRAINER_CYCLIST_JOHN_REMATCH_1,STARAVIA,32,,,0,9,5,1
TRAINER_CYCLIST_JOHN_REMATCH_1,STARAPTOR,34,,,0,9,5,2
TRAINER_CYCLIST_JOHN_REMATCH_2,STARAPTOR,43,,,0,9,5,1
TRAINER_CYCLIST_JOHN_REMATCH_2,STARAPTOR,43,,,0,9,5,2
TRAINER_CYCLIST_JOHN_REMATCH_3,FARFETCHD,57,,,0,9,5,1
TRAINER_CYCLIST_JOHN_REMATCH_3,DODRIO,58,,,0,9,5,2
TRAINER_CYCLIST_JOHN_REMATCH_3,STARAPTOR,59,,,0,9,5,3
TRAINER_CYCLIST_KAYLA,PIKACHU,21,,,0,9,5,1
TRAINER_CYCLIST_KAYLA_REMATCH_1,PIKACHU,35,,,0,9,5,1
TRAINER_CYCLIST_KAYLA_REMATCH_2,RAICHU,45,,,0,9,5,1
TRAINER_CYCLIST_KAYLA_REMATCH_3,PLUSLE,58,,,0,9,5,1
TRAINER_CYCLIST_KAYLA_REMATCH_3,MINUN,58,,,0,9,5,2
TRAINER_CYCLIST_KAYLA_REMATCH_3,RAICHU,58,,,0,9,5,3
TRAINER_CYCLIST_MEGAN,STARAVIA,21,,,0,9,5,1
TRAINER_CYCLIST_NICOLE,STARLY,17,,,0,9,5,1
TRAINER_CYCLIST_NICOLE,STARLY,18,,,0,9,5,2
TRAINER_CYCLIST_NICOLE,STARLY,19,,,0,9,5,3
TRAINER_CYCLIST_RACHEL,PONYTA,20,,,0,9,5,1
TRAINER_CYCLIST_RACHEL,SHINX,18,,,0,9,5,2
TRAINER_CYCLIST_RYAN,SHINX,21,,,0,9,5,1
TRAINER_DAWN_JUBILIFE_CITY_CHIMCHAR,TURTWIG,13,"ABSORB,TACKLE",,30,9,5,1
TRAINER_DAWN_JUBILIFE_CITY_PIPLUP,CHIMCHAR,13,"EMBER,SCRATCH",,30,9,5,1
TRAINER_DAWN_JUBILIFE_CITY_TURTWIG,PIPLUP,13,"BUBBLE,POUND",,30,9,5,1
TRAINER_DAWN_VEILSTONE_CITY_CHIMCHAR,CLEFAIRY,25,"METRONOME,GRAVITY,WAKE_UP_SLAP,SING",,60,9,5,1
TRAINER_DAWN_VEILSTONE_CITY_CHIMCHAR,KADABRA,25,"PSYBEAM,PSYCHO_CUT,REFLECT,LIGHT_SCREEN",,60,9,5,2
TRAINER_DAWN_VEILSTONE_CITY_CHIMCHAR,GROTLE,27,"RAZOR_LEAF,MEGA_DRAIN,BITE,CURSE",,60,9,5,3
TRAINER_DAWN_VEILSTONE_CITY_PIPLUP,CLEFAIRY,25,"METRONOME,GRAVITY,WAKE_UP_SLAP,SING",,60,9,5,1
TRAINER_DAWN_VEILSTONE_CITY_PIPLUP,KADABRA,25,"PSYBEAM,PSYCHO_CUT,REFLECT,LIGHT_SCREEN",,60,9,5,2
TRAINER_DAWN_VEILSTONE_CITY_PIPLUP,MONFERNO,27,"FLAME_WHEEL,MACH_PUNCH,FURY_SWIPES,TORMENT",,60,9,5,3
TRAINER_DAWN_VEILSTONE_CITY_TURTWIG,CLEFAIRY,25,"METRONOME,GRAVITY,WAKE_UP_SLAP,SING",,60,9,5,1
TRAINER_DAWN_VEILSTONE_CITY_TURTWIG,KADABRA,25,"PSYBEAM,PSYCHO_CUT,REFLECT,LIGHT_SCREEN",,60,9,5,2
TRAINER_DAWN_VEILSTONE_CITY_TURTWIG,PRINPLUP,27,"BUBBLE_BEAM,METAL_CLAW,PECK,GROWL",,60,9,5,3
TRAINER_DOUBLE_TEAM_AL_AND_KAY,STARAPTOR,50,"CLOSE_COMBAT,BRAVE_BIRD,GROWL,QUICK_ATTACK",,0,9,5,1
TRAINER_DOUBLE_TEAM_AL_AND_KAY,AMBIPOM,50,"DOUBLE_HIT,AERIAL_ACE,SHOCK_WAVE,WATER_PULSE",,0,9,5,2
TRAINER_DOUBLE_TEAM_JO_AND_PAT,LUMINEON,50,"WATER_PULSE,AQUA_RING,CAPTIVATE,SILVER_WIND",,0,9,5,1
TRAINER_DOUBLE_TEAM_JO_AND_PAT,RAPIDASH,50,"FIRE_BLAST,STOMP,QUICK_ATTACK,IRON_TAIL",,0,9,5,2
TRAINER_DOUBLE_TEAM_ZAC_AND_JEN,GYARADOS,36,,,50,9,5,1
TRAINER_DOUBLE_TEAM_ZAC_AND_JEN,RAICHU,36,,,50,9,5,2
TRAINER_DRAGON_TAMER_CLINTON,GIBLE,43,,,50,9,5,1
TRAINER_DRAGON_TAMER_CLINTON,SWABLU,45,,,50,9,5,2
TRAINER_DRAGON_TAMER_CLINTON,GABITE,47,,,50,9,5,3
TRAINER_DRAGON_TAMER_DARIEN,DRAGONITE,60,,,50,9,5,1
TRAINER_DRAGON_TAMER_DRAKE,GIBLE,57,,,50,9,5,1
TRAINER_DRAGON_TAMER_DRAKE,GABITE,57,,,50,9,5,2
TRAINER_DRAGON_TAMER_DRAKE,DRAGONAIR,57,,,50,9,5,3
TRAINER_DRAGON_TAMER_GEOFFREY,GABITE,53,,,50,9,5,1
TRAINER_DRAGON_TAMER_GEOFFREY,ALTARIA,55,,,50,9,5,2
TRAINER_DRAGON_TAMER_GEOFFREY_REMATCH,ALTARIA,59,,,50,9,5,1
TRAINER_DRAGON_TAMER_GEOFFREY_REMATCH,GARCHOMP,61,,,50,9,5,2
TRAINER_DRAGON_TAMER_HAYDEN,ALTARIA,56,,,50,9,5,1
TRAINER_DRAGON_TAMER_HAYDEN,SEADRA,56,,,50,9,5,2
TRAINER_DRAGON_TAMER_HAYDEN_REMATCH,ALTARIA,60,,,50,9,5,1
TRAINER_DRAGON_TAMER_HAYDEN_REMATCH,KINGDRA,60,,,50,9,5,2
TRAINER_DRAGON_TAMER_JOE,DRATINI,52,,,50,9,5,1
TRAINER_DRAGON_TAMER_JOE,GABITE,56,,,50,9,5,2
TRAINER_DRAGON_TAMER_KEEGAN,TRAPINCH,55,,,50,9,5,1
TRAINER_DRAGON_TAMER_KEEGAN,VIBRAVA,57,,,50,9,5,2
TRAINER_DRAGON_TAMER_KENNY,BAGON,57,,,50,9,5,1
TRAINER_DRAGON_TAMER_KENNY,SHELGON,57,,,50,9,5,2
TRAINER_DRAGON_TAMER_KENNY,VIBRAVA,57,,,50,9,5,3
TRAINER_DRAGON_TAMER_ONDREJ,ALTARIA,45,,,50,9,5,1
TRAINER_DRAGON_TAMER_ONDREJ,GABITE,47,,,50,9,5,2
TRAINER_DRAGON_TAMER_PATRICK,GIBLE,34,,,50,9,5,1
TRAINER_DRAGON_TAMER_PATRICK_REMATCH_1,GABITE,46,,,50,9,5,1
TRAINER_DRAGON_TAMER_PATRICK_REMATCH_2,SHELGON,61,,,50,9,5,1
TRAINER_DRAGON_TAMER_PATRICK_REMATCH_2,GABITE,61,,,50,9,5,2
TRAINER_DRAGON_TAMER_PATRICK_REMATCH_2,DRAGONAIR,61,,,50,9,5,3
TRAINER_DRAGON_TAMER_STANLEY,DRATINI,55,,,50,9,5,1
TRAINER_DRAGON_TAMER_STANLEY,ALTARIA,57,,,50,9,5,2
TRAINER_DUMMY_005,RATTATA,5,,,0,9,5,1
TRAINER_DUMMY_006,RATTATA,5,,,0,9,5,1
TRAINER_DUMMY_007,RATTATA,5,,,0,9,5,1
TRAINER_DUMMY_008,RATTATA,5,,,0,9,5,1
TRAINER_DUMMY_009,RATTATA,5,,,0,9,5,1
TRAINER_DUMMY_050,RATTATA,5,,,0,9,5,1
TRAINER_DUMMY_051,RATTATA,5,,,0,9,5,1
TRAINER_DUMMY_052,RATTATA,5,,,0,9,5,1
TRAINER_DUMMY_054,RATTATA,5,,,0,9,5,1
TRAINER_DUMMY_058,RATTATA,5,,,0,9,5,1
TRAINER_DUMMY_058_REMATCH_1,RATTATA,5,,,0,9,5,1
TRAINER_DUMMY_058_REMATCH_2,RATTATA,5,,,0,9,5,1
TRAINER_DUMMY_059,RATTATA,5,,,0,9,5,1
TRAINER_DUMMY_060,RATTATA,5,,,0,9,5,1
TRAINER_DUMMY_061,RATTATA,5,,,0,9,5,1
TRAINER_DUMMY_062,RATTATA,5,,,0,9,5,1
TRAINER_DUMMY_063,RATTATA,5,,,0,9,5,1
TRAINER_DUMMY_064,RATTATA,5,,,0,9,5,1
TRAINER_DUMMY_077,RATTATA,5,,,0,9,5,1
TRAINER_DUMMY_086,RATTATA,5,,,0,9,5,1
TRAINER_DUMMY_087,RATTATA,5,,,0,9,5,1
TRAINER_DUMMY_097,RATTATA,5,,,0,9,5,1
TRAINER_DUMMY_098,RATTATA,5,,,0,9,5,1
TRAINER_DUMMY_100,RATTATA,5,,,0,9,5,1
TRAINER_DUMMY_101,RATTATA,5,,,0,9,5,1
TRAINER_DUMMY_109,RATTATA,5,,,0,9,5,1
TRAINER_DUMMY_112,RATTATA,5,,,0,9,5,1
TRAINER_DUMMY_112,RATTATA,5,,,0,9,5,2
TRAINER_DUMMY_115,RATTATA,5,,,0,9,5,1
TRAINER_DUMMY_116,RATTATA,5,,,0,9,5,1
TRAINER_DUMMY_117,RATTATA,5,,,0,9,5,1
TRAINER_DUMMY_118,RATTATA,5,,,0,9,5,1
TRAINER_DUMMY_122,RATTATA,5,,,0,9,5,1
TRAINER_DUMMY_123,RATTATA,5,,,0,9,5,1
TRAINER_DUMMY_124,RATTATA,5,,,0,9,5,1
TRAINER_DUMMY_125,RATTATA,5,,,0,9,5,1
TRAINER_DUMMY_126,RATTATA,5,,,0,9,5,1
TRAINER_DUMMY_131,RATTATA,5,,,0,9,5,1
TRAINER_DUMMY_149,RATTATA,5,,,0,9,5,1
TRAINER_DUMMY_150,RATTATA,5,,,0,9,5,1
TRAINER_DUMMY_151,RATTATA,5,,,0,9,5,1
TRAINER_DUMMY_152,RATTATA,5,,,0,9,5,1
TRAINER_DUMMY_155,RATTATA,5,,,0,9,5,1
TRAINER_DUMMY_155,RATTATA,5,,,0,9,5,2
TRAINER_DUMMY_156,RATTATA,5,,,0,9,5,1
TRAINER_DUMMY_157,RATTATA,5,,,0,9,5,1
TRAINER_DUMMY_158,RATTATA,5,,,0,9,5,1
TRAINER_DUMMY_165,RATTATA,5,,,0,9,5,1
TRAINER_DUMMY_165,RATTATA,5,,,0,9,5,2
TRAINER_DUMMY_169,RATTATA,5,,,0,9,5,1
TRAINER_DUMMY_176,RATTATA,5,,,0,9,5,1
TRAINER_DUMMY_177,RATTATA,5,,,0,9,5,1
TRAINER_DUMMY_178,RATTATA,5,,,0,9,5,1
TRAINER_DUMMY_179,RATTATA,5,,,0,9,5,1
TRAINER_DUMMY_181,RATTATA,5,,,0,9,5,1
TRAINER_DUMMY_182,RATTATA,5,,,0,9,5,1
TRAINER_DUMMY_182,RATTATA,5,,,0,9,5,2
TRAINER_DUMMY_197,RATTATA,5,,,0,9,5,1
TRAINER_DUMMY_198,RATTATA,5,,,0,9,5,1
TRAINER_DUMMY_199,RATTATA,5,,,0,9,5,1
TRAINER_DUMMY_200,RATTATA,5,,,0,9,5,1
TRAINER_DUMMY_207,RATTATA,5,,,0,9,5,1
TRAINER_DUMMY_207,RATTATA,5,,,0,9,5,2
TRAINER_DUMMY_208,RATTATA,5,,,0,9,5,1
TRAINER_DUMMY_209,RATTATA,5,,,0,9,5,1
TRAINER_DUMMY_210,RATTATA,5,,,0,9,5,1
TRAINER_DUMMY_211,RATTATA,5,,,0,9,5,1
TRAINER_DUMMY_212,RATTATA,5,,,0,9,5,1
TRAINER_DUMMY_213,RATTATA,5,,,0,9,5,1
TRAINER_DUMMY_214,RATTATA,5,,,0,9,5,1
TRAINER_DUMMY_215,RATTATA,5,,,0,9,5,1
TRAINER_DUMMY_216,RATTATA,5,,,0,9,5,1
TRAINER_DUMMY_217,RATTATA,5,,,0,9,5,1
TRAINER_DUMMY_218,RATTATA,5,,,0,9,5,1
TRAINER_DUMMY_219,RATTATA,5,,,0,9,5,1
TRAINER_DUMMY_220,RATTATA,5,,,0,9,5,1
TRAINER_DUMMY_221,RATTATA,5,,,0,9,5,1
TRAINER_DUMMY_222,RATTATA,5,,,0,9,5,1
TRAINER_DUMMY_223,RATTATA,5,,,0,9,5,1
TRAINER_DUMMY_223,RATTATA,5,,,0,9,5,2
TRAINER_DUMMY_238,RATTATA,5,,,0,9,5,1
TRAINER_DUMMY_239,RATTATA,5,,,0,9,5,1
TRAINER_DUMMY_241,RATTATA,5,,,0,9,5,1
TRAINER_DUMMY_242,RATTATA,5,,,0,9,5,1
TRAINER_DUMMY_243,RATTATA,5,,,0,9,5,1
TRAINER_DUMMY_251,RATTATA,5,,,0,9,5,1
TRAINER_DUMMY_252,RATTATA,5,,,0,9,5,1
TRAINER_DUMMY_253,RATTATA,5,,,0,9,5,1
TRAINER_DUMMY_254,RATTATA,5,,,0,9,5,1
TRAINER_DUMMY_255,RATTATA,5,,,0,9,5,1
TRAINER_DUMMY_291,RATTATA,5,,,0,9,5,1
TRAINER_DUMMY_321,RATTATA,5,,,0,9,5,1
TRAINER_DUMMY_334,RATTATA,5,,,0,9,5,1
TRAINER_DUMMY_336,RATTATA,5,,,0,9,5,1
TRAINER_DUMMY_347,RATTATA,5,,,0,9,5,1
TRAINER_DUMMY_349,RATTATA,5,,,0,9,5,1
TRAINER_DUMMY_350,RATTATA,5,,,0,9,5,1
TRAINER_DUMMY_351,RATTATA,5,,,0,9,5,1
TRAINER_DUMMY_352,RATTATA,5,,,0,9,5,1
TRAINER_DUMMY_353,RATTATA,5,,,0,9,5,1
TRAINER_DUMMY_354,RATTATA,5,,,0,9,5,1
TRAINER_DUMMY_363,RATTATA,5,,,0,9,5,1
TRAINER_DUMMY_364,RATTATA,5,,,0,9,5,1
TRAINER_DUMMY_365,RATTATA,5,,,0,9,5,1
TRAINER_DUMMY_374,RATTATA,5,,,0,9,5,1
TRAINER_DUMMY_375,RATTATA,5,,,0,9,5,1
TRAINER_DUMMY_376,RATTATA,5,,,0,9,5,1
TRAINER_DUMMY_384,RATTATA,5,,,0,9,5,1
TRAINER_DUMMY_385,RATTATA,5,,,0,9,5,1
TRAINER_DUMMY_387,RATTATA,5,,,0,9,5,1
TRAINER_DUMMY_391,RATTATA,5,,,0,9,5,1
TRAINER_DUMMY_402,RATTATA,5,,,0,9,5,1
TRAINER_DUMMY_411,RATTATA,5,,,0,9,5,1
TRAINER_DUMMY_413,RATTATA,5,,,0,9,5,1
TRAINER_DUMMY_424,RATTATA,5,,,0,9,5,1
TRAINER_DUMMY_429,RATTATA,5,,,0,9,5,1
TRAINER_DUMMY_432,RATTATA,5,,,0,9,5,1
TRAINER_DUMMY_433,RATTATA,5,,,0,9,5,1
TRAINER_DUMMY_434,RATTATA,5,,,0,9,5,1
TRAINER_DUMMY_435,RATTATA,5,,,0,9,5,1
TRAINER_DUMMY_436,RATTATA,5,,,0,9,5,1
TRAINER_DUMMY_437,RATTATA,5,,,0,9,5,1
TRAINER_DUMMY_438,RATTATA,5,,,0,9,5,1
TRAINER_DUMMY_439,RATTATA,5,,,0,9,5,1
TRAINER_DUMMY_440,RATTATA,5,,,0,9,5,1
TRAINER_DUMMY_441,RATTATA,5,,,0,9,5,1
TRAINER_DUMMY_448,RATTATA,5,,,0,9,5,1
TRAINER_DUMMY_449,RATTATA,5,,,0,9,5,1
TRAINER_DUMMY_461,RATTATA,5,,,0,9,5,1
TRAINER_DUMMY_462,RATTATA,5,,,0,9,5,1
TRAINER_DUMMY_463,RATTATA,5,,,0,9,5,1
TRAINER_DUMMY_464,RATTATA,5,,,0,9,5,1
TRAINER_DUMMY_466,RATTATA,5,,,0,9,5,1
TRAINER_DUMMY_467,RATTATA,5,,,0,9,5,1
TRAINER_DUMMY_468,RATTATA,5,,,0,9,5,1
TRAINER_DUMMY_469,RATTATA,5,,,0,9,5,1
TRAINER_DUMMY_484,RATTATA,5,,,0,9,5,1
TRAINER_DUMMY_485,RATTATA,5,,,0,9,5,1
TRAINER_DUMMY_487,RATTATA,5,,,0,9,5,1
TRAINER_DUMMY_493,RATTATA,5,,,0,9,5,1
TRAINER_DUMMY_495,RATTATA,5,,,0,9,5,1
TRAINER_DUMMY_501,RATTATA,5,,,0,9,5,1
TRAINER_DUMMY_502,RATTATA,5,,,0,9,5,1
TRAINER_DUMMY_511,RATTATA,5,,,0,9,5,1
TRAINER_DUMMY_605,RATTATA,5,,,0,9,5,1
TRAINER_DUMMY_605_REMATCH,RATTATA,5,,,0,9,5,1
TRAINER_DUMMY_779,RATTATA,5,,,0,9,5,1
TRAINER_DUMMY_780,RATTATA,5,,,0,9,5,1
TRAINER_DUMMY_781,RATTATA,5,,,0,9,5,1
TRAINER_DUMMY_782,RATTATA,5,,,0,9,5,1
TRAINER_DUMMY_783,RATTATA,5,,,0,9,5,1
TRAINER_DUMMY_784,RATTATA,5,,,0,9,5,1
TRAINER_DUMMY_785,RATTATA,5,,,0,9,5,1
TRAINER_DUMMY_786,RATTATA,5,,,0,9,5,1
TRAINER_DUMMY_787,RATTATA,5,,,0,9,5,1
TRAINER_DUMMY_788,RATTATA,5,,,0,9,5,1
TRAINER_DUMMY_789,RATTATA,5,,,0,9,5,1
TRAINER_DUMMY_790,RATTATA,5,,,0,9,5,1
TRAINER_DUMMY_791,RATTATA,5,,,0,9,5,1
TRAINER_DUMMY_792,RATTATA,5,,,0,9,5,1
TRAINER_DUMMY_793,RATTATA,5,,,0,9,5,1
TRAINER_DUMMY_794,RATTATA,5,,,0,9,5,1
TRAINER_DUMMY_795,RATTATA,5,,,0,9,5,1
TRAINER_DUMMY_795,RATTATA,5,,,0,9,5,2
TRAINER_DUMMY_796,RATTATA,5,,,0,9,5,1
TRAINER_DUMMY_796,RATTATA,5,,,0,9,5,2
TRAINER_DUMMY_797,RATTATA,5,,,0,9,5,1
TRAINER_DUMMY_797,RATTATA,5,,,0,9,5,2
TRAINER_DUMMY_798,RATTATA,5,,,0,9,5,1
TRAINER_DUMMY_798,RATTATA,5,,,0,9,5,2
TRAINER_DUMMY_799,RATTATA,5,,,0,9,5,1
TRAINER_DUMMY_800,RATTATA,5,,,0,9,5,1
TRAINER_DUMMY_801,RATTATA,5,,,0,9,5,1
TRAINER_DUMMY_802,RATTATA,5,,,0,9,5,1
TRAINER_DUMMY_803,RATTATA,5,,,0,9,5,1
TRAINER_DUMMY_804,RATTATA,5,,,0,9,5,1
TRAINER_DUMMY_805,RATTATA,5,,,0,9,5,1
TRAINER_DUMMY_806,RATTATA,5,,,0,9,5,1
TRAINER_DUMMY_807,RATTATA,5,,,0,9,5,1
TRAINER_DUMMY_808,RATTATA,5,,,0,9,5,1
TRAINER_DUMMY_809,RATTATA,5,,,0,9,5,1
TRAINER_DUMMY_810,RATTATA,5,,,0,9,5,1
TRAINER_DUMMY_811,RATTATA,5,,,0,9,5,1
TRAINER_DUMMY_812,RATTATA,5,,,0,9,5,1
TRAINER_DUMMY_813,RATTATA,5,,,0,9,5,1
TRAINER_DUMMY_814,RATTATA,5,,,0,9,5,1
TRAINER_DUMMY_815,RATTATA,5,,,0,9,5,1
TRAINER_DUMMY_816,RATTATA,5,,,0,9,5,1
TRAINER_DUMMY_833,RATTATA,5,,,0,9,5,1
TRAINER_DUMMY_834,RATTATA,5,,,0,9,5,1
TRAINER_ELITE_FOUR_AARON,YANMEGA,49,"AIR_SLASH,BUG_BUZZ,U_TURN,DOUBLE_TEAM",ITEM_NONE,250,9,5,1
TRAINER_ELITE_FOUR_AARON,SCIZOR,49,"IRON_HEAD,X_SCISSOR,NIGHT_SLASH,QUICK_ATTACK",ITEM_NONE,250,9,5,2
TRAINER_ELITE_FOUR_AARON,VESPIQUEN,50,"ATTACK_ORDER,DEFEND_ORDER,HEAL_ORDER,POWER_GEM",ITEM_NONE,250,9,5,3
TRAINER_ELITE_FOUR_AARON,HERACROSS,51,"MEGAHORN,CLOSE_COMBAT,NIGHT_SLASH,STONE_EDGE",ITEM_NONE,250,9,5,4
TRAINER_ELITE_FOUR_AARON,DRAPION,53,"X_SCISSOR,CROSS_POISON,ICE_FANG,AERIAL_ACE",ITEM_SITRUS_BERRY,250,9,5,5
TRAINER_ELITE_FOUR_AARON_REMATCH,YANMEGA,65,"AIR_SLASH,BUG_BUZZ,U_TURN,DOUBLE_TEAM",ITEM_NONE,250,9,5,1
TRAINER_ELITE_FOUR_AARON_REMATCH,SCIZOR,65,"IRON_HEAD,X_SCISSOR,NIGHT_SLASH,QUICK_ATTACK",ITEM_NONE,250,9,5,2
TRAINER_ELITE_FOUR_AARON_REMATCH,VESPIQUEN,66,"ATTACK_ORDER,DEFEND_ORDER,HEAL_ORDER,POWER_GEM",ITEM_NONE,250,9,5,3
TRAINER_ELITE_FOUR_AARON_REMATCH,HERACROSS,67,"MEGAHORN,CLOSE_COMBAT,NIGHT_SLASH,STONE_EDGE",ITEM_NONE,250,9,5,4
TRAINER_ELITE_FOUR_AARON_REMATCH,DRAPION,69,"X_SCISSOR,CROSS_POISON,ICE_FANG,AERIAL_ACE",ITEM_SITRUS_BERRY,250,9,5,5
TRAINER_ELITE_FOUR_BERTHA,WHISCASH,50,"EARTH_POWER,AQUA_TAIL,ZEN_HEADBUTT,SANDSTORM",ITEM_NONE,250,9,5,1
TRAINER_ELITE_FOUR_BERTHA,GLISCOR,53,"EARTHQUAKE,ICE_FANG,FIRE_FANG,THUNDER_FANG",ITEM_NONE,250,9,5,2
TRAINER_ELITE_FOUR_BERTHA,HIPPOWDON,52,"EARTHQUAKE,STONE_EDGE,CRUNCH,YAWN",ITEM_NONE,250,9,5,3
TRAINER_ELITE_FOUR_BERTHA,GOLEM,52,"EARTHQUAKE,FIRE_PUNCH,THUNDER_PUNCH,SANDSTORM",ITEM_NONE,250,9,5,4
TRAINER_ELITE_FOUR_BERTHA,RHYPERIOR,55,"EARTHQUAKE,ROCK_WRECKER,MEGAHORN,AVALANCHE",ITEM_SITRUS_BERRY,250,9,5,5
TRAINER_ELITE_FOUR_BERTHA_REMATCH,WHISCASH,66,"EARTH_POWER,AQUA_TAIL,ZEN_HEADBUTT,SANDSTORM",ITEM_NONE,250,9,5,1
TRAINER_ELITE_FOUR_BERTHA_REMATCH,GLISCOR,69,"EARTHQUAKE,ICE_FANG,FIRE_FANG,THUNDER_FANG",ITEM_NONE,250,9,5,2
TRAINER_ELITE_FOUR_BERTHA_REMATCH,HIPPOWDON,68,"EARTHQUAKE,STONE_EDGE,CRUNCH,YAWN",ITEM_NONE,250,9,5,3
TRAINER_ELITE_FOUR_BERTHA_REMATCH,GOLEM,68,"EARTHQUAKE,FIRE_PUNCH,THUNDER_PUNCH,SANDSTORM",ITEM_NONE,250,9,5,4
TRAINER_ELITE_FOUR_BERTHA_REMATCH,RHYPERIOR,71,"EARTHQUAKE,ROCK_WRECKER,MEGAHORN,AVALANCHE",ITEM_SITRUS_BERRY,250,9,5,5
TRAINER_ELITE_FOUR_FLINT,HOUNDOOM,52,"FLAMETHROWER,SLUDGE_BOMB,DARK_PULSE,SUNNY_DAY",ITEM_NONE,250,9,5,1
TRAINER_ELITE_FOUR_FLINT,FLAREON,55,"OVERHEAT,GIGA_IMPACT,QUICK_ATTACK,WILL_O_WISP",ITEM_NONE,250,9,5,2
TRAINER_ELITE_FOUR_FLINT,RAPIDASH,53,"FLARE_BLITZ,SOLAR_BEAM,BOUNCE,SUNNY_DAY",ITEM_NONE,250,9,5,3
TRAINER_ELITE_FOUR_FLINT,INFERNAPE,55,"FLARE_BLITZ,THUNDER_PUNCH,MACH_PUNCH,EARTHQUAKE",ITEM_NONE,250,9,5,4
TRAINER_ELITE_FOUR_FLINT,MAGMORTAR,57,"FLAMETHROWER,THUNDERBOLT,SOLAR_BEAM,HYPER_BEAM",ITEM_SITRUS_BERRY,250,9,5,5
TRAINER_ELITE_FOUR_FLINT_FIGHT_AREA,HOUNDOOM,56,"FLAMETHROWER,SLUDGE_BOMB,DARK_PULSE,SUNNY_DAY",ITEM_NONE,250,9,5,1
TRAINER_ELITE_FOUR_FLINT_FIGHT_AREA,FLAREON,56,"OVERHEAT,GIGA_IMPACT,QUICK_ATTACK,WILL_O_WISP",ITEM_NONE,250,9,5,2
TRAINER_ELITE_FOUR_FLINT_FIGHT_AREA,MAGMORTAR,58,"FLAMETHROWER,THUNDERBOLT,SOLAR_BEAM,HYPER_BEAM",ITEM_SITRUS_BERRY,250,9,5,3
TRAINER_ELITE_FOUR_FLINT_REMATCH,HOUNDOOM,68,"FLAMETHROWER,SLUDGE_BOMB,DARK_PULSE,SUNNY_DAY",ITEM_NONE,250,9,5,1
TRAINER_ELITE_FOUR_FLINT_REMATCH,FLAREON,71,"OVERHEAT,GIGA_IMPACT,QUICK_ATTACK,WILL_O_WISP",ITEM_NONE,250,9,5,2
TRAINER_ELITE_FOUR_FLINT_REMATCH,RAPIDASH,69,"FLARE_BLITZ,SOLAR_BEAM,BOUNCE,SUNNY_DAY",ITEM_NONE,250,9,5,3
TRAINER_ELITE_FOUR_FLINT_REMATCH,INFERNAPE,71,"FLARE_BLITZ,THUNDER_PUNCH,MACH_PUNCH,EARTHQUAKE",ITEM_NONE,250,9,5,4
TRAINER_ELITE_FOUR_FLINT_REMATCH,MAGMORTAR,73,"FLAMETHROWER,THUNDERBOLT,SOLAR_BEAM,HYPER_BEAM",ITEM_SITRUS_BERRY,250,9,5,5
TRAINER_ELITE_FOUR_LUCIAN,MR_MIME,53,"PSYCHIC,THUNDERBOLT,REFLECT,LIGHT_SCREEN",ITEM_NONE,250,9,5,1
TRAINER_ELITE_FOUR_LUCIAN,ESPEON,55,"PSYCHIC,SHADOW_BALL,QUICK_ATTACK,SIGNAL_BEAM",ITEM_NONE,250,9,5,2
TRAINER_ELITE_FOUR_LUCIAN,BRONZONG,54,"PSYCHIC,GYRO_BALL,EARTHQUAKE,CALM_MIND",ITEM_NONE,250,9,5,3
TRAINER_ELITE_FOUR_LUCIAN,ALAKAZAM,56,"PSYCHIC,ENERGY_BALL,FOCUS_BLAST,RECOVER",ITEM_NONE,250,9,5,4
TRAINER_ELITE_FOUR_LUCIAN,GALLADE,59,"DRAIN_PUNCH,PSYCHO_CUT,LEAF_BLADE,STONE_EDGE",ITEM_SITRUS_BERRY,250,9,5,5
TRAINER_ELITE_FOUR_LUCIAN_REMATCH,MR_MIME,69,"PSYCHIC,THUNDERBOLT,REFLECT,LIGHT_SCREEN",ITEM_NONE,250,9,5,1
TRAINER_ELITE_FOUR_LUCIAN_REMATCH,ESPEON,71,"PSYCHIC,SHADOW_BALL,QUICK_ATTACK,SIGNAL_BEAM",ITEM_NONE,250,9,5,2
TRAINER_ELITE_FOUR_LUCIAN_REMATCH,BRONZONG,70,"PSYCHIC,GYRO_BALL,EARTHQUAKE,CALM_MIND",ITEM_NONE,250,9,5,3
TRAINER_ELITE_FOUR_LUCIAN_REMATCH,ALAKAZAM,72,"PSYCHIC,ENERGY_BALL,FOCUS_BLAST,RECOVER",ITEM_NONE,250,9,5,4
TRAINER_ELITE_FOUR_LUCIAN_REMATCH,GALLADE,75,"DRAIN_PUNCH,PSYCHO_CUT,LEAF_BLADE,STONE_EDGE",ITEM_SITRUS_BERRY,250,9,5,5
TRAINER_FACTORY_HEAD_THORTON_DUMMY,RATTATA,5,,,0,9,5,1
TRAINER_FISHERMAN_ALEC,MAGIKARP,42,,,0,9,5,1
TRAINER_FISHERMAN_ALEC,GYARADOS,45,,,0,9,5,2
TRAINER_FISHERMAN_ALEC_REMATCH,GYARADOS,50,,,0,9,5,1
TRAINER_FISHERMAN_ALEC_REMATCH,GYARADOS,54,,,0,9,5,2
TRAINER_FISHERMAN_ANDREW,MAGIKARP,8,,,0,9,5,1
TRAINER_FISHERMAN_ANDREW,MAGIKARP,10,,,0,9,5,2
TRAINER_FISHERMAN_ANDREW,MAGIKARP,12,,,0,9,5,3
TRAINER_FISHERMAN_ANDREW,MAGIKARP,12,,,0,9,5,4
TRAINER_FISHERMAN_ANDREW,MAGIKARP,14,,,0,9,5,5
TRAINER_FISHERMAN_ANDREW,MAGIKARP,16,,,0,9,5,6
TRAINER_FISHERMAN_BRETT,MAGIKARP,43,,,0,9,5,1
TRAINER_FISHERMAN_BRETT,FINNEON,42,,,0,9,5,2
TRAINER_FISHERMAN_BRETT,FEEBAS,42,,,0,9,5,3
TRAINER_FISHERMAN_CODY,BARBOACH,33,,,0,9,5,1
TRAINER_FISHERMAN_CODY,GYARADOS,33,,,0,9,5,2
TRAINER_FISHERMAN_COLE,GYARADOS,43,,,0,9,5,1
TRAINER_FISHERMAN_COLE,REMORAID,40,,,0,9,5,2
TRAINER_FISHERMAN_COLE,GYARADOS,43,,,0,9,5,3
TRAINER_FISHERMAN_CORY,FINNEON,30,,,0,9,5,1
TRAINER_FISHERMAN_CORY,FINNEON,32,,,0,9,5,2
TRAINER_FISHERMAN_CORY,FINNEON,34,,,0,9,5,3
TRAINER_FISHERMAN_ERICK,GOLDEEN,28,"WATER_PULSE,PECK,FLAIL,SUPERSONIC",,10,9,5,1
TRAINER_FISHERMAN_ERICK,SEAKING,31,"WATER_PULSE,FURY_ATTACK,FLAIL,SUPERSONIC",,10,9,5,2
TRAINER_FISHERMAN_ERICK,GYARADOS,31,"THRASH,BITE",,10,9,5,3
TRAINER_FISHERMAN_GEORGE,MAGIKARP,41,,,0,9,5,1
TRAINER_FISHERMAN_GEORGE,FINNEON,41,,,0,9,5,2
TRAINER_FISHERMAN_GEORGE,REMORAID,41,,,0,9,5,3
TRAINER_FISHERMAN_GEORGE,GYARADOS,42,,,0,9,5,4
TRAINER_FISHERMAN_JOSEPH,GOLDEEN,17,,,0,9,5,1
TRAINER_FISHERMAN_JOSEPH_REMATCH_1,SEAKING,35,,,0,9,5,1
TRAINER_FISHERMAN_JOSEPH_REMATCH_2,SEAKING,54,,,0,9,5,1
TRAINER_FISHERMAN_JOSH,GOLDEEN,27,,,0,9,5,1
TRAINER_FISHERMAN_JOSH,GOLDEEN,27,,,0,9,5,2
TRAINER_FISHERMAN_JUAN,GYARADOS,29,,,0,9,5,1
TRAINER_FISHERMAN_KENNETH,REMORAID,25,,,0,9,5,1
TRAINER_FISHERMAN_KENNETH,REMORAID,25,,,0,9,5,2
TRAINER_FISHERMAN_KENNETH,GYARADOS,28,,,0,9,5,3
TRAINER_FISHERMAN_LUC,REMORAID,29,,,0,9,5,1
TRAINER_FISHERMAN_LUC,REMORAID,29,,,0,9,5,2
TRAINER_FISHERMAN_LUC,REMORAID,30,,,0,9,5,3
TRAINER_FISHERMAN_LUC,GYARADOS,31,,,0,9,5,4
TRAINER_FISHERMAN_LUC,REMORAID,31,,,0,9,5,5
TRAINER_FISHERMAN_MIGUEL,GYARADOS,33,,,0,9,5,1
TRAINER_FISHERMAN_MIGUEL,GYARADOS,33,,,0,9,5,2
TRAINER_FISHERMAN_MIGUEL_REMATCH,GYARADOS,51,,,0,9,5,1
TRAINER_FISHERMAN_MIGUEL_REMATCH,GYARADOS,51,,,0,9,5,2
TRAINER_FISHERMAN_MIGUEL_REMATCH,OCTILLERY,51,,,0,9,5,3
TRAINER_FISHERMAN_TRAVIS,BARBOACH,24,,,0,9,5,1
TRAINER_FISHERMAN_TRAVIS,BARBOACH,25,,,0,9,5,2
TRAINER_FISHERMAN_TRAVIS,GYARADOS,26,,,0,9,5,3
TRAINER_FISHERMAN_TRAVIS,BARBOACH,25,,,0,9,5,4
TRAINER_FISHERMAN_WALTER,WHISCASH,33,"WATER_PULSE,MAGNITUDE",,10,9,5,1
TRAINER_FISHERMAN_ZACHARY,MAGIKARP,14,,,0,9,5,1
TRAINER_FISHERMAN_ZACHARY,GOLDEEN,16,,,0,9,5,2
TRAINER_FISHERMAN_ZACHARY,MAGIKARP,14,,,0,9,5,3
TRAINER_GALACTIC_BOSS_CYRUS_CELESTIC_TOWN_RUINS,SNEASEL,34,"SLASH,ICE_PUNCH,QUICK_ATTACK,SCREECH",ITEM_NONE,250,9,5,1
TRAINER_GALACTIC_BOSS_CYRUS_CELESTIC_TOWN_RUINS,GOLBAT,34,"POISON_FANG,AIR_CUTTER,BITE,SUPERSONIC",ITEM_NONE,250,9,5,2
TRAINER_GALACTIC_BOSS_CYRUS_CELESTIC_TOWN_RUINS,MURKROW,36,"DRILL_PECK,NIGHT_SHADE,ASTONISH,FAINT_ATTACK",ITEM_SITRUS_BERRY,250,9,5,3
TRAINER_GALACTIC_BOSS_CYRUS_DISTORTION_WORLD,HOUNDOOM,45,"FLAMETHROWER,DARK_PULSE,WILL_O_WISP,THUNDER_FANG",ITEM_NONE,250,9,5,1
TRAINER_GALACTIC_BOSS_CYRUS_DISTORTION_WORLD,HONCHKROW,47,"DRILL_PECK,NIGHT_SLASH,HEAT_WAVE,PSYCHIC",ITEM_NONE,250,9,5,2
TRAINER_GALACTIC_BOSS_CYRUS_DISTORTION_WORLD,CROBAT,46,"CROSS_POISON,AIR_SLASH,TOXIC,CONFUSE_RAY",ITEM_NONE,250,9,5,3
TRAINER_GALACTIC_BOSS_CYRUS_DISTORTION_WORLD,GYARADOS,46,"GIGA_IMPACT,WATERFALL,ICE_FANG,EARTHQUAKE",ITEM_NONE,250,9,5,4
TRAINER_GALACTIC_BOSS_CYRUS_DISTORTION_WORLD,WEAVILE,48,"NIGHT_SLASH,ICE_PUNCH,FAKE_OUT,X_SCISSOR",ITEM_SITRUS_BERRY,250,9,5,5
TRAINER_GALACTIC_BOSS_CYRUS_GALACTIC_HQ,SNEASEL,44,"SLASH,ICE_PUNCH,QUICK_ATTACK,SCREECH",ITEM_NONE,250,9,5,1
TRAINER_GALACTIC_BOSS_CYRUS_GALACTIC_HQ,CROBAT,44,"POISON_FANG,AIR_CUTTER,BITE,SUPERSONIC",ITEM_NONE,250,9,5,2
TRAINER_GALACTIC_BOSS_CYRUS_GALACTIC_HQ,HONCHKROW,46,"DRILL_PECK,NIGHT_SHADE,ASTONISH,FAINT_ATTACK",ITEM_SITRUS_BERRY,250,9,5,3
TRAINER_GALACTIC_GRUNT_CELESTIC_TOWN,HOUNDOUR,32,,,30,9,5,1
TRAINER_GALACTIC_GRUNT_CELESTIC_TOWN,GOLBAT,30,,,30,9,5,2
TRAINER_GALACTIC_GRUNT_FLOAROMA_MEADOW_1,STUNKY,13,,,0,9,5,1
TRAINER_GALACTIC_GRUNT_FLOAROMA_MEADOW_2,ZUBAT,11,,,0,9,5,1
TRAINER_GALACTIC_GRUNT_FLOAROMA_MEADOW_2,ZUBAT,11,,,0,9,5,2
TRAINER_GALACTIC_GRUNT_GALACTIC_HQ_1F,GLAMEOW,41,,,30,9,5,1
TRAINER_GALACTIC_GRUNT_GALACTIC_HQ_2F_1,GLAMEOW,37,,,30,9,5,1
TRAINER_GALACTIC_GRUNT_GALACTIC_HQ_2F_1,MURKROW,38,,,30,9,5,2
TRAINER_GALACTIC_GRUNT_GALACTIC_HQ_2F_1,CROAGUNK,39,,,30,9,5,3
TRAINER_GALACTIC_GRUNT_GALACTIC_HQ_2F_2,GOLBAT,40,,,30,9,5,1
TRAINER_GALACTIC_GRUNT_GALACTIC_HQ_2F_2,GOLBAT,38,,,30,9,5,2
TRAINER_GALACTIC_GRUNT_GALACTIC_HQ_2F_3,GOLBAT,39,,,30,9,5,1
TRAINER_GALACTIC_GRUNT_GALACTIC_HQ_2F_3,HOUNDOUR,39,,,30,9,5,2
TRAINER_GALACTIC_GRUNT_GALACTIC_HQ_3F_1,STUNKY,41,,,30,9,5,1
TRAINER_GALACTIC_GRUNT_GALACTIC_HQ_3F_2,MURKROW,39,,,30,9,5,1
TRAINER_GALACTIC_GRUNT_GALACTIC_HQ_3F_2,STUNKY,39,,,30,9,5,2
TRAINER_GALACTIC_GRUNT_GALACTIC_HQ_3F_3,STUNKY,38,,,30,9,5,1
TRAINER_GALACTIC_GRUNT_GALACTIC_HQ_3F_3,CROAGUNK,40,,,30,9,5,2
TRAINER_GALACTIC_GRUNT_GALACTIC_HQ_3F_4,CROAGUNK,38,,,30,9,5,1
TRAINER_GALACTIC_GRUNT_GALACTIC_HQ_3F_4,STUNKY,38,,,30,9,5,2
TRAINER_GALACTIC_GRUNT_GALACTIC_HQ_3F_4,GLAMEOW,38,,,30,9,5,3
TRAINER_GALACTIC_GRUNT_GALACTIC_HQ_B2F_1,GOLBAT,41,,,30,9,5,1
TRAINER_GALACTIC_GRUNT_GALACTIC_HQ_B2F_2,HOUNDOUR,38,,,30,9,5,1
TRAINER_GALACTIC_GRUNT_GALACTIC_HQ_B2F_2,MURKROW,40,,,30,9,5,2
TRAINER_GALACTIC_GRUNT_IRON_ISLAND_1,ZUBAT,34,,,30,9,5,1
TRAINER_GALACTIC_GRUNT_IRON_ISLAND_1,HOUNDOUR,34,,,30,9,5,2
TRAINER_GALACTIC_GRUNT_IRON_ISLAND_1,GOLBAT,34,,,30,9,5,3
TRAINER_GALACTIC_GRUNT_IRON_ISLAND_2,GLAMEOW,34,,,30,9,5,1
TRAINER_GALACTIC_GRUNT_IRON_ISLAND_2,STUNKY,34,,,30,9,5,2
TRAINER_GALACTIC_GRUNT_IRON_ISLAND_2,CROAGUNK,34,,,30,9,5,3
TRAINER_GALACTIC_GRUNT_JUBILIFE_CITY_1,STUNKY,11,,,0,9,5,1
TRAINER_GALACTIC_GRUNT_JUBILIFE_CITY_2,GLAMEOW,11,,,0,9,5,1
TRAINER_GALACTIC_GRUNT_LAKE_VALOR_1,GOLBAT,37,,,30,9,5,1
TRAINER_GALACTIC_GRUNT_LAKE_VALOR_2,CROAGUNK,33,,,30,9,5,1
TRAINER_GALACTIC_GRUNT_LAKE_VALOR_2,GLAMEOW,33,,,30,9,5,2
TRAINER_GALACTIC_GRUNT_LAKE_VALOR_2,STUNKY,33,,,30,9,5,3
TRAINER_GALACTIC_GRUNT_LAKE_VALOR_2,HOUNDOUR,33,,,30,9,5,4
TRAINER_GALACTIC_GRUNT_LAKE_VALOR_3,GLAMEOW,35,,,30,9,5,1
TRAINER_GALACTIC_GRUNT_LAKE_VALOR_3,MURKROW,35,,,30,9,5,2
TRAINER_GALACTIC_GRUNT_LAKE_VERITY_1,CROAGUNK,37,,,30,9,5,1
TRAINER_GALACTIC_GRUNT_LAKE_VERITY_2,GLAMEOW,33,"FURY_SWIPES,FAINT_ATTACK,GROWL,FAKE_OUT",,30,9,5,1
TRAINER_GALACTIC_GRUNT_LAKE_VERITY_2,GOLBAT,33,"AIR_CUTTER,WING_ATTACK,BITE,SUPERSONIC",,30,9,5,2
TRAINER_GALACTIC_GRUNT_LAKE_VERITY_2,MURKROW,36,"FAINT_ATTACK,NIGHT_SHADE,WING_ATTACK",,30,9,5,3
TRAINER_GALACTIC_GRUNT_LAKE_VERITY_3,STUNKY,35,,,30,9,5,1
TRAINER_GALACTIC_GRUNT_LAKE_VERITY_3,HOUNDOUR,35,,,30,9,5,2
TRAINER_GALACTIC_GRUNT_LAKE_VERITY_4,HOUNDOUR,34,,,30,9,5,1
TRAINER_GALACTIC_GRUNT_LAKE_VERITY_4,GLAMEOW,36,,,30,9,5,2
TRAINER_GALACTIC_GRUNT_MT_CORONET_3F_1,MURKROW,43,,,30,9,5,1
TRAINER_GALACTIC_GRUNT_MT_CORONET_3F_2,STUNKY,43,,,30,9,5,1
TRAINER_GALACTIC_GRUNT_MT_CORONET_4F_1,HOUNDOUR,40,,,30,9,5,1
TRAINER_GALACTIC_GRUNT_MT_CORONET_4F_1,GOLBAT,40,,,30,9,5,2
TRAINER_GALACTIC_GRUNT_MT_CORONET_4F_1,HOUNDOUR,40,,,30,9,5,3
TRAINER_GALACTIC_GRUNT_MT_CORONET_4F_2,STUNKY,42,,,30,9,5,1
TRAINER_GALACTIC_GRUNT_MT_CORONET_4F_2,GOLBAT,40,,,30,9,5,2
TRAINER_GALACTIC_GRUNT_MT_CORONET_5F_1,GLAMEOW,41,,,30,9,5,1
TRAINER_GALACTIC_GRUNT_MT_CORONET_5F_1,GOLBAT,41,,,30,9,5,2
TRAINER_GALACTIC_GRUNT_MT_CORONET_5F_2,HOUNDOUR,40,,,30,9,5,1
TRAINER_GALACTIC_GRUNT_MT_CORONET_5F_2,GLAMEOW,42,,,30,9,5,2
TRAINER_GALACTIC_GRUNT_MT_CORONET_6F,GOLBAT,39,,,30,9,5,1
TRAINER_GALACTIC_GRUNT_MT_CORONET_6F,CROAGUNK,40,,,30,9,5,2
TRAINER_GALACTIC_GRUNT_MT_CORONET_6F,MURKROW,41,,,30,9,5,3
TRAINER_GALACTIC_GRUNT_MT_CORONET_TUNNEL_ROOM_1,CROAGUNK,38,,,30,9,5,1
TRAINER_GALACTIC_GRUNT_MT_CORONET_TUNNEL_ROOM_1,STUNKY,40,,,30,9,5,2
TRAINER_GALACTIC_GRUNT_MT_CORONET_TUNNEL_ROOM_1,CROAGUNK,42,,,30,9,5,3
TRAINER_GALACTIC_GRUNT_MT_CORONET_TUNNEL_ROOM_2,GOLBAT,43,,,30,9,5,1
TRAINER_GALACTIC_GRUNT_MT_CORONET_TUNNEL_ROOM_3,MURKROW,39,,,30,9,5,1
TRAINER_GALACTIC_GRUNT_MT_CORONET_TUNNEL_ROOM_3,GLAMEOW,42,,,30,9,5,2
TRAINER_GALACTIC_GRUNT_MT_CORONET_TUNNEL_ROOM_3,MURKROW,39,,,30,9,5,3
TRAINER_GALACTIC_GRUNT_SPEAR_PILLAR_1,CROAGUNK,39,,,30,9,5,1
TRAINER_GALACTIC_GRUNT_SPEAR_PILLAR_1,CROAGUNK,43,,,30,9,5,2
TRAINER_GALACTIC_GRUNT_SPEAR_PILLAR_2,STUNKY,41,,,30,9,5,1
TRAINER_GALACTIC_GRUNT_SPEAR_PILLAR_2,GLAMEOW,41,,,30,9,5,2
TRAINER_GALACTIC_GRUNT_TEAM_GALACTIC_ETERNA_BUILDING_1F_1,ZUBAT,17,,,0,9,5,1
TRAINER_GALACTIC_GRUNT_TEAM_GALACTIC_ETERNA_BUILDING_1F_1,STUNKY,17,,,0,9,5,2
TRAINER_GALACTIC_GRUNT_TEAM_GALACTIC_ETERNA_BUILDING_1F_2,ZUBAT,16,,,0,9,5,1
TRAINER_GALACTIC_GRUNT_TEAM_GALACTIC_ETERNA_BUILDING_1F_2,GLAMEOW,18,,,0,9,5,2
TRAINER_GALACTIC_GRUNT_TEAM_GALACTIC_ETERNA_BUILDING_2F_1,CROAGUNK,19,,,0,9,5,1
TRAINER_GALACTIC_GRUNT_TEAM_GALACTIC_ETERNA_BUILDING_2F_2,GLAMEOW,19,,,0,9,5,1
TRAINER_GALACTIC_GRUNT_TEAM_GALACTIC_ETERNA_BUILDING_3F,STUNKY,16,,,0,9,5,1
TRAINER_GALACTIC_GRUNT_TEAM_GALACTIC_ETERNA_BUILDING_3F,CROAGUNK,16,,,0,9,5,2
TRAINER_GALACTIC_GRUNT_TEAM_GALACTIC_ETERNA_BUILDING_3F,GLAMEOW,16,,,0,9,5,3
TRAINER_GALACTIC_GRUNT_VALLEY_WINDWORKS_1,GLAMEOW,13,,,30,9,5,1
TRAINER_GALACTIC_GRUNT_VALLEY_WINDWORKS_2,ZUBAT,13,,,0,9,5,1
TRAINER_GALACTIC_GRUNT_VALLEY_WINDWORKS_3,GLAMEOW,11,,,0,9,5,1
TRAINER_GALACTIC_GRUNT_VALLEY_WINDWORKS_3,STUNKY,11,,,0,9,5,2
TRAINER_GALACTIC_GRUNT_VALOR_LAKEFRONT,CROAGUNK,31,,,30,9,5,1
TRAINER_GALACTIC_GRUNT_VEILSTONE_CITY_1,ZUBAT,24,,,30,9,5,1
TRAINER_GALACTIC_GRUNT_VEILSTONE_CITY_1,STUNKY,26,,,30,9,5,2
TRAINER_GALACTIC_GRUNT_VEILSTONE_CITY_2,ZUBAT,24,,,30,9,5,1
TRAINER_GALACTIC_GRUNT_VEILSTONE_CITY_2,CROAGUNK,26,,,30,9,5,2
TRAINER_GENTLEMAN_JEREMY,CHATOT,27,,,0,9,5,1
TRAINER_GENTLEMAN_JEREMY_REMATCH_1,CHATOT,35,,,0,9,5,1
TRAINER_GENTLEMAN_JEREMY_REMATCH_2,CHATOT,45,,,0,9,5,1
TRAINER_GENTLEMAN_JEREMY_REMATCH_3,CHATOT,61,,,0,9,5,1
TRAINER_GENTLEMAN_LEONARDO,CHATOT,27,"MIMIC,SING,FURY_ATTACK,ROOST",,0,9,5,1
TRAINER_GUITARIST_ARTURO,KRICKETUNE,23,,,0,9,5,1
TRAINER_GUITARIST_ARTURO_REMATCH_1,KRICKETUNE,35,,,0,9,5,1
TRAINER_GUITARIST_ARTURO_REMATCH_2,KRICKETUNE,47,,,0,9,5,1
TRAINER_GUITARIST_ARTURO_REMATCH_3,KRICKETUNE,53,,,0,9,5,1
TRAINER_GUITARIST_ARTURO_REMATCH_4,KRICKETUNE,59,,,0,9,5,1
TRAINER_GUITARIST_ARTURO_UNUSED,KRICKETOT,7,,,0,9,5,1
TRAINER_GUITARIST_JERRY,MAGNEMITE,44,,,10,9,5,1
TRAINER_GUITARIST_JERRY,LUXIO,44,,,10,9,5,2
TRAINER_GUITARIST_JERRY,LUXIO,44,,,10,9,5,3
TRAINER_GUITARIST_LONNIE,RAICHU,47,"THUNDERBOLT,SLAM,THUNDER_WAVE,QUICK_ATTACK",,10,9,5,1
TRAINER_GUITARIST_PRESTON,LUXIO,45,,,10,9,5,1
TRAINER_GUITARIST_PRESTON,LUXIO,45,,,10,9,5,2
TRAINER_GUITARIST_TONY,KRICKETUNE,33,,,0,9,5,1
TRAINER_GUITARIST_TONY,MAGNEMITE,33,,,0,9,5,2
TRAINER_GUITARIST_TONY_REMATCH,KRICKETUNE,52,,,0,9,5,1
TRAINER_GUITARIST_TONY_REMATCH,MAGNETON,52,,,0,9,5,2
TRAINER_HALL_MATRON_ARGENTA_DUMMY,RATTATA,5,,,0,9,5,1
TRAINER_HIKER_ALEXANDER,GRAVELER,38,,,0,9,5,1
TRAINER_HIKER_ALEXANDER,PROBOPASS,40,,,0,9,5,2
TRAINER_HIKER_DAMON,NOSEPASS,35,,,0,9,5,1
TRAINER_HIKER_DAMON,ONIX,33,,,0,9,5,2
TRAINER_HIKER_DAMON,STEELIX,34,,,0,9,5,3
TRAINER_HIKER_DANIEL,GEODUDE,10,,,0,9,5,1
TRAINER_HIKER_DANIEL,GEODUDE,11,,,0,9,5,2
TRAINER_HIKER_DANIEL,GEODUDE,12,,,0,9,5,3
TRAINER_HIKER_JONATHAN,ONIX,22,,,0,9,5,1
TRAINER_HIKER_JUSTIN,GEODUDE,20,,,0,9,5,1
TRAINER_HIKER_JUSTIN,NOSEPASS,20,,,0,9,5,2
TRAINER_HIKER_KEVIN,GEODUDE,17,,,0,9,5,1
TRAINER_HIKER_KEVIN,GEODUDE,17,,,0,9,5,2
TRAINER_HIKER_KEVIN,ONIX,19,,,0,9,5,3
TRAINER_HIKER_KEVIN,GEODUDE,19,,,0,9,5,4
TRAINER_HIKER_LORENZO,ONIX,22,,,0,9,5,1
TRAINER_HIKER_LOUIS,GEODUDE,14,,,0,9,5,1
TRAINER_HIKER_LOUIS,ONIX,18,,,0,9,5,2
TRAINER_HIKER_MAURICE,GRAVELER,35,,,0,9,5,1
TRAINER_HIKER_MAURICE,RHYHORN,35,,,0,9,5,2
TRAINER_HIKER_NICHOLAS,ONIX,14,,,0,9,5,1
TRAINER_HIKER_REGINALD,GEODUDE,20,,,0,9,5,1
TRAINER_HIKER_REGINALD,GEODUDE,20,,,0,9,5,2
TRAINER_HIKER_ROBERT,NOSEPASS,22,,,0,9,5,1
TRAINER_HIKER_THEODORE,ONIX,18,,,0,9,5,1
TRAINER_HIKER_THEODORE,ONIX,20,,,0,9,5,2
TRAINER_HIKER_THEODORE_REMATCH_1,ONIX,32,,,0,9,5,1
TRAINER_HIKER_THEODORE_REMATCH_1,STEELIX,34,,,0,9,5,2
TRAINER_HIKER_THEODORE_REMATCH_2,STEELIX,42,,,0,9,5,1
TRAINER_HIKER_THEODORE_REMATCH_2,STEELIX,44,,,0,9,5,2
TRAINER_HIKER_THEODORE_REMATCH_3,CAMERUPT,56,,,0,9,5,1
TRAINER_HIKER_THEODORE_REMATCH_3,STEELIX,59,,,0,9,5,2
TRAINER_HIKER_THEODORE_REMATCH_3,DONPHAN,59,,,0,9,5,3
TRAINER_IDOL_GRACE,CLEFAIRY,21,,,0,9,5,1
TRAINER_IDOL_GRACE,CLEFAIRY,21,,,40,9,5,2
TRAINER_IDOL_GRACE_REMATCH_1,CLEFAIRY,32,,,0,9,5,1
TRAINER_IDOL_GRACE_REMATCH_1,CLEFAIRY,32,,,40,9,5,2
TRAINER_IDOL_GRACE_REMATCH_1,CLEFAIRY,32,,,80,9,5,3
TRAINER_IDOL_GRACE_REMATCH_2,CLEFAIRY,43,,,0,9,5,1
TRAINER_IDOL_GRACE_REMATCH_2,CLEFAIRY,43,,,40,9,5,2
TRAINER_IDOL_GRACE_REMATCH_2,CLEFAIRY,43,,,80,9,5,3
TRAINER_IDOL_GRACE_REMATCH_2,CLEFAIRY,43,,,120,9,5,4
TRAINER_IDOL_GRACE_REMATCH_3,CLEFAIRY,48,,,0,9,5,1
TRAINER_IDOL_GRACE_REMATCH_3,CLEFAIRY,48,,,40,9,5,2
TRAINER_IDOL_GRACE_REMATCH_3,CLEFAIRY,48,,,80,9,5,3
TRAINER_IDOL_GRACE_REMATCH_3,CLEFAIRY,48,,,120,9,5,4
TRAINER_IDOL_GRACE_REMATCH_3,CLEFAIRY,48,,,160,9,5,5
TRAINER_IDOL_GRACE_REMATCH_4,CLEFAIRY,53,,,0,9,5,1
TRAINER_IDOL_GRACE_REMATCH_4,CLEFAIRY,53,,,40,9,5,2
TRAINER_IDOL_GRACE_REMATCH_4,CLEFAIRY,53,,,80,9,5,3
TRAINER_IDOL_GRACE_REMATCH_4,CLEFAIRY,53,,,120,9,5,4
TRAINER_IDOL_GRACE_REMATCH_4,CLEFAIRY,53,,,160,9,5,5
TRAINER_IDOL_GRACE_REMATCH_4,CLEFAIRY,53,,,200,9,5,6
TRAINER_IDOL_GRACE_UNUSED,CLEFAIRY,6,,,0,9,5,1
TRAINER_INTERVIEWERS_ROXY_AND_OLI,MAGNEMITE,23,,,0,9,5,1
TRAINER_INTERVIEWERS_ROXY_AND_OLI,RALTS,23,,,0,9,5,2
TRAINER_INTERVIEWERS_ROXY_AND_OLI_REMATCH_1,MAGNEMITE,35,,,0,9,5,1
TRAINER_INTERVIEWERS_ROXY_AND_OLI_REMATCH_1,KIRLIA,35,,,0,9,5,2
TRAINER_INTERVIEWERS_ROXY_AND_OLI_REMATCH_2,MAGNETON,47,,,0,9,5,1
TRAINER_INTERVIEWERS_ROXY_AND_OLI_REMATCH_2,GARDEVOIR,47,,,0,9,5,2
TRAINER_INTERVIEWERS_ROXY_AND_OLI_REMATCH_3,MAGNEZONE,53,,,0,9,5,1
TRAINER_INTERVIEWERS_ROXY_AND_OLI_REMATCH_3,GARDEVOIR,53,,,0,9,5,2
TRAINER_INTERVIEWERS_ROXY_AND_OLI_REMATCH_4,MAGNEZONE,59,,,0,9,5,1
TRAINER_INTERVIEWERS_ROXY_AND_OLI_REMATCH_4,GARDEVOIR,59,,,0,9,5,2
TRAINER_INTERVIEWERS_ROXY_AND_OLI_UNUSED,MAGNEMITE,6,,,0,9,5,1
TRAINER_INTERVIEWERS_ROXY_AND_OLI_UNUSED,RALTS,6,,,0,9,5,2
TRAINER_JOGGER_CRAIG,LUXIO,22,,,0,9,5,1
TRAINER_JOGGER_CRAIG,LUXIO,24,,,0,9,5,2
TRAINER_JOGGER_CRAIG_REMATCH_1,LUXIO,43,,,0,9,5,1
TRAINER_JOGGER_CRAIG_REMATCH_1,LUXIO,43,,,0,9,5,2
TRAINER_JOGGER_CRAIG_REMATCH_2,LUXRAY,59,,,0,9,5,1
TRAINER_JOGGER_CRAIG_REMATCH_2,LUXRAY,59,,,0,9,5,2
TRAINER_JOGGER_RAUL,STARAVIA,23,,,0,9,5,1
TRAINER_JOGGER_RICHARD,LUXIO,23,,,0,9,5,1
TRAINER_JOGGER_SCOTT,STARAVIA,25,,,0,9,5,1
TRAINER_JOGGER_WYATT,PIKACHU,24,,,0,9,5,1
TRAINER_LADY_CELESTE,BLISSEY,35,"FLING,SOFTBOILED,EGG_BOMB,PSYCHIC",ITEM_RARE_CANDY,250,9,5,1
TRAINER_LADY_KYLIE,CLEFFA,24,,,0,9,5,1
TRAINER_LADY_KYLIE,CLEFAIRY,26,,,0,9,5,2
TRAINER_LADY_MELISSA,CHERUBI,27,,,0,9,5,1
TRAINER_LADY_MELISSA_REMATCH_1,CHERRIM,35,,,0,9,5,1
TRAINER_LADY_MELISSA_REMATCH_2,CHERRIM,45,"SOLAR_BEAM,SUNNY_DAY,LEECH_SEED,MAGICAL_LEAF",,0,9,5,1
TRAINER_LADY_MELISSA_REMATCH_3,HOPPIP,58,"STUN_SPORE,SUNNY_DAY,GIGA_DRAIN,AERIAL_ACE",,0,9,5,1
TRAINER_LADY_MELISSA_REMATCH_3,CHERRIM,58,"SOLAR_BEAM,SUNNY_DAY,LEECH_SEED,MAGICAL_LEAF",,0,9,5,2
TRAINER_LADY_MELISSA_REMATCH_3,BELLOSSOM,58,"PETAL_DANCE,ATTRACT,STUN_SPORE,MAGICAL_LEAF",,0,9,5,3
TRAINER_LASS_BLYTHE,CHINGLING,25,,,0,9,5,1
TRAINER_LASS_BLYTHE,BUNEARY,25,,,0,9,5,2
TRAINER_LASS_BRIANA,PACHIRISU,16,,,0,9,5,1
TRAINER_LASS_CAROLINE,CHERUBI,17,"TACKLE,LEECH_SEED",,20,9,5,1
TRAINER_LASS_CAROLINE,ROSELIA,17,"MEGA_DRAIN,POISON_STING,STUN_SPORE",,20,9,5,2
TRAINER_LASS_CARRIE_UNUSED_1,BONSLY,23,"BLOCK,ROCK_THROW",,0,9,5,1
TRAINER_LASS_CARRIE_UNUSED_1,MIME_JR,24,"REFLECT,LIGHT_SCREEN,DOUBLE_SLAP",,0,9,5,2
TRAINER_LASS_CARRIE_UNUSED_2,CHATOT,23,"FURY_ATTACK,SING,GROWL,PECK",,0,9,5,1
TRAINER_LASS_CARRIE_UNUSED_2,PACHIRISU,24,"SWIFT,ENDURE,SPARK,CHARM",,0,9,5,2
TRAINER_LASS_CARRIE_UNUSED_3,STARLY,23,,,0,9,5,1
TRAINER_LASS_CARRIE_UNUSED_3,BIDOOF,24,,,0,9,5,2
TRAINER_LASS_CASSIDY,BUNEARY,22,,,0,9,5,1
TRAINER_LASS_KAITLIN,BIDOOF,4,,,0,9,5,1
TRAINER_LASS_KAITLIN,BUDEW,4,,,0,9,5,2
TRAINER_LASS_KAITLIN,STARLY,4,,,0,9,5,3
TRAINER_LASS_KAITLIN,ABRA,4,,,0,9,5,4
TRAINER_LASS_MADELINE,PSYDUCK,8,,,0,9,5,1
TRAINER_LASS_MADELINE_REMATCH_1,PSYDUCK,22,,,0,9,5,1
TRAINER_LASS_MADELINE_REMATCH_1,BUNEARY,22,,,0,9,5,2
TRAINER_LASS_MADELINE_REMATCH_2,GOLDUCK,33,,,0,9,5,1
TRAINER_LASS_MADELINE_REMATCH_2,BUNEARY,33,,,0,9,5,2
TRAINER_LASS_MADELINE_REMATCH_3,GOLDUCK,43,,,0,9,5,1
TRAINER_LASS_MADELINE_REMATCH_3,LOPUNNY,43,,,0,9,5,2
TRAINER_LASS_MOLLY,MISDREAVUS,23,"PAIN_SPLIT,PSYBEAM,CONFUSE_RAY",,10,9,5,1
TRAINER_LASS_NATALIE,BIDOOF,5,,,0,9,5,1
TRAINER_LASS_SAMANTHA,BUDEW,7,,,0,9,5,1
TRAINER_LASS_SAMANTHA_REMATCH_1,BUDEW,24,,,0,9,5,1
TRAINER_LASS_SAMANTHA_REMATCH_2,BEAUTIFLY,33,,,0,9,5,1
TRAINER_LASS_SAMANTHA_REMATCH_2,ROSELIA,33,,,0,9,5,2
TRAINER_LASS_SAMANTHA_REMATCH_3,COMBEE,51,,,250,9,5,1
TRAINER_LASS_SAMANTHA_REMATCH_3,ROSELIA,51,,,0,9,5,2
TRAINER_LASS_SAMANTHA_REMATCH_3,BEAUTIFLY,51,,,0,9,5,3
TRAINER_LASS_SARAH,SHINX,7,,,0,9,5,1
TRAINER_LEADER_BYRON,MAGNETON,37,"FLASH_CANNON,THUNDERBOLT,TRI_ATTACK,METAL_SOUND",ITEM_NONE,200,9,5,1
TRAINER_LEADER_BYRON,STEELIX,38,"FLASH_CANNON,ICE_FANG,EARTHQUAKE,SANDSTORM",ITEM_NONE,200,9,5,2
TRAINER_LEADER_BYRON,BASTIODON,41,"METAL_BURST,STONE_EDGE,IRON_DEFENSE,TAUNT",ITEM_SITRUS_BERRY,200,9,5,3
TRAINER_LEADER_BYRON_REMATCH,SKARMORY,61,"NIGHT_SLASH,DRILL_PECK,ROCK_TOMB,STEALTH_ROCK",ITEM_NONE,200,9,5,1
TRAINER_LEADER_BYRON_REMATCH,STEELIX,61,"GYRO_BALL,ICE_FANG,DRAGON_BREATH,SANDSTORM",ITEM_NONE,200,9,5,2
TRAINER_LEADER_BYRON_REMATCH,MAGNEZONE,62,"FLASH_CANNON,THUNDERBOLT,SUPERSONIC,THUNDER_WAVE",ITEM_NONE,200,9,5,3
TRAINER_LEADER_BYRON_REMATCH,BASTIODON,63,"METAL_BURST,ANCIENT_POWER,IRON_DEFENSE,REST",ITEM_NONE,200,9,5,4
TRAINER_LEADER_BYRON_REMATCH,AGGRON,65,"METAL_BURST,STONE_EDGE,EARTHQUAKE,AVALANCHE",ITEM_SITRUS_BERRY,200,9,5,5
TRAINER_LEADER_CANDICE,SNEASEL,40,"SLASH,AERIAL_ACE,FAINT_ATTACK,ICE_SHARD",ITEM_NONE,250,9,5,1
TRAINER_LEADER_CANDICE,PILOSWINE,40,"AVALANCHE,STONE_EDGE,EARTHQUAKE,HAIL",ITEM_NONE,250,9,5,2
TRAINER_LEADER_CANDICE,ABOMASNOW,42,"AVALANCHE,WOOD_HAMMER,WATER_PULSE,FOCUS_BLAST",ITEM_NONE,250,9,5,3
TRAINER_LEADER_CANDICE,FROSLASS,44,"BLIZZARD,DOUBLE_TEAM,SHADOW_BALL,PSYCHIC",ITEM_SITRUS_BERRY,250,9,5,4
TRAINER_LEADER_CANDICE_REMATCH,WEAVILE,62,"AVALANCHE,SLASH,FAINT_ATTACK,TAUNT",ITEM_NONE,200,9,5,1
TRAINER_LEADER_CANDICE_REMATCH,MAMOSWINE,61,"AVALANCHE,ANCIENT_POWER,EARTHQUAKE,HAIL",ITEM_NONE,200,9,5,2
TRAINER_LEADER_CANDICE_REMATCH,ABOMASNOW,61,"AVALANCHE,WOOD_HAMMER,GRASS_WHISTLE,INGRAIN",ITEM_NONE,200,9,5,3
TRAINER_LEADER_CANDICE_REMATCH,FROSLASS,63,"BLIZZARD,CONFUSE_RAY,OMINOUS_WIND,HAIL",ITEM_NONE,200,9,5,4
TRAINER_LEADER_CANDICE_REMATCH,GLACEON,65,"BLIZZARD,MIRROR_COAT,SHADOW_BALL,WATER_PULSE",ITEM_SITRUS_BERRY,200,9,5,5
TRAINER_LEADER_FANTINA,DUSKULL,24,"WILL_O_WISP,PURSUIT,SHADOW_SNEAK,FUTURE_SIGHT",ITEM_NONE,100,9,5,1
TRAINER_LEADER_FANTINA,HAUNTER,24,"SHADOW_CLAW,SUCKER_PUNCH,HYPNOSIS,CONFUSE_RAY",ITEM_NONE,100,9,5,2
TRAINER_LEADER_FANTINA,MISMAGIUS,26,"SHADOW_BALL,PSYBEAM,MAGICAL_LEAF,CONFUSE_RAY",ITEM_SITRUS_BERRY,100,9,5,3
TRAINER_LEADER_FANTINA_REMATCH,BANETTE,61,"SHADOW_CLAW,FAINT_ATTACK,THUNDERBOLT,WILL_O_WISP",ITEM_NONE,200,9,5,1
TRAINER_LEADER_FANTINA_REMATCH,DRIFBLIM,61,"OMINOUS_WIND,PSYCHIC,SILVER_WIND,BATON_PASS",ITEM_NONE,200,9,5,2
TRAINER_LEADER_FANTINA_REMATCH,DUSKNOIR,62,"ROCK_SLIDE,SHADOW_PUNCH,DOUBLE_TEAM,PROTECT",ITEM_NONE,200,9,5,3
TRAINER_LEADER_FANTINA_REMATCH,MISMAGIUS,63,"SHADOW_BALL,PSYCHIC,MAGICAL_LEAF,THUNDERBOLT",ITEM_NONE,200,9,5,4
TRAINER_LEADER_FANTINA_REMATCH,GENGAR,65,"SHADOW_BALL,PSYCHIC,FOCUS_BLAST,THUNDER",ITEM_SITRUS_BERRY,200,9,5,5
TRAINER_LEADER_GARDENIA,TURTWIG,20,"GRASS_KNOT,RAZOR_LEAF,SUNNY_DAY,REFLECT",ITEM_NONE,50,9,5,1
TRAINER_LEADER_GARDENIA,CHERRIM,20,"GRASS_KNOT,LEECH_SEED,MAGICAL_LEAF,SAFEGUARD",ITEM_NONE,50,9,5,2
TRAINER_LEADER_GARDENIA,ROSERADE,22,"GRASS_KNOT,MAGICAL_LEAF,POISON_STING,STUN_SPORE",ITEM_SITRUS_BERRY,50,9,5,3
TRAINER_LEADER_GARDENIA_REMATCH,JUMPLUFF,61,"SILVER_WIND,TOXIC,SUNNY_DAY,BOUNCE",ITEM_NONE,200,9,5,1
TRAINER_LEADER_GARDENIA_REMATCH,CHERRIM,62,"SOLAR_BEAM,TOXIC,SUNNY_DAY,LEECH_SEED",ITEM_NONE,200,9,5,2
TRAINER_LEADER_GARDENIA_REMATCH,BELLOSSOM,61,"DRAIN_PUNCH,GIGA_DRAIN,INGRAIN,SUNNY_DAY",ITEM_NONE,200,9,5,3
TRAINER_LEADER_GARDENIA_REMATCH,TORTERRA,63,"WOOD_HAMMER,CRUNCH,EARTHQUAKE,STONE_EDGE",ITEM_NONE,200,9,5,4
TRAINER_LEADER_GARDENIA_REMATCH,ROSERADE,65,"SHADOW_BALL,LEAF_STORM,SLUDGE_BOMB,HYPER_BEAM",ITEM_SITRUS_BERRY,200,9,5,5
TRAINER_LEADER_MAYLENE,MEDITITE,28,"DRAIN_PUNCH,CONFUSION,ROCK_TOMB,FAKE_OUT",ITEM_NONE,200,9,5,1
TRAINER_LEADER_MAYLENE,MACHOKE,29,"KARATE_CHOP,ROCK_TOMB,STRENGTH,FOCUS_ENERGY",ITEM_NONE,200,9,5,2
TRAINER_LEADER_MAYLENE,LUCARIO,32,"DRAIN_PUNCH,FORCE_PALM,METAL_CLAW,BONE_RUSH",ITEM_NONE,200,9,5,3
TRAINER_LEADER_MAYLENE_REMATCH,HITMONTOP,62,"TRIPLE_KICK,AERIAL_ACE,QUICK_ATTACK,FAKE_OUT",ITEM_NONE,250,9,5,1
TRAINER_LEADER_MAYLENE_REMATCH,MEDICHAM,63,"FIRE_PUNCH,ICE_PUNCH,THUNDER_PUNCH,HI_JUMP_KICK",ITEM_NONE,250,9,5,2
TRAINER_LEADER_MAYLENE_REMATCH,BRELOOM,62,"STONE_EDGE,SPORE,MACH_PUNCH,SEED_BOMB",ITEM_NONE,250,9,5,3
TRAINER_LEADER_MAYLENE_REMATCH,MACHAMP,64,"CROSS_CHOP,ROCK_CLIMB,EARTHQUAKE,STONE_EDGE",ITEM_NONE,250,9,5,4
TRAINER_LEADER_MAYLENE_REMATCH,LUCARIO,66,"DRAIN_PUNCH,CLOSE_COMBAT,EXTREME_SPEED,BONE_RUSH",ITEM_NONE,250,9,5,5
TRAINER_LEADER_ROARK,GEODUDE,12,"STEALTH_ROCK,ROCK_THROW",,50,9,5,1
TRAINER_LEADER_ROARK,ONIX,12,"STEALTH_ROCK,ROCK_THROW,SCREECH",,50,9,5,2
TRAINER_LEADER_ROARK,CRANIDOS,14,"HEADBUTT,PURSUIT,LEER",,50,9,5,3
TRAINER_LEADER_ROARK_REMATCH,AERODACTYL,62,"STONE_EDGE,AERIAL_ACE,EARTHQUAKE,DRAGON_CLAW",ITEM_NONE,200,9,5,1
TRAINER_LEADER_ROARK_REMATCH,PROBOPASS,61,"EARTH_POWER,STEALTH_ROCK,DISCHARGE,STONE_EDGE",ITEM_NONE,200,9,5,2
TRAINER_LEADER_ROARK_REMATCH,GOLEM,61,"STONE_EDGE,EARTHQUAKE,BRICK_BREAK,FLAMETHROWER",ITEM_NONE,200,9,5,3
TRAINER_LEADER_ROARK_REMATCH,RAMPARDOS,63,"HEAD_SMASH,ZEN_HEADBUTT,AVALANCHE,EARTHQUAKE",ITEM_NONE,200,9,5,4
TRAINER_LEADER_ROARK_REMATCH,TYRANITAR,65,"STONE_EDGE,CRUNCH,AERIAL_ACE,FIRE_FANG",ITEM_SITRUS_BERRY,200,9,5,5
TRAINER_LEADER_VOLKNER,JOLTEON,46,"THUNDER_WAVE,CHARGE_BEAM,IRON_TAIL,QUICK_ATTACK",ITEM_NONE,250,9,5,1
TRAINER_LEADER_VOLKNER,RAICHU,46,"CHARGE_BEAM,FOCUS_BLAST,SIGNAL_BEAM,QUICK_ATTACK",ITEM_NONE,250,9,5,2
TRAINER_LEADER_VOLKNER,LUXRAY,48,"ICE_FANG,THUNDER_FANG,CRUNCH,FIRE_FANG",ITEM_NONE,250,9,5,3
TRAINER_LEADER_VOLKNER,ELECTIVIRE,50,"THUNDER_PUNCH,FIRE_PUNCH,QUICK_ATTACK,GIGA_IMPACT",ITEM_SITRUS_BERRY,2500,9,5,4
TRAINER_LEADER_VOLKNER_FIGHT_AREA,LUXRAY,56,"ICE_FANG,THUNDER_FANG,CRUNCH,FIRE_FANG",ITEM_NONE,200,9,5,1
TRAINER_LEADER_VOLKNER_FIGHT_AREA,JOLTEON,56,"PIN_MISSILE,CHARGE_BEAM,DOUBLE_KICK,QUICK_ATTACK",ITEM_NONE,200,9,5,2
TRAINER_LEADER_VOLKNER_FIGHT_AREA,ELECTIVIRE,58,"THUNDER_PUNCH,FIRE_PUNCH,BRICK_BREAK,GIGA_IMPACT",ITEM_SITRUS_BERRY,200,9,5,3
TRAINER_LEADER_VOLKNER_REMATCH,JOLTEON,61,"PIN_MISSILE,CHARGE_BEAM,DOUBLE_KICK,QUICK_ATTACK",ITEM_NONE,200,9,5,1
TRAINER_LEADER_VOLKNER_REMATCH,RAICHU,61,"CHARGE_BEAM,BRICK_BREAK,THUNDER_WAVE,LIGHT_SCREEN",ITEM_NONE,200,9,5,2
TRAINER_LEADER_VOLKNER_REMATCH,LUXRAY,62,"ICE_FANG,THUNDER_FANG,CRUNCH,FIRE_FANG",ITEM_NONE,200,9,5,3
TRAINER_LEADER_VOLKNER_REMATCH,LANTURN,63,"DISCHARGE,SIGNAL_BEAM,SURF,ICE_BEAM",ITEM_NONE,200,9,5,4
TRAINER_LEADER_VOLKNER_REMATCH,ELECTIVIRE,65,"THUNDER_PUNCH,FIRE_PUNCH,BRICK_BREAK,GIGA_IMPACT",ITEM_SITRUS_BERRY,200,9,5,5
TRAINER_LEADER_WAKE,GYARADOS,33,"WATERFALL,BRINE,BITE,TWISTER",ITEM_NONE,150,9,5,1
TRAINER_LEADER_WAKE,QUAGSIRE,34,"MUD_SHOT,ROCK_TOMB,WATER_PULSE,YAWN",ITEM_NONE,150,9,5,2
TRAINER_LEADER_WAKE,FLOATZEL,37,"BRINE,ICE_FANG,CRUNCH,AQUA_JET",ITEM_SITRUS_BERRY,150,9,5,3
TRAINER_LEADER_WAKE_REMATCH,SHARPEDO,61,"AQUA_JET,NIGHT_SLASH,SLASH,ENDURE",ITEM_NONE,200,9,5,1
TRAINER_LEADER_WAKE_REMATCH,QUAGSIRE,61,"EARTHQUAKE,STONE_EDGE,YAWN,SURF",ITEM_NONE,200,9,5,2
TRAINER_LEADER_WAKE_REMATCH,GYARADOS,62,"AQUA_TAIL,AVALANCHE,BITE,GIGA_IMPACT",ITEM_NONE,200,9,5,3
TRAINER_LEADER_WAKE_REMATCH,FLOATZEL,63,"BRINE,ICE_FANG,CRUNCH,AQUA_JET",ITEM_NONE,200,9,5,4
TRAINER_LEADER_WAKE_REMATCH,LUDICOLO,65,"SURF,ICE_BEAM,ENERGY_BALL,FOCUS_BLAST",ITEM_SITRUS_BERRY,200,9,5,5
TRAINER_LUCAS_JUBILIFE_CITY_CHIMCHAR,TURTWIG,13,"ABSORB,TACKLE",,30,9,5,1
TRAINER_LUCAS_JUBILIFE_CITY_PIPLUP,CHIMCHAR,13,"EMBER,SCRATCH",,30,9,5,1
TRAINER_LUCAS_JUBILIFE_CITY_TURTWIG,PIPLUP,13,"BUBBLE,POUND",,30,9,5,1
TRAINER_LUCAS_VEILSTONE_CITY_CHIMCHAR,CLEFAIRY,25,"METRONOME,GRAVITY,WAKE_UP_SLAP,SING",,60,9,5,1
TRAINER_LUCAS_VEILSTONE_CITY_CHIMCHAR,KADABRA,25,"PSYBEAM,PSYCHO_CUT,REFLECT,LIGHT_SCREEN",,60,9,5,2
TRAINER_LUCAS_VEILSTONE_CITY_CHIMCHAR,GROTLE,27,"RAZOR_LEAF,MEGA_DRAIN,BITE,CURSE",,60,9,5,3
TRAINER_LUCAS_VEILSTONE_CITY_PIPLUP,CLEFAIRY,25,"METRONOME,GRAVITY,WAKE_UP_SLAP,SING",,60,9,5,1
TRAINER_LUCAS_VEILSTONE_CITY_PIPLUP,KADABRA,25,"PSYBEAM,PSYCHO_CUT,REFLECT,LIGHT_SCREEN",,60,9,5,2
TRAINER_LUCAS_VEILSTONE_CITY_PIPLUP,MONFERNO,27,"FLAME_WHEEL,MACH_PUNCH,FURY_SWIPES,TORMENT",,60,9,5,3
TRAINER_LUCAS_VEILSTONE_CITY_TURTWIG,CLEFAIRY,25,"METRONOME,GRAVITY,WAKE_UP_SLAP,SING",,60,9,5,1
TRAINER_LUCAS_VEILSTONE_CITY_TURTWIG,KADABRA,25,"PSYBEAM,PSYCHO_CUT,REFLECT,LIGHT_SCREEN",,60,9,5,2
TRAINER_LUCAS_VEILSTONE_CITY_TURTWIG,PRINPLUP,27,"BUBBLE_BEAM,METAL_CLAW,PECK,GROWL",,60,9,5,3
TRAINER_MAID_BELINDA,CLEFAIRY,25,"METRONOME,MINIMIZE,METEOR_MASH,ENDURE",,0,9,5,1
TRAINER_MAID_CLARE,CLEFAIRY,33,"METRONOME,BOUNCE,METEOR_MASH,ENDURE",,0,9,5,1
TRAINER_MAID_ELENA,CLEFAIRY,31,"METRONOME,SWAGGER,METEOR_MASH,ENDURE",,0,9,5,1
TRAINER_MAID_EMILY,CLEFAIRY,29,"METRONOME,ENCORE,METEOR_MASH,ENDURE",,0,9,5,1
TRAINER_MAID_SOPHIE,CLEFAIRY,27,"METRONOME,SING,METEOR_MASH,ENDURE",,0,9,5,1
TRAINER_MARLEY_BATTLEGROUND,NINJASK,61,"X_SCISSOR,AERIAL_ACE,SWORDS_DANCE,SLASH",ITEM_NONE,200,9,5,1
TRAINER_MARLEY_BATTLEGROUND,ELECTRODE,61,"HYPER_BEAM,THUNDER,THUNDER_WAVE,DOUBLE_TEAM",ITEM_NONE,200,9,5,2
TRAINER_MARLEY_BATTLEGROUND,CROBAT,62,"AIR_SLASH,POISON_FANG,CONFUSE_RAY,DOUBLE_TEAM",ITEM_NONE,200,9,5,3
TRAINER_MARLEY_BATTLEGROUND,WEAVILE,63,"ICE_SHARD,NIGHT_SLASH,ICE_PUNCH,AERIAL_ACE",ITEM_NONE,200,9,5,4
TRAINER_MARLEY_BATTLEGROUND,ARCANINE,65,"EXTREME_SPEED,FLARE_BLITZ,CRUNCH,THUNDER_FANG",ITEM_SITRUS_BERRY,200,9,5,5
TRAINER_MARLEY_VICTORY_ROAD,ARCANINE,59,"EXTREME_SPEED,FIRE_FANG,HELPING_HAND,AGILITY",,30,9,5,1
TRAINER_MIRA_BATTLEGROUND,PORYGON_Z,61,"TRI_ATTACK,PSYCHIC,THUNDERBOLT,DARK_PULSE",ITEM_NONE,200,9,5,1
TRAINER_MIRA_BATTLEGROUND,GENGAR,61,"SHADOW_BALL,PSYCHIC,SLUDGE_BOMB,ENERGY_BALL",ITEM_NONE,200,9,5,2
TRAINER_MIRA_BATTLEGROUND,MAGNEZONE,62,"THUNDER,FLASH_CANNON,THUNDER_WAVE,HYPER_BEAM",ITEM_NONE,200,9,5,3
TRAINER_MIRA_BATTLEGROUND,TOGEKISS,63,"EXTREME_SPEED,AIR_SLASH,AURA_SPHERE,PSYCHIC",ITEM_NONE,200,9,5,4
TRAINER_MIRA_BATTLEGROUND,ALAKAZAM,65,"PSYCHIC,FOCUS_BLAST,CALM_MIND,HYPER_BEAM",ITEM_SITRUS_BERRY,200,9,5,5
TRAINER_MIRA_WAYWARD_CAVE,KADABRA,26,"CONFUSION,SHOCK_WAVE,FLASH,KINESIS",,30,9,5,1
TRAINER_NINJA_BOY_BRENNAN,ZUBAT,30,,,0,9,5,1
TRAINER_NINJA_BOY_BRENNAN,SKORUPI,32,,,0,9,5,2
TRAINER_NINJA_BOY_BRUCE,STUNKY,33,,,0,9,5,1
TRAINER_NINJA_BOY_DAVIDO,MOTHIM,33,,,0,9,5,1
TRAINER_NINJA_BOY_ETHAN,SKORUPI,37,,,0,9,5,1
TRAINER_NINJA_BOY_ETHAN,GOLBAT,37,,,0,9,5,2
TRAINER_NINJA_BOY_FABIAN,CROAGUNK,31,,,0,9,5,1
TRAINER_NINJA_BOY_FABIAN,CROAGUNK,31,,,0,9,5,2
TRAINER_NINJA_BOY_JOEL,ZUBAT,29,,,0,9,5,1
TRAINER_NINJA_BOY_JOEL,SKORUPI,29,,,0,9,5,2
TRAINER_NINJA_BOY_JOEL,STUNKY,29,,,0,9,5,3
TRAINER_NINJA_BOY_JOEL,GOLBAT,29,,,0,9,5,4
TRAINER_NINJA_BOY_MATTHEW,GOLBAT,39,,,0,9,5,1
TRAINER_NINJA_BOY_NATHAN,STUNKY,31,,,0,9,5,1
TRAINER_NINJA_BOY_NATHAN,GOLBAT,31,,,0,9,5,2
TRAINER_NINJA_BOY_NICK,SKORUPI,32,,,0,9,5,1
TRAINER_NINJA_BOY_NICK,CROAGUNK,30,,,0,9,5,2
TRAINER_NINJA_BOY_ZACH,ZUBAT,14,,,0,9,5,1
TRAINER_NINJA_BOY_ZACH,ZUBAT,14,,,0,9,5,2
TRAINER_NINJA_BOY_ZACH,ZUBAT,14,,,0,9,5,3
TRAINER_NINJA_BOY_ZACH_REMATCH_1,ZUBAT,32,,,0,9,5,1
TRAINER_NINJA_BOY_ZACH_REMATCH_1,GOLBAT,32,,,0,9,5,2
TRAINER_NINJA_BOY_ZACH_REMATCH_1,GOLBAT,32,,,0,9,5,3
TRAINER_NINJA_BOY_ZACH_REMATCH_2,GOLBAT,42,,,0,9,5,1
TRAINER_NINJA_BOY_ZACH_REMATCH_2,GOLBAT,42,,,0,9,5,2
TRAINER_NINJA_BOY_ZACH_REMATCH_2,GOLBAT,42,,,0,9,5,3
TRAINER_NINJA_BOY_ZACH_REMATCH_3,GOLBAT,51,,,0,9,5,1
TRAINER_NINJA_BOY_ZACH_REMATCH_3,CROBAT,51,,,0,9,5,2
TRAINER_NINJA_BOY_ZACH_REMATCH_3,CROBAT,51,,,0,9,5,3
TRAINER_PARASOL_LADY_ALEXA,GOLDEEN,27,,,0,9,5,1
TRAINER_PARASOL_LADY_ALEXA,BIBAREL,27,,,0,9,5,2
TRAINER_PARASOL_LADY_ALEXA_REMATCH_1,GOLDEEN,33,,,0,9,5,1
TRAINER_PARASOL_LADY_ALEXA_REMATCH_1,BIBAREL,33,,,0,9,5,2
TRAINER_PARASOL_LADY_ALEXA_REMATCH_2,HIPPOWDON,42,,,0,9,5,1
TRAINER_PARASOL_LADY_ALEXA_REMATCH_2,BIBAREL,42,,,0,9,5,2
TRAINER_PARASOL_LADY_ALEXA_REMATCH_2,SEAKING,42,,,0,9,5,3
TRAINER_PARASOL_LADY_ALEXA_REMATCH_3,HIPPOWDON,50,,,0,9,5,1
TRAINER_PARASOL_LADY_ALEXA_REMATCH_3,BIBAREL,50,,,0,9,5,2
TRAINER_PARASOL_LADY_ALEXA_REMATCH_3,MANTINE,50,,,0,9,5,3
TRAINER_PARASOL_LADY_ALEXA_REMATCH_3,SEAKING,50,,,0,9,5,4
TRAINER_PARASOL_LADY_SABRINA,WOOPER,26,,,0,9,5,1
TRAINER_PARASOL_LADY_SABRINA,QUAGSIRE,28,,,0,9,5,2
TRAINER_PICNICKER_ANA,HOOTHOOT,22,,,0,9,5,1
TRAINER_PICNICKER_CHEYENNE,DRIFLOON,28,"SPIT_UP,SWALLOW,STOCKPILE",,10,9,5,1
TRAINER_PICNICKER_CHEYENNE,MISDREAVUS,28,"PSYBEAM,ASTONISH,CONFUSE_RAY",,10,9,5,2
TRAINER_PICNICKER_DIANA,BIDOOF,9,,,0,9,5,1
TRAINER_PICNICKER_KARINA,PIPLUP,14,"BUBBLE,PECK",,0,9,5,1
TRAINER_PICNICKER_KARINA_REMATCH_1,PIPLUP,24,"BUBBLE_BEAM,PECK,POUND,GROWL",,0,9,5,1
TRAINER_PICNICKER_KARINA_REMATCH_2,PRINPLUP,35,"BUBBLE_BEAM,METAL_CLAW,FURY_ATTACK,GROWL",,0,9,5,1
TRAINER_PICNICKER_KARINA_REMATCH_3,EMPOLEON,54,"HYDRO_PUMP,DRILL_PECK,METAL_CLAW,AQUA_JET",,0,9,5,1
TRAINER_PICNICKER_LAUREN,PACHIRISU,22,"SPARK,QUICK_ATTACK,CHARM",,0,9,5,1
TRAINER_PICNICKER_SIENA,BIDOOF,12,,,0,9,5,1
TRAINER_PICNICKER_SIENA,PACHIRISU,12,,,0,9,5,2
TRAINER_PICNICKER_SUMMER,RAICHU,37,,,0,9,5,1
TRAINER_PICNICKER_TORI,PSYDUCK,22,,,0,9,5,1
TRAINER_PI_CARLOS,GOLDEEN,30,"HORN_DRILL,FLAIL",,50,9,5,1
TRAINER_PI_CARLOS_REMATCH_1,SEAKING,48,"HORN_DRILL,FLAIL",,150,9,5,1
TRAINER_PI_CARLOS_REMATCH_2,SEAKING,64,"HORN_DRILL,FLAIL",,250,9,5,1
TRAINER_PI_KENDRICK,RHYHORN,31,"HORN_DRILL,REVERSAL",,50,9,5,1
TRAINER_POKEFAN_LEONARD,PICHU,19,,ITEM_SITRUS_BERRY,0,9,5,1
TRAINER_POKEFAN_LEONARD,PICHU,19,,ITEM_SITRUS_BERRY,0,9,5,2
TRAINER_POKEFAN_LEONARD,PIKACHU,22,,ITEM_SITRUS_BERRY,0,9,5,3
TRAINER_POKEFAN_MEREDITH,PICHU,26,,ITEM_SITRUS_BERRY,0,9,5,1
TRAINER_POKEFAN_MEREDITH,PACHIRISU,26,,ITEM_SITRUS_BERRY,0,9,5,2
TRAINER_POKEFAN_REBEKAH,BONSLY,23,,ITEM_SITRUS_BERRY,0,9,5,1
TRAINER_POKE_KID_ARIEL,PICHU,19,,,0,9,5,1
TRAINER_POKE_KID_ARIEL,PIKACHU,19,,,0,9,5,2
TRAINER_POKE_KID_ARIEL,PIKACHU,19,,,0,9,5,3
TRAINER_POKE_KID_ARIEL_REMATCH_1,PICHU,31,,,0,9,5,1
TRAINER_POKE_KID_ARIEL_REMATCH_1,PIKACHU,31,,,0,9,5,2
TRAINER_POKE_KID_ARIEL_REMATCH_1,PIKACHU,31,,,0,9,5,3
TRAINER_POKE_KID_ARIEL_REMATCH_2,PICHU,43,,,0,9,5,1
TRAINER_POKE_KID_ARIEL_REMATCH_2,PIKACHU,43,,,0,9,5,2
TRAINER_POKE_KID_ARIEL_REMATCH_2,PIKACHU,43,,,0,9,5,3
TRAINER_POKE_KID_ARIEL_REMATCH_3,PICHU,49,,,0,9,5,1
TRAINER_POKE_KID_ARIEL_REMATCH_3,PIKACHU,49,,,0,9,5,2
TRAINER_POKE_KID_ARIEL_REMATCH_3,RAICHU,49,,,0,9,5,3
TRAINER_POKE_KID_ARIEL_REMATCH_4,PICHU,55,,,0,9,5,1
TRAINER_POKE_KID_ARIEL_REMATCH_4,PIKACHU,55,,,0,9,5,2
TRAINER_POKE_KID_ARIEL_REMATCH_4,RAICHU,55,,,0,9,5,3
TRAINER_POKE_KID_ARIEL_UNUSED,PICHU,3,,,0,9,5,1
TRAINER_POKE_KID_ARIEL_UNUSED,PICHU,3,,,0,9,5,2
TRAINER_POKE_KID_ARIEL_UNUSED,PICHU,3,,,0,9,5,3
TRAINER_POKE_KID_DANIELLE,PICHU,22,,,0,9,5,1
TRAINER_POKE_KID_DANIELLE_REMATCH_1,PIKACHU,34,,,0,9,5,1
TRAINER_POKE_KID_DANIELLE_REMATCH_2,PIKACHU,44,,,0,9,5,1
TRAINER_POKE_KID_DANIELLE_REMATCH_3,RAICHU,53,,,0,9,5,1
TRAINER_POKE_KID_JANET,PIKACHU,42,,,0,9,5,1
TRAINER_POKE_KID_JANET,PIKACHU,42,,,0,9,5,2
TRAINER_POKE_KID_MEGHAN,PIKACHU,42,,,10,9,5,1
TRAINER_POKE_KID_MEGHAN,PIKACHU,42,,,10,9,5,2
TRAINER_POKE_KID_MEGHAN,PIKACHU,42,,,10,9,5,3
TRAINER_POKE_KID_MEGHAN,PIKACHU,42,,,10,9,5,4
TRAINER_POLICEMAN_ALEX,HOOTHOOT,25,,,0,9,5,1
TRAINER_POLICEMAN_ALEX,MACHOP,25,,,0,9,5,2
TRAINER_POLICEMAN_BOBBY,HOOTHOOT,24,,,0,9,5,1
TRAINER_POLICEMAN_BOBBY,MACHOP,26,,,0,9,5,2
TRAINER_POLICEMAN_CALEB,HOOTHOOT,23,,,0,9,5,1
TRAINER_POLICEMAN_CALEB,MACHOP,27,,,0,9,5,2
TRAINER_POLICEMAN_DANNY,HOOTHOOT,26,,,0,9,5,1
TRAINER_POLICEMAN_DANNY,MACHOP,28,,,0,9,5,2
TRAINER_POLICEMAN_DANNY_REMATCH_1,HOOTHOOT,32,,,0,9,5,1
TRAINER_POLICEMAN_DANNY_REMATCH_1,MACHOKE,34,,,0,9,5,2
TRAINER_POLICEMAN_DANNY_REMATCH_2,NOCTOWL,42,,,0,9,5,1
TRAINER_POLICEMAN_DANNY_REMATCH_2,MACHOKE,44,,,0,9,5,2
TRAINER_POLICEMAN_DANNY_REMATCH_3,NOCTOWL,51,,,0,9,5,1
TRAINER_POLICEMAN_DANNY_REMATCH_3,MACHAMP,53,,,0,9,5,2
TRAINER_POLICEMAN_DYLAN,HOOTHOOT,26,,,0,9,5,1
TRAINER_POLICEMAN_DYLAN,MACHOP,24,,,0,9,5,2
TRAINER_POLICEMAN_THOMAS,NOCTOWL,43,,,0,9,5,1
TRAINER_POLICEMAN_THOMAS,MACHOKE,43,,,0,9,5,2
TRAINER_PSYCHIC_ABIGAIL,CHINGLING,23,,,0,9,5,1
TRAINER_PSYCHIC_ABIGAIL,DRIFLOON,25,,,0,9,5,2
TRAINER_PSYCHIC_ABIGAIL,KIRLIA,27,,,0,9,5,3
TRAINER_PSYCHIC_ABIGAIL_REMATCH_1,CHIMECHO,41,,,0,9,5,1
TRAINER_PSYCHIC_ABIGAIL_REMATCH_1,DRIFBLIM,43,,,0,9,5,2
TRAINER_PSYCHIC_ABIGAIL_REMATCH_1,GARDEVOIR,45,,,0,9,5,3
TRAINER_PSYCHIC_ABIGAIL_REMATCH_2,CHIMECHO,57,,,0,9,5,1
TRAINER_PSYCHIC_ABIGAIL_REMATCH_2,DRIFBLIM,59,,,0,9,5,2
TRAINER_PSYCHIC_ABIGAIL_REMATCH_2,GARDEVOIR,61,,,0,9,5,3
TRAINER_PSYCHIC_BRITTNEY,DROWZEE,55,,,0,9,5,1
TRAINER_PSYCHIC_BRITTNEY,ALAKAZAM,57,,,0,9,5,2
TRAINER_PSYCHIC_BRITTNEY_REMATCH,HYPNO,59,"HYPNOSIS,PSYCHIC,SHADOW_BALL,DREAM_EATER",,0,9,5,1
TRAINER_PSYCHIC_BRITTNEY_REMATCH,ALAKAZAM,61,"RECOVER,PSYCHIC,CALM_MIND,SHADOW_BALL",,0,9,5,2
TRAINER_PSYCHIC_BRYCE,HAUNTER,43,,,0,9,5,1
TRAINER_PSYCHIC_BRYCE,GARDEVOIR,46,,,0,9,5,2
TRAINER_PSYCHIC_BRYCE,GENGAR,46,,,0,9,5,3
TRAINER_PSYCHIC_CHELSEY,LUNATONE,57,,,0,9,5,1
TRAINER_PSYCHIC_CHELSEY,GARDEVOIR,59,,,0,9,5,2
TRAINER_PSYCHIC_CORBIN,XATU,56,,,0,9,5,1
TRAINER_PSYCHIC_CORBIN,GALLADE,56,,,0,9,5,2
TRAINER_PSYCHIC_CORBIN_REMATCH,XATU,60,,,0,9,5,1
TRAINER_PSYCHIC_CORBIN_REMATCH,GALLADE,60,,,0,9,5,2
TRAINER_PSYCHIC_DAISY,SLOWPOKE,52,,,0,9,5,1
TRAINER_PSYCHIC_DAISY,SLOWBRO,56,,,0,9,5,2
TRAINER_PSYCHIC_DAISY_REMATCH,SLOWBRO,58,,,0,9,5,1
TRAINER_PSYCHIC_DAISY_REMATCH,SLOWKING,62,,,0,9,5,2
TRAINER_PSYCHIC_DEANDRE,DUSKNOIR,56,"SHADOW_PUNCH,FIRE_PUNCH,ICE_PUNCH,THUNDER_PUNCH",,0,9,5,1
TRAINER_PSYCHIC_DESIREE,MR_MIME,54,"PSYCHIC,REFLECT,LIGHT_SCREEN,DRAIN_PUNCH",,0,9,5,1
TRAINER_PSYCHIC_DESIREE,MISMAGIUS,54,"SHADOW_BALL,MAGICAL_LEAF,AERIAL_ACE,SHOCK_WAVE",,0,9,5,2
TRAINER_PSYCHIC_ELIJAH,ABRA,17,HIDDEN_POWER,,20,9,5,1
TRAINER_PSYCHIC_KENDRA,CHIMECHO,52,"EXTRASENSORY,SHADOW_BALL,ENERGY_BALL,CHARGE_BEAM",,0,9,5,1
TRAINER_PSYCHIC_KENDRA,HAUNTER,52,"SHADOW_PUNCH,DARK_PULSE,CONFUSE_RAY,TOXIC",,0,9,5,2
TRAINER_PSYCHIC_KENDRA,GENGAR,55,"SHADOW_BALL,DARK_PULSE,FRUSTRATION,SLUDGE_BOMB",,0,9,5,3
TRAINER_PSYCHIC_KODY,MEDITITE,17,"CONFUSION,BIDE,MEDITATE",,20,9,5,1
TRAINER_PSYCHIC_LANDON,SHUPPET,53,"SHADOW_BALL,WILL_O_WISP,SUCKER_PUNCH,CONFUSE_RAY",,0,9,5,1
TRAINER_PSYCHIC_LANDON,ALAKAZAM,55,"PSYCHIC,FUTURE_SIGHT,RECOVER,FOCUS_BLAST",,0,9,5,2
TRAINER_PSYCHIC_LINDSEY,ABRA,17,HIDDEN_POWER,,20,9,5,1
TRAINER_PSYCHIC_MAXWELL,MISDREAVUS,58,,,0,9,5,1
TRAINER_PSYCHIC_MAXWELL,HAUNTER,54,,,0,9,5,2
TRAINER_PSYCHIC_MAXWELL_REMATCH,MISDREAVUS,58,,,0,9,5,1
TRAINER_PSYCHIC_MAXWELL_REMATCH,GENGAR,62,,,0,9,5,2
TRAINER_PSYCHIC_MITCHELL,DUSKULL,26,,,0,9,5,1
TRAINER_PSYCHIC_MITCHELL,KADABRA,26,,,0,9,5,2
TRAINER_PSYCHIC_MITCHELL_REMATCH_1,DUSCLOPS,44,,,0,9,5,1
TRAINER_PSYCHIC_MITCHELL_REMATCH_1,KADABRA,44,,,0,9,5,2
TRAINER_PSYCHIC_MITCHELL_REMATCH_2,GRUMPIG,59,,,0,9,5,1
TRAINER_PSYCHIC_MITCHELL_REMATCH_2,ALAKAZAM,59,,,0,9,5,2
TRAINER_PSYCHIC_MITCHELL_REMATCH_2,DUSKNOIR,59,,,0,9,5,3
TRAINER_PSYCHIC_RACHAEL,PSYDUCK,17,"CONFUSION,WATER_GUN,SCRATCH",,20,9,5,1
TRAINER_PSYCHIC_STERLING,SOLROCK,57,,,0,9,5,1
TRAINER_PSYCHIC_STERLING,GALLADE,59,,,0,9,5,2
TRAINER_PSYCHIC_VALENCIA,CHIMECHO,44,,,0,9,5,1
TRAINER_PSYCHIC_VALENCIA,ABSOL,45,,,0,9,5,2
TRAINER_PSYCHIC_VALENCIA,DUSKNOIR,46,,,0,9,5,3
TRAINER_RANCHER_MARCO,PONYTA,24,,,0,9,5,1
TRAINER_RANCHER_MARCO_REMATCH_1,PONYTA,42,,,0,9,5,1
TRAINER_RANCHER_MARCO_REMATCH_1,RAPIDASH,44,,,0,9,5,2
TRAINER_RANCHER_MARCO_REMATCH_2,PONYTA,56,,,0,9,5,1
TRAINER_RANCHER_MARCO_REMATCH_2,MILTANK,57,,,0,9,5,2
TRAINER_RANCHER_MARCO_REMATCH_2,TAUROS,57,,,0,9,5,3
TRAINER_RANCHER_MARCO_REMATCH_2,RAPIDASH,58,,,0,9,5,4
TRAINER_RANGER_ALLISON,MARILL,29,,,50,9,5,1
TRAINER_RANGER_ALLISON,LEAFEON,29,,,50,9,5,2
TRAINER_RANGER_ALLISON_REMATCH_1,AZUMARILL,35,,,50,9,5,1
TRAINER_RANGER_ALLISON_REMATCH_1,LEAFEON,35,,,50,9,5,2
TRAINER_RANGER_ALLISON_REMATCH_2,AZUMARILL,45,,,50,9,5,1
TRAINER_RANGER_ALLISON_REMATCH_2,LEAFEON,45,,,50,9,5,2
TRAINER_RANGER_ALLISON_REMATCH_3,AZUMARILL,61,,,50,9,5,1
TRAINER_RANGER_ALLISON_REMATCH_3,LEAFEON,61,,,50,9,5,2
TRAINER_RANGER_ASHLEE,LINOONE,55,,,50,9,5,1
TRAINER_RANGER_ASHLEE,ARBOK,55,,,50,9,5,2
TRAINER_RANGER_ASHLEE_REMATCH,LINOONE,60,,,50,9,5,1
TRAINER_RANGER_ASHLEE_REMATCH,BUTTERFREE,60,,,50,9,5,2
TRAINER_RANGER_ASHLEE_REMATCH,ARBOK,60,,,50,9,5,3
TRAINER_RANGER_DESHAWN,SPINDA,54,,,50,9,5,1
TRAINER_RANGER_DESHAWN,KECLEON,54,,,50,9,5,2
TRAINER_RANGER_DESHAWN,GRANBULL,54,,,50,9,5,3
TRAINER_RANGER_DWAYNE,SKARMORY,54,,,50,9,5,1
TRAINER_RANGER_DWAYNE,GOLDUCK,54,,,50,9,5,2
TRAINER_RANGER_DWAYNE,DONPHAN,54,,,50,9,5,3
TRAINER_RANGER_FELICIA,SKIPLOOM,59,,,50,9,5,1
TRAINER_RANGER_FELICIA,LOPUNNY,59,,,50,9,5,2
TRAINER_RANGER_JEFFREY,MONFERNO,31,,,50,9,5,1
TRAINER_RANGER_KRISTA,LAIRON,57,,,50,9,5,1
TRAINER_RANGER_KRISTA,MAROWAK,57,,,50,9,5,2
TRAINER_RANGER_KYLER,EXEGGCUTE,55,,,50,9,5,1
TRAINER_RANGER_KYLER,ZANGOOSE,55,,,50,9,5,2
TRAINER_RANGER_KYLER,EMPOLEON,58,,,50,9,5,3
TRAINER_RANGER_KYLER_REMATCH,ZANGOOSE,58,,,50,9,5,1
TRAINER_RANGER_KYLER_REMATCH,EXEGGUTOR,60,,,50,9,5,2
TRAINER_RANGER_KYLER_REMATCH,POLIWRATH,62,,,50,9,5,3
TRAINER_RANGER_TAYLOR,CARNIVINE,28,,,50,9,5,1
TRAINER_RANGER_TAYLOR,LUXIO,30,,,50,9,5,2
TRAINER_RANGER_TAYLOR_REMATCH_1,CARNIVINE,34,,,50,9,5,1
TRAINER_RANGER_TAYLOR_REMATCH_1,LUXRAY,36,,,50,9,5,2
TRAINER_RANGER_TAYLOR_REMATCH_2,CARNIVINE,44,,,50,9,5,1
TRAINER_RANGER_TAYLOR_REMATCH_2,LUXRAY,46,,,50,9,5,2
TRAINER_RANGER_TAYLOR_REMATCH_3,CARNIVINE,60,,,50,9,5,1
TRAINER_RANGER_TAYLOR_REMATCH_3,LUXRAY,62,,,50,9,5,2
TRAINER_RANGER_TAYLOR_REMATCH_3,DEWGONG,58,,,50,9,5,3
TRAINER_REPORTER_KINSEY,SHINX,22,,,0,9,5,1
TRAINER_REPORTER_KINSEY,DRIFLOON,22,,,0,9,5,2
TRAINER_REPORTER_KINSEY_REMATCH_1,DRIFLOON,33,,,0,9,5,1
TRAINER_REPORTER_KINSEY_REMATCH_1,LUXIO,33,,,0,9,5,2
TRAINER_REPORTER_KINSEY_REMATCH_2,DRIFBLIM,45,,,0,9,5,1
TRAINER_REPORTER_KINSEY_REMATCH_2,LUXRAY,45,,,0,9,5,2
TRAINER_REPORTER_KINSEY_REMATCH_3,DRIFBLIM,51,,,0,9,5,1
TRAINER_REPORTER_KINSEY_REMATCH_3,LUXRAY,51,,,0,9,5,2
TRAINER_REPORTER_KINSEY_REMATCH_4,DRIFBLIM,57,,,0,9,5,1
TRAINER_REPORTER_KINSEY_REMATCH_4,LUXRAY,57,,,0,9,5,2
TRAINER_REPORTER_KINSEY_UNUSED,SHINX,6,,,0,9,5,1
TRAINER_REPORTER_VALERIE,KIRLIA,26,,,0,9,5,1
TRAINER_RICH_BOY_JASON,PRINPLUP,27,,,0,9,5,1
TRAINER_RICH_BOY_LIAM,BLISSEY,35,,ITEM_RARE_CANDY,250,9,5,1
TRAINER_RICH_BOY_ROMAN,LICKITUNG,26,,,0,9,5,1
TRAINER_RICH_BOY_TREY,LUXRAY,45,,,0,9,5,1
TRAINER_RICH_BOY_TREY_REMATCH_1,LUXRAY,54,,,0,9,5,1
TRAINER_RICH_BOY_TREY_REMATCH_2,LUXRAY,61,,,0,9,5,1
TRAINER_RILEY_BATTLEGROUND,ABSOL,61,"PSYCHO_CUT,NIGHT_SLASH,SWORDS_DANCE,QUICK_ATTACK",ITEM_NONE,200,9,5,1
TRAINER_RILEY_BATTLEGROUND,URSARING,61,"AVALANCHE,SLASH,AERIAL_ACE,SHADOW_CLAW",ITEM_NONE,200,9,5,2
TRAINER_RILEY_BATTLEGROUND,METAGROSS,62,"METEOR_MASH,ZEN_HEADBUTT,HAMMER_ARM,BULLET_PUNCH",ITEM_NONE,200,9,5,3
TRAINER_RILEY_BATTLEGROUND,SALAMENCE,63,"DRAGON_CLAW,CRUNCH,FIRE_FANG,THUNDER_FANG",ITEM_NONE,200,9,5,4
TRAINER_RILEY_BATTLEGROUND,LUCARIO,65,"EXTREME_SPEED,CLOSE_COMBAT,BONE_RUSH,BLAZE_KICK",ITEM_SITRUS_BERRY,200,9,5,5
TRAINER_RILEY_IRON_ISLAND,LUCARIO,41,"METAL_CLAW,FORCE_PALM,QUICK_ATTACK,BONE_RUSH",,30,9,5,1
TRAINER_RIVAL_CANALAVE_CITY_CHIMCHAR,STARAPTOR,36,"AERIAL_ACE,TAKE_DOWN,QUICK_ATTACK,DOUBLE_TEAM",,100,9,5,1
TRAINER_RIVAL_CANALAVE_CITY_CHIMCHAR,ROSERADE,35,"GIGA_DRAIN,TOXIC_SPIKES,LEECH_SEED,GRASS_WHISTLE",,100,9,5,2
TRAINER_RIVAL_CANALAVE_CITY_CHIMCHAR,HERACROSS,37,"BRICK_BREAK,AERIAL_ACE,NIGHT_SLASH,HORN_ATTACK",,100,9,5,3
TRAINER_RIVAL_CANALAVE_CITY_CHIMCHAR,RAPIDASH,35,"FIRE_SPIN,TAKE_DOWN,STOMP,TAIL_WHIP",,100,9,5,4
TRAINER_RIVAL_CANALAVE_CITY_CHIMCHAR,EMPOLEON,38,"BUBBLE_BEAM,AERIAL_ACE,METAL_CLAW,FURY_ATTACK",,100,9,5,5
TRAINER_RIVAL_CANALAVE_CITY_PIPLUP,STARAPTOR,36,"AERIAL_ACE,TAKE_DOWN,QUICK_ATTACK,DOUBLE_TEAM",,100,9,5,1
TRAINER_RIVAL_CANALAVE_CITY_PIPLUP,FLOATZEL,35,"AQUA_JET,PURSUIT,QUICK_ATTACK,SWIFT",,100,9,5,2
TRAINER_RIVAL_CANALAVE_CITY_PIPLUP,HERACROSS,37,"BRICK_BREAK,AERIAL_ACE,NIGHT_SLASH,HORN_ATTACK",,100,9,5,3
TRAINER_RIVAL_CANALAVE_CITY_PIPLUP,RAPIDASH,35,"FIRE_SPIN,TAKE_DOWN,STOMP,TAIL_WHIP",,100,9,5,4
TRAINER_RIVAL_CANALAVE_CITY_PIPLUP,TORTERRA,38,"RAZOR_LEAF,BITE,MEGA_DRAIN,LEECH_SEED",,100,9,5,5
TRAINER_RIVAL_CANALAVE_CITY_TURTWIG,STARAPTOR,36,"AERIAL_ACE,TAKE_DOWN,QUICK_ATTACK,DOUBLE_TEAM",,100,9,5,1
TRAINER_RIVAL_CANALAVE_CITY_TURTWIG,FLOATZEL,35,"AQUA_JET,PURSUIT,QUICK_ATTACK,SWIFT",,100,9,5,2
TRAINER_RIVAL_CANALAVE_CITY_TURTWIG,HERACROSS,37,"BRICK_BREAK,AERIAL_ACE,NIGHT_SLASH,HORN_ATTACK",,100,9,5,3
TRAINER_RIVAL_CANALAVE_CITY_TURTWIG,ROSERADE,35,"GIGA_DRAIN,TOXIC_SPIKES,LEECH_SEED,GRASS_WHISTLE",,100,9,5,4
TRAINER_RIVAL_CANALAVE_CITY_TURTWIG,INFERNAPE,38,"BRICK_BREAK,FLAME_WHEEL,MACH_PUNCH,AERIAL_ACE",,100,9,5,5
TRAINER_RIVAL_FIGHT_AREA_CHIMCHAR,STARAPTOR,53,"CLOSE_COMBAT,AERIAL_ACE,STEEL_WING,U_TURN",,200,9,5,1
TRAINER_RIVAL_FIGHT_AREA_CHIMCHAR,ROSERADE,52,"POISON_JAB,GIGA_DRAIN,SHADOW_BALL,GRASS_WHISTLE",,200,9,5,2
TRAINER_RIVAL_FIGHT_AREA_CHIMCHAR,HERACROSS,53,"CLOSE_COMBAT,ROCK_SLIDE,NIGHT_SLASH,AERIAL_ACE",,200,9,5,3
TRAINER_RIVAL_FIGHT_AREA_CHIMCHAR,RAPIDASH,52,"FIRE_BLAST,SUNNY_DAY,BOUNCE,WILL_O_WISP",,200,9,5,4
TRAINER_RIVAL_FIGHT_AREA_CHIMCHAR,SNORLAX,54,"BODY_SLAM,CRUNCH,EARTHQUAKE,REST",,200,9,5,5
TRAINER_RIVAL_FIGHT_AREA_CHIMCHAR,EMPOLEON,56,"BRINE,AERIAL_ACE,METAL_CLAW,SHADOW_CLAW",,200,9,5,6
TRAINER_RIVAL_FIGHT_AREA_PIPLUP,STARAPTOR,53,"CLOSE_COMBAT,AERIAL_ACE,STEEL_WING,U_TURN",,200,9,5,1
TRAINER_RIVAL_FIGHT_AREA_PIPLUP,FLOATZEL,52,"AQUA_JET,CRUNCH,ICE_FANG,BRICK_BREAK",,200,9,5,2
TRAINER_RIVAL_FIGHT_AREA_PIPLUP,HERACROSS,53,"CLOSE_COMBAT,ROCK_SLIDE,NIGHT_SLASH,AERIAL_ACE",,200,9,5,3
TRAINER_RIVAL_FIGHT_AREA_PIPLUP,RAPIDASH,52,"FIRE_BLAST,SUNNY_DAY,BOUNCE,WILL_O_WISP",,200,9,5,4
TRAINER_RIVAL_FIGHT_AREA_PIPLUP,SNORLAX,54,"BODY_SLAM,CRUNCH,EARTHQUAKE,REST",,200,9,5,5
TRAINER_RIVAL_FIGHT_AREA_PIPLUP,TORTERRA,56,"LEAF_STORM,EARTHQUAKE,CRUNCH,SYNTHESIS",,200,9,5,6
TRAINER_RIVAL_FIGHT_AREA_TURTWIG,STARAPTOR,53,"CLOSE_COMBAT,AERIAL_ACE,STEEL_WING,U_TURN",,200,9,5,1
TRAINER_RIVAL_FIGHT_AREA_TURTWIG,FLOATZEL,52,"AQUA_JET,CRUNCH,ICE_FANG,BRICK_BREAK",,200,9,5,2
TRAINER_RIVAL_FIGHT_AREA_TURTWIG,HERACROSS,53,"CLOSE_COMBAT,ROCK_SLIDE,NIGHT_SLASH,AERIAL_ACE",,200,9,5,3
TRAINER_RIVAL_FIGHT_AREA_TURTWIG,ROSERADE,52,"POISON_JAB,GIGA_DRAIN,SHADOW_BALL,GRASS_WHISTLE",,200,9,5,4
TRAINER_RIVAL_FIGHT_AREA_TURTWIG,SNORLAX,54,"BODY_SLAM,CRUNCH,EARTHQUAKE,REST",,200,9,5,5
TRAINER_RIVAL_FIGHT_AREA_TURTWIG,INFERNAPE,56,"FLAMETHROWER,FOCUS_BLAST,SHADOW_CLAW,AERIAL_ACE",,200,9,5,6
TRAINER_RIVAL_PASTORIA_CITY_CHIMCHAR,STARAVIA,34,"WING_ATTACK,QUICK_ATTACK,ENDEAVOR,DOUBLE_TEAM",,80,9,5,1
TRAINER_RIVAL_PASTORIA_CITY_CHIMCHAR,ROSELIA,32,"MEGA_DRAIN,POISON_STING,LEECH_SEED,MAGICAL_LEAF",,80,9,5,2
TRAINER_RIVAL_PASTORIA_CITY_CHIMCHAR,PONYTA,32,"EMBER,STOMP,TAIL_WHIP,GROWL",,80,9,5,3
TRAINER_RIVAL_PASTORIA_CITY_CHIMCHAR,PRINPLUP,36,"BUBBLE_BEAM,PECK,METAL_CLAW,GROWL",,80,9,5,4
TRAINER_RIVAL_PASTORIA_CITY_PIPLUP,STARAVIA,34,"WING_ATTACK,QUICK_ATTACK,ENDEAVOR,DOUBLE_TEAM",,80,9,5,1
TRAINER_RIVAL_PASTORIA_CITY_PIPLUP,BUIZEL,32,"AQUA_JET,QUICK_ATTACK,PURSUIT,GROWL",,80,9,5,2
TRAINER_RIVAL_PASTORIA_CITY_PIPLUP,PONYTA,32,"EMBER,STOMP,TAIL_WHIP,GROWL",,80,9,5,3
TRAINER_RIVAL_PASTORIA_CITY_PIPLUP,GROTLE,36,"RAZOR_LEAF,BITE,MEGA_DRAIN,WITHDRAW",,80,9,5,4
TRAINER_RIVAL_PASTORIA_CITY_TURTWIG,STARAVIA,34,"WING_ATTACK,QUICK_ATTACK,ENDEAVOR,DOUBLE_TEAM",,80,9,5,1
TRAINER_RIVAL_PASTORIA_CITY_TURTWIG,BUIZEL,32,"AQUA_JET,QUICK_ATTACK,PURSUIT,GROWL",,80,9,5,2
TRAINER_RIVAL_PASTORIA_CITY_TURTWIG,ROSELIA,32,"MEGA_DRAIN,POISON_STING,LEECH_SEED,MAGICAL_LEAF",,80,9,5,3
TRAINER_RIVAL_PASTORIA_CITY_TURTWIG,MONFERNO,36,"FLAME_WHEEL,MACH_PUNCH,FURY_SWIPES,LEER",,80,9,5,4
TRAINER_RIVAL_POKEMON_LEAGUE_CHIMCHAR,STARAPTOR,48,"CLOSE_COMBAT,AERIAL_ACE,STEEL_WING,U_TURN",,200,9,5,1
TRAINER_RIVAL_POKEMON_LEAGUE_CHIMCHAR,ROSERADE,47,"POISON_JAB,GIGA_DRAIN,SHADOW_BALL,GRASS_WHISTLE",,200,9,5,2
TRAINER_RIVAL_POKEMON_LEAGUE_CHIMCHAR,HERACROSS,48,"CLOSE_COMBAT,ROCK_SLIDE,NIGHT_SLASH,AERIAL_ACE",,200,9,5,3
TRAINER_RIVAL_POKEMON_LEAGUE_CHIMCHAR,RAPIDASH,47,"FIRE_BLAST,SUNNY_DAY,BOUNCE,WILL_O_WISP",,200,9,5,4
TRAINER_RIVAL_POKEMON_LEAGUE_CHIMCHAR,SNORLAX,49,"BODY_SLAM,CRUNCH,EARTHQUAKE,REST",,200,9,5,5
TRAINER_RIVAL_POKEMON_LEAGUE_CHIMCHAR,EMPOLEON,51,"BRINE,AERIAL_ACE,METAL_CLAW,SHADOW_CLAW",,200,9,5,6
TRAINER_RIVAL_POKEMON_LEAGUE_PIPLUP,STARAPTOR,48,"CLOSE_COMBAT,AERIAL_ACE,STEEL_WING,U_TURN",,200,9,5,1
TRAINER_RIVAL_POKEMON_LEAGUE_PIPLUP,FLOATZEL,47,"AQUA_JET,CRUNCH,ICE_FANG,BRICK_BREAK",,200,9,5,2
TRAINER_RIVAL_POKEMON_LEAGUE_PIPLUP,HERACROSS,48,"CLOSE_COMBAT,ROCK_SLIDE,NIGHT_SLASH,AERIAL_ACE",,200,9,5,3
TRAINER_RIVAL_POKEMON_LEAGUE_PIPLUP,RAPIDASH,47,"FIRE_BLAST,SUNNY_DAY,BOUNCE,WILL_O_WISP",,200,9,5,4
TRAINER_RIVAL_POKEMON_LEAGUE_PIPLUP,SNORLAX,49,"BODY_SLAM,CRUNCH,EARTHQUAKE,REST",,200,9,5,5
TRAINER_RIVAL_POKEMON_LEAGUE_PIPLUP,TORTERRA,51,"LEAF_STORM,EARTHQUAKE,CRUNCH,SYNTHESIS",,200,9,5,6
TRAINER_RIVAL_POKEMON_LEAGUE_TURTWIG,STARAPTOR,48,"CLOSE_COMBAT,AERIAL_ACE,STEEL_WING,U_TURN",,200,9,5,1
TRAINER_RIVAL_POKEMON_LEAGUE_TURTWIG,FLOATZEL,47,"AQUA_JET,CRUNCH,ICE_FANG,BRICK_BREAK",,200,9,5,2
TRAINER_RIVAL_POKEMON_LEAGUE_TURTWIG,HERACROSS,48,"CLOSE_COMBAT,ROCK_SLIDE,NIGHT_SLASH,AERIAL_ACE",,200,9,5,3
TRAINER_RIVAL_POKEMON_LEAGUE_TURTWIG,ROSERADE,47,"POISON_JAB,GIGA_DRAIN,SHADOW_BALL,GRASS_WHISTLE",,200,9,5,4
TRAINER_RIVAL_POKEMON_LEAGUE_TURTWIG,SNORLAX,49,"BODY_SLAM,CRUNCH,EARTHQUAKE,REST",,200,9,5,5
TRAINER_RIVAL_POKEMON_LEAGUE_TURTWIG,INFERNAPE,51,"FLAMETHROWER,FOCUS_BLAST,SHADOW_CLAW,AERIAL_ACE",,200,9,5,6
TRAINER_RIVAL_ROUTE_201_CHIMCHAR,PIPLUP,5,,,0,9,5,1
TRAINER_RIVAL_ROUTE_201_PIPLUP,TURTWIG,5,,,0,9,5,1
TRAINER_RIVAL_ROUTE_201_TURTWIG,CHIMCHAR,5,,,0,9,5,1
TRAINER_RIVAL_ROUTE_203_CHIMCHAR,STARLY,7,"QUICK_ATTACK,GROWL",,30,9,5,1
TRAINER_RIVAL_ROUTE_203_CHIMCHAR,PIPLUP,9,"POUND,GROWL",,30,9,5,2
TRAINER_RIVAL_ROUTE_203_PIPLUP,STARLY,7,"QUICK_ATTACK,GROWL",,30,9,5,1
TRAINER_RIVAL_ROUTE_203_PIPLUP,TURTWIG,9,"TACKLE,WITHDRAW",,30,9,5,2
TRAINER_RIVAL_ROUTE_203_TURTWIG,STARLY,7,"QUICK_ATTACK,GROWL",,30,9,5,1
TRAINER_RIVAL_ROUTE_203_TURTWIG,CHIMCHAR,9,"SCRATCH,LEER",,30,9,5,2
TRAINER_RIVAL_ROUTE_209_CHIMCHAR,STARAVIA,25,"WING_ATTACK,QUICK_ATTACK,ENDEAVOR,DOUBLE_TEAM",,50,9,5,1
TRAINER_RIVAL_ROUTE_209_CHIMCHAR,ROSELIA,23,"MEGA_DRAIN,POISON_STING,LEECH_SEED,STUN_SPORE",,50,9,5,2
TRAINER_RIVAL_ROUTE_209_CHIMCHAR,PONYTA,23,"EMBER,TACKLE,TAIL_WHIP,GROWL",,50,9,5,3
TRAINER_RIVAL_ROUTE_209_CHIMCHAR,PRINPLUP,27,"BUBBLE_BEAM,PECK,METAL_CLAW,GROWL",,50,9,5,4
TRAINER_RIVAL_ROUTE_209_PIPLUP,STARAVIA,25,"WING_ATTACK,QUICK_ATTACK,ENDEAVOR,DOUBLE_TEAM",,50,9,5,1
TRAINER_RIVAL_ROUTE_209_PIPLUP,BUIZEL,23,"WATER_GUN,QUICK_ATTACK,PURSUIT,GROWL",,50,9,5,2
TRAINER_RIVAL_ROUTE_209_PIPLUP,PONYTA,23,"EMBER,TACKLE,TAIL_WHIP,GROWL",,50,9,5,3
TRAINER_RIVAL_ROUTE_209_PIPLUP,GROTLE,27,"RAZOR_LEAF,TACKLE,ABSORB,WITHDRAW",,50,9,5,4
TRAINER_RIVAL_ROUTE_209_TURTWIG,STARAVIA,25,"WING_ATTACK,QUICK_ATTACK,ENDEAVOR,DOUBLE_TEAM",,50,9,5,1
TRAINER_RIVAL_ROUTE_209_TURTWIG,BUIZEL,23,"WATER_GUN,QUICK_ATTACK,PURSUIT,GROWL",,50,9,5,2
TRAINER_RIVAL_ROUTE_209_TURTWIG,ROSELIA,23,"MEGA_DRAIN,POISON_STING,LEECH_SEED,STUN_SPORE",,50,9,5,3
TRAINER_RIVAL_ROUTE_209_TURTWIG,MONFERNO,27,"FLAME_WHEEL,MACH_PUNCH,FURY_SWIPES,LEER",,50,9,5,4
TRAINER_RIVAL_SPEAR_PILLAR_CHIMCHAR,MUNCHLAX,40,"BODY_SLAM,STOCKPILE,SWALLOW,SCREECH",,200,9,5,1
TRAINER_RIVAL_SPEAR_PILLAR_CHIMCHAR,STARAPTOR,42,"CLOSE_COMBAT,AERIAL_ACE,TAKE_DOWN,QUICK_ATTACK",,200,9,5,2
TRAINER_RIVAL_SPEAR_PILLAR_CHIMCHAR,ROSERADE,40,"GIGA_DRAIN,TOXIC,INGRAIN,GRASS_WHISTLE",,200,9,5,3
TRAINER_RIVAL_SPEAR_PILLAR_CHIMCHAR,HERACROSS,42,"CLOSE_COMBAT,BRICK_BREAK,NIGHT_SLASH,AERIAL_ACE",,200,9,5,4
TRAINER_RIVAL_SPEAR_PILLAR_CHIMCHAR,RAPIDASH,40,"FIRE_BLAST,WILL_O_WISP,STOMP,TAKE_DOWN",,200,9,5,5
TRAINER_RIVAL_SPEAR_PILLAR_CHIMCHAR,EMPOLEON,44,"AQUA_JET,AERIAL_ACE,METAL_CLAW,SWAGGER",,200,9,5,6
TRAINER_RIVAL_SPEAR_PILLAR_PIPLUP,MUNCHLAX,40,"BODY_SLAM,STOCKPILE,SWALLOW,SCREECH",,200,9,5,1
TRAINER_RIVAL_SPEAR_PILLAR_PIPLUP,STARAPTOR,42,"CLOSE_COMBAT,AERIAL_ACE,TAKE_DOWN,QUICK_ATTACK",,200,9,5,2
TRAINER_RIVAL_SPEAR_PILLAR_PIPLUP,FLOATZEL,40,"AQUA_JET,PURSUIT,BRICK_BREAK,IRON_TAIL",,200,9,5,3
TRAINER_RIVAL_SPEAR_PILLAR_PIPLUP,HERACROSS,42,"CLOSE_COMBAT,BRICK_BREAK,NIGHT_SLASH,AERIAL_ACE",,200,9,5,4
TRAINER_RIVAL_SPEAR_PILLAR_PIPLUP,RAPIDASH,40,"FIRE_BLAST,WILL_O_WISP,STOMP,TAKE_DOWN",,200,9,5,5
TRAINER_RIVAL_SPEAR_PILLAR_PIPLUP,TORTERRA,44,"GIGA_DRAIN,BITE,LEECH_SEED,SYNTHESIS",,200,9,5,6
TRAINER_RIVAL_SPEAR_PILLAR_TURTWIG,MUNCHLAX,40,"BODY_SLAM,STOCKPILE,SWALLOW,SCREECH",,200,9,5,1
TRAINER_RIVAL_SPEAR_PILLAR_TURTWIG,STARAPTOR,42,"CLOSE_COMBAT,AERIAL_ACE,TAKE_DOWN,QUICK_ATTACK",,200,9,5,2
TRAINER_RIVAL_SPEAR_PILLAR_TURTWIG,FLOATZEL,40,"AQUA_JET,PURSUIT,BRICK_BREAK,IRON_TAIL",,200,9,5,3
TRAINER_RIVAL_SPEAR_PILLAR_TURTWIG,HERACROSS,42,"CLOSE_COMBAT,BRICK_BREAK,NIGHT_SLASH,AERIAL_ACE",,200,9,5,4
TRAINER_RIVAL_SPEAR_PILLAR_TURTWIG,ROSERADE,40,"GIGA_DRAIN,TOXIC,INGRAIN,GRASS_WHISTLE",,200,9,5,5
TRAINER_RIVAL_SPEAR_PILLAR_TURTWIG,INFERNAPE,44,"CLOSE_COMBAT,PUNISHMENT,FLAME_WHEEL,WILL_O_WISP",,200,9,5,6
TRAINER_RIVAL_SURVIVAL_AREA_1_CHIMCHAR,STARAPTOR,61,"CLOSE_COMBAT,AERIAL_ACE,STEEL_WING,U_TURN",ITEM_NONE,250,9,5,1
TRAINER_RIVAL_SURVIVAL_AREA_1_CHIMCHAR,ROSERADE,59,"POISON_JAB,GIGA_DRAIN,SHADOW_BALL,GRASS_WHISTLE",ITEM_NONE,250,9,5,2
TRAINER_RIVAL_SURVIVAL_AREA_1_CHIMCHAR,HERACROSS,61,"MEGAHORN,CLOSE_COMBAT,NIGHT_SLASH,ROCK_SLIDE",ITEM_NONE,250,9,5,3
TRAINER_RIVAL_SURVIVAL_AREA_1_CHIMCHAR,RAPIDASH,59,"FIRE_BLAST,SUNNY_DAY,BOUNCE,WILL_O_WISP",ITEM_NONE,250,9,5,4
TRAINER_RIVAL_SURVIVAL_AREA_1_CHIMCHAR,SNORLAX,63,"BODY_SLAM,CRUNCH,EARTHQUAKE,REST",ITEM_NONE,250,9,5,5
TRAINER_RIVAL_SURVIVAL_AREA_1_CHIMCHAR,EMPOLEON,65,"HYDRO_PUMP,METAL_CLAW,DRILL_PECK,SHADOW_CLAW",ITEM_SITRUS_BERRY,250,9,5,6
TRAINER_RIVAL_SURVIVAL_AREA_1_PIPLUP,STARAPTOR,61,"CLOSE_COMBAT,AERIAL_ACE,STEEL_WING,U_TURN",ITEM_NONE,250,9,5,1
TRAINER_RIVAL_SURVIVAL_AREA_1_PIPLUP,FLOATZEL,59,"AQUA_JET,CRUNCH,ICE_FANG,BRICK_BREAK",ITEM_NONE,250,9,5,2
TRAINER_RIVAL_SURVIVAL_AREA_1_PIPLUP,HERACROSS,61,"MEGAHORN,CLOSE_COMBAT,NIGHT_SLASH,ROCK_SLIDE",ITEM_NONE,250,9,5,3
TRAINER_RIVAL_SURVIVAL_AREA_1_PIPLUP,RAPIDASH,59,"FIRE_BLAST,SUNNY_DAY,BOUNCE,WILL_O_WISP",ITEM_NONE,250,9,5,4
TRAINER_RIVAL_SURVIVAL_AREA_1_PIPLUP,SNORLAX,63,"BODY_SLAM,CRUNCH,EARTHQUAKE,REST",ITEM_NONE,250,9,5,5
TRAINER_RIVAL_SURVIVAL_AREA_1_PIPLUP,TORTERRA,65,"LEAF_STORM,EARTHQUAKE,CRUNCH,LEECH_SEED",ITEM_SITRUS_BERRY,250,9,5,6
TRAINER_RIVAL_SURVIVAL_AREA_1_TURTWIG,STARAPTOR,61,"CLOSE_COMBAT,AERIAL_ACE,STEEL_WING,U_TURN",ITEM_NONE,250,9,5,1
TRAINER_RIVAL_SURVIVAL_AREA_1_TURTWIG,FLOATZEL,59,"AQUA_JET,CRUNCH,ICE_FANG,BRICK_BREAK",ITEM_NONE,250,9,5,2
TRAINER_RIVAL_SURVIVAL_AREA_1_TURTWIG,HERACROSS,61,"MEGAHORN,CLOSE_COMBAT,NIGHT_SLASH,ROCK_SLIDE",ITEM_NONE,250,9,5,3
TRAINER_RIVAL_SURVIVAL_AREA_1_TURTWIG,ROSERADE,59,"POISON_JAB,GIGA_DRAIN,SHADOW_BALL,GRASS_WHISTLE",ITEM_NONE,250,9,5,4
TRAINER_RIVAL_SURVIVAL_AREA_1_TURTWIG,SNORLAX,63,"BODY_SLAM,CRUNCH,EARTHQUAKE,REST",ITEM_NONE,250,9,5,5
TRAINER_RIVAL_SURVIVAL_AREA_1_TURTWIG,INFERNAPE,65,"FLAMETHROWER,FOCUS_BLAST,SHADOW_CLAW,AERIAL_ACE",ITEM_SITRUS_BERRY,250,9,5,6
TRAINER_RIVAL_SURVIVAL_AREA_2_CHIMCHAR,STARAPTOR,81,"CLOSE_COMBAT,BRAVE_BIRD,QUICK_ATTACK,U_TURN",ITEM_NONE,250,9,5,1
TRAINER_RIVAL_SURVIVAL_AREA_2_CHIMCHAR,ROSERADE,79,"SLUDGE_BOMB,GIGA_DRAIN,SHADOW_BALL,GRASS_WHISTLE",ITEM_NONE,250,9,5,2
TRAINER_RIVAL_SURVIVAL_AREA_2_CHIMCHAR,HERACROSS,81,"MEGAHORN,CLOSE_COMBAT,NIGHT_SLASH,STONE_EDGE",ITEM_NONE,250,9,5,3
TRAINER_RIVAL_SURVIVAL_AREA_2_CHIMCHAR,RAPIDASH,79,"FIRE_BLAST,SUNNY_DAY,MEGAHORN,WILL_O_WISP",ITEM_NONE,250,9,5,4
TRAINER_RIVAL_SURVIVAL_AREA_2_CHIMCHAR,SNORLAX,83,"GIGA_IMPACT,CRUNCH,EARTHQUAKE,ZEN_HEADBUTT",ITEM_NONE,250,9,5,5
TRAINER_RIVAL_SURVIVAL_AREA_2_CHIMCHAR,EMPOLEON,85,"HYDRO_PUMP,METAL_CLAW,DRILL_PECK,ICE_BEAM",ITEM_SITRUS_BERRY,250,9,5,6
TRAINER_RIVAL_SURVIVAL_AREA_2_PIPLUP,STARAPTOR,81,"CLOSE_COMBAT,BRAVE_BIRD,QUICK_ATTACK,U_TURN",ITEM_NONE,250,9,5,1
TRAINER_RIVAL_SURVIVAL_AREA_2_PIPLUP,FLOATZEL,79,"AQUA_JET,CRUNCH,ICE_FANG,BRICK_BREAK",ITEM_NONE,250,9,5,2
TRAINER_RIVAL_SURVIVAL_AREA_2_PIPLUP,HERACROSS,81,"MEGAHORN,CLOSE_COMBAT,NIGHT_SLASH,STONE_EDGE",ITEM_NONE,250,9,5,3
TRAINER_RIVAL_SURVIVAL_AREA_2_PIPLUP,RAPIDASH,79,"FIRE_BLAST,SUNNY_DAY,MEGAHORN,WILL_O_WISP",ITEM_NONE,250,9,5,4
TRAINER_RIVAL_SURVIVAL_AREA_2_PIPLUP,SNORLAX,83,"GIGA_IMPACT,CRUNCH,EARTHQUAKE,ZEN_HEADBUTT",ITEM_NONE,250,9,5,5
TRAINER_RIVAL_SURVIVAL_AREA_2_PIPLUP,TORTERRA,85,"LEAF_STORM,EARTHQUAKE,CRUNCH,STONE_EDGE",ITEM_SITRUS_BERRY,250,9,5,6
TRAINER_RIVAL_SURVIVAL_AREA_2_TURTWIG,STARAPTOR,81,"CLOSE_COMBAT,BRAVE_BIRD,QUICK_ATTACK,U_TURN",ITEM_NONE,250,9,5,1
TRAINER_RIVAL_SURVIVAL_AREA_2_TURTWIG,FLOATZEL,79,"AQUA_JET,CRUNCH,ICE_FANG,BRICK_BREAK",ITEM_NONE,250,9,5,2
TRAINER_RIVAL_SURVIVAL_AREA_2_TURTWIG,HERACROSS,81,"MEGAHORN,CLOSE_COMBAT,NIGHT_SLASH,STONE_EDGE",ITEM_NONE,250,9,5,3
TRAINER_RIVAL_SURVIVAL_AREA_2_TURTWIG,ROSERADE,79,"SLUDGE_BOMB,GIGA_DRAIN,SHADOW_BALL,GRASS_WHISTLE",ITEM_NONE,250,9,5,4
TRAINER_RIVAL_SURVIVAL_AREA_2_TURTWIG,SNORLAX,83,"GIGA_IMPACT,CRUNCH,EARTHQUAKE,ZEN_HEADBUTT",ITEM_NONE,250,9,5,5
TRAINER_RIVAL_SURVIVAL_AREA_2_TURTWIG,INFERNAPE,85,"FLARE_BLITZ,FOCUS_BLAST,SHADOW_CLAW,AERIAL_ACE",ITEM_SITRUS_BERRY,250,9,5,6
TRAINER_RIVAL_SURVIVAL_AREA_UNUSED_CHIMCHAR,STARAPTOR,71,"CLOSE_COMBAT,AERIAL_ACE,QUICK_ATTACK,U_TURN",ITEM_NONE,250,9,5,1
TRAINER_RIVAL_SURVIVAL_AREA_UNUSED_CHIMCHAR,ROSERADE,69,"SLUDGE_BOMB,GIGA_DRAIN,SHADOW_BALL,GRASS_WHISTLE",ITEM_NONE,250,9,5,2
TRAINER_RIVAL_SURVIVAL_AREA_UNUSED_CHIMCHAR,HERACROSS,71,"MEGAHORN,CLOSE_COMBAT,NIGHT_SLASH,ROCK_SLIDE",ITEM_NONE,250,9,5,3
TRAINER_RIVAL_SURVIVAL_AREA_UNUSED_CHIMCHAR,RAPIDASH,69,"FIRE_BLAST,SUNNY_DAY,MEGAHORN,WILL_O_WISP",ITEM_NONE,250,9,5,4
TRAINER_RIVAL_SURVIVAL_AREA_UNUSED_CHIMCHAR,SNORLAX,73,"BODY_SLAM,CRUNCH,EARTHQUAKE,ZEN_HEADBUTT",ITEM_NONE,250,9,5,5
TRAINER_RIVAL_SURVIVAL_AREA_UNUSED_CHIMCHAR,EMPOLEON,75,"HYDRO_PUMP,METAL_CLAW,DRILL_PECK,ICE_BEAM",ITEM_SITRUS_BERRY,250,9,5,6
TRAINER_RIVAL_SURVIVAL_AREA_UNUSED_PIPLUP,STARAPTOR,71,"CLOSE_COMBAT,AERIAL_ACE,QUICK_ATTACK,U_TURN",ITEM_NONE,250,9,5,1
TRAINER_RIVAL_SURVIVAL_AREA_UNUSED_PIPLUP,FLOATZEL,69,"AQUA_JET,CRUNCH,ICE_FANG,BRICK_BREAK",ITEM_NONE,250,9,5,2
TRAINER_RIVAL_SURVIVAL_AREA_UNUSED_PIPLUP,HERACROSS,71,"MEGAHORN,CLOSE_COMBAT,NIGHT_SLASH,ROCK_SLIDE",ITEM_NONE,250,9,5,3
TRAINER_RIVAL_SURVIVAL_AREA_UNUSED_PIPLUP,RAPIDASH,69,"FIRE_BLAST,SUNNY_DAY,MEGAHORN,WILL_O_WISP",ITEM_NONE,250,9,5,4
TRAINER_RIVAL_SURVIVAL_AREA_UNUSED_PIPLUP,SNORLAX,73,"BODY_SLAM,CRUNCH,EARTHQUAKE,ZEN_HEADBUTT",ITEM_NONE,250,9,5,5
TRAINER_RIVAL_SURVIVAL_AREA_UNUSED_PIPLUP,TORTERRA,75,"LEAF_STORM,EARTHQUAKE,CRUNCH,STONE_EDGE",ITEM_SITRUS_BERRY,250,9,5,6
TRAINER_RIVAL_SURVIVAL_AREA_UNUSED_TURTWIG,STARAPTOR,71,"CLOSE_COMBAT,AERIAL_ACE,QUICK_ATTACK,U_TURN",ITEM_NONE,250,9,5,1
TRAINER_RIVAL_SURVIVAL_AREA_UNUSED_TURTWIG,FLOATZEL,69,"AQUA_JET,CRUNCH,ICE_FANG,BRICK_BREAK",ITEM_NONE,250,9,5,2
TRAINER_RIVAL_SURVIVAL_AREA_UNUSED_TURTWIG,HERACROSS,71,"MEGAHORN,CLOSE_COMBAT,NIGHT_SLASH,ROCK_SLIDE",ITEM_NONE,250,9,5,3
TRAINER_RIVAL_SURVIVAL_AREA_UNUSED_TURTWIG,ROSERADE,69,"SLUDGE_BOMB,GIGA_DRAIN,SHADOW_BALL,GRASS_WHISTLE",ITEM_NONE,250,9,5,4
TRAINER_RIVAL_SURVIVAL_AREA_UNUSED_TURTWIG,SNORLAX,73,"BODY_SLAM,CRUNCH,EARTHQUAKE,ZEN_HEADBUTT",ITEM_NONE,250,9,5,5
TRAINER_RIVAL_SURVIVAL_AREA_UNUSED_TURTWIG,INFERNAPE,75,"FLARE_BLITZ,FOCUS_BLAST,SHADOW_CLAW,AERIAL_ACE",ITEM_SITRUS_BERRY,250,9,5,6
TRAINER_ROUGHNECK_KIRBY,CLEFFA,23,,,0,9,5,1
TRAINER_RUIN_MANIAC_BRYAN,BRONZOR,24,,,0,9,5,1
TRAINER_RUIN_MANIAC_BRYAN,CRANIDOS,26,,,0,9,5,2
TRAINER_RUIN_MANIAC_CALVIN,BRONZOR,23,,,0,9,5,1
TRAINER_RUIN_MANIAC_CALVIN,SHIELDON,23,,,0,9,5,2
TRAINER_RUIN_MANIAC_GERALD,GEODUDE,19,,,0,9,5,1
TRAINER_RUIN_MANIAC_GERALD,BRONZOR,21,,,0,9,5,2
TRAINER_RUIN_MANIAC_HARRY,BRONZOR,28,,,0,9,5,1
TRAINER_RUIN_MANIAC_HARRY,BRONZOR,30,,,0,9,5,2
TRAINER_RUIN_MANIAC_HARRY,BRONZOR,32,,,0,9,5,3
TRAINER_RUIN_MANIAC_HARRY_REMATCH_1,BRONZOR,44,,,0,9,5,1
TRAINER_RUIN_MANIAC_HARRY_REMATCH_1,SHIELDON,41,,,0,9,5,2
TRAINER_RUIN_MANIAC_HARRY_REMATCH_1,CRANIDOS,41,,,0,9,5,3
TRAINER_RUIN_MANIAC_HARRY_REMATCH_2,BASTIODON,50,,,0,9,5,1
TRAINER_RUIN_MANIAC_HARRY_REMATCH_2,RAMPARDOS,50,,,0,9,5,2
TRAINER_RUIN_MANIAC_HARRY_REMATCH_2,BRONZONG,53,,,0,9,5,3
TRAINER_RUIN_MANIAC_KARL,GEODUDE,19,,,0,9,5,1
TRAINER_RUIN_MANIAC_KARL,GEODUDE,21,,,0,9,5,2
TRAINER_RUIN_MANIAC_KARL,BRONZOR,23,,,0,9,5,3
TRAINER_RUIN_MANIAC_LARRY,AERODACTYL,57,,,0,9,5,1
TRAINER_RUIN_MANIAC_RONALD,SHIELDON,27,,,0,9,5,1
TRAINER_SAILOR_DAMIAN,WINGULL,31,"WATER_PULSE,WING_ATTACK,QUICK_ATTACK",,10,9,5,1
TRAINER_SAILOR_DAMIAN,PELIPPER,31,"WATER_PULSE,WING_ATTACK,QUICK_ATTACK",,10,9,5,2
TRAINER_SAILOR_LUTHER,WINGULL,41,,,0,9,5,1
TRAINER_SAILOR_LUTHER,MACHOKE,42,,,0,9,5,2
TRAINER_SAILOR_LUTHER,GASTRODON,43,,,0,9,5,3
TRAINER_SAILOR_MARC,MANTYKE,45,,,0,9,5,1
TRAINER_SAILOR_MARC_REMATCH_1,MANTINE,52,,,0,9,5,1
TRAINER_SAILOR_MARC_REMATCH_1,MACHOKE,52,,,0,9,5,2
TRAINER_SAILOR_MARC_REMATCH_2,MANTINE,58,,,0,9,5,1
TRAINER_SAILOR_MARC_REMATCH_2,MACHOKE,58,,,0,9,5,2
TRAINER_SAILOR_MARC_REMATCH_2,LANTURN,58,,,0,9,5,3
TRAINER_SAILOR_PAUL,TENTACOOL,31,,,0,9,5,1
TRAINER_SAILOR_PAUL,PELIPPER,31,,,0,9,5,2
TRAINER_SAILOR_PAUL,MACHOKE,34,,,0,9,5,3
TRAINER_SAILOR_SAMSON,WINGULL,29,"WATER_PULSE,WING_ATTACK,SUPERSONIC",,10,9,5,1
TRAINER_SAILOR_SAMSON,SHELLOS,30,"WATER_PULSE,MUD_BOMB,RAIN_DANCE",,10,9,5,2
TRAINER_SAILOR_SAMSON,GOLDUCK,31,"FURY_SWIPES,CONFUSION,WATER_PULSE",,10,9,5,3
TRAINER_SAILOR_SKYLER,MANTYKE,32,,,0,9,5,1
TRAINER_SAILOR_SKYLER,MACHOKE,34,,,0,9,5,2
TRAINER_SAILOR_ZACHARIAH,PELIPPER,40,,,0,9,5,1
TRAINER_SAILOR_ZACHARIAH,MACHOKE,42,,,0,9,5,2
TRAINER_SAILOR_ZACHARIAH,GASTRODON,44,,,0,9,5,3
TRAINER_SAILOR_ZACHARIAH_REMATCH,PELIPPER,56,,,0,9,5,1
TRAINER_SAILOR_ZACHARIAH_REMATCH,MACHAMP,60,,,0,9,5,2
TRAINER_SAILOR_ZACHARIAH_REMATCH,GASTRODON,58,,,0,9,5,3
TRAINER_SCHOOL_KID_CHANCE,GASTLY,23,"NIGHT_SHADE,SUCKER_PUNCH,CONFUSE_RAY,HYPNOSIS",,10,9,5,1
TRAINER_SCHOOL_KID_CHRISTINE,BIDOOF,6,,,10,9,5,1
TRAINER_SCHOOL_KID_ESTEBAN,QUAGSIRE,26,"MUD_BOMB,SLAM,WATER_GUN,AMNESIA",,0,9,5,1
TRAINER_SCHOOL_KID_FORREST,MAGNETON,47,"THUNDERBOLT,TRI_ATTACK,MIRROR_SHOT",,10,9,5,1
TRAINER_SCHOOL_KID_HARRISON,STARLY,6,QUICK_ATTACK,,10,9,5,1
TRAINER_SCHOOL_KID_MACKENZIE,DRIFLOON,21,"PAYBACK,GUST,ASTONISH,MINIMIZE",,10,9,5,1
TRAINER_SCHOOL_KID_MACKENZIE,DRIFLOON,21,"SPIT_UP,SWALLOW,STOCKPILE",,10,9,5,2
TRAINER_SCHOOL_KID_TIERA,PACHIRISU,47,"LAST_RESORT,SUPER_FANG,DISCHARGE,SWEET_KISS",,10,9,5,1
TRAINER_SCIENTIST_DARRIUS,PORYGON2,42,"PSYCHIC,SIGNAL_BEAM,ICE_BEAM,TRI_ATTACK",,0,9,5,1
TRAINER_SCIENTIST_EMILIO,KADABRA,27,,,0,9,5,1
TRAINER_SCIENTIST_FREDRICK,KIRLIA,40,"PSYCHIC,MAGICAL_LEAF,HYPNOSIS,FUTURE_SIGHT",,0,9,5,1
TRAINER_SCIENTIST_FREDRICK,KADABRA,40,"PSYCHIC,PSYCHO_CUT,THUNDER_WAVE,RECOVER",,0,9,5,2
TRAINER_SCIENTIST_SHAUN,MAGNEMITE,30,"SPARK,MAGNET_BOMB",,0,9,5,1
TRAINER_SCIENTIST_SHAUN,KADABRA,26,"PSYBEAM,DISABLE,KINESIS,THUNDER_PUNCH",,0,9,5,2
TRAINER_SCIENTIST_SHAUN_REMATCH_1,MAGNEMITE,36,,,0,9,5,1
TRAINER_SCIENTIST_SHAUN_REMATCH_1,KADABRA,32,,,0,9,5,2
TRAINER_SCIENTIST_SHAUN_REMATCH_2,MAGNETON,46,,,0,9,5,1
TRAINER_SCIENTIST_SHAUN_REMATCH_2,KADABRA,42,,,0,9,5,2
TRAINER_SCIENTIST_SHAUN_REMATCH_3,MAGNETON,55,,,0,9,5,1
TRAINER_SCIENTIST_SHAUN_REMATCH_3,ALAKAZAM,51,,,0,9,5,2
TRAINER_SCIENTIST_STEFANO,KADABRA,30,"PSYBEAM,DISABLE,KINESIS,ICE_PUNCH",,0,9,5,1
TRAINER_SCIENTIST_TRAVON,KADABRA,20,CONFUSION,,20,9,5,1
TRAINER_SKIER_ANDREA,SNOVER,39,,,0,9,5,1
TRAINER_SKIER_ANDREA_REMATCH_1,ABOMASNOW,45,,,0,9,5,1
TRAINER_SKIER_ANDREA_REMATCH_2,ABOMASNOW,54,,,0,9,5,1
TRAINER_SKIER_BJORN,SWINUB,36,,,0,9,5,1
TRAINER_SKIER_BJORN,SNEASEL,38,,,0,9,5,2
TRAINER_SKIER_BJORN_REMATCH_1,PILOSWINE,43,,,0,9,5,1
TRAINER_SKIER_BJORN_REMATCH_1,SNEASEL,43,,,0,9,5,2
TRAINER_SKIER_BJORN_REMATCH_2,DELIBIRD,56,,,0,9,5,1
TRAINER_SKIER_BJORN_REMATCH_2,WEAVILE,58,,,0,9,5,2
TRAINER_SKIER_BJORN_REMATCH_2,MAMOSWINE,60,,,0,9,5,3
TRAINER_SKIER_BRADLEY,SNORUNT,36,,,0,9,5,1
TRAINER_SKIER_BRADLEY,SWINUB,36,,,0,9,5,2
TRAINER_SKIER_BRADLEY,SNOVER,36,,,0,9,5,3
TRAINER_SKIER_EDWARD,SNEASEL,39,,,0,9,5,1
TRAINER_SKIER_EDWARD_REMATCH_1,SNEASEL,45,,,0,9,5,1
TRAINER_SKIER_EDWARD_REMATCH_2,SNEASEL,54,,,0,9,5,1
TRAINER_SKIER_KAITLYN,SWINUB,36,,,0,9,5,1
TRAINER_SKIER_KAITLYN,SNOVER,38,,,0,9,5,2
TRAINER_SKIER_LEXIE,PILOSWINE,37,,,0,9,5,1
TRAINER_SKIER_LEXIE,GLACEON,37,,,0,9,5,2
TRAINER_SKIER_MADISON,SNORUNT,39,,,0,9,5,1
TRAINER_SKIER_MADISON_REMATCH_1,SNORUNT,45,,,0,9,5,1
TRAINER_SKIER_MADISON_REMATCH_2,FROSLASS,54,,,0,9,5,1
TRAINER_SKIER_SHAWN,SNOVER,35,,,0,9,5,1
TRAINER_SKIER_SHAWN,SNOVER,36,,,0,9,5,2
TRAINER_SKIER_SHAWN,SNOVER,37,,,0,9,5,3
TRAINER_SOCIALITE_REBECCA,PURUGLY,27,,,0,9,5,1
TRAINER_SOCIALITE_REINA,ROSELIA,27,,,0,9,5,1
TRAINER_SOCIALITE_REINA_REMATCH_1,ROSELIA,45,,,0,9,5,1
TRAINER_SOCIALITE_REINA_REMATCH_2,ROSELIA,61,,,0,9,5,1
TRAINER_SWIMMER_ADRIAN,REMORAID,32,,,0,9,5,1
TRAINER_SWIMMER_ADRIAN,TENTACOOL,30,,,0,9,5,2
TRAINER_SWIMMER_ADRIAN,OCTILLERY,34,,,0,9,5,3
TRAINER_SWIMMER_AUBREE,BIBAREL,43,,,0,9,5,1
TRAINER_SWIMMER_AUBREE,AZUMARILL,43,,,0,9,5,2
TRAINER_SWIMMER_CASSANDRA,LUMINEON,44,,,0,9,5,1
TRAINER_SWIMMER_CASSANDRA,PELIPPER,42,,,0,9,5,2
TRAINER_SWIMMER_CLAIRE,FLOATZEL,35,,,0,9,5,1
TRAINER_SWIMMER_COLTON,WINGULL,40,,,0,9,5,1
TRAINER_SWIMMER_COLTON,OCTILLERY,44,,,0,9,5,2
TRAINER_SWIMMER_COLTON,PELIPPER,44,,,0,9,5,3
TRAINER_SWIMMER_CRYSTAL,WINGULL,42,,,0,9,5,1
TRAINER_SWIMMER_CRYSTAL,SEAKING,44,,,0,9,5,2
TRAINER_SWIMMER_CRYSTAL_REMATCH,WAILMER,56,,,0,9,5,1
TRAINER_SWIMMER_CRYSTAL_REMATCH,SEAKING,59,,,0,9,5,2
TRAINER_SWIMMER_CRYSTAL_REMATCH,PELIPPER,59,,,0,9,5,3
TRAINER_SWIMMER_DILLON,REMORAID,33,,,0,9,5,1
TRAINER_SWIMMER_DILLON,FLOATZEL,33,,,0,9,5,2
TRAINER_SWIMMER_ERICA,FINNEON,35,,,0,9,5,1
TRAINER_SWIMMER_ERIK,TENTACRUEL,35,,,0,9,5,1
TRAINER_SWIMMER_EVAN,GOLDUCK,32,,,0,9,5,1
TRAINER_SWIMMER_EVAN,GOLDUCK,34,,,0,9,5,2
TRAINER_SWIMMER_FRANCISCO,TENTACOOL,41,,,0,9,5,1
TRAINER_SWIMMER_FRANCISCO,GOLDUCK,45,,,0,9,5,2
TRAINER_SWIMMER_FRANCISCO_REMATCH,GOLDUCK,52,,,0,9,5,1
TRAINER_SWIMMER_FRANCISCO_REMATCH,RELICANTH,58,,,0,9,5,2
TRAINER_SWIMMER_FRANCISCO_REMATCH,TENTACRUEL,60,,,0,9,5,3
TRAINER_SWIMMER_GABRIELLE,GOLDUCK,45,,,0,9,5,1
TRAINER_SWIMMER_GLENN,OCTILLERY,53,,,0,9,5,1
TRAINER_SWIMMER_GLENN,POLIWHIRL,53,,,0,9,5,2
TRAINER_SWIMMER_GLENN_REMATCH,OCTILLERY,58,,,0,9,5,1
TRAINER_SWIMMER_GLENN_REMATCH,POLITOED,60,,,0,9,5,2
TRAINER_SWIMMER_HALEY,PSYDUCK,31,,,0,9,5,1
TRAINER_SWIMMER_HALEY,AZUMARILL,35,,,0,9,5,2
TRAINER_SWIMMER_JESSICA,GOLDEEN,30,,,0,9,5,1
TRAINER_SWIMMER_JESSICA,GOLDEEN,30,,,0,9,5,2
TRAINER_SWIMMER_JESSICA,GOLDEEN,31,,,0,9,5,3
TRAINER_SWIMMER_JESSICA,SEAKING,33,,,0,9,5,4
TRAINER_SWIMMER_JOANNA,LUVDISC,52,,,0,9,5,1
TRAINER_SWIMMER_JOANNA,LAPRAS,54,,,0,9,5,2
TRAINER_SWIMMER_JOANNA_REMATCH,LUVDISC,57,,,0,9,5,1
TRAINER_SWIMMER_JOANNA_REMATCH,CORSOLA,58,,,0,9,5,2
TRAINER_SWIMMER_JOANNA_REMATCH,LAPRAS,59,,,0,9,5,3
TRAINER_SWIMMER_KATELYN,BUIZEL,32,"AQUA_JET,SONIC_BOOM,QUICK_ATTACK,ATTRACT",,0,9,5,1
TRAINER_SWIMMER_KATELYN,MEDICHAM,32,"CONFUSION,BRICK_BREAK,MEDITATE,LIGHT_SCREEN",,0,9,5,2
TRAINER_SWIMMER_KATELYN,SEAKING,32,"WATER_PULSE,HORN_ATTACK,AQUA_RING,CAPTIVATE",,0,9,5,3
TRAINER_SWIMMER_KURT,KRABBY,51,,,0,9,5,1
TRAINER_SWIMMER_KURT,CORPHISH,51,,,0,9,5,2
TRAINER_SWIMMER_KURT,KINGLER,54,,,0,9,5,3
TRAINER_SWIMMER_LYDIA,MARILL,54,,,0,9,5,1
TRAINER_SWIMMER_LYDIA,SPHEAL,54,,,0,9,5,2
TRAINER_SWIMMER_LYDIA,WAILMER,54,,,0,9,5,3
TRAINER_SWIMMER_MALLORY,SURSKIT,52,,,0,9,5,1
TRAINER_SWIMMER_MALLORY,LOMBRE,54,,,0,9,5,2
TRAINER_SWIMMER_MARY,FINNEON,33,,,0,9,5,1
TRAINER_SWIMMER_MARY,PELIPPER,33,,,0,9,5,2
TRAINER_SWIMMER_MIRANDA,LUMINEON,45,,,0,9,5,1
TRAINER_SWIMMER_MIRANDA_REMATCH,SHELLDER,59,,,0,9,5,1
TRAINER_SWIMMER_MIRANDA_REMATCH,LUMINEON,59,,,0,9,5,2
TRAINER_SWIMMER_OSCAR,MANTYKE,41,,,0,9,5,1
TRAINER_SWIMMER_OSCAR,REMORAID,42,,,0,9,5,2
TRAINER_SWIMMER_OSCAR,MANTINE,43,,,0,9,5,3
TRAINER_SWIMMER_PAIGE,MARILL,41,,,0,9,5,1
TRAINER_SWIMMER_PAIGE,WINGULL,42,,,0,9,5,2
TRAINER_SWIMMER_PAIGE,GOLDUCK,43,,,0,9,5,3
TRAINER_SWIMMER_RICARDO,TENTACRUEL,45,,,0,9,5,1
TRAINER_SWIMMER_SAM,SEALEO,53,,,0,9,5,1
TRAINER_SWIMMER_SAM,GASTRODON,53,,,0,9,5,2
TRAINER_SWIMMER_SHELTIN,GYARADOS,32,,,0,9,5,1
TRAINER_SWIMMER_SHELTIN,GYARADOS,32,,,0,9,5,2
TRAINER_SWIMMER_SHELTIN,GYARADOS,32,,,0,9,5,3
TRAINER_SWIMMER_SOPHIA,DELIBIRD,53,,,0,9,5,1
TRAINER_SWIMMER_SOPHIA,MANTINE,53,,,0,9,5,2
TRAINER_SWIMMER_TROY,GYARADOS,45,,,0,9,5,1
TRAINER_SWIMMER_VANESSA,GOLDUCK,35,,,0,9,5,1
TRAINER_SWIMMER_VINCENT,PELIPPER,33,,,0,9,5,1
TRAINER_SWIMMER_VINCENT,GASTRODON,33,,,0,9,5,2
TRAINER_SWIMMER_WADE,CARVANHA,53,,,0,9,5,1
TRAINER_SWIMMER_WADE,CARVANHA,53,,,0,9,5,2
TRAINER_SWIMMER_WADE,SHARPEDO,56,,,0,9,5,3
TRAINER_SWIMMER_WESLEY,FLOATZEL,43,,,0,9,5,1
TRAINER_SWIMMER_WESLEY,TENTACRUEL,43,,,0,9,5,2
TRAINER_SWIMMER_WESLEY_REMATCH,QWILFISH,57,,,0,9,5,1
TRAINER_SWIMMER_WESLEY_REMATCH,FLOATZEL,57,,,0,9,5,2
TRAINER_SWIMMER_WESLEY_REMATCH,TENTACRUEL,57,,,0,9,5,3
TRAINER_TOWER_TYCOON_PALMER_DUMMY,RATTATA,5,,,0,9,5,1
TRAINER_TUBER_CAITLYN,AZURILL,27,"WATER_GUN,SLAM,CHARM",,10,9,5,1
TRAINER_TUBER_CAITLYN,MARILL,29,"BUBBLE_BEAM,ROLLOUT,DEFENSE_CURL,AQUA_RING",,10,9,5,2
TRAINER_TUBER_CAITLYN,AZUMARILL,31,"BUBBLE_BEAM,DOUBLE_EDGE,ROLLOUT,AQUA_RING",,10,9,5,3
TRAINER_TUBER_CHELSEA,MARILL,28,,,0,9,5,1
TRAINER_TUBER_CHELSEA_REMATCH_1,AZUMARILL,44,,,0,9,5,1
TRAINER_TUBER_CHELSEA_REMATCH_2,AZUMARILL,53,,,0,9,5,1
TRAINER_TUBER_CONNER,REMORAID,44,,,0,9,5,1
TRAINER_TUBER_HOLLY,REMORAID,44,,,0,9,5,1
TRAINER_TUBER_JACKY,BIBAREL,32,"WATER_GUN,ROLLOUT,HYPER_FANG,YAWN",,10,9,5,1
TRAINER_TUBER_JARED,SHELLOS,25,,,0,9,5,1
TRAINER_TUBER_JARED,SHELLOS,25,,,0,9,5,2
TRAINER_TUBER_JARED,SHELLOS,26,,,0,9,5,3
TRAINER_TUBER_JARED_REMATCH_1,SHELLOS,32,,,0,9,5,1
TRAINER_TUBER_JARED_REMATCH_1,SHELLOS,32,,,0,9,5,2
TRAINER_TUBER_JARED_REMATCH_1,SHELLOS,32,,,0,9,5,3
TRAINER_TUBER_JARED_REMATCH_2,GASTRODON,51,,,0,9,5,1
TRAINER_TUBER_JARED_REMATCH_2,GASTRODON,51,,,0,9,5,2
TRAINER_TUBER_JARED_REMATCH_2,GASTRODON,51,,,0,9,5,3
TRAINER_TUBER_MARIEL,MARILL,31,,,0,9,5,1
TRAINER_TUBER_MARIEL,MARILL,33,,,0,9,5,2
TRAINER_TUBER_TRENTON,SHELLOS,31,,,0,9,5,1
TRAINER_TUBER_TRENTON,SHELLOS,33,,,0,9,5,2
TRAINER_TWINS_EMMA_AND_LIL,BONSLY,22,,,0,9,5,1
TRAINER_TWINS_EMMA_AND_LIL,MIME_JR,22,,,0,9,5,2
TRAINER_TWINS_LIV_AND_LIZ,PACHIRISU,11,,,0,9,5,1
TRAINER_TWINS_LIV_AND_LIZ,PACHIRISU,11,,,0,9,5,2
TRAINER_TWINS_TERI_AND_TIA,PIKACHU,23,,,0,9,5,1
TRAINER_TWINS_TERI_AND_TIA,CLEFAIRY,23,,,0,9,5,2
TRAINER_TWINS_TERI_AND_TIA_REMATCH_1,PIKACHU,44,,,0,9,5,1
TRAINER_TWINS_TERI_AND_TIA_REMATCH_1,CLEFAIRY,44,,,0,9,5,2
TRAINER_TWINS_TERI_AND_TIA_REMATCH_2,RAICHU,60,,,0,9,5,1
TRAINER_TWINS_TERI_AND_TIA_REMATCH_2,CLEFABLE,60,,,0,9,5,2
TRAINER_VETERAN_ARMANDO,MUK,53,"ACID_ARMOR,TOXIC,SLUDGE_BOMB,DARK_PULSE",,100,9,5,1
TRAINER_VETERAN_ARMANDO,MIGHTYENA,53,"SUCKER_PUNCH,TAUNT,ASSURANCE,TAKE_DOWN",,100,9,5,2
TRAINER_VETERAN_ARMANDO,LICKITUNG,56,"POWER_WHIP,GIGA_IMPACT,SURF,FIRE_BLAST",,100,9,5,3
TRAINER_VETERAN_ARMANDO_REMATCH,NINJASK,59,"BATON_PASS,X_SCISSOR,SWORDS_DANCE,SILVER_WIND",,100,9,5,1
TRAINER_VETERAN_ARMANDO_REMATCH,ABSOL,59,"PSYCHO_CUT,TAUNT,NIGHT_SLASH,QUICK_ATTACK",,100,9,5,2
TRAINER_VETERAN_ARMANDO_REMATCH,SLAKING,62,"COUNTER,GIGA_IMPACT,SHADOW_CLAW,AERIAL_ACE",,100,9,5,3
TRAINER_VETERAN_BRENDEN,FORRETRESS,54,"FLASH_CANNON,ROCK_SLIDE,STEALTH_ROCK,TOXIC_SPIKES",,100,9,5,1
TRAINER_VETERAN_BRENDEN,GYARADOS,54,"EARTHQUAKE,AQUA_TAIL,ICE_FANG,DRAGON_PULSE",,100,9,5,2
TRAINER_VETERAN_BRENDEN,HIPPOWDON,54,"DIG,CRUNCH,PROTECT,REST",,100,9,5,3
TRAINER_VETERAN_BRIAN,TANGELA,32,"INGRAIN,GIGA_DRAIN,ANCIENT_POWER,TOXIC",,100,9,5,1
TRAINER_VETERAN_BRIAN,PONYTA,32,"FIRE_SPIN,STOMP,TAKE_DOWN",,100,9,5,2
TRAINER_VETERAN_BRIAN,BUIZEL,32,"AQUA_JET,WHIRLPOOL,PURSUIT,QUICK_ATTACK",,100,9,5,3
TRAINER_VETERAN_BRIAN_REMATCH_1,TANGELA,44,"INGRAIN,GIGA_DRAIN,ANCIENT_POWER,TOXIC",,100,9,5,1
TRAINER_VETERAN_BRIAN_REMATCH_1,RAPIDASH,44,"FIRE_SPIN,STOMP,TAKE_DOWN,FIRE_BLAST",,100,9,5,2
TRAINER_VETERAN_BRIAN_REMATCH_1,FLOATZEL,44,"AQUA_JET,WHIRLPOOL,PURSUIT,QUICK_ATTACK",,100,9,5,3
TRAINER_VETERAN_BRIAN_REMATCH_2,FLOATZEL,60,"WATERFALL,ICE_FANG,QUICK_ATTACK,CRUNCH",,100,9,5,1
TRAINER_VETERAN_BRIAN_REMATCH_2,RAPIDASH,60,"QUICK_ATTACK,STOMP,FLARE_BLITZ,BOUNCE",,100,9,5,2
TRAINER_VETERAN_BRIAN_REMATCH_2,TANGROWTH,60,"INGRAIN,SLEEP_POWDER,ANCIENT_POWER,POWER_WHIP",,100,9,5,3
TRAINER_VETERAN_CLAYTON,STARAPTOR,47,"BRAVE_BIRD,QUICK_ATTACK,DOUBLE_TEAM,GROWL",,100,9,5,1
TRAINER_VETERAN_CLAYTON,LICKILICKY,47,"SLAM,POWER_WHIP,EARTHQUAKE,BRICK_BREAK",,100,9,5,2
TRAINER_VETERAN_EDGAR,PORYGON_Z,46,"HYPER_BEAM,SIGNAL_BEAM,PSYCHIC,THUNDERBOLT",,100,9,5,1
TRAINER_VETERAN_EDGAR,TANGROWTH,46,"POWER_WHIP,MEGA_DRAIN,TOXIC,SLAM",,100,9,5,2
TRAINER_VETERAN_EDGAR,EMPOLEON,46,"BRINE,DRILL_PECK,METAL_CLAW,GROWL",,100,9,5,3
TRAINER_VETERAN_EMANUEL,MACHOKE,28,"SEISMIC_TOSS,LOW_KICK,FORESIGHT",,100,9,5,1
TRAINER_VETERAN_EMANUEL,BRONZOR,28,"EXTRASENSORY,TACKLE,CONFUSE_RAY",,100,9,5,2
TRAINER_VETERAN_GRANT,RIOLU,34,"FORCE_PALM,QUICK_ATTACK,COUNTER,SCREECH",,100,9,5,1
TRAINER_VETERAN_GRANT,STARAPTOR,34,"AERIAL_ACE,TAKE_DOWN,QUICK_ATTACK,GROWL",,100,9,5,2
TRAINER_VETERAN_GRANT,GRAVELER,34,"EARTHQUAKE,ROCK_SLIDE,ROCK_POLISH,DEFENSE_CURL",,100,9,5,3
TRAINER_VETERAN_HARLAN,RATICATE,57,"ENDEAVOR,SUPER_FANG,CRUNCH,QUICK_ATTACK",,100,9,5,1
TRAINER_VETERAN_HARLAN,DRIFBLIM,58,"EXPLOSION,SHADOW_BALL,TOXIC,FLY",,100,9,5,2
TRAINER_VETERAN_HARLAN,SHIFTRY,59,"LEAF_STORM,FAINT_ATTACK,EXTRASENSORY,QUICK_ATTACK",,100,9,5,3
TRAINER_VETERAN_TERRELL,PARASECT,53,"X_SCISSOR,GIGA_DRAIN,SPORE,SLASH",,100,9,5,1
TRAINER_VETERAN_TERRELL,RHYDON,54,"HAMMER_ARM,STONE_EDGE,EARTHQUAKE,MEGAHORN",,100,9,5,2
TRAINER_VETERAN_TERRELL,MAGMAR,55,"FIRE_BLAST,CONFUSE_RAY,IRON_TAIL,FOCUS_BLAST",,100,9,5,3
TRAINER_WAITRESS_KATI,CLEFAIRY,25,,,0,9,5,1
TRAINER_WORKER_BRADEN,STEELIX,37,,,0,9,5,1
TRAINER_WORKER_BRENDON,GEODUDE,33,,,0,9,5,1
TRAINER_WORKER_BRENDON,GEODUDE,33,,,0,9,5,2
TRAINER_WORKER_BRENDON,MACHOKE,36,,,0,9,5,3
TRAINER_WORKER_COLIN,GEODUDE,6,,,0,9,5,1
TRAINER_WORKER_COLIN,MACHOP,8,,,0,9,5,2
TRAINER_WORKER_CONRAD,MAGMAR,35,,,0,9,5,1
TRAINER_WORKER_DILLAN,MACHOP,33,,,0,9,5,1
TRAINER_WORKER_DILLAN,MACHOKE,33,,,0,9,5,2
TRAINER_WORKER_GARY,MAGNEMITE,37,"SPARK,MAGNET_BOMB",,10,9,5,1
TRAINER_WORKER_GERARDO,MAGNEMITE,35,"SUPERSONIC,MAGNET_BOMB,SPARK",,10,9,5,1
TRAINER_WORKER_GERARDO,MAGNEMITE,35,"THUNDER_WAVE,MAGNET_BOMB,SPARK",,10,9,5,2
TRAINER_WORKER_HOLDEN,MAGNEMITE,32,,,0,9,5,1
TRAINER_WORKER_HOLDEN,MAGNEMITE,32,,,0,9,5,2
TRAINER_WORKER_HOLDEN,MAGNEMITE,32,,,0,9,5,3
TRAINER_WORKER_JACKSON,MAGNEMITE,34,"MAGNET_BOMB,SPARK,THUNDER_WAVE",,10,9,5,1
TRAINER_WORKER_JACKSON,MAGNEMITE,34,"MAGNET_BOMB,SPARK,THUNDER_WAVE",,10,9,5,2
TRAINER_WORKER_JACKSON,MAGNEMITE,34,"MAGNET_BOMB,SPARK,THUNDER_WAVE",,10,9,5,3
TRAINER_WORKER_MASON,GEODUDE,9,,,0,9,5,1
TRAINER_WORKER_NOEL,MAGNEMITE,34,,,0,9,5,1
TRAINER_WORKER_NOEL,MAGNEMITE,36,,,0,9,5,2
TRAINER_WORKER_QUENTIN,MAGNEMITE,34,,,0,9,5,1
TRAINER_WORKER_QUENTIN,MACHOP,34,,,0,9,5,2
TRAINER_WORKER_QUENTIN,GRAVELER,34,,,0,9,5,3
TRAINER_YOUNGSTER_AUSTIN,BUIZEL,18,,,0,9,5,1
TRAINER_YOUNGSTER_AUSTIN,LUXIO,18,,,0,9,5,2
TRAINER_YOUNGSTER_AUSTIN,GLIGAR,21,,,0,9,5,3
TRAINER_YOUNGSTER_DALLAS,SHINX,8,,,0,9,5,1
TRAINER_YOUNGSTER_DALLAS_REMATCH_1,LUXIO,22,,,0,9,5,1
TRAINER_YOUNGSTER_DALLAS_REMATCH_1,BIBAREL,22,,,50,9,5,2
TRAINER_YOUNGSTER_DALLAS_REMATCH_2,LUXIO,32,,,0,9,5,1
TRAINER_YOUNGSTER_DALLAS_REMATCH_2,BIBAREL,32,,,50,9,5,2
TRAINER_YOUNGSTER_DALLAS_REMATCH_2,GRAVELER,32,,,100,9,5,3
TRAINER_YOUNGSTER_DALLAS_REMATCH_3,LUXRAY,50,,,0,9,5,1
TRAINER_YOUNGSTER_DALLAS_REMATCH_3,BIBAREL,50,,,50,9,5,2
TRAINER_YOUNGSTER_DALLAS_REMATCH_3,GOLEM,50,,,100,9,5,3
TRAINER_YOUNGSTER_DALLAS_REMATCH_3,STARAPTOR,50,,,150,9,5,4
TRAINER_YOUNGSTER_DARIUS,GEODUDE,9,"TACKLE,DEFENSE_CURL",,10,9,5,1
TRAINER_YOUNGSTER_DARIUS,ONIX,9,"ROCK_THROW,TACKLE,HARDEN",,10,9,5,2
TRAINER_YOUNGSTER_DONNY,GASTLY,20,"SUCKER_PUNCH,NIGHT_SHADE,CONFUSE_RAY,CURSE",,10,9,5,1
TRAINER_YOUNGSTER_DONNY,DRIFLOON,22,"SPIT_UP,SWALLOW,STOCKPILE",,10,9,5,2
TRAINER_YOUNGSTER_JONATHON,GEODUDE,11,"TACKLE,DEFENSE_CURL",,10,9,5,1
TRAINER_YOUNGSTER_LOGAN,BURMY,5,TACKLE,,0,9,5,1
TRAINER_YOUNGSTER_MICHAEL,KRICKETOT,7,,,0,9,5,1
TRAINER_YOUNGSTER_MICHAEL,ZUBAT,6,,,0,9,5,2
TRAINER_YOUNGSTER_NORMAN_UNUSED_1,WEAVILE,24,,,0,9,5,1
TRAINER_YOUNGSTER_NORMAN_UNUSED_1,PACHIRISU,25,,,0,9,5,2
TRAINER_YOUNGSTER_NORMAN_UNUSED_2,KRICKETOT,24,,,0,9,5,1
TRAINER_YOUNGSTER_NORMAN_UNUSED_2,CHERRIM,25,,,0,9,5,2
TRAINER_YOUNGSTER_NORMAN_UNUSED_3,CHATOT,24,"FURY_ATTACK,SING,GROWL,PECK",,0,9,5,1
TRAINER_YOUNGSTER_NORMAN_UNUSED_3,CHERRIM,25,"PETAL_DANCE,SUNNY_DAY,MAGICAL_LEAF,HELPING_HAND",,0,9,5,2
TRAINER_YOUNGSTER_OLIVER,MOTHIM,20,,,0,9,5,1
TRAINER_YOUNGSTER_OLIVER,BARBOACH,19,,,0,9,5,2
TRAINER_YOUNGSTER_OLIVER,CHATOT,21,,,0,9,5,3
TRAINER_YOUNGSTER_ROLAND_UNUSED_1,MUNCHLAX,23,,,0,9,5,1
TRAINER_YOUNGSTER_ROLAND_UNUSED_1,KRICKETOT,23,,,0,9,5,2
TRAINER_YOUNGSTER_ROLAND_UNUSED_2,BUIZEL,23,,,0,9,5,1
TRAINER_YOUNGSTER_ROLAND_UNUSED_2,MANTYKE,23,,,0,9,5,2
TRAINER_YOUNGSTER_ROLAND_UNUSED_3,PACHIRISU,23,,,0,9,5,1
TRAINER_YOUNGSTER_ROLAND_UNUSED_3,MUNCHLAX,23,,,0,9,5,2
TRAINER_YOUNGSTER_SEBASTIAN,MACHOP,8,"LOW_KICK,LEER",,0,9,5,1
TRAINER_YOUNGSTER_TRISTAN,STARLY,5,,,0,9,5,1
TRAINER_YOUNGSTER_TRISTAN_REMATCH_1,STARAVIA,24,,,0,9,5,1
TRAINER_YOUNGSTER_TRISTAN_REMATCH_2,STARAPTOR,35,,,0,9,5,1
TRAINER_YOUNGSTER_TRISTAN_REMATCH_3,STARAPTOR,45,,,0,9,5,1
TRAINER_YOUNGSTER_TYLER,MAGIKARP,8,,,10,9,5,1
TRAINER_YOUNGSTER_WAYNE,STARAVIA,17,,,0,9,5,1
TRAINER_YOUNGSTER_WAYNE,SHELLOS,20,,,0,9,5,2
TRAINER_YOUNGSTER_WAYNE,PONYTA,20,,,0,9,5,3
TRAINER_YOUNG_COUPLE_MIKE_AND_NAT,MURKROW,23,,,0,9,5,1
TRAINER_YOUNG_COUPLE_MIKE_AND_NAT,MISDREAVUS,23,,,0,9,5,2
TRAINER_YOUNG_COUPLE_TY_AND_SUE,BUNEARY,23,"FORESIGHT,JUMP_KICK,QUICK_ATTACK,DEFENSE_CURL",,0,9,5,1
TRAINER_YOUNG_COUPLE_TY_AND_SUE,BUIZEL,23,"AQUA_JET,SWIFT,PURSUIT,SONIC_BOOM",,0,9,5,2
