encounter_name,trainer_name,trainer_class,canonical_location_id,is_rematch,is_event,trainer_items,trainer_pic,trainer_double,details,version_group_id,load_build,game_id
TRAINER_YOUNGSTER_TRISTAN,TRISTAN,TRAINER_CLASS_YOUNGSTER,173,,,,TRAINER_PIC_YOUNGSTER,,platinum_trainer_index=1; source=res/trainers/data/youngster_tristan.json; map_refs=route_202; matched_map=route_202,9,5,
TRAINER_YOUNGSTER_LOGAN,LOGAN,TRAINER_CLASS_YOUNGSTER,173,,,,TRAINER_PIC_YOUNGSTER,,platinum_trainer_index=2; source=res/trainers/data/youngster_logan.json; map_refs=route_202; matched_map=route_202,9,5,
TRAINER_LASS_NATALIE,NATALIE,TRAINER_CLASS_LASS,173,,,,TRAINER_PIC_LASS,,platinum_trainer_index=3; source=res/trainers/data/lass_natalie.json; map_refs=route_202; matched_map=route_202,9,5,
TRAINER_YOUNGSTER_MICHAEL,MICHAEL,TRAINER_CLASS_YOUNGSTER,174,,,,TRAINER_PIC_YOUNGSTER,,platinum_trainer_index=4; source=res/trainers/data/youngster_michael.json; map_refs=route_203; matched_map=route_203,9,5,
TRAINER_DUMMY_005,MICKEY,TRAINER_CLASS_CAMPER,,,,,TRAINER_PIC_CAMPER,,platinum_trainer_index=5; source=res/trainers/data/dummy_005.json; location_unpaired=true,9,5,
TRAINER_DUMMY_006,MICKEY,TRAINER_CLASS_CAMPER,,,,,TRAINER_PIC_CAMPER,,platinum_trainer_index=6; source=res/trainers/data/dummy_006.json; location_unpaired=true,9,5,
TRAINER_DUMMY_007,ANGELICA,TRAINER_CLASS_PICNICKER,,,,,TRAINER_PIC_PICNICKER,,platinum_trainer_index=7; source=res/trainers/data/dummy_007.json; location_unpaired=true,9,5,
TRAINER_DUMMY_008,ANGELICA,TRAINER_CLASS_PICNICKER,,,,,TRAINER_PIC_PICNICKER,,platinum_trainer_index=8; source=res/trainers/data/dummy_008.json; location_unpaired=true,9,5,
TRAINER_DUMMY_009,MICKEY,TRAINER_CLASS_YOUNGSTER,,,,,TRAINER_PIC_YOUNGSTER,,platinum_trainer_index=9; source=res/trainers/data/dummy_009.json; location_unpaired=true,9,5,
TRAINER_YOUNGSTER_TYLER,TYLER,TRAINER_CLASS_YOUNGSTER,179,,,,TRAINER_PIC_YOUNGSTER,,platinum_trainer_index=10; source=res/trainers/data/youngster_tyler.json; map_refs=route_204_south; matched_map=route_204_south,9,5,
TRAINER_LASS_SAMANTHA,SAMANTHA,TRAINER_CLASS_LASS,179,,,,TRAINER_PIC_LASS,,platinum_trainer_index=11; source=res/trainers/data/lass_samantha.json; map_refs=route_204_south; matched_map=route_204_south,9,5,
TRAINER_LASS_SARAH,SARAH,TRAINER_CLASS_LASS,179,,,,TRAINER_PIC_LASS,,platinum_trainer_index=12; source=res/trainers/data/lass_sarah.json; map_refs=route_204_south; matched_map=route_204_south,9,5,
TRAINER_BUG_CATCHER_BRANDON,BRANDON,TRAINER_CLASS_BUG_CATCHER,179,,,,TRAINER_PIC_BUG_CATCHER,,platinum_trainer_index=13; source=res/trainers/data/bug_catcher_brandon.json; map_refs=route_204_north; matched_map=route_204_north,9,5,
TRAINER_AROMA_LADY_TAYLOR,TAYLOR,TRAINER_CLASS_AROMA_LADY,179,,,,TRAINER_PIC_AROMA_LADY,,platinum_trainer_index=14; source=res/trainers/data/aroma_lady_taylor.json; map_refs=route_204_north; matched_map=route_204_north,9,5,
TRAINER_TWINS_LIV_AND_LIZ,LIV & LIZ,TRAINER_CLASS_TWINS,179,,,,TRAINER_PIC_TWINS,True,platinum_trainer_index=15; source=res/trainers/data/twins_liv_and_liz.json; map_refs=route_204_north; matched_map=route_204_north,9,5,
TRAINER_CAMPER_JACOB,JACOB,TRAINER_CLASS_CAMPER,182,,,,TRAINER_PIC_CAMPER,,platinum_trainer_index=16; source=res/trainers/data/camper_jacob.json; map_refs=route_205_south; matched_map=route_205_south,9,5,
TRAINER_PICNICKER_SIENA,SIENA,TRAINER_CLASS_PICNICKER,182,,,,TRAINER_PIC_PICNICKER,,platinum_trainer_index=17; source=res/trainers/data/picnicker_siena.json; map_refs=route_205_south; matched_map=route_205_south,9,5,
TRAINER_HIKER_DANIEL,DANIEL,TRAINER_CLASS_HIKER,182,,,,TRAINER_PIC_HIKER,,platinum_trainer_index=18; source=res/trainers/data/hiker_daniel.json; map_refs=route_205_south; matched_map=route_205_south,9,5,
TRAINER_HIKER_NICHOLAS,NICHOLAS,TRAINER_CLASS_HIKER,182,,,,TRAINER_PIC_HIKER,,platinum_trainer_index=19; source=res/trainers/data/hiker_nicholas.json; map_refs=route_205_south; matched_map=route_205_south,9,5,
TRAINER_BATTLE_GIRL_KELSEY,KELSEY,TRAINER_CLASS_BATTLE_GIRL,182,,,,TRAINER_PIC_BATTLE_GIRL,,platinum_trainer_index=20; source=res/trainers/data/battle_girl_kelsey.json; map_refs=route_205_south; matched_map=route_205_south,9,5,
TRAINER_AROMA_LADY_ELIZABETH,ELIZABETH,TRAINER_CLASS_AROMA_LADY,182,,,,TRAINER_PIC_AROMA_LADY,,platinum_trainer_index=21; source=res/trainers/data/aroma_lady_elizabeth.json; map_refs=route_205_south; matched_map=route_205_south,9,5,
TRAINER_FISHERMAN_ANDREW,ANDREW,TRAINER_CLASS_FISHERMAN,182,,,,TRAINER_PIC_FISHERMAN,,platinum_trainer_index=22; source=res/trainers/data/fisherman_andrew.json; map_refs=route_205_north; matched_map=route_205_north,9,5,
TRAINER_FISHERMAN_JOSEPH,JOSEPH,TRAINER_CLASS_FISHERMAN,182,,,,TRAINER_PIC_FISHERMAN,,platinum_trainer_index=23; source=res/trainers/data/fisherman_joseph.json; map_refs=route_205_north; matched_map=route_205_north,9,5,
TRAINER_FISHERMAN_ZACHARY,ZACHARY,TRAINER_CLASS_FISHERMAN,182,,,,TRAINER_PIC_FISHERMAN,,platinum_trainer_index=24; source=res/trainers/data/fisherman_zachary.json; map_refs=route_205_north; matched_map=route_205_north,9,5,
TRAINER_CYCLIST_AXEL,AXEL,TRAINER_CLASS_CYCLIST_MALE,187,,,,TRAINER_PIC_CYCLIST_MALE,,platinum_trainer_index=25; source=res/trainers/data/cyclist_axel.json; map_refs=route_206; matched_map=route_206,9,5,
TRAINER_CYCLIST_JAMES,JAMES,TRAINER_CLASS_CYCLIST_MALE,187,,,,TRAINER_PIC_CYCLIST_MALE,,platinum_trainer_index=26; source=res/trainers/data/cyclist_james.json; map_refs=route_206; matched_map=route_206,9,5,
TRAINER_CYCLIST_JOHN,JOHN,TRAINER_CLASS_CYCLIST_MALE,187,,,,TRAINER_PIC_CYCLIST_MALE,,platinum_trainer_index=27; source=res/trainers/data/cyclist_john.json; map_refs=route_206; matched_map=route_206,9,5,
TRAINER_CYCLIST_RYAN,RYAN,TRAINER_CLASS_CYCLIST_MALE,187,,,,TRAINER_PIC_CYCLIST_MALE,,platinum_trainer_index=28; source=res/trainers/data/cyclist_ryan.json; map_refs=route_206; matched_map=route_206,9,5,
TRAINER_CYCLIST_MEGAN,MEGAN,TRAINER_CLASS_CYCLIST_FEMALE,187,,,,TRAINER_PIC_CYCLIST_FEMALE,,platinum_trainer_index=29; source=res/trainers/data/cyclist_megan.json; map_refs=route_206; matched_map=route_206,9,5,
TRAINER_CYCLIST_NICOLE,NICOLE,TRAINER_CLASS_CYCLIST_FEMALE,187,,,,TRAINER_PIC_CYCLIST_FEMALE,,platinum_trainer_index=30; source=res/trainers/data/cyclist_nicole.json; map_refs=route_206; matched_map=route_206,9,5,
TRAINER_CYCLIST_KAYLA,KAYLA,TRAINER_CLASS_CYCLIST_FEMALE,187,,,,TRAINER_PIC_CYCLIST_FEMALE,,platinum_trainer_index=31; source=res/trainers/data/cyclist_kayla.json; map_refs=route_206; matched_map=route_206,9,5,
TRAINER_CYCLIST_RACHEL,RACHEL,TRAINER_CLASS_CYCLIST_FEMALE,187,,,,TRAINER_PIC_CYCLIST_FEMALE,,platinum_trainer_index=32; source=res/trainers/data/cyclist_rachel.json; map_refs=route_206; matched_map=route_206,9,5,
TRAINER_YOUNGSTER_AUSTIN,AUSTIN,TRAINER_CLASS_YOUNGSTER,178,,,,TRAINER_PIC_YOUNGSTER,,platinum_trainer_index=33; source=res/trainers/data/youngster_austin.json; map_refs=route_207; matched_map=route_207,9,5,
TRAINER_CAMPER_ANTHONY,ANTHONY,TRAINER_CLASS_CAMPER,178,,,,TRAINER_PIC_CAMPER,,platinum_trainer_index=34; source=res/trainers/data/camper_anthony.json; map_refs=route_207; matched_map=route_207,9,5,
TRAINER_PICNICKER_LAUREN,LAUREN,TRAINER_CLASS_PICNICKER,178,,,,TRAINER_PIC_PICNICKER,,platinum_trainer_index=35; source=res/trainers/data/picnicker_lauren.json; map_refs=route_207; matched_map=route_207,9,5,
TRAINER_HIKER_KEVIN,KEVIN,TRAINER_CLASS_HIKER,178,,,,TRAINER_PIC_HIKER,,platinum_trainer_index=36; source=res/trainers/data/hiker_kevin.json; map_refs=route_207; matched_map=route_207,9,5,
TRAINER_HIKER_JUSTIN,JUSTIN,TRAINER_CLASS_HIKER,178,,,,TRAINER_PIC_HIKER,,platinum_trainer_index=37; source=res/trainers/data/hiker_justin.json; map_refs=route_207; matched_map=route_207,9,5,
TRAINER_BATTLE_GIRL_HELEN,HELEN,TRAINER_CLASS_BATTLE_GIRL,178,,,,TRAINER_PIC_BATTLE_GIRL,,platinum_trainer_index=38; source=res/trainers/data/battle_girl_helen.json; map_refs=route_207; matched_map=route_207,9,5,
TRAINER_HIKER_ROBERT,ROBERT,TRAINER_CLASS_HIKER,190,,,,TRAINER_PIC_HIKER,,platinum_trainer_index=39; source=res/trainers/data/hiker_robert.json; map_refs=route_208; matched_map=route_208,9,5,
TRAINER_HIKER_ALEXANDER,ALEXANDER,TRAINER_CLASS_HIKER,190,,,,TRAINER_PIC_HIKER,,platinum_trainer_index=40; source=res/trainers/data/hiker_alexander.json; map_refs=route_208; matched_map=route_208,9,5,
TRAINER_HIKER_JONATHAN,JONATHAN,TRAINER_CLASS_HIKER,190,,,,TRAINER_PIC_HIKER,,platinum_trainer_index=41; source=res/trainers/data/hiker_jonathan.json; map_refs=route_208; matched_map=route_208,9,5,
TRAINER_BLACK_BELT_KYLE,KYLE,TRAINER_CLASS_BLACK_BELT,190,,,,TRAINER_PIC_BLACK_BELT,,platinum_trainer_index=42; source=res/trainers/data/black_belt_kyle.json; map_refs=route_208; matched_map=route_208,9,5,
TRAINER_FISHERMAN_CODY,CODY,TRAINER_CLASS_FISHERMAN,190,,,,TRAINER_PIC_FISHERMAN,,platinum_trainer_index=43; source=res/trainers/data/fisherman_cody.json; map_refs=route_208; matched_map=route_208,9,5,
TRAINER_AROMA_LADY_HANNAH,HANNAH,TRAINER_CLASS_AROMA_LADY,190,,,,TRAINER_PIC_AROMA_LADY,,platinum_trainer_index=44; source=res/trainers/data/aroma_lady_hannah.json; map_refs=route_208; matched_map=route_208,9,5,
TRAINER_ARTIST_WILLIAM,WILLIAM,TRAINER_CLASS_ARTIST,190,,,,TRAINER_PIC_ARTIST,,platinum_trainer_index=45; source=res/trainers/data/artist_william.json; map_refs=route_208; matched_map=route_208,9,5,
TRAINER_BREEDER_ALBERT,ALBERT,TRAINER_CLASS_BREEDER_MALE,192,,,,TRAINER_PIC_BREEDER_MALE,,platinum_trainer_index=46; source=res/trainers/data/breeder_albert.json; map_refs=route_209; matched_map=route_209,9,5,
TRAINER_BREEDER_JENNIFER,JENNIFER,TRAINER_CLASS_BREEDER_FEMALE,192,,,,TRAINER_PIC_BREEDER_FEMALE,,platinum_trainer_index=47; source=res/trainers/data/breeder_jennifer.json; map_refs=route_209; matched_map=route_209,9,5,
TRAINER_COWGIRL_SHELLEY,SHELLEY,TRAINER_CLASS_COWGIRL,192,,,,TRAINER_PIC_COWGIRL,,platinum_trainer_index=48; source=res/trainers/data/cowgirl_shelley.json; map_refs=route_209; matched_map=route_209,9,5,
TRAINER_JOGGER_RICHARD,RICHARD,TRAINER_CLASS_JOGGER,192,,,,TRAINER_PIC_JOGGER,,platinum_trainer_index=49; source=res/trainers/data/jogger_richard.json; map_refs=route_209; matched_map=route_209,9,5,
TRAINER_DUMMY_050,MICKEY,TRAINER_CLASS_POKEFAN_MALE,,,,,TRAINER_PIC_POKEFAN_MALE,,platinum_trainer_index=50; source=res/trainers/data/dummy_050.json; location_unpaired=true,9,5,
TRAINER_DUMMY_051,ANGELICA,TRAINER_CLASS_POKEFAN_FEMALE,,,,,TRAINER_PIC_POKEFAN_FEMALE,,platinum_trainer_index=51; source=res/trainers/data/dummy_051.json; location_unpaired=true,9,5,
TRAINER_DUMMY_052,MICKEY,TRAINER_CLASS_YOUNGSTER,,,,,TRAINER_PIC_YOUNGSTER,,platinum_trainer_index=52; source=res/trainers/data/dummy_052.json; location_unpaired=true,9,5,
TRAINER_POKE_KID_DANIELLE,DANIELLE,TRAINER_CLASS_POKE_KID,192,,,,TRAINER_PIC_POKE_KID,,platinum_trainer_index=53; source=res/trainers/data/poke_kid_danielle.json; map_refs=route_209; matched_map=route_209,9,5,
TRAINER_DUMMY_054,MICKEY,TRAINER_CLASS_FISHERMAN,,,,,TRAINER_PIC_FISHERMAN,,platinum_trainer_index=54; source=res/trainers/data/dummy_054.json; location_unpaired=true,9,5,
TRAINER_YOUNG_COUPLE_TY_AND_SUE,TY & SUE,TRAINER_CLASS_YOUNG_COUPLE,192,,,,TRAINER_PIC_YOUNG_COUPLE,True,platinum_trainer_index=55; source=res/trainers/data/young_couple_ty_and_sue.json; map_refs=route_209; matched_map=route_209,9,5,
TRAINER_BREEDER_KAHLIL,KAHLIL,TRAINER_CLASS_BREEDER_MALE,195,,,,TRAINER_PIC_BREEDER_MALE,,platinum_trainer_index=56; source=res/trainers/data/breeder_kahlil.json; map_refs=route_210_south; matched_map=route_210_south,9,5,
TRAINER_BREEDER_AMBER,AMBER,TRAINER_CLASS_BREEDER_FEMALE,195,,,,TRAINER_PIC_BREEDER_FEMALE,,platinum_trainer_index=57; source=res/trainers/data/breeder_amber.json; map_refs=route_210_south; matched_map=route_210_south,9,5,
TRAINER_DUMMY_058,ANGELICA,TRAINER_CLASS_COWGIRL,,,,,TRAINER_PIC_COWGIRL,,platinum_trainer_index=58; source=res/trainers/data/dummy_058.json; location_unpaired=true,9,5,
TRAINER_DUMMY_059,MICKEY,TRAINER_CLASS_JOGGER,,,,,TRAINER_PIC_JOGGER,,platinum_trainer_index=59; source=res/trainers/data/dummy_059.json; location_unpaired=true,9,5,
TRAINER_DUMMY_060,MICKEY,TRAINER_CLASS_POKEFAN_MALE,,,,,TRAINER_PIC_POKEFAN_MALE,,platinum_trainer_index=60; source=res/trainers/data/dummy_060.json; location_unpaired=true,9,5,
TRAINER_DUMMY_061,ANGELICA,TRAINER_CLASS_POKEFAN_FEMALE,,,,,TRAINER_PIC_POKEFAN_FEMALE,,platinum_trainer_index=61; source=res/trainers/data/dummy_061.json; location_unpaired=true,9,5,
TRAINER_DUMMY_062,MICKEY,TRAINER_CLASS_ACE_TRAINER_MALE,,,,,TRAINER_PIC_ACE_TRAINER_MALE,,platinum_trainer_index=62; source=res/trainers/data/dummy_062.json; location_unpaired=true,9,5,
TRAINER_DUMMY_063,ANGELICA,TRAINER_CLASS_ACE_TRAINER_FEMALE,,,,,TRAINER_PIC_ACE_TRAINER_FEMALE,,platinum_trainer_index=63; source=res/trainers/data/dummy_063.json; location_unpaired=true,9,5,
TRAINER_DUMMY_064,ANGELICA,TRAINER_CLASS_WAITRESS,,,,,TRAINER_PIC_WAITRESS,,platinum_trainer_index=64; source=res/trainers/data/dummy_064.json; location_unpaired=true,9,5,
TRAINER_TWINS_TERI_AND_TIA,TERI & TIA,TRAINER_CLASS_TWINS,195,,,,TRAINER_PIC_TWINS,True,platinum_trainer_index=65; source=res/trainers/data/twins_teri_and_tia.json; map_refs=route_210_south; matched_map=route_210_south,9,5,
TRAINER_ACE_TRAINER_ERNEST,ERNEST,TRAINER_CLASS_ACE_TRAINER_MALE,195,,,,TRAINER_PIC_ACE_TRAINER_MALE,,platinum_trainer_index=66; source=res/trainers/data/ace_trainer_ernest.json; map_refs=route_210_north; matched_map=route_210_north,9,5,
TRAINER_ACE_TRAINER_ALYSSA,ALYSSA,TRAINER_CLASS_ACE_TRAINER_FEMALE,195,,,,TRAINER_PIC_ACE_TRAINER_FEMALE,,platinum_trainer_index=67; source=res/trainers/data/ace_trainer_alyssa.json; map_refs=route_210_north; matched_map=route_210_north,9,5,
TRAINER_VETERAN_BRIAN,BRIAN,TRAINER_CLASS_VETERAN,195,,,,TRAINER_PIC_VETERAN,,platinum_trainer_index=68; source=res/trainers/data/veteran_brian.json; map_refs=route_210_north; matched_map=route_210_north,9,5,
TRAINER_BLACK_BELT_ADAM,ADAM,TRAINER_CLASS_BLACK_BELT,195,,,,TRAINER_PIC_BLACK_BELT,,platinum_trainer_index=69; source=res/trainers/data/black_belt_adam.json; map_refs=route_210_north; matched_map=route_210_north,9,5,
TRAINER_NINJA_BOY_JOEL,JOEL,TRAINER_CLASS_NINJA_BOY,195,,,,TRAINER_PIC_NINJA_BOY,,platinum_trainer_index=70; source=res/trainers/data/ninja_boy_joel.json; map_refs=route_210_north; matched_map=route_210_north,9,5,
TRAINER_NINJA_BOY_NATHAN,NATHAN,TRAINER_CLASS_NINJA_BOY,195,,,,TRAINER_PIC_NINJA_BOY,,platinum_trainer_index=71; source=res/trainers/data/ninja_boy_nathan.json; map_refs=route_210_north; matched_map=route_210_north,9,5,
TRAINER_NINJA_BOY_DAVIDO,DAVIDO,TRAINER_CLASS_NINJA_BOY,195,,,,TRAINER_PIC_NINJA_BOY,,platinum_trainer_index=72; source=res/trainers/data/ninja_boy_davido.json; map_refs=route_210_north; matched_map=route_210_north,9,5,
TRAINER_DRAGON_TAMER_PATRICK,PATRICK,TRAINER_CLASS_DRAGON_TAMER,195,,,,TRAINER_PIC_DRAGON_TAMER,,platinum_trainer_index=73; source=res/trainers/data/dragon_tamer_patrick.json; map_refs=route_210_north; matched_map=route_210_north,9,5,
TRAINER_BIRD_KEEPER_BRIANNA,BRIANNA,TRAINER_CLASS_BIRD_KEEPER,195,,,,TRAINER_PIC_BIRD_KEEPER,,platinum_trainer_index=74; source=res/trainers/data/bird_keeper_brianna.json; map_refs=route_210_north; matched_map=route_210_north,9,5,
TRAINER_DOUBLE_TEAM_ZAC_AND_JEN,ZAC & JEN,TRAINER_CLASS_DOUBLE_TEAM,195,,,,TRAINER_PIC_DOUBLE_TEAM,True,platinum_trainer_index=75; source=res/trainers/data/double_team_zac_and_jen.json; map_refs=route_210_north; matched_map=route_210_north,9,5,
TRAINER_BIRD_KEEPER_ALEXANDRA,ALEXANDRA,TRAINER_CLASS_BIRD_KEEPER,217,,,,TRAINER_PIC_BIRD_KEEPER,,platinum_trainer_index=76; source=res/trainers/data/bird_keeper_alexandra.json; map_refs=route_211_west; matched_map=route_211_west,9,5,
TRAINER_DUMMY_077,ANGELICA,TRAINER_CLASS_BATTLE_GIRL,,,,,TRAINER_PIC_BATTLE_GIRL,,platinum_trainer_index=77; source=res/trainers/data/dummy_077.json; location_unpaired=true,9,5,
TRAINER_NINJA_BOY_ZACH,ZACH,TRAINER_CLASS_NINJA_BOY,217,,,,TRAINER_PIC_NINJA_BOY,,platinum_trainer_index=78; source=res/trainers/data/ninja_boy_zach.json; map_refs=route_211_west; matched_map=route_211_west,9,5,
TRAINER_BLACK_BELT_SEAN,SEAN,TRAINER_CLASS_BLACK_BELT,217,,,,TRAINER_PIC_BLACK_BELT,,platinum_trainer_index=79; source=res/trainers/data/black_belt_sean.json; map_refs=route_211_east; matched_map=route_211_east,9,5,
TRAINER_NINJA_BOY_NICK,NICK,TRAINER_CLASS_NINJA_BOY,217,,,,TRAINER_PIC_NINJA_BOY,,platinum_trainer_index=80; source=res/trainers/data/ninja_boy_nick.json; map_refs=route_211_east; matched_map=route_211_east,9,5,
TRAINER_BIRD_KEEPER_KATHERINE,KATHERINE,TRAINER_CLASS_BIRD_KEEPER,217,,,,TRAINER_PIC_BIRD_KEEPER,,platinum_trainer_index=81; source=res/trainers/data/bird_keeper_katherine.json; map_refs=route_211_east; matched_map=route_211_east,9,5,
TRAINER_RICH_BOY_JASON,JASON,TRAINER_CLASS_RICH_BOY,201,,,ITEM_FULL_RESTORE,TRAINER_PIC_RICH_BOY,,platinum_trainer_index=82; source=res/trainers/data/rich_boy_jason.json; map_refs=route_212_north; matched_map=route_212_north,9,5,
TRAINER_LADY_MELISSA,MELISSA,TRAINER_CLASS_LADY,201,,,ITEM_FULL_RESTORE,TRAINER_PIC_LADY,,platinum_trainer_index=83; source=res/trainers/data/lady_melissa.json; map_refs=route_212_north; matched_map=route_212_north,9,5,
TRAINER_GENTLEMAN_JEREMY,JEREMY,TRAINER_CLASS_GENTLEMAN,201,,,ITEM_FULL_RESTORE,TRAINER_PIC_GENTLEMAN,,platinum_trainer_index=84; source=res/trainers/data/gentleman_jeremy.json; map_refs=route_212_north; matched_map=route_212_north,9,5,
TRAINER_SOCIALITE_REINA,REINA,TRAINER_CLASS_SOCIALITE,201,,,ITEM_FULL_RESTORE,TRAINER_PIC_SOCIALITE,,platinum_trainer_index=85; source=res/trainers/data/socialite_reina.json; map_refs=route_212_north; matched_map=route_212_north,9,5,
TRAINER_DUMMY_086,ANGELICA,TRAINER_CLASS_BEAUTY,,,,,TRAINER_PIC_BEAUTY,,platinum_trainer_index=86; source=res/trainers/data/dummy_086.json; location_unpaired=true,9,5,
TRAINER_DUMMY_087,MICKEY,TRAINER_CLASS_COLLECTOR,,,,,TRAINER_PIC_COLLECTOR,,platinum_trainer_index=87; source=res/trainers/data/dummy_087.json; location_unpaired=true,9,5,
TRAINER_POLICEMAN_BOBBY,BOBBY,TRAINER_CLASS_POLICEMAN,201,,,,TRAINER_PIC_POLICEMAN,,platinum_trainer_index=88; source=res/trainers/data/policeman_bobby.json; map_refs=route_212_north; matched_map=route_212_north,9,5,
TRAINER_POLICEMAN_ALEX,ALEX,TRAINER_CLASS_POLICEMAN,201,,,,TRAINER_PIC_POLICEMAN,,platinum_trainer_index=89; source=res/trainers/data/policeman_alex.json; map_refs=route_212_north; matched_map=route_212_north,9,5,
TRAINER_POLICEMAN_DYLAN,DYLAN,TRAINER_CLASS_POLICEMAN,201,,,,TRAINER_PIC_POLICEMAN,,platinum_trainer_index=90; source=res/trainers/data/policeman_dylan.json; map_refs=route_212_north; matched_map=route_212_north,9,5,
TRAINER_FISHERMAN_JUAN,JUAN,TRAINER_CLASS_FISHERMAN,201,,,,TRAINER_PIC_FISHERMAN,,platinum_trainer_index=91; source=res/trainers/data/fisherman_juan.json; map_refs=route_212_south; matched_map=route_212_south,9,5,
TRAINER_FISHERMAN_JOSH,JOSH,TRAINER_CLASS_FISHERMAN,201,,,,TRAINER_PIC_FISHERMAN,,platinum_trainer_index=92; source=res/trainers/data/fisherman_josh.json; map_refs=route_212_south; matched_map=route_212_south,9,5,
TRAINER_FISHERMAN_TRAVIS,TRAVIS,TRAINER_CLASS_FISHERMAN,201,,,,TRAINER_PIC_FISHERMAN,,platinum_trainer_index=93; source=res/trainers/data/fisherman_travis.json; map_refs=route_212_south; matched_map=route_212_south,9,5,
TRAINER_RANGER_TAYLOR,TAYLOR,TRAINER_CLASS_RANGER_MALE,201,,,,TRAINER_PIC_RANGER_MALE,,platinum_trainer_index=94; source=res/trainers/data/ranger_taylor.json; map_refs=route_212_south; matched_map=route_212_south,9,5,
TRAINER_RANGER_JEFFREY,JEFFREY,TRAINER_CLASS_RANGER_MALE,201,,,,TRAINER_PIC_RANGER_MALE,,platinum_trainer_index=95; source=res/trainers/data/ranger_jeffrey.json; map_refs=route_212_south; matched_map=route_212_south,9,5,
TRAINER_RANGER_ALLISON,ALLISON,TRAINER_CLASS_RANGER_FEMALE,201,,,,TRAINER_PIC_RANGER_FEMALE,,platinum_trainer_index=96; source=res/trainers/data/ranger_allison.json; map_refs=route_212_south; matched_map=route_212_south,9,5,
TRAINER_DUMMY_097,ANGELICA,TRAINER_CLASS_RANGER_FEMALE,,,,,TRAINER_PIC_RANGER_FEMALE,,platinum_trainer_index=97; source=res/trainers/data/dummy_097.json; location_unpaired=true,9,5,
TRAINER_DUMMY_098,MICKEY,TRAINER_CLASS_SCIENTIST,,,,,TRAINER_PIC_SCIENTIST,,platinum_trainer_index=98; source=res/trainers/data/dummy_098.json; location_unpaired=true,9,5,
TRAINER_SCIENTIST_STEFANO,STEFANO,TRAINER_CLASS_SCIENTIST,201,,,ITEM_X_DEFENSE,TRAINER_PIC_SCIENTIST,,platinum_trainer_index=99; source=res/trainers/data/scientist_stefano.json; map_refs=route_212_south; matched_map=route_212_south,9,5,
TRAINER_DUMMY_100,MICKEY,TRAINER_CLASS_YOUNGSTER,,,,,TRAINER_PIC_YOUNGSTER,,platinum_trainer_index=100; source=res/trainers/data/dummy_100.json; location_unpaired=true,9,5,
TRAINER_DUMMY_101,MICKEY,TRAINER_CLASS_YOUNGSTER,,,,,TRAINER_PIC_YOUNGSTER,,platinum_trainer_index=101; source=res/trainers/data/dummy_101.json; location_unpaired=true,9,5,
TRAINER_POLICEMAN_CALEB,CALEB,TRAINER_CLASS_POLICEMAN,201,,,,TRAINER_PIC_POLICEMAN,,platinum_trainer_index=102; source=res/trainers/data/policeman_caleb.json; map_refs=route_212_north; matched_map=route_212_north,9,5,
TRAINER_SWIMMER_SHELTIN,SHELTIN,TRAINER_CLASS_SWIMMER_MALE,202,,,,TRAINER_PIC_SWIMMER_MALE,,platinum_trainer_index=103; source=res/trainers/data/swimmer_sheltin.json; map_refs=route_213; matched_map=route_213,9,5,
TRAINER_SWIMMER_EVAN,EVAN,TRAINER_CLASS_SWIMMER_MALE,202,,,,TRAINER_PIC_SWIMMER_MALE,,platinum_trainer_index=104; source=res/trainers/data/swimmer_evan.json; map_refs=route_213; matched_map=route_213,9,5,
TRAINER_SWIMMER_HALEY,HALEY,TRAINER_CLASS_SWIMMER_FEMALE,202,,,,TRAINER_PIC_SWIMMER_FEMALE,,platinum_trainer_index=105; source=res/trainers/data/swimmer_haley.json; map_refs=route_213; matched_map=route_213,9,5,
TRAINER_SWIMMER_MARY,MARY,TRAINER_CLASS_SWIMMER_FEMALE,202,,,,TRAINER_PIC_SWIMMER_FEMALE,,platinum_trainer_index=106; source=res/trainers/data/swimmer_mary.json; map_refs=route_213; matched_map=route_213,9,5,
TRAINER_TUBER_JARED,JARED,TRAINER_CLASS_TUBER_MALE,202,,,,TRAINER_PIC_TUBER_MALE,,platinum_trainer_index=107; source=res/trainers/data/tuber_jared.json; map_refs=route_213; matched_map=route_213,9,5,
TRAINER_TUBER_CHELSEA,CHELSEA,TRAINER_CLASS_TUBER_FEMALE,202,,,,TRAINER_PIC_TUBER_FEMALE,,platinum_trainer_index=108; source=res/trainers/data/tuber_chelsea.json; map_refs=route_213; matched_map=route_213,9,5,
TRAINER_DUMMY_109,ANGELICA,TRAINER_CLASS_BATTLE_GIRL,,,,,TRAINER_PIC_BATTLE_GIRL,,platinum_trainer_index=109; source=res/trainers/data/dummy_109.json; location_unpaired=true,9,5,
TRAINER_SAILOR_PAUL,PAUL,TRAINER_CLASS_SAILOR,202,,,,TRAINER_PIC_SAILOR,,platinum_trainer_index=110; source=res/trainers/data/sailor_paul.json; map_refs=route_213; matched_map=route_213,9,5,
TRAINER_FISHERMAN_KENNETH,KENNETH,TRAINER_CLASS_FISHERMAN,202,,,,TRAINER_PIC_FISHERMAN,,platinum_trainer_index=111; source=res/trainers/data/fisherman_kenneth.json; map_refs=route_213; matched_map=route_213,9,5,
TRAINER_DUMMY_112,TARA & TIM,TRAINER_CLASS_SIS_AND_BRO,,,,,TRAINER_PIC_SIS_AND_BRO,True,platinum_trainer_index=112; source=res/trainers/data/dummy_112.json; location_unpaired=true,9,5,
TRAINER_RUIN_MANIAC_BRYAN,BRYAN,TRAINER_CLASS_RUIN_MANIAC,205,,,,TRAINER_PIC_RUIN_MANIAC,,platinum_trainer_index=113; source=res/trainers/data/ruin_maniac_bryan.json; map_refs=route_214; matched_map=route_214,9,5,
TRAINER_RUIN_MANIAC_RONALD,RONALD,TRAINER_CLASS_RUIN_MANIAC,205,,,,TRAINER_PIC_RUIN_MANIAC,,platinum_trainer_index=114; source=res/trainers/data/ruin_maniac_ronald.json; map_refs=route_214; matched_map=route_214,9,5,
TRAINER_DUMMY_115,MICKEY,TRAINER_CLASS_HIKER,,,,,TRAINER_PIC_HIKER,,platinum_trainer_index=115; source=res/trainers/data/dummy_115.json; location_unpaired=true,9,5,
TRAINER_DUMMY_116,MICKEY,TRAINER_CLASS_VETERAN,,,,,TRAINER_PIC_VETERAN,,platinum_trainer_index=116; source=res/trainers/data/dummy_116.json; location_unpaired=true,9,5,
TRAINER_DUMMY_117,MICKEY,TRAINER_CLASS_CAMPER,,,,,TRAINER_PIC_CAMPER,,platinum_trainer_index=117; source=res/trainers/data/dummy_117.json; location_unpaired=true,9,5,
TRAINER_DUMMY_118,ANGELICA,TRAINER_CLASS_PICNICKER,,,,,TRAINER_PIC_PICNICKER,,platinum_trainer_index=118; source=res/trainers/data/dummy_118.json; location_unpaired=true,9,5,
TRAINER_PSYCHIC_MITCHELL,MITCHELL,TRAINER_CLASS_PSYCHIC_MALE,205,,,,TRAINER_PIC_PSYCHIC_MALE,,platinum_trainer_index=119; source=res/trainers/data/psychic_mitchell.json; map_refs=route_214; matched_map=route_214,9,5,
TRAINER_PSYCHIC_ABIGAIL,ABIGAIL,TRAINER_CLASS_PSYCHIC_FEMALE,205,,,,TRAINER_PIC_PSYCHIC_FEMALE,,platinum_trainer_index=120; source=res/trainers/data/psychic_abigail.json; map_refs=route_214; matched_map=route_214,9,5,
TRAINER_PI_CARLOS,CARLOS,TRAINER_CLASS_PI,205,,,,TRAINER_PIC_PI,,platinum_trainer_index=121; source=res/trainers/data/pi_carlos.json; map_refs=route_214; matched_map=route_214,9,5,
TRAINER_DUMMY_122,MICKEY,TRAINER_CLASS_GUITARIST,,,,,TRAINER_PIC_GUITARIST,,platinum_trainer_index=122; source=res/trainers/data/dummy_122.json; location_unpaired=true,9,5,
TRAINER_DUMMY_123,MICKEY,TRAINER_CLASS_PI,,,,,TRAINER_PIC_PI,,platinum_trainer_index=123; source=res/trainers/data/dummy_123.json; location_unpaired=true,9,5,
TRAINER_DUMMY_124,ANGELICA,TRAINER_CLASS_BEAUTY,,,,,TRAINER_PIC_BEAUTY,,platinum_trainer_index=124; source=res/trainers/data/dummy_124.json; location_unpaired=true,9,5,
TRAINER_DUMMY_125,ANGELICA,TRAINER_CLASS_BEAUTY,,,,,TRAINER_PIC_BEAUTY,,platinum_trainer_index=125; source=res/trainers/data/dummy_125.json; location_unpaired=true,9,5,
TRAINER_DUMMY_126,MICKEY,TRAINER_CLASS_BLACK_BELT,,,,,TRAINER_PIC_BLACK_BELT,,platinum_trainer_index=126; source=res/trainers/data/dummy_126.json; location_unpaired=true,9,5,
TRAINER_BLACK_BELT_GREGORY,GREGORY,TRAINER_CLASS_BLACK_BELT,196,,,,TRAINER_PIC_BLACK_BELT,,platinum_trainer_index=127; source=res/trainers/data/black_belt_gregory.json; map_refs=route_215; matched_map=route_215,9,5,
TRAINER_BLACK_BELT_DEREK,DEREK,TRAINER_CLASS_BLACK_BELT,196,,,,TRAINER_PIC_BLACK_BELT,,platinum_trainer_index=128; source=res/trainers/data/black_belt_derek.json; map_refs=route_215; matched_map=route_215,9,5,
TRAINER_BLACK_BELT_NATHANIEL,NATHANIEL,TRAINER_CLASS_BLACK_BELT,196,,,,TRAINER_PIC_BLACK_BELT,,platinum_trainer_index=129; source=res/trainers/data/black_belt_nathaniel.json; map_refs=route_215; matched_map=route_215,9,5,
TRAINER_JOGGER_SCOTT,SCOTT,TRAINER_CLASS_JOGGER,196,,,,TRAINER_PIC_JOGGER,,platinum_trainer_index=130; source=res/trainers/data/jogger_scott.json; map_refs=route_215; matched_map=route_215,9,5,
TRAINER_DUMMY_131,ANGELICA,TRAINER_CLASS_BIRD_KEEPER,,,,,TRAINER_PIC_BIRD_KEEPER,,platinum_trainer_index=131; source=res/trainers/data/dummy_131.json; location_unpaired=true,9,5,
TRAINER_ACE_TRAINER_BLAKE,BLAKE,TRAINER_CLASS_ACE_TRAINER_SNOW_MALE,218,,,,TRAINER_PIC_ACE_TRAINER_SNOW_MALE,,platinum_trainer_index=132; source=res/trainers/data/ace_trainer_blake.json; map_refs=route_216; matched_map=route_216,9,5,
TRAINER_ACE_TRAINER_GARRETT,GARRETT,TRAINER_CLASS_ACE_TRAINER_SNOW_MALE,218,,,,TRAINER_PIC_ACE_TRAINER_SNOW_MALE,,platinum_trainer_index=133; source=res/trainers/data/ace_trainer_garrett.json; map_refs=route_216; matched_map=route_216,9,5,
TRAINER_ACE_TRAINER_LAURA,LAURA,TRAINER_CLASS_ACE_TRAINER_SNOW_FEMALE,218,,,,TRAINER_PIC_ACE_TRAINER_SNOW_FEMALE,,platinum_trainer_index=134; source=res/trainers/data/ace_trainer_laura.json; map_refs=route_216; matched_map=route_216,9,5,
TRAINER_ACE_TRAINER_MARIA,MARIA,TRAINER_CLASS_ACE_TRAINER_SNOW_FEMALE,218,,,,TRAINER_PIC_ACE_TRAINER_SNOW_FEMALE,,platinum_trainer_index=135; source=res/trainers/data/ace_trainer_maria.json; map_refs=route_216; matched_map=route_216,9,5,
TRAINER_SKIER_BRADLEY,BRADLEY,TRAINER_CLASS_SKIER_MALE,218,,,,TRAINER_PIC_SKIER_MALE,,platinum_trainer_index=136; source=res/trainers/data/skier_bradley.json; map_refs=route_216; matched_map=route_216,9,5,
TRAINER_SKIER_EDWARD,EDWARD,TRAINER_CLASS_SKIER_MALE,218,,,,TRAINER_PIC_SKIER_MALE,,platinum_trainer_index=137; source=res/trainers/data/skier_edward.json; map_refs=route_216; matched_map=route_216,9,5,
TRAINER_SKIER_KAITLYN,KAITLYN,TRAINER_CLASS_SKIER_FEMALE,218,,,,TRAINER_PIC_SKIER_FEMALE,,platinum_trainer_index=138; source=res/trainers/data/skier_kaitlyn.json; map_refs=route_216; matched_map=route_216,9,5,
TRAINER_SKIER_ANDREA,ANDREA,TRAINER_CLASS_SKIER_FEMALE,218,,,,TRAINER_PIC_SKIER_FEMALE,,platinum_trainer_index=139; source=res/trainers/data/skier_andrea.json; map_refs=route_216; matched_map=route_216,9,5,
TRAINER_ACE_TRAINER_DALTON,DALTON,TRAINER_CLASS_ACE_TRAINER_SNOW_MALE,219,,,,TRAINER_PIC_ACE_TRAINER_SNOW_MALE,,platinum_trainer_index=140; source=res/trainers/data/ace_trainer_dalton.json; map_refs=route_217; matched_map=route_217,9,5,
TRAINER_ACE_TRAINER_OLIVIA,OLIVIA,TRAINER_CLASS_ACE_TRAINER_SNOW_FEMALE,219,,,,TRAINER_PIC_ACE_TRAINER_SNOW_FEMALE,,platinum_trainer_index=141; source=res/trainers/data/ace_trainer_olivia.json; map_refs=route_217; matched_map=route_217,9,5,
TRAINER_SKIER_SHAWN,SHAWN,TRAINER_CLASS_SKIER_MALE,219,,,,TRAINER_PIC_SKIER_MALE,,platinum_trainer_index=142; source=res/trainers/data/skier_shawn.json; map_refs=route_217; matched_map=route_217,9,5,
TRAINER_SKIER_BJORN,BJORN,TRAINER_CLASS_SKIER_MALE,219,,,,TRAINER_PIC_SKIER_MALE,,platinum_trainer_index=143; source=res/trainers/data/skier_bjorn.json; map_refs=route_217; matched_map=route_217,9,5,
TRAINER_SKIER_LEXIE,LEXIE,TRAINER_CLASS_SKIER_FEMALE,219,,,,TRAINER_PIC_SKIER_FEMALE,,platinum_trainer_index=144; source=res/trainers/data/skier_lexie.json; map_refs=route_217; matched_map=route_217,9,5,
TRAINER_SKIER_MADISON,MADISON,TRAINER_CLASS_SKIER_FEMALE,219,,,,TRAINER_PIC_SKIER_FEMALE,,platinum_trainer_index=145; source=res/trainers/data/skier_madison.json; map_refs=route_217; matched_map=route_217,9,5,
TRAINER_NINJA_BOY_MATTHEW,MATTHEW,TRAINER_CLASS_NINJA_BOY,219,,,,TRAINER_PIC_NINJA_BOY,,platinum_trainer_index=146; source=res/trainers/data/ninja_boy_matthew.json; map_refs=route_217; matched_map=route_217,9,5,
TRAINER_NINJA_BOY_ETHAN,ETHAN,TRAINER_CLASS_NINJA_BOY,219,,,,TRAINER_PIC_NINJA_BOY,,platinum_trainer_index=147; source=res/trainers/data/ninja_boy_ethan.json; map_refs=route_217; matched_map=route_217,9,5,
TRAINER_BLACK_BELT_LUKE,LUKE,TRAINER_CLASS_BLACK_BELT,219,,,,TRAINER_PIC_BLACK_BELT,,platinum_trainer_index=148; source=res/trainers/data/black_belt_luke.json; map_refs=route_217; matched_map=route_217,9,5,
TRAINER_DUMMY_149,MICKEY,TRAINER_CLASS_SWIMMER_MALE,,,,,TRAINER_PIC_SWIMMER_MALE,,platinum_trainer_index=149; source=res/trainers/data/dummy_149.json; location_unpaired=true,9,5,
TRAINER_DUMMY_150,MICKEY,TRAINER_CLASS_SWIMMER_MALE,,,,,TRAINER_PIC_SWIMMER_MALE,,platinum_trainer_index=150; source=res/trainers/data/dummy_150.json; location_unpaired=true,9,5,
TRAINER_DUMMY_151,ANGELICA,TRAINER_CLASS_SWIMMER_FEMALE,,,,,TRAINER_PIC_SWIMMER_FEMALE,,platinum_trainer_index=151; source=res/trainers/data/dummy_151.json; location_unpaired=true,9,5,
TRAINER_DUMMY_152,ANGELICA,TRAINER_CLASS_SWIMMER_FEMALE,,,,,TRAINER_PIC_SWIMMER_FEMALE,,platinum_trainer_index=152; source=res/trainers/data/dummy_152.json; location_unpaired=true,9,5,
TRAINER_FISHERMAN_MIGUEL,MIGUEL,TRAINER_CLASS_FISHERMAN,214,,,,TRAINER_PIC_FISHERMAN,,platinum_trainer_index=153; source=res/trainers/data/fisherman_miguel.json; map_refs=route_218; matched_map=route_218,9,5,
TRAINER_FISHERMAN_LUC,LUC,TRAINER_CLASS_FISHERMAN,214,,,,TRAINER_PIC_FISHERMAN,,platinum_trainer_index=154; source=res/trainers/data/fisherman_luc.json; map_refs=route_218; matched_map=route_218,9,5,
TRAINER_DUMMY_155,TARA & TIM,TRAINER_CLASS_SIS_AND_BRO,,,,,TRAINER_PIC_SIS_AND_BRO,True,platinum_trainer_index=155; source=res/trainers/data/dummy_155.json; location_unpaired=true,9,5,
TRAINER_DUMMY_156,MICKEY,TRAINER_CLASS_SWIMMER_MALE,,,,,TRAINER_PIC_SWIMMER_MALE,,platinum_trainer_index=156; source=res/trainers/data/dummy_156.json; location_unpaired=true,9,5,
TRAINER_DUMMY_157,MICKEY,TRAINER_CLASS_SWIMMER_MALE,,,,,TRAINER_PIC_SWIMMER_MALE,,platinum_trainer_index=157; source=res/trainers/data/dummy_157.json; location_unpaired=true,9,5,
TRAINER_DUMMY_158,ANGELICA,TRAINER_CLASS_SWIMMER_FEMALE,,,,,TRAINER_PIC_SWIMMER_FEMALE,,platinum_trainer_index=158; source=res/trainers/data/dummy_158.json; location_unpaired=true,9,5,
TRAINER_SWIMMER_ADRIAN,ADRIAN,TRAINER_CLASS_SWIMMER_MALE,211,,,,TRAINER_PIC_SWIMMER_MALE,,platinum_trainer_index=159; source=res/trainers/data/swimmer_adrian.json; map_refs=route_220; matched_map=route_220,9,5,
TRAINER_SWIMMER_ERIK,ERIK,TRAINER_CLASS_SWIMMER_MALE,211,,,,TRAINER_PIC_SWIMMER_MALE,,platinum_trainer_index=160; source=res/trainers/data/swimmer_erik.json; map_refs=route_220; matched_map=route_220,9,5,
TRAINER_SWIMMER_VINCENT,VINCENT,TRAINER_CLASS_SWIMMER_MALE,211,,,,TRAINER_PIC_SWIMMER_MALE,,platinum_trainer_index=161; source=res/trainers/data/swimmer_vincent.json; map_refs=route_220; matched_map=route_220,9,5,
TRAINER_SWIMMER_JESSICA,JESSICA,TRAINER_CLASS_SWIMMER_FEMALE,211,,,,TRAINER_PIC_SWIMMER_FEMALE,,platinum_trainer_index=162; source=res/trainers/data/swimmer_jessica.json; map_refs=route_220; matched_map=route_220,9,5,
TRAINER_SWIMMER_ERICA,ERICA,TRAINER_CLASS_SWIMMER_FEMALE,211,,,,TRAINER_PIC_SWIMMER_FEMALE,,platinum_trainer_index=163; source=res/trainers/data/swimmer_erica.json; map_refs=route_220; matched_map=route_220,9,5,
TRAINER_SWIMMER_KATELYN,KATELYN,TRAINER_CLASS_SWIMMER_FEMALE,211,,,,TRAINER_PIC_SWIMMER_FEMALE,,platinum_trainer_index=164; source=res/trainers/data/swimmer_katelyn.json; map_refs=route_220; matched_map=route_220,9,5,
TRAINER_DUMMY_165,TARA & TIM,TRAINER_CLASS_SIS_AND_BRO,,,,,TRAINER_PIC_SIS_AND_BRO,True,platinum_trainer_index=165; source=res/trainers/data/dummy_165.json; location_unpaired=true,9,5,
TRAINER_SWIMMER_DILLON,DILLON,TRAINER_CLASS_SWIMMER_MALE,213,,,,TRAINER_PIC_SWIMMER_MALE,,platinum_trainer_index=166; source=res/trainers/data/swimmer_dillon.json; map_refs=route_221; matched_map=route_221,9,5,
TRAINER_SWIMMER_VANESSA,VANESSA,TRAINER_CLASS_SWIMMER_FEMALE,213,,,,TRAINER_PIC_SWIMMER_FEMALE,,platinum_trainer_index=167; source=res/trainers/data/swimmer_vanessa.json; map_refs=route_221; matched_map=route_221,9,5,
TRAINER_FISHERMAN_CORY,CORY,TRAINER_CLASS_FISHERMAN,213,,,,TRAINER_PIC_FISHERMAN,,platinum_trainer_index=168; source=res/trainers/data/fisherman_cory.json; map_refs=route_221; matched_map=route_221,9,5,
TRAINER_DUMMY_169,MICKEY,TRAINER_CLASS_RUIN_MANIAC,,,,,TRAINER_PIC_RUIN_MANIAC,,platinum_trainer_index=169; source=res/trainers/data/dummy_169.json; location_unpaired=true,9,5,
TRAINER_ACE_TRAINER_JAKE,JAKE,TRAINER_CLASS_ACE_TRAINER_MALE,213,,,,TRAINER_PIC_ACE_TRAINER_MALE,,platinum_trainer_index=170; source=res/trainers/data/ace_trainer_jake.json; map_refs=route_221; matched_map=route_221,9,5,
TRAINER_ACE_TRAINER_SHANNON,SHANNON,TRAINER_CLASS_ACE_TRAINER_FEMALE,213,,,,TRAINER_PIC_ACE_TRAINER_FEMALE,,platinum_trainer_index=171; source=res/trainers/data/ace_trainer_shannon.json; map_refs=route_221; matched_map=route_221,9,5,
TRAINER_FISHERMAN_BRETT,BRETT,TRAINER_CLASS_FISHERMAN,223,,,,TRAINER_PIC_FISHERMAN,,platinum_trainer_index=172; source=res/trainers/data/fisherman_brett.json; map_refs=route_222; matched_map=route_222,9,5,
TRAINER_FISHERMAN_ALEC,ALEC,TRAINER_CLASS_FISHERMAN,223,,,,TRAINER_PIC_FISHERMAN,,platinum_trainer_index=173; source=res/trainers/data/fisherman_alec.json; map_refs=route_222; matched_map=route_222,9,5,
TRAINER_FISHERMAN_GEORGE,GEORGE,TRAINER_CLASS_FISHERMAN,223,,,,TRAINER_PIC_FISHERMAN,,platinum_trainer_index=174; source=res/trainers/data/fisherman_george.json; map_refs=route_222; matched_map=route_222,9,5,
TRAINER_FISHERMAN_COLE,COLE,TRAINER_CLASS_FISHERMAN,223,,,,TRAINER_PIC_FISHERMAN,,platinum_trainer_index=175; source=res/trainers/data/fisherman_cole.json; map_refs=route_222; matched_map=route_222,9,5,
TRAINER_DUMMY_176,MICKEY,TRAINER_CLASS_ROUGHNECK,,,,,TRAINER_PIC_ROUGHNECK,,platinum_trainer_index=176; source=res/trainers/data/dummy_176.json; location_unpaired=true,9,5,
TRAINER_DUMMY_177,MICKEY,TRAINER_CLASS_ROUGHNECK,,,,,TRAINER_PIC_ROUGHNECK,,platinum_trainer_index=177; source=res/trainers/data/dummy_177.json; location_unpaired=true,9,5,
TRAINER_DUMMY_178,MICKEY,TRAINER_CLASS_GUITARIST,,,,,TRAINER_PIC_GUITARIST,,platinum_trainer_index=178; source=res/trainers/data/dummy_178.json; location_unpaired=true,9,5,
TRAINER_DUMMY_179,MICKEY,TRAINER_CLASS_CLOWN,,,,,TRAINER_PIC_CLOWN,,platinum_trainer_index=179; source=res/trainers/data/dummy_179.json; location_unpaired=true,9,5,
TRAINER_SAILOR_LUTHER,LUTHER,TRAINER_CLASS_SAILOR,223,,,,TRAINER_PIC_SAILOR,,platinum_trainer_index=180; source=res/trainers/data/sailor_luther.json; map_refs=route_222; matched_map=route_222,9,5,
TRAINER_DUMMY_181,MICKEY,TRAINER_CLASS_ARTIST,,,,,TRAINER_PIC_ARTIST,,platinum_trainer_index=181; source=res/trainers/data/dummy_181.json; location_unpaired=true,9,5,
TRAINER_DUMMY_182,TARA & TIM,TRAINER_CLASS_YOUNG_COUPLE,,,,,TRAINER_PIC_YOUNG_COUPLE,True,platinum_trainer_index=182; source=res/trainers/data/dummy_182.json; location_unpaired=true,9,5,
TRAINER_SWIMMER_WESLEY,WESLEY,TRAINER_CLASS_SWIMMER_MALE,225,,,,TRAINER_PIC_SWIMMER_MALE,,platinum_trainer_index=183; source=res/trainers/data/swimmer_wesley.json; map_refs=route_223; matched_map=route_223,9,5,
TRAINER_SWIMMER_RICARDO,RICARDO,TRAINER_CLASS_SWIMMER_MALE,225,,,,TRAINER_PIC_SWIMMER_MALE,,platinum_trainer_index=184; source=res/trainers/data/swimmer_ricardo.json; map_refs=route_223; matched_map=route_223,9,5,
TRAINER_SWIMMER_FRANCISCO,FRANCISCO,TRAINER_CLASS_SWIMMER_MALE,225,,,,TRAINER_PIC_SWIMMER_MALE,,platinum_trainer_index=185; source=res/trainers/data/swimmer_francisco.json; map_refs=route_223; matched_map=route_223,9,5,
TRAINER_SWIMMER_COLTON,COLTON,TRAINER_CLASS_SWIMMER_MALE,225,,,,TRAINER_PIC_SWIMMER_MALE,,platinum_trainer_index=186; source=res/trainers/data/swimmer_colton.json; map_refs=route_223; matched_map=route_223,9,5,
TRAINER_SWIMMER_TROY,TROY,TRAINER_CLASS_SWIMMER_MALE,225,,,,TRAINER_PIC_SWIMMER_MALE,,platinum_trainer_index=187; source=res/trainers/data/swimmer_troy.json; map_refs=route_223; matched_map=route_223,9,5,
TRAINER_SWIMMER_OSCAR,OSCAR,TRAINER_CLASS_SWIMMER_MALE,225,,,,TRAINER_PIC_SWIMMER_MALE,,platinum_trainer_index=188; source=res/trainers/data/swimmer_oscar.json; map_refs=route_223; matched_map=route_223,9,5,
TRAINER_SWIMMER_MIRANDA,MIRANDA,TRAINER_CLASS_SWIMMER_FEMALE,225,,,,TRAINER_PIC_SWIMMER_FEMALE,,platinum_trainer_index=189; source=res/trainers/data/swimmer_miranda.json; map_refs=route_223; matched_map=route_223,9,5,
TRAINER_SWIMMER_AUBREE,AUBREE,TRAINER_CLASS_SWIMMER_FEMALE,225,,,,TRAINER_PIC_SWIMMER_FEMALE,,platinum_trainer_index=190; source=res/trainers/data/swimmer_aubree.json; map_refs=route_223; matched_map=route_223,9,5,
TRAINER_SWIMMER_PAIGE,PAIGE,TRAINER_CLASS_SWIMMER_FEMALE,225,,,,TRAINER_PIC_SWIMMER_FEMALE,,platinum_trainer_index=191; source=res/trainers/data/swimmer_paige.json; map_refs=route_223; matched_map=route_223,9,5,
TRAINER_SWIMMER_CRYSTAL,CRYSTAL,TRAINER_CLASS_SWIMMER_FEMALE,225,,,,TRAINER_PIC_SWIMMER_FEMALE,,platinum_trainer_index=192; source=res/trainers/data/swimmer_crystal.json; map_refs=route_223; matched_map=route_223,9,5,
TRAINER_SWIMMER_CASSANDRA,CASSANDRA,TRAINER_CLASS_SWIMMER_FEMALE,225,,,,TRAINER_PIC_SWIMMER_FEMALE,,platinum_trainer_index=193; source=res/trainers/data/swimmer_cassandra.json; map_refs=route_223; matched_map=route_223,9,5,
TRAINER_SWIMMER_GABRIELLE,GABRIELLE,TRAINER_CLASS_SWIMMER_FEMALE,225,,,,TRAINER_PIC_SWIMMER_FEMALE,,platinum_trainer_index=194; source=res/trainers/data/swimmer_gabrielle.json; map_refs=route_223; matched_map=route_223,9,5,
TRAINER_WORKER_COLIN,COLIN,TRAINER_CLASS_WORKER,177,,,,TRAINER_PIC_WORKER,,platinum_trainer_index=195; source=res/trainers/data/worker_colin.json; map_refs=oreburgh_mine_b2f; matched_map=oreburgh_mine_b2f,9,5,
TRAINER_WORKER_MASON,MASON,TRAINER_CLASS_WORKER,177,,,,TRAINER_PIC_WORKER,,platinum_trainer_index=196; source=res/trainers/data/worker_mason.json; map_refs=oreburgh_mine_b2f; matched_map=oreburgh_mine_b2f,9,5,
TRAINER_DUMMY_197,MICKEY,TRAINER_CLASS_WORKER,,,,,TRAINER_PIC_WORKER,,platinum_trainer_index=197; source=res/trainers/data/dummy_197.json; location_unpaired=true,9,5,
TRAINER_DUMMY_198,MICKEY,TRAINER_CLASS_SCIENTIST,,,,,TRAINER_PIC_SCIENTIST,,platinum_trainer_index=198; source=res/trainers/data/dummy_198.json; location_unpaired=true,9,5,
TRAINER_DUMMY_199,MICKEY,TRAINER_CLASS_SCIENTIST,,,,,TRAINER_PIC_SCIENTIST,,platinum_trainer_index=199; source=res/trainers/data/dummy_199.json; location_unpaired=true,9,5,
TRAINER_DUMMY_200,MICKEY,TRAINER_CLASS_SCIENTIST,,,,,TRAINER_PIC_SCIENTIST,,platinum_trainer_index=200; source=res/trainers/data/dummy_200.json; location_unpaired=true,9,5,
TRAINER_BUG_CATCHER_JACK,JACK,TRAINER_CLASS_BUG_CATCHER,184,,,,TRAINER_PIC_BUG_CATCHER,,platinum_trainer_index=201; source=res/trainers/data/bug_catcher_jack.json; map_refs=eterna_forest; matched_map=eterna_forest,9,5,
TRAINER_BUG_CATCHER_PHILLIP,PHILLIP,TRAINER_CLASS_BUG_CATCHER,184,,,,TRAINER_PIC_BUG_CATCHER,,platinum_trainer_index=202; source=res/trainers/data/bug_catcher_phillip.json; map_refs=eterna_forest; matched_map=eterna_forest,9,5,
TRAINER_BUG_CATCHER_DONALD,DONALD,TRAINER_CLASS_BUG_CATCHER,184,,,,TRAINER_PIC_BUG_CATCHER,,platinum_trainer_index=203; source=res/trainers/data/bug_catcher_donald.json; map_refs=eterna_forest; matched_map=eterna_forest,9,5,
TRAINER_LASS_BRIANA,BRIANA,TRAINER_CLASS_LASS,184,,,,TRAINER_PIC_LASS,,platinum_trainer_index=204; source=res/trainers/data/lass_briana.json; map_refs=eterna_forest; matched_map=eterna_forest,9,5,
TRAINER_PSYCHIC_ELIJAH,ELIJAH,TRAINER_CLASS_PSYCHIC_MALE,184,,,,TRAINER_PIC_PSYCHIC_MALE,,platinum_trainer_index=205; source=res/trainers/data/psychic_elijah.json; map_refs=eterna_forest; matched_map=eterna_forest,9,5,
TRAINER_PSYCHIC_LINDSEY,LINDSEY,TRAINER_CLASS_PSYCHIC_FEMALE,184,,,,TRAINER_PIC_PSYCHIC_FEMALE,,platinum_trainer_index=206; source=res/trainers/data/psychic_lindsey.json; map_refs=eterna_forest; matched_map=eterna_forest,9,5,
TRAINER_DUMMY_207,TARA & TIM,TRAINER_CLASS_YOUNG_COUPLE,,,,,TRAINER_PIC_YOUNG_COUPLE,True,platinum_trainer_index=207; source=res/trainers/data/dummy_207.json; location_unpaired=true,9,5,
TRAINER_DUMMY_208,MICKEY,TRAINER_CLASS_WORKER,,,,,TRAINER_PIC_WORKER,,platinum_trainer_index=208; source=res/trainers/data/dummy_208.json; location_unpaired=true,9,5,
TRAINER_DUMMY_209,MICKEY,TRAINER_CLASS_WORKER,,,,,TRAINER_PIC_WORKER,,platinum_trainer_index=209; source=res/trainers/data/dummy_209.json; location_unpaired=true,9,5,
TRAINER_DUMMY_210,MICKEY,TRAINER_CLASS_WORKER,,,,,TRAINER_PIC_WORKER,,platinum_trainer_index=210; source=res/trainers/data/dummy_210.json; location_unpaired=true,9,5,
TRAINER_DUMMY_211,MICKEY,TRAINER_CLASS_ACE_TRAINER_SNOW_MALE,,,,,TRAINER_PIC_ACE_TRAINER_SNOW_MALE,,platinum_trainer_index=211; source=res/trainers/data/dummy_211.json; location_unpaired=true,9,5,
TRAINER_DUMMY_212,MICKEY,TRAINER_CLASS_ACE_TRAINER_SNOW_MALE,,,,,TRAINER_PIC_ACE_TRAINER_SNOW_MALE,,platinum_trainer_index=212; source=res/trainers/data/dummy_212.json; location_unpaired=true,9,5,
TRAINER_DUMMY_213,ANGELICA,TRAINER_CLASS_ACE_TRAINER_SNOW_FEMALE,,,,,TRAINER_PIC_ACE_TRAINER_SNOW_FEMALE,,platinum_trainer_index=213; source=res/trainers/data/dummy_213.json; location_unpaired=true,9,5,
TRAINER_DUMMY_214,ANGELICA,TRAINER_CLASS_ACE_TRAINER_SNOW_FEMALE,,,,,TRAINER_PIC_ACE_TRAINER_SNOW_FEMALE,,platinum_trainer_index=214; source=res/trainers/data/dummy_214.json; location_unpaired=true,9,5,
TRAINER_DUMMY_215,MICKEY,TRAINER_CLASS_VETERAN,,,,,TRAINER_PIC_VETERAN,,platinum_trainer_index=215; source=res/trainers/data/dummy_215.json; location_unpaired=true,9,5,
TRAINER_DUMMY_216,MICKEY,TRAINER_CLASS_VETERAN,,,,,TRAINER_PIC_VETERAN,,platinum_trainer_index=216; source=res/trainers/data/dummy_216.json; location_unpaired=true,9,5,
TRAINER_DUMMY_217,MICKEY,TRAINER_CLASS_PSYCHIC_MALE,,,,,TRAINER_PIC_PSYCHIC_MALE,,platinum_trainer_index=217; source=res/trainers/data/dummy_217.json; location_unpaired=true,9,5,
TRAINER_DUMMY_218,ANGELICA,TRAINER_CLASS_PSYCHIC_FEMALE,,,,,TRAINER_PIC_PSYCHIC_FEMALE,,platinum_trainer_index=218; source=res/trainers/data/dummy_218.json; location_unpaired=true,9,5,
TRAINER_DUMMY_219,MICKEY,TRAINER_CLASS_DRAGON_TAMER,,,,,TRAINER_PIC_DRAGON_TAMER,,platinum_trainer_index=219; source=res/trainers/data/dummy_219.json; location_unpaired=true,9,5,
TRAINER_DUMMY_220,MICKEY,TRAINER_CLASS_SAILOR,,,,,TRAINER_PIC_SAILOR,,platinum_trainer_index=220; source=res/trainers/data/dummy_220.json; location_unpaired=true,9,5,
TRAINER_DUMMY_221,MICKEY,TRAINER_CLASS_SCHOOL_KID_MALE,,,,,TRAINER_PIC_SCHOOL_KID_MALE,,platinum_trainer_index=221; source=res/trainers/data/dummy_221.json; location_unpaired=true,9,5,
TRAINER_DUMMY_222,ANGELICA,TRAINER_CLASS_SCHOOL_KID_FEMALE,,,,,TRAINER_PIC_SCHOOL_KID_FEMALE,,platinum_trainer_index=222; source=res/trainers/data/dummy_222.json; location_unpaired=true,9,5,
TRAINER_DUMMY_223,TARA & TIM,TRAINER_CLASS_YOUNG_COUPLE,,,,,TRAINER_PIC_YOUNG_COUPLE,True,platinum_trainer_index=223; source=res/trainers/data/dummy_223.json; location_unpaired=true,9,5,
TRAINER_ACE_TRAINER_OMAR,OMAR,TRAINER_CLASS_ACE_TRAINER_MALE,48,,,,TRAINER_PIC_ACE_TRAINER_MALE,,platinum_trainer_index=224; source=res/trainers/data/ace_trainer_omar.json; map_refs=victory_road_2f; matched_map=victory_road_2f,9,5,
TRAINER_ACE_TRAINER_HENRY,HENRY,TRAINER_CLASS_ACE_TRAINER_MALE,48,,,,TRAINER_PIC_ACE_TRAINER_MALE,,platinum_trainer_index=225; source=res/trainers/data/ace_trainer_henry.json; map_refs=victory_road_b1f; matched_map=victory_road_b1f,9,5,
TRAINER_ACE_TRAINER_MARIAH,MARIAH,TRAINER_CLASS_ACE_TRAINER_FEMALE,48,,,,TRAINER_PIC_ACE_TRAINER_FEMALE,,platinum_trainer_index=226; source=res/trainers/data/ace_trainer_mariah.json; map_refs=victory_road_1f; matched_map=victory_road_1f,9,5,
TRAINER_ACE_TRAINER_SYDNEY,SYDNEY,TRAINER_CLASS_ACE_TRAINER_FEMALE,48,,,,TRAINER_PIC_ACE_TRAINER_FEMALE,,platinum_trainer_index=227; source=res/trainers/data/ace_trainer_sydney.json; map_refs=victory_road_2f; matched_map=victory_road_2f,9,5,
TRAINER_VETERAN_EDGAR,EDGAR,TRAINER_CLASS_VETERAN,48,,,,TRAINER_PIC_VETERAN,,platinum_trainer_index=228; source=res/trainers/data/veteran_edgar.json; map_refs=victory_road_1f; matched_map=victory_road_1f,9,5,
TRAINER_VETERAN_CLAYTON,CLAYTON,TRAINER_CLASS_VETERAN,48,,,,TRAINER_PIC_VETERAN,,platinum_trainer_index=229; source=res/trainers/data/veteran_clayton.json; map_refs=victory_road_2f; matched_map=victory_road_2f,9,5,
TRAINER_DRAGON_TAMER_ONDREJ,ONDREJ,TRAINER_CLASS_DRAGON_TAMER,48,,,,TRAINER_PIC_DRAGON_TAMER,,platinum_trainer_index=230; source=res/trainers/data/dragon_tamer_ondrej.json; map_refs=victory_road_b1f; matched_map=victory_road_b1f,9,5,
TRAINER_DRAGON_TAMER_CLINTON,CLINTON,TRAINER_CLASS_DRAGON_TAMER,48,,,,TRAINER_PIC_DRAGON_TAMER,,platinum_trainer_index=231; source=res/trainers/data/dragon_tamer_clinton.json; map_refs=victory_road_1f; matched_map=victory_road_1f,9,5,
TRAINER_BLACK_BELT_DAVID,DAVID,TRAINER_CLASS_BLACK_BELT,215,,,,TRAINER_PIC_BLACK_BELT,,platinum_trainer_index=232; source=res/trainers/data/black_belt_david.json; map_refs=canalave_city_gym; matched_map=canalave_city_gym,9,5,
TRAINER_BIRD_KEEPER_HANA,HANA,TRAINER_CLASS_BIRD_KEEPER,48,,,,TRAINER_PIC_BIRD_KEEPER,,platinum_trainer_index=233; source=res/trainers/data/bird_keeper_hana.json; map_refs=victory_road_1f; matched_map=victory_road_1f,9,5,
TRAINER_PSYCHIC_BRYCE,BRYCE,TRAINER_CLASS_PSYCHIC_MALE,48,,,,TRAINER_PIC_PSYCHIC_MALE,,platinum_trainer_index=234; source=res/trainers/data/psychic_bryce.json; map_refs=victory_road_1f; matched_map=victory_road_1f,9,5,
TRAINER_PSYCHIC_VALENCIA,VALENCIA,TRAINER_CLASS_PSYCHIC_FEMALE,48,,,,TRAINER_PIC_PSYCHIC_FEMALE,,platinum_trainer_index=235; source=res/trainers/data/psychic_valencia.json; map_refs=victory_road_b1f; matched_map=victory_road_b1f,9,5,
TRAINER_DOUBLE_TEAM_JO_AND_PAT,JO & PAT,TRAINER_CLASS_DOUBLE_TEAM,48,,,,TRAINER_PIC_DOUBLE_TEAM,True,platinum_trainer_index=236; source=res/trainers/data/double_team_jo_and_pat.json; map_refs=victory_road_b1f; matched_map=victory_road_b1f,9,5,
TRAINER_DOUBLE_TEAM_AL_AND_KAY,AL & KAY,TRAINER_CLASS_DOUBLE_TEAM,48,,,,TRAINER_PIC_DOUBLE_TEAM,True,platinum_trainer_index=237; source=res/trainers/data/double_team_al_and_kay.json; map_refs=victory_road_2f; matched_map=victory_road_2f,9,5,
TRAINER_DUMMY_238,MICKEY,TRAINER_CLASS_YOUNGSTER,,,,,TRAINER_PIC_YOUNGSTER,,platinum_trainer_index=238; source=res/trainers/data/dummy_238.json; location_unpaired=true,9,5,
TRAINER_DUMMY_239,ANGELICA,TRAINER_CLASS_LASS,,,,,TRAINER_PIC_LASS,,platinum_trainer_index=239; source=res/trainers/data/dummy_239.json; location_unpaired=true,9,5,
TRAINER_VETERAN_GRANT,GRANT,TRAINER_CLASS_VETERAN,175,,,,TRAINER_PIC_VETERAN,,platinum_trainer_index=240; source=res/trainers/data/veteran_grant.json; map_refs=oreburgh_gate_b1f; matched_map=oreburgh_gate_b1f,9,5,
TRAINER_DUMMY_241,MICKEY,TRAINER_CLASS_FISHERMAN,,,,,TRAINER_PIC_FISHERMAN,,platinum_trainer_index=241; source=res/trainers/data/dummy_241.json; location_unpaired=true,9,5,
TRAINER_DUMMY_242,MICKEY,TRAINER_CLASS_SAILOR,,,,,TRAINER_PIC_SAILOR,,platinum_trainer_index=242; source=res/trainers/data/dummy_242.json; location_unpaired=true,9,5,
TRAINER_DUMMY_243,ANGELICA,TRAINER_CLASS_BEAUTY,,,,,TRAINER_PIC_BEAUTY,,platinum_trainer_index=243; source=res/trainers/data/dummy_243.json; location_unpaired=true,9,5,
TRAINER_YOUNGSTER_JONATHON,JONATHON,TRAINER_CLASS_YOUNGSTER,176,,,,TRAINER_PIC_YOUNGSTER,,platinum_trainer_index=244; source=res/trainers/data/youngster_jonathon.json; map_refs=oreburgh_city_gym; matched_map=oreburgh_city_gym,9,5,
TRAINER_YOUNGSTER_DARIUS,DARIUS,TRAINER_CLASS_YOUNGSTER,176,,,,TRAINER_PIC_YOUNGSTER,,platinum_trainer_index=245; source=res/trainers/data/youngster_darius.json; map_refs=oreburgh_city_gym; matched_map=oreburgh_city_gym,9,5,
TRAINER_LEADER_ROARK,ROARK,TRAINER_CLASS_LEADER_ROARK,176,,,"ITEM_POTION,ITEM_POTION",TRAINER_PIC_LEADER_ROARK,,platinum_trainer_index=246; source=res/trainers/data/leader_roark.json; map_refs=oreburgh_city_gym|sunyshore_city_gym_room_3; matched_map=oreburgh_city_gym,9,5,
TRAINER_RIVAL_ROUTE_203_PIPLUP,CEDRIC,TRAINER_CLASS_RIVAL,174,,,,TRAINER_PIC_RIVAL,,platinum_trainer_index=247; source=res/trainers/data/rival_route_203_piplup.json; map_refs=route_203; matched_map=route_203,9,5,
TRAINER_RIVAL_ROUTE_203_TURTWIG,CEDRIC,TRAINER_CLASS_RIVAL,174,,,,TRAINER_PIC_RIVAL,,platinum_trainer_index=248; source=res/trainers/data/rival_route_203_turtwig.json; map_refs=route_203; matched_map=route_203,9,5,
TRAINER_RIVAL_ROUTE_203_CHIMCHAR,CEDRIC,TRAINER_CLASS_RIVAL,174,,,,TRAINER_PIC_RIVAL,,platinum_trainer_index=249; source=res/trainers/data/rival_route_203_chimchar.json; map_refs=route_203; matched_map=route_203,9,5,
TRAINER_LEADER_BYRON,BYRON,TRAINER_CLASS_LEADER_BYRON,215,,,"ITEM_HYPER_POTION,ITEM_FULL_RESTORE",TRAINER_PIC_LEADER_BYRON,,platinum_trainer_index=250; source=res/trainers/data/leader_byron.json; map_refs=canalave_city_gym; matched_map=canalave_city_gym,9,5,
TRAINER_DUMMY_251,ANGELICA,TRAINER_CLASS_ACE_TRAINER_FEMALE,,,,,TRAINER_PIC_ACE_TRAINER_FEMALE,,platinum_trainer_index=251; source=res/trainers/data/dummy_251.json; location_unpaired=true,9,5,
TRAINER_DUMMY_252,MICKEY,TRAINER_CLASS_CAMPER,,,,,TRAINER_PIC_CAMPER,,platinum_trainer_index=252; source=res/trainers/data/dummy_252.json; location_unpaired=true,9,5,
TRAINER_DUMMY_253,MICKEY,TRAINER_CLASS_CAMPER,,,,,TRAINER_PIC_CAMPER,,platinum_trainer_index=253; source=res/trainers/data/dummy_253.json; location_unpaired=true,9,5,
TRAINER_DUMMY_254,MICKEY,TRAINER_CLASS_CAMPER,,,,,TRAINER_PIC_CAMPER,,platinum_trainer_index=254; source=res/trainers/data/dummy_254.json; location_unpaired=true,9,5,
TRAINER_DUMMY_255,MICKEY,TRAINER_CLASS_CAMPER,,,,,TRAINER_PIC_CAMPER,,platinum_trainer_index=255; source=res/trainers/data/dummy_255.json; location_unpaired=true,9,5,
TRAINER_WORKER_JACKSON,JACKSON,TRAINER_CLASS_WORKER,215,,,,TRAINER_PIC_WORKER,,platinum_trainer_index=256; source=res/trainers/data/worker_jackson.json; map_refs=canalave_city_gym; matched_map=canalave_city_gym,9,5,
TRAINER_WORKER_GARY,GARY,TRAINER_CLASS_WORKER,215,,,,TRAINER_PIC_WORKER,,platinum_trainer_index=257; source=res/trainers/data/worker_gary.json; map_refs=canalave_city_gym; matched_map=canalave_city_gym,9,5,
TRAINER_BLACK_BELT_PHILIP,PHILIP,TRAINER_CLASS_BLACK_BELT,218,,,,TRAINER_PIC_BLACK_BELT,,platinum_trainer_index=258; source=res/trainers/data/black_belt_philip.json; map_refs=route_216; matched_map=route_216,9,5,
TRAINER_AROMA_LADY_JENNA,JENNA,TRAINER_CLASS_AROMA_LADY,186,,,,TRAINER_PIC_AROMA_LADY,,platinum_trainer_index=259; source=res/trainers/data/aroma_lady_jenna.json; map_refs=eterna_city_gym; matched_map=eterna_city_gym,9,5,
TRAINER_AROMA_LADY_ANGELA,ANGELA,TRAINER_CLASS_AROMA_LADY,186,,,,TRAINER_PIC_AROMA_LADY,,platinum_trainer_index=260; source=res/trainers/data/aroma_lady_angela.json; map_refs=eterna_city_gym; matched_map=eterna_city_gym,9,5,
TRAINER_ELITE_FOUR_AARON,AARON,TRAINER_CLASS_ELITE_FOUR_AARON,226,,,"ITEM_FULL_RESTORE,ITEM_FULL_RESTORE",TRAINER_PIC_ELITE_FOUR_AARON,,platinum_trainer_index=261; source=res/trainers/data/elite_four_aaron.json; map_refs=pokemon_league_aaron_room; matched_map=pokemon_league_aaron_room,9,5,
TRAINER_ELITE_FOUR_BERTHA,BERTHA,TRAINER_CLASS_ELITE_FOUR_BERTHA,226,,,"ITEM_FULL_RESTORE,ITEM_FULL_RESTORE",TRAINER_PIC_ELITE_FOUR_BERTHA,,platinum_trainer_index=262; source=res/trainers/data/elite_four_bertha.json; map_refs=pokemon_league_bertha_room; matched_map=pokemon_league_bertha_room,9,5,
TRAINER_ELITE_FOUR_FLINT,FLINT,TRAINER_CLASS_ELITE_FOUR_FLINT,226,,,"ITEM_FULL_RESTORE,ITEM_FULL_RESTORE",TRAINER_PIC_ELITE_FOUR_FLINT,,platinum_trainer_index=263; source=res/trainers/data/elite_four_flint.json; map_refs=pokemon_league_flint_room; matched_map=pokemon_league_flint_room,9,5,
TRAINER_ELITE_FOUR_LUCIAN,LUCIAN,TRAINER_CLASS_ELITE_FOUR_LUCIAN,226,,,"ITEM_FULL_RESTORE,ITEM_FULL_RESTORE",TRAINER_PIC_ELITE_FOUR_LUCIAN,,platinum_trainer_index=264; source=res/trainers/data/elite_four_lucian.json; map_refs=pokemon_league_lucian_room; matched_map=pokemon_league_lucian_room,9,5,
TRAINER_CAMPER_CURTIS,CURTIS,TRAINER_CLASS_CAMPER,175,,,,TRAINER_PIC_CAMPER,,platinum_trainer_index=265; source=res/trainers/data/camper_curtis.json; map_refs=oreburgh_gate_1f; matched_map=oreburgh_gate_1f,9,5,
TRAINER_CAMPER_DREW,DREW,TRAINER_CLASS_CAMPER,191,,,,TRAINER_PIC_CAMPER,,platinum_trainer_index=266; source=res/trainers/data/camper_drew.json; map_refs=hearthome_city_dp_gym_leader_room|hearthome_city_dp_gym_trainer_room_1|hearthome_city_gym_leader_room; matched_map=hearthome_city_dp_gym_leader_room,9,5,
TRAINER_CHAMPION_CYNTHIA,CYNTHIA,TRAINER_CLASS_CHAMPION_CYNTHIA,226,,,"ITEM_FULL_RESTORE,ITEM_FULL_RESTORE,ITEM_FULL_RESTORE,ITEM_FULL_RESTORE",TRAINER_PIC_CHAMPION_CYNTHIA,,platinum_trainer_index=267; source=res/trainers/data/champion_cynthia.json; map_refs=pokemon_league_champion_room; matched_map=pokemon_league_champion_room,9,5,
TRAINER_ACE_TRAINER_SERGIO,SERGIO,TRAINER_CLASS_ACE_TRAINER_SNOW_MALE,,,,,TRAINER_PIC_ACE_TRAINER_SNOW_MALE,,platinum_trainer_index=268; source=res/trainers/data/ace_trainer_sergio.json; map_refs=snowpoint_city_gym; location_unpaired=true,9,5,
TRAINER_ACE_TRAINER_ISAIAH,ISAIAH,TRAINER_CLASS_ACE_TRAINER_SNOW_MALE,,,,,TRAINER_PIC_ACE_TRAINER_SNOW_MALE,,platinum_trainer_index=269; source=res/trainers/data/ace_trainer_isaiah.json; map_refs=snowpoint_city_gym; location_unpaired=true,9,5,
TRAINER_ACE_TRAINER_SAVANNAH,SAVANNAH,TRAINER_CLASS_ACE_TRAINER_SNOW_FEMALE,,,,,TRAINER_PIC_ACE_TRAINER_SNOW_FEMALE,,platinum_trainer_index=270; source=res/trainers/data/ace_trainer_savannah.json; map_refs=snowpoint_city_gym; location_unpaired=true,9,5,
TRAINER_ACE_TRAINER_ALICIA,ALICIA,TRAINER_CLASS_ACE_TRAINER_SNOW_FEMALE,,,,,TRAINER_PIC_ACE_TRAINER_SNOW_FEMALE,,platinum_trainer_index=271; source=res/trainers/data/ace_trainer_alicia.json; map_refs=snowpoint_city_gym; location_unpaired=true,9,5,
TRAINER_COLLECTOR_DOUGLAS,DOUGLAS,TRAINER_CLASS_COLLECTOR,205,,,,TRAINER_PIC_COLLECTOR,,platinum_trainer_index=272; source=res/trainers/data/collector_douglas.json; map_refs=route_214; matched_map=route_214,9,5,
TRAINER_COLLECTOR_BRADY,BRADY,TRAINER_CLASS_COLLECTOR,205,,,,TRAINER_PIC_COLLECTOR,,platinum_trainer_index=273; source=res/trainers/data/collector_brady.json; map_refs=route_214; matched_map=route_214,9,5,
TRAINER_COLLECTOR_IVAN,IVAN,TRAINER_CLASS_COLLECTOR,213,,,,TRAINER_PIC_COLLECTOR,,platinum_trainer_index=274; source=res/trainers/data/collector_ivan.json; map_refs=route_221; matched_map=route_221,9,5,
TRAINER_COLLECTOR_FERNANDO,FERNANDO,TRAINER_CLASS_COLLECTOR,,,,,TRAINER_PIC_COLLECTOR,,platinum_trainer_index=275; source=res/trainers/data/collector_fernando.json; map_refs=cafe; location_unpaired=true,9,5,
TRAINER_COLLECTOR_EDWIN,EDWIN,TRAINER_CLASS_COLLECTOR,,,,,TRAINER_PIC_COLLECTOR,,platinum_trainer_index=276; source=res/trainers/data/collector_edwin.json; map_refs=cafe; location_unpaired=true,9,5,
TRAINER_DRAGON_TAMER_HAYDEN,HAYDEN,TRAINER_CLASS_DRAGON_TAMER,,,,,TRAINER_PIC_DRAGON_TAMER,,platinum_trainer_index=277; source=res/trainers/data/dragon_tamer_hayden.json; map_refs=route_224; location_unpaired=true,9,5,
TRAINER_ACE_TRAINER_DENNIS,DENNIS,TRAINER_CLASS_ACE_TRAINER_MALE,196,,,,TRAINER_PIC_ACE_TRAINER_MALE,,platinum_trainer_index=278; source=res/trainers/data/ace_trainer_dennis.json; map_refs=route_215; matched_map=route_215,9,5,
TRAINER_ACE_TRAINER_CESAR,CESAR,TRAINER_CLASS_ACE_TRAINER_MALE,215,,,,TRAINER_PIC_ACE_TRAINER_MALE,,platinum_trainer_index=279; source=res/trainers/data/ace_trainer_cesar.json; map_refs=canalave_city_gym; matched_map=canalave_city_gym,9,5,
TRAINER_ACE_TRAINER_ALLEN,ALLEN,TRAINER_CLASS_ACE_TRAINER_MALE,191,,,,TRAINER_PIC_ACE_TRAINER_MALE,,platinum_trainer_index=280; source=res/trainers/data/ace_trainer_allen.json; map_refs=hearthome_city_dp_gym_leader_room|hearthome_city_dp_gym_trainer_room_5|hearthome_city_gym_leader_room|hearthome_city_gym_trainer_room_2; matched_map=hearthome_city_dp_gym_leader_room,9,5,
TRAINER_ACE_TRAINER_ZACHERY,ZACHERY,TRAINER_CLASS_ACE_TRAINER_MALE,224,,,,TRAINER_PIC_ACE_TRAINER_MALE,,platinum_trainer_index=281; source=res/trainers/data/ace_trainer_zachery.json; map_refs=sunyshore_city_gym_room_3; matched_map=sunyshore_city_gym_room_3,9,5,
TRAINER_ACE_TRAINER_RUBEN,RUBEN,TRAINER_CLASS_ACE_TRAINER_MALE,,,,,TRAINER_PIC_ACE_TRAINER_MALE,,platinum_trainer_index=282; source=res/trainers/data/ace_trainer_ruben.json; map_refs=route_224; location_unpaired=true,9,5,
TRAINER_ACE_TRAINER_BREANNA,BREANNA,TRAINER_CLASS_ACE_TRAINER_FEMALE,215,,,,TRAINER_PIC_ACE_TRAINER_FEMALE,,platinum_trainer_index=283; source=res/trainers/data/ace_trainer_breanna.json; map_refs=canalave_city_gym; matched_map=canalave_city_gym,9,5,
TRAINER_ACE_TRAINER_CATHERINE,CATHERINE,TRAINER_CLASS_ACE_TRAINER_FEMALE,191,,,,TRAINER_PIC_ACE_TRAINER_FEMALE,,platinum_trainer_index=284; source=res/trainers/data/ace_trainer_catherine.json; map_refs=hearthome_city_dp_gym_leader_room|hearthome_city_dp_gym_trainer_room_6|hearthome_city_gym_leader_room|hearthome_city_gym_trainer_room_2; matched_map=hearthome_city_dp_gym_leader_room,9,5,
TRAINER_ACE_TRAINER_DESTINY,DESTINY,TRAINER_CLASS_ACE_TRAINER_FEMALE,224,,,,TRAINER_PIC_ACE_TRAINER_FEMALE,,platinum_trainer_index=285; source=res/trainers/data/ace_trainer_destiny.json; map_refs=sunyshore_city_gym_room_3; matched_map=sunyshore_city_gym_room_3,9,5,
TRAINER_ACE_TRAINER_JAMIE,JAMIE,TRAINER_CLASS_ACE_TRAINER_FEMALE,,,,,TRAINER_PIC_ACE_TRAINER_FEMALE,,platinum_trainer_index=286; source=res/trainers/data/ace_trainer_jamie.json; map_refs=route_224; location_unpaired=true,9,5,
TRAINER_ACE_TRAINER_MAYA,MAYA,TRAINER_CLASS_ACE_TRAINER_FEMALE,196,,,,TRAINER_PIC_ACE_TRAINER_FEMALE,,platinum_trainer_index=287; source=res/trainers/data/ace_trainer_maya.json; map_refs=route_215; matched_map=route_215,9,5,
TRAINER_PSYCHIC_MAXWELL,MAXWELL,TRAINER_CLASS_PSYCHIC_MALE,,,,,TRAINER_PIC_PSYCHIC_MALE,,platinum_trainer_index=288; source=res/trainers/data/psychic_maxwell.json; map_refs=route_224; location_unpaired=true,9,5,
TRAINER_PSYCHIC_BRITTNEY,BRITTNEY,TRAINER_CLASS_PSYCHIC_FEMALE,,,,,TRAINER_PIC_PSYCHIC_FEMALE,,platinum_trainer_index=289; source=res/trainers/data/psychic_brittney.json; map_refs=route_224; location_unpaired=true,9,5,
TRAINER_BELLE_AND_PA_AVA_AND_MATT,AVA & MATT,TRAINER_CLASS_BELLE_AND_PA,195,,,,TRAINER_PIC_BELLE_AND_PA,True,platinum_trainer_index=290; source=res/trainers/data/belle_and_pa_ava_and_matt.json; map_refs=route_210_south; matched_map=route_210_south,9,5,
TRAINER_DUMMY_291,MICKEY,TRAINER_CLASS_RANCHER,,,,,TRAINER_PIC_RANCHER,,platinum_trainer_index=291; source=res/trainers/data/dummy_291.json; location_unpaired=true,9,5,
TRAINER_RANCHER_MARCO,MARCO,TRAINER_CLASS_RANCHER,195,,,,TRAINER_PIC_RANCHER,,platinum_trainer_index=292; source=res/trainers/data/rancher_marco.json; map_refs=route_210_south; matched_map=route_210_south,9,5,
TRAINER_FISHERMAN_ERICK,ERICK,TRAINER_CLASS_FISHERMAN,199,,,,TRAINER_PIC_FISHERMAN,,platinum_trainer_index=293; source=res/trainers/data/fisherman_erick.json; map_refs=pastoria_city_gym; matched_map=pastoria_city_gym,9,5,
TRAINER_TWINS_EMMA_AND_LIL,EMMA & LIL,TRAINER_CLASS_TWINS,192,,,,TRAINER_PIC_TWINS,True,platinum_trainer_index=294; source=res/trainers/data/twins_emma_and_lil.json; map_refs=route_209; matched_map=route_209,9,5,
TRAINER_COMMANDER_MARS_VALLEY_WINDWORKS,MARS,TRAINER_CLASS_COMMANDER_MARS,183,,,,TRAINER_PIC_COMMANDER_MARS,,platinum_trainer_index=295; source=res/trainers/data/commander_mars_valley_windworks.json; map_refs=valley_windworks_building; matched_map=valley_windworks_building,9,5,
TRAINER_GALACTIC_GRUNT_FLOAROMA_MEADOW_1,GRUNT,TRAINER_CLASS_GALACTIC_GRUNT_MALE,181,,,,TRAINER_PIC_GALACTIC_GRUNT_MALE,,platinum_trainer_index=296; source=res/trainers/data/galactic_grunt_floaroma_meadow_1.json; map_refs=floaroma_meadow; matched_map=floaroma_meadow,9,5,
TRAINER_GALACTIC_GRUNT_FLOAROMA_MEADOW_2,GRUNT,TRAINER_CLASS_GALACTIC_GRUNT_MALE,181,,,,TRAINER_PIC_GALACTIC_GRUNT_MALE,,platinum_trainer_index=297; source=res/trainers/data/galactic_grunt_floaroma_meadow_2.json; map_refs=floaroma_meadow; matched_map=floaroma_meadow,9,5,
TRAINER_GALACTIC_GRUNT_VALLEY_WINDWORKS_2,GRUNT,TRAINER_CLASS_GALACTIC_GRUNT_MALE,183,,,,TRAINER_PIC_GALACTIC_GRUNT_MALE,,platinum_trainer_index=298; source=res/trainers/data/galactic_grunt_valley_windworks_2.json; map_refs=valley_windworks_building; matched_map=valley_windworks_building,9,5,
TRAINER_GALACTIC_GRUNT_VALLEY_WINDWORKS_3,GRUNT,TRAINER_CLASS_GALACTIC_GRUNT_MALE,183,,,,TRAINER_PIC_GALACTIC_GRUNT_MALE,,platinum_trainer_index=299; source=res/trainers/data/galactic_grunt_valley_windworks_3.json; map_refs=valley_windworks_building; matched_map=valley_windworks_building,9,5,
TRAINER_GUITARIST_TONY,TONY,TRAINER_CLASS_GUITARIST,214,,,,TRAINER_PIC_GUITARIST,,platinum_trainer_index=300; source=res/trainers/data/guitarist_tony.json; map_refs=route_218; matched_map=route_218,9,5,
TRAINER_GUITARIST_JERRY,JERRY,TRAINER_CLASS_GUITARIST,224,,,,TRAINER_PIC_GUITARIST,,platinum_trainer_index=301; source=res/trainers/data/guitarist_jerry.json; map_refs=sunyshore_city_gym_room_2|sunyshore_city_gym_room_3; matched_map=sunyshore_city_gym_room_3,9,5,
TRAINER_GUITARIST_PRESTON,PRESTON,TRAINER_CLASS_GUITARIST,224,,,,TRAINER_PIC_GUITARIST,,platinum_trainer_index=302; source=res/trainers/data/guitarist_preston.json; map_refs=sunyshore_city_gym_room_3; matched_map=sunyshore_city_gym_room_3,9,5,
TRAINER_GUITARIST_LONNIE,LONNIE,TRAINER_CLASS_GUITARIST,224,,,,TRAINER_PIC_GUITARIST,,platinum_trainer_index=303; source=res/trainers/data/guitarist_lonnie.json; map_refs=sunyshore_city_gym_room_3; matched_map=sunyshore_city_gym_room_3,9,5,
TRAINER_RUIN_MANIAC_CALVIN,CALVIN,TRAINER_CLASS_RUIN_MANIAC,196,,,,TRAINER_PIC_RUIN_MANIAC,,platinum_trainer_index=304; source=res/trainers/data/ruin_maniac_calvin.json; map_refs=route_215; matched_map=route_215,9,5,
TRAINER_RUIN_MANIAC_LARRY,LARRY,TRAINER_CLASS_RUIN_MANIAC,,,,,TRAINER_PIC_RUIN_MANIAC,,platinum_trainer_index=305; source=res/trainers/data/ruin_maniac_larry.json; map_refs=route_224; location_unpaired=true,9,5,
TRAINER_JOGGER_WYATT,WYATT,TRAINER_CLASS_JOGGER,195,,,,TRAINER_PIC_JOGGER,,platinum_trainer_index=306; source=res/trainers/data/jogger_wyatt.json; map_refs=route_210_south; matched_map=route_210_south,9,5,
TRAINER_JOGGER_CRAIG,CRAIG,TRAINER_CLASS_JOGGER,196,,,,TRAINER_PIC_JOGGER,,platinum_trainer_index=307; source=res/trainers/data/jogger_craig.json; map_refs=route_215; matched_map=route_215,9,5,
TRAINER_JOGGER_RAUL,RAUL,TRAINER_CLASS_JOGGER,192,,,,TRAINER_PIC_JOGGER,,platinum_trainer_index=308; source=res/trainers/data/jogger_raul.json; map_refs=route_209; matched_map=route_209,9,5,
TRAINER_BLACK_BELT_COLBY,COLBY,TRAINER_CLASS_BLACK_BELT,197,,,,TRAINER_PIC_BLACK_BELT,,platinum_trainer_index=309; source=res/trainers/data/black_belt_colby.json; map_refs=veilstone_city_gym; matched_map=veilstone_city_gym,9,5,
TRAINER_BLACK_BELT_DARREN,DARREN,TRAINER_CLASS_BLACK_BELT,197,,,,TRAINER_PIC_BLACK_BELT,,platinum_trainer_index=310; source=res/trainers/data/black_belt_darren.json; map_refs=veilstone_city_gym; matched_map=veilstone_city_gym,9,5,
TRAINER_BLACK_BELT_RAFAEL,RAFAEL,TRAINER_CLASS_BLACK_BELT,197,,,,TRAINER_PIC_BLACK_BELT,,platinum_trainer_index=311; source=res/trainers/data/black_belt_rafael.json; map_refs=veilstone_city_gym; matched_map=veilstone_city_gym,9,5,
TRAINER_BLACK_BELT_JEFFERY,JEFFERY,TRAINER_CLASS_BLACK_BELT,197,,,,TRAINER_PIC_BLACK_BELT,,platinum_trainer_index=312; source=res/trainers/data/black_belt_jeffery.json; map_refs=veilstone_city_gym; matched_map=veilstone_city_gym,9,5,
TRAINER_BLACK_BELT_CARL,CARL,TRAINER_CLASS_BLACK_BELT,,,,,TRAINER_PIC_BLACK_BELT,,platinum_trainer_index=313; source=res/trainers/data/black_belt_carl.json; map_refs=route_224; location_unpaired=true,9,5,
TRAINER_BLACK_BELT_RICKY,RICKY,TRAINER_CLASS_BLACK_BELT,215,,,,TRAINER_PIC_BLACK_BELT,,platinum_trainer_index=314; source=res/trainers/data/black_belt_ricky.json; map_refs=canalave_city_gym; matched_map=canalave_city_gym,9,5,
TRAINER_LEADER_GARDENIA,GARDENIA,TRAINER_CLASS_LEADER_GARDENIA,186,,,"ITEM_SUPER_POTION,ITEM_SUPER_POTION",TRAINER_PIC_LEADER_GARDENIA,,platinum_trainer_index=315; source=res/trainers/data/leader_gardenia.json; map_refs=eterna_city_gym; matched_map=eterna_city_gym,9,5,
TRAINER_LEADER_WAKE,WAKE,TRAINER_CLASS_LEADER_WAKE,199,,,"ITEM_HYPER_POTION,ITEM_HYPER_POTION",TRAINER_PIC_LEADER_WAKE,,platinum_trainer_index=316; source=res/trainers/data/leader_wake.json; map_refs=pastoria_city_gym; matched_map=pastoria_city_gym,9,5,
TRAINER_LEADER_MAYLENE,MAYLENE,TRAINER_CLASS_LEADER_MAYLENE,197,,,,TRAINER_PIC_LEADER_MAYLENE,,platinum_trainer_index=317; source=res/trainers/data/leader_maylene.json; map_refs=veilstone_city_gym; matched_map=veilstone_city_gym,9,5,
TRAINER_LEADER_FANTINA,FANTINA,TRAINER_CLASS_LEADER_FANTINA,191,,,"ITEM_SUPER_POTION,ITEM_SUPER_POTION",TRAINER_PIC_LEADER_FANTINA,,platinum_trainer_index=318; source=res/trainers/data/leader_fantina.json; map_refs=hearthome_city_dp_gym_leader_room|hearthome_city_gym_leader_room; matched_map=hearthome_city_dp_gym_leader_room,9,5,
TRAINER_LEADER_CANDICE,CANDICE,TRAINER_CLASS_LEADER_CANDICE,,,,"ITEM_HYPER_POTION,ITEM_FULL_RESTORE",TRAINER_PIC_LEADER_CANDICE,,platinum_trainer_index=319; source=res/trainers/data/leader_candice.json; map_refs=snowpoint_city_gym; location_unpaired=true,9,5,
TRAINER_LEADER_VOLKNER,VOLKNER,TRAINER_CLASS_LEADER_VOLKNER,224,,,"ITEM_HYPER_POTION,ITEM_FULL_RESTORE",TRAINER_PIC_LEADER_VOLKNER,,platinum_trainer_index=320; source=res/trainers/data/leader_volkner.json; map_refs=sunyshore_city_gym_room_3; matched_map=sunyshore_city_gym_room_3,9,5,
TRAINER_DUMMY_321,ANGELICA,TRAINER_CLASS_LASS,,,,,TRAINER_PIC_LASS,,platinum_trainer_index=321; source=res/trainers/data/dummy_321.json; location_unpaired=true,9,5,
TRAINER_LASS_MADELINE,MADELINE,TRAINER_CLASS_LASS,174,,,,TRAINER_PIC_LASS,,platinum_trainer_index=322; source=res/trainers/data/lass_madeline.json; map_refs=route_203; matched_map=route_203,9,5,
TRAINER_LASS_KAITLIN,KAITLIN,TRAINER_CLASS_LASS,174,,,,TRAINER_PIC_LASS,,platinum_trainer_index=323; source=res/trainers/data/lass_kaitlin.json; map_refs=route_203; matched_map=route_203,9,5,
TRAINER_LASS_CAROLINE,CAROLINE,TRAINER_CLASS_LASS,186,,,,TRAINER_PIC_LASS,,platinum_trainer_index=324; source=res/trainers/data/lass_caroline.json; map_refs=eterna_city_gym; matched_map=eterna_city_gym,9,5,
TRAINER_LASS_MOLLY,MOLLY,TRAINER_CLASS_LASS,191,,,,TRAINER_PIC_LASS,,platinum_trainer_index=325; source=res/trainers/data/lass_molly.json; map_refs=hearthome_city_dp_gym_leader_room|hearthome_city_gym_leader_room|hearthome_city_gym_trainer_room_1; matched_map=hearthome_city_dp_gym_leader_room,9,5,
TRAINER_HIKER_LOUIS,LOUIS,TRAINER_CLASS_HIKER,217,,,,TRAINER_PIC_HIKER,,platinum_trainer_index=326; source=res/trainers/data/hiker_louis.json; map_refs=route_211_west; matched_map=route_211_west,9,5,
TRAINER_PARASOL_LADY_ALEXA,ALEXA,TRAINER_CLASS_PARASOL_LADY,201,,,,TRAINER_PIC_PARASOL_LADY,,platinum_trainer_index=327; source=res/trainers/data/parasol_lady_alexa.json; map_refs=route_212_south; matched_map=route_212_south,9,5,
TRAINER_PARASOL_LADY_SABRINA,SABRINA,TRAINER_CLASS_PARASOL_LADY,201,,,,TRAINER_PIC_PARASOL_LADY,,platinum_trainer_index=328; source=res/trainers/data/parasol_lady_sabrina.json; map_refs=route_212_south; matched_map=route_212_south,9,5,
TRAINER_PICNICKER_DIANA,DIANA,TRAINER_CLASS_PICNICKER,175,,,,TRAINER_PIC_PICNICKER,,platinum_trainer_index=329; source=res/trainers/data/picnicker_diana.json; map_refs=oreburgh_gate_1f; matched_map=oreburgh_gate_1f,9,5,
TRAINER_PICNICKER_CHEYENNE,CHEYENNE,TRAINER_CLASS_PICNICKER,191,,,,TRAINER_PIC_PICNICKER,,platinum_trainer_index=330; source=res/trainers/data/picnicker_cheyenne.json; map_refs=hearthome_city_dp_gym_leader_room|hearthome_city_dp_gym_trainer_room_2|hearthome_city_gym_leader_room; matched_map=hearthome_city_dp_gym_leader_room,9,5,
TRAINER_POKE_KID_MEGHAN,MEGHAN,TRAINER_CLASS_POKE_KID,224,,,,TRAINER_PIC_POKE_KID,,platinum_trainer_index=331; source=res/trainers/data/poke_kid_meghan.json; map_refs=sunyshore_city_gym_room_2|sunyshore_city_gym_room_3; matched_map=sunyshore_city_gym_room_3,9,5,
TRAINER_POLICEMAN_DANNY,DANNY,TRAINER_CLASS_POLICEMAN,201,,,,TRAINER_PIC_POLICEMAN,,platinum_trainer_index=332; source=res/trainers/data/policeman_danny.json; map_refs=route_212_south; matched_map=route_212_south,9,5,
TRAINER_POLICEMAN_THOMAS,THOMAS,TRAINER_CLASS_POLICEMAN,223,,,,TRAINER_PIC_POLICEMAN,,platinum_trainer_index=333; source=res/trainers/data/policeman_thomas.json; map_refs=route_222; matched_map=route_222,9,5,
TRAINER_DUMMY_334,MICKEY,TRAINER_CLASS_RICH_BOY,,,,,TRAINER_PIC_RICH_BOY,,platinum_trainer_index=334; source=res/trainers/data/dummy_334.json; location_unpaired=true,9,5,
TRAINER_RICH_BOY_TREY,TREY,TRAINER_CLASS_RICH_BOY,223,,,ITEM_FULL_RESTORE,TRAINER_PIC_RICH_BOY,,platinum_trainer_index=335; source=res/trainers/data/rich_boy_trey.json; map_refs=route_222; matched_map=route_222,9,5,
TRAINER_DUMMY_336,ANGELICA,TRAINER_CLASS_LADY,,,,,TRAINER_PIC_LADY,,platinum_trainer_index=336; source=res/trainers/data/dummy_336.json; location_unpaired=true,9,5,
TRAINER_SAILOR_MARC,MARC,TRAINER_CLASS_SAILOR,223,,,,TRAINER_PIC_SAILOR,,platinum_trainer_index=337; source=res/trainers/data/sailor_marc.json; map_refs=route_222; matched_map=route_222,9,5,
TRAINER_SAILOR_SKYLER,SKYLER,TRAINER_CLASS_SAILOR,214,,,,TRAINER_PIC_SAILOR,,platinum_trainer_index=338; source=res/trainers/data/sailor_skyler.json; map_refs=route_218; matched_map=route_218,9,5,
TRAINER_SAILOR_DAMIAN,DAMIAN,TRAINER_CLASS_SAILOR,199,,,,TRAINER_PIC_SAILOR,,platinum_trainer_index=339; source=res/trainers/data/sailor_damian.json; map_refs=pastoria_city_gym; matched_map=pastoria_city_gym,9,5,
TRAINER_SCHOOL_KID_CHANCE,CHANCE,TRAINER_CLASS_SCHOOL_KID_MALE,191,,,ITEM_X_DEFENSE,TRAINER_PIC_SCHOOL_KID_MALE,,platinum_trainer_index=340; source=res/trainers/data/school_kid_chance.json; map_refs=hearthome_city_dp_gym_leader_room|hearthome_city_dp_gym_trainer_room_3|hearthome_city_gym_leader_room|hearthome_city_gym_trainer_room_2; matched_map=hearthome_city_dp_gym_leader_room,9,5,
TRAINER_SCHOOL_KID_FORREST,FORREST,TRAINER_CLASS_SCHOOL_KID_MALE,224,,,ITEM_X_SPEED,TRAINER_PIC_SCHOOL_KID_MALE,,platinum_trainer_index=341; source=res/trainers/data/school_kid_forrest.json; map_refs=sunyshore_city_gym_room_2|sunyshore_city_gym_room_3; matched_map=sunyshore_city_gym_room_3,9,5,
TRAINER_SCHOOL_KID_HARRISON,HARRISON,TRAINER_CLASS_SCHOOL_KID_MALE,,,,ITEM_X_ATTACK,TRAINER_PIC_SCHOOL_KID_MALE,,platinum_trainer_index=342; source=res/trainers/data/school_kid_harrison.json; map_refs=trainers_school; location_unpaired=true,9,5,
TRAINER_SCHOOL_KID_MACKENZIE,MACKENZIE,TRAINER_CLASS_SCHOOL_KID_FEMALE,191,,,ITEM_SUPER_POTION,TRAINER_PIC_SCHOOL_KID_FEMALE,,platinum_trainer_index=343; source=res/trainers/data/school_kid_mackenzie.json; map_refs=hearthome_city_dp_gym_leader_room|hearthome_city_dp_gym_trainer_room_4|hearthome_city_gym_leader_room|hearthome_city_gym_trainer_room_2; matched_map=hearthome_city_dp_gym_leader_room,9,5,
TRAINER_SCHOOL_KID_TIERA,TIERA,TRAINER_CLASS_SCHOOL_KID_FEMALE,224,,,ITEM_HYPER_POTION,TRAINER_PIC_SCHOOL_KID_FEMALE,,platinum_trainer_index=344; source=res/trainers/data/school_kid_tiera.json; map_refs=sunyshore_city_gym_room_1|sunyshore_city_gym_room_3; matched_map=sunyshore_city_gym_room_3,9,5,
TRAINER_SCHOOL_KID_CHRISTINE,CHRISTINE,TRAINER_CLASS_SCHOOL_KID_FEMALE,,,,ITEM_POTION,TRAINER_PIC_SCHOOL_KID_FEMALE,,platinum_trainer_index=345; source=res/trainers/data/school_kid_christine.json; map_refs=trainers_school; location_unpaired=true,9,5,
TRAINER_BEAUTY_CYNDY,CYNDY,TRAINER_CLASS_BEAUTY,202,,,,TRAINER_PIC_BEAUTY,,platinum_trainer_index=346; source=res/trainers/data/beauty_cyndy.json; map_refs=route_213; matched_map=route_213,9,5,
TRAINER_DUMMY_347,ANGELICA,TRAINER_CLASS_BEAUTY,,,,,TRAINER_PIC_BEAUTY,,platinum_trainer_index=347; source=res/trainers/data/dummy_347.json; location_unpaired=true,9,5,
TRAINER_BEAUTY_LINDSAY,LINDSAY,TRAINER_CLASS_BEAUTY,186,,,,TRAINER_PIC_BEAUTY,,platinum_trainer_index=348; source=res/trainers/data/beauty_lindsay.json; map_refs=eterna_city_gym; matched_map=eterna_city_gym,9,5,
TRAINER_DUMMY_349,MICKEY,TRAINER_CLASS_SKIER_MALE,,,,,TRAINER_PIC_SKIER_MALE,,platinum_trainer_index=349; source=res/trainers/data/dummy_349.json; location_unpaired=true,9,5,
TRAINER_DUMMY_350,ANGELICA,TRAINER_CLASS_SKIER_FEMALE,,,,,TRAINER_PIC_SKIER_FEMALE,,platinum_trainer_index=350; source=res/trainers/data/dummy_350.json; location_unpaired=true,9,5,
TRAINER_DUMMY_351,MICKEY,TRAINER_CLASS_SWIMMER_MALE,,,,,TRAINER_PIC_SWIMMER_MALE,,platinum_trainer_index=351; source=res/trainers/data/dummy_351.json; location_unpaired=true,9,5,
TRAINER_DUMMY_352,MICKEY,TRAINER_CLASS_SWIMMER_MALE,,,,,TRAINER_PIC_SWIMMER_MALE,,platinum_trainer_index=352; source=res/trainers/data/dummy_352.json; location_unpaired=true,9,5,
TRAINER_DUMMY_353,ANGELICA,TRAINER_CLASS_SWIMMER_FEMALE,,,,,TRAINER_PIC_SWIMMER_FEMALE,,platinum_trainer_index=353; source=res/trainers/data/dummy_353.json; location_unpaired=true,9,5,
TRAINER_DUMMY_354,ANGELICA,TRAINER_CLASS_SWIMMER_FEMALE,,,,,TRAINER_PIC_SWIMMER_FEMALE,,platinum_trainer_index=354; source=res/trainers/data/dummy_354.json; location_unpaired=true,9,5,
TRAINER_YOUNGSTER_DALLAS,DALLAS,TRAINER_CLASS_YOUNGSTER,174,,,,TRAINER_PIC_YOUNGSTER,,platinum_trainer_index=355; source=res/trainers/data/youngster_dallas.json; map_refs=route_203; matched_map=route_203,9,5,
TRAINER_YOUNGSTER_SEBASTIAN,SEBASTIAN,TRAINER_CLASS_YOUNGSTER,174,,,,TRAINER_PIC_YOUNGSTER,,platinum_trainer_index=356; source=res/trainers/data/youngster_sebastian.json; map_refs=route_203; matched_map=route_203,9,5,
TRAINER_YOUNGSTER_DONNY,DONNY,TRAINER_CLASS_YOUNGSTER,191,,,,TRAINER_PIC_YOUNGSTER,,platinum_trainer_index=357; source=res/trainers/data/youngster_donny.json; map_refs=hearthome_city_dp_gym_leader_room|hearthome_city_gym_leader_room|hearthome_city_gym_trainer_room_1; matched_map=hearthome_city_dp_gym_leader_room,9,5,
TRAINER_TUBER_TRENTON,TRENTON,TRAINER_CLASS_TUBER_MALE,210,,,,TRAINER_PIC_TUBER_MALE,,platinum_trainer_index=358; source=res/trainers/data/tuber_trenton.json; map_refs=route_219; matched_map=route_219,9,5,
TRAINER_TUBER_CONNER,CONNER,TRAINER_CLASS_TUBER_MALE,223,,,,TRAINER_PIC_TUBER_MALE,,platinum_trainer_index=359; source=res/trainers/data/tuber_conner.json; map_refs=route_222; matched_map=route_222,9,5,
TRAINER_TUBER_MARIEL,MARIEL,TRAINER_CLASS_TUBER_FEMALE,210,,,,TRAINER_PIC_TUBER_FEMALE,,platinum_trainer_index=360; source=res/trainers/data/tuber_mariel.json; map_refs=route_219; matched_map=route_219,9,5,
TRAINER_TUBER_HOLLY,HOLLY,TRAINER_CLASS_TUBER_FEMALE,223,,,,TRAINER_PIC_TUBER_FEMALE,,platinum_trainer_index=361; source=res/trainers/data/tuber_holly.json; map_refs=route_222; matched_map=route_222,9,5,
TRAINER_VETERAN_ARMANDO,ARMANDO,TRAINER_CLASS_VETERAN,,,,,TRAINER_PIC_VETERAN,,platinum_trainer_index=362; source=res/trainers/data/veteran_armando.json; map_refs=route_224; location_unpaired=true,9,5,
TRAINER_DUMMY_363,MICKEY,TRAINER_CLASS_WAITER,,,,,TRAINER_PIC_WAITER,,platinum_trainer_index=363; source=res/trainers/data/dummy_363.json; location_unpaired=true,9,5,
TRAINER_DUMMY_364,MICKEY,TRAINER_CLASS_WAITER,,,,,TRAINER_PIC_WAITER,,platinum_trainer_index=364; source=res/trainers/data/dummy_364.json; location_unpaired=true,9,5,
TRAINER_DUMMY_365,MICKEY,TRAINER_CLASS_WAITER,,,,,TRAINER_PIC_WAITER,,platinum_trainer_index=365; source=res/trainers/data/dummy_365.json; location_unpaired=true,9,5,
TRAINER_WAITRESS_KATI,KATI,TRAINER_CLASS_WAITRESS,,,,,TRAINER_PIC_WAITRESS,,platinum_trainer_index=366; source=res/trainers/data/waitress_kati.json; map_refs=cafe; location_unpaired=true,9,5,
TRAINER_WORKER_GERARDO,GERARDO,TRAINER_CLASS_WORKER,215,,,,TRAINER_PIC_WORKER,,platinum_trainer_index=367; source=res/trainers/data/worker_gerardo.json; map_refs=canalave_city_gym; matched_map=canalave_city_gym,9,5,
TRAINER_INTERVIEWERS_ROXY_AND_OLI_UNUSED,ROXY & OLI,TRAINER_CLASS_INTERVIEWERS,,,,,TRAINER_PIC_INTERVIEWERS,True,platinum_trainer_index=368; source=res/trainers/data/interviewers_roxy_and_oli_unused.json; map_refs=pokemon_center_daily_trainers; location_unpaired=true,9,5,
TRAINER_CAMERAMAN_TEVIN_UNUSED,TEVIN,TRAINER_CLASS_CAMERAMAN,,,,,TRAINER_PIC_CAMERAMAN,,platinum_trainer_index=369; source=res/trainers/data/cameraman_tevin_unused.json; map_refs=pokemon_center_daily_trainers; location_unpaired=true,9,5,
TRAINER_REPORTER_KINSEY_UNUSED,KINSEY,TRAINER_CLASS_REPORTER,,,,,TRAINER_PIC_REPORTER,,platinum_trainer_index=370; source=res/trainers/data/reporter_kinsey_unused.json; map_refs=pokemon_center_daily_trainers; location_unpaired=true,9,5,
TRAINER_IDOL_GRACE_UNUSED,GRACE,TRAINER_CLASS_IDOL,,,,,TRAINER_PIC_IDOL,,platinum_trainer_index=371; source=res/trainers/data/idol_grace_unused.json; map_refs=pokemon_center_daily_trainers; location_unpaired=true,9,5,
TRAINER_BATTLE_GIRL_TYLER,TYLER,TRAINER_CLASS_BATTLE_GIRL,216,,,,TRAINER_PIC_BATTLE_GIRL,,platinum_trainer_index=372; source=res/trainers/data/battle_girl_tyler.json; map_refs=iron_island_b2f_left_room; matched_map=iron_island_b2f_left_room,9,5,
TRAINER_BIRD_KEEPER_AUTUMN,AUTUMN,TRAINER_CLASS_BIRD_KEEPER,48,,,,TRAINER_PIC_BIRD_KEEPER,,platinum_trainer_index=373; source=res/trainers/data/bird_keeper_autumn.json; map_refs=victory_road_1f_room_2; matched_map=victory_road_1f_room_2,9,5,
TRAINER_DUMMY_374,MICKEY,TRAINER_CLASS_BREEDER_MALE,,,,,TRAINER_PIC_BREEDER_MALE,,platinum_trainer_index=374; source=res/trainers/data/dummy_374.json; location_unpaired=true,9,5,
TRAINER_DUMMY_375,ANGELICA,TRAINER_CLASS_BREEDER_FEMALE,,,,,TRAINER_PIC_BREEDER_FEMALE,,platinum_trainer_index=375; source=res/trainers/data/dummy_375.json; location_unpaired=true,9,5,
TRAINER_DUMMY_376,MICKEY,TRAINER_CLASS_CAMERAMAN,,,,,TRAINER_PIC_CAMERAMAN,,platinum_trainer_index=376; source=res/trainers/data/dummy_376.json; location_unpaired=true,9,5,
TRAINER_CAMPER_ZACKARY,ZACKARY,TRAINER_CLASS_CAMPER,182,,,,TRAINER_PIC_CAMPER,,platinum_trainer_index=377; source=res/trainers/data/camper_zackary.json; map_refs=route_205_south; matched_map=route_205_south,9,5,
TRAINER_CAMPER_LAWRENCE,LAWRENCE,TRAINER_CLASS_CAMPER,216,,,,TRAINER_PIC_CAMPER,,platinum_trainer_index=378; source=res/trainers/data/camper_lawrence.json; map_refs=iron_island_b1f_left_room; matched_map=iron_island_b1f_left_room,9,5,
TRAINER_CAMPER_DIEGO,DIEGO,TRAINER_CLASS_CAMPER,188,,,,TRAINER_PIC_CAMPER,,platinum_trainer_index=379; source=res/trainers/data/camper_diego.json; map_refs=wayward_cave_1f; matched_map=wayward_cave_1f,9,5,
TRAINER_CAMPER_PARKER,PARKER,TRAINER_CLASS_CAMPER,188,,,,TRAINER_PIC_CAMPER,,platinum_trainer_index=380; source=res/trainers/data/camper_parker.json; map_refs=wayward_cave_1f; matched_map=wayward_cave_1f,9,5,
TRAINER_COLLECTOR_DEAN,DEAN,TRAINER_CLASS_COLLECTOR,201,,,,TRAINER_PIC_COLLECTOR,,platinum_trainer_index=381; source=res/trainers/data/collector_dean.json; map_refs=route_212_south; matched_map=route_212_south,9,5,
TRAINER_COLLECTOR_JAMAL,JAMAL,TRAINER_CLASS_COLLECTOR,205,,,,TRAINER_PIC_COLLECTOR,,platinum_trainer_index=382; source=res/trainers/data/collector_jamal.json; map_refs=route_214; matched_map=route_214,9,5,
TRAINER_COLLECTOR_TERRY,TERRY,TRAINER_CLASS_COLLECTOR,188,,,,TRAINER_PIC_COLLECTOR,,platinum_trainer_index=383; source=res/trainers/data/collector_terry.json; map_refs=wayward_cave_1f; matched_map=wayward_cave_1f,9,5,
TRAINER_DUMMY_384,MICKEY,TRAINER_CLASS_POKEFAN_MALE,,,,,TRAINER_PIC_POKEFAN_MALE,,platinum_trainer_index=384; source=res/trainers/data/dummy_384.json; location_unpaired=true,9,5,
TRAINER_DUMMY_385,ANGELICA,TRAINER_CLASS_POKEFAN_FEMALE,,,,,TRAINER_PIC_POKEFAN_FEMALE,,platinum_trainer_index=385; source=res/trainers/data/dummy_385.json; location_unpaired=true,9,5,
TRAINER_DRAGON_TAMER_JOE,JOE,TRAINER_CLASS_DRAGON_TAMER,48,,,,TRAINER_PIC_DRAGON_TAMER,,platinum_trainer_index=386; source=res/trainers/data/dragon_tamer_joe.json; map_refs=victory_road_1f_room_2; matched_map=victory_road_1f_room_2,9,5,
TRAINER_DUMMY_387,MICKEY,TRAINER_CLASS_ACE_TRAINER_MALE,,,,,TRAINER_PIC_ACE_TRAINER_MALE,,platinum_trainer_index=387; source=res/trainers/data/dummy_387.json; location_unpaired=true,9,5,
TRAINER_ACE_TRAINER_JONAH,JONAH,TRAINER_CLASS_ACE_TRAINER_MALE,216,,,,TRAINER_PIC_ACE_TRAINER_MALE,,platinum_trainer_index=388; source=res/trainers/data/ace_trainer_jonah.json; map_refs=iron_island_b2f_left_room; matched_map=iron_island_b2f_left_room,9,5,
TRAINER_ACE_TRAINER_MICAH,MICAH,TRAINER_CLASS_ACE_TRAINER_MALE,48,,,,TRAINER_PIC_ACE_TRAINER_MALE,,platinum_trainer_index=389; source=res/trainers/data/ace_trainer_micah.json; map_refs=victory_road_1f_room_2; matched_map=victory_road_1f_room_2,9,5,
TRAINER_ACE_TRAINER_ARTHUR,ARTHUR,TRAINER_CLASS_ACE_TRAINER_MALE,48,,,,TRAINER_PIC_ACE_TRAINER_MALE,,platinum_trainer_index=390; source=res/trainers/data/ace_trainer_arthur.json; map_refs=victory_road_1f_room_2; matched_map=victory_road_1f_room_2,9,5,
TRAINER_DUMMY_391,ANGELICA,TRAINER_CLASS_ACE_TRAINER_FEMALE,,,,,TRAINER_PIC_ACE_TRAINER_FEMALE,,platinum_trainer_index=391; source=res/trainers/data/dummy_391.json; location_unpaired=true,9,5,
TRAINER_ACE_TRAINER_BRENDA,BRENDA,TRAINER_CLASS_ACE_TRAINER_FEMALE,216,,,,TRAINER_PIC_ACE_TRAINER_FEMALE,,platinum_trainer_index=392; source=res/trainers/data/ace_trainer_brenda.json; map_refs=iron_island_b2f_left_room; matched_map=iron_island_b2f_left_room,9,5,
TRAINER_ACE_TRAINER_BRANDI,BRANDI,TRAINER_CLASS_ACE_TRAINER_FEMALE,48,,,,TRAINER_PIC_ACE_TRAINER_FEMALE,,platinum_trainer_index=393; source=res/trainers/data/ace_trainer_brandi.json; map_refs=victory_road_1f_room_2; matched_map=victory_road_1f_room_2,9,5,
TRAINER_ACE_TRAINER_CLARICE,CLARICE,TRAINER_CLASS_ACE_TRAINER_FEMALE,48,,,,TRAINER_PIC_ACE_TRAINER_FEMALE,,platinum_trainer_index=394; source=res/trainers/data/ace_trainer_clarice.json; map_refs=victory_road_1f_room_2; matched_map=victory_road_1f_room_2,9,5,
TRAINER_PSYCHIC_KODY,KODY,TRAINER_CLASS_PSYCHIC_MALE,184,,,,TRAINER_PIC_PSYCHIC_MALE,,platinum_trainer_index=395; source=res/trainers/data/psychic_kody.json; map_refs=eterna_forest; matched_map=eterna_forest,9,5,
TRAINER_PSYCHIC_LANDON,LANDON,TRAINER_CLASS_PSYCHIC_MALE,48,,,,TRAINER_PIC_PSYCHIC_MALE,,platinum_trainer_index=396; source=res/trainers/data/psychic_landon.json; map_refs=victory_road_1f_room_2; matched_map=victory_road_1f_room_2,9,5,
TRAINER_PSYCHIC_DEANDRE,DEANDRE,TRAINER_CLASS_PSYCHIC_MALE,48,,,,TRAINER_PIC_PSYCHIC_MALE,,platinum_trainer_index=397; source=res/trainers/data/psychic_deandre.json; map_refs=victory_road_1f_room_2; matched_map=victory_road_1f_room_2,9,5,
TRAINER_PSYCHIC_RACHAEL,RACHAEL,TRAINER_CLASS_PSYCHIC_FEMALE,184,,,,TRAINER_PIC_PSYCHIC_FEMALE,,platinum_trainer_index=398; source=res/trainers/data/psychic_rachael.json; map_refs=eterna_forest; matched_map=eterna_forest,9,5,
TRAINER_PSYCHIC_DESIREE,DESIREE,TRAINER_CLASS_PSYCHIC_FEMALE,48,,,,TRAINER_PIC_PSYCHIC_FEMALE,,platinum_trainer_index=399; source=res/trainers/data/psychic_desiree.json; map_refs=victory_road_1f_room_2; matched_map=victory_road_1f_room_2,9,5,
TRAINER_PSYCHIC_KENDRA,KENDRA,TRAINER_CLASS_PSYCHIC_FEMALE,48,,,,TRAINER_PIC_PSYCHIC_FEMALE,,platinum_trainer_index=400; source=res/trainers/data/psychic_kendra.json; map_refs=victory_road_1f_room_2; matched_map=victory_road_1f_room_2,9,5,
TRAINER_FISHERMAN_WALTER,WALTER,TRAINER_CLASS_FISHERMAN,199,,,,TRAINER_PIC_FISHERMAN,,platinum_trainer_index=401; source=res/trainers/data/fisherman_walter.json; map_refs=pastoria_city_gym; matched_map=pastoria_city_gym,9,5,
TRAINER_DUMMY_402,MICKEY,TRAINER_CLASS_GENTLEMAN,,,,,TRAINER_PIC_GENTLEMAN,,platinum_trainer_index=402; source=res/trainers/data/dummy_402.json; location_unpaired=true,9,5,
TRAINER_GALACTIC_BOSS_CYRUS_GALACTIC_HQ,CYRUS,TRAINER_CLASS_GALACTIC_BOSS,197,,,"ITEM_HYPER_POTION,ITEM_FULL_RESTORE",TRAINER_PIC_GALACTIC_BOSS,,platinum_trainer_index=403; source=res/trainers/data/galactic_boss_cyrus_galactic_hq.json; map_refs=galactic_hq_4f; matched_map=galactic_hq_4f,9,5,
TRAINER_GALACTIC_BOSS_CYRUS_DISTORTION_WORLD,CYRUS,TRAINER_CLASS_GALACTIC_BOSS,227,,,"ITEM_FULL_RESTORE,ITEM_FULL_RESTORE",TRAINER_PIC_GALACTIC_BOSS,,platinum_trainer_index=404; source=res/trainers/data/galactic_boss_cyrus_distortion_world.json; map_refs=distortion_world_b7f; matched_map=distortion_world_b7f,9,5,
TRAINER_COMMANDER_MARS_LAKE_VERITY,MARS,TRAINER_CLASS_COMMANDER_MARS,172,,,,TRAINER_PIC_COMMANDER_MARS,,platinum_trainer_index=405; source=res/trainers/data/commander_mars_lake_verity.json; map_refs=lake_verity; matched_map=lake_verity,9,5,
TRAINER_COMMANDER_JUPITER_TEAM_GALACTIC_ETERNA_BUILDING,JUPITER,TRAINER_CLASS_COMMANDER_JUPITER,186,,,,TRAINER_PIC_COMMANDER_JUPITER,,platinum_trainer_index=406; source=res/trainers/data/commander_jupiter_team_galactic_eterna_building.json; map_refs=team_galactic_eterna_building_4f; matched_map=team_galactic_eterna_building_4f,9,5,
TRAINER_COMMANDER_JUPITER_SPEAR_PILLAR,JUPITER,TRAINER_CLASS_COMMANDER_JUPITER,189,,,,TRAINER_PIC_COMMANDER_JUPITER,,platinum_trainer_index=407; source=res/trainers/data/commander_jupiter_spear_pillar.json; map_refs=spear_pillar; matched_map=spear_pillar,9,5,
TRAINER_COMMANDER_SATURN_VALOR_CAVERN,SATURN,TRAINER_CLASS_COMMANDER_SATURN,203,,,,TRAINER_PIC_COMMANDER_SATURN,,platinum_trainer_index=408; source=res/trainers/data/commander_saturn_valor_cavern.json; map_refs=valor_cavern; matched_map=valor_cavern,9,5,
TRAINER_COMMANDER_SATURN_GALACTIC_HQ,SATURN,TRAINER_CLASS_COMMANDER_SATURN,197,,,,TRAINER_PIC_COMMANDER_SATURN,,platinum_trainer_index=409; source=res/trainers/data/commander_saturn_galactic_hq.json; map_refs=galactic_hq_control_room; matched_map=galactic_hq_control_room,9,5,
TRAINER_GALACTIC_GRUNT_TEAM_GALACTIC_ETERNA_BUILDING_1F_1,GRUNT,TRAINER_CLASS_GALACTIC_GRUNT_MALE,,,,,TRAINER_PIC_GALACTIC_GRUNT_MALE,,platinum_trainer_index=410; source=res/trainers/data/galactic_grunt_team_galactic_eterna_building_1f_1.json; map_refs=team_galactic_eterna_building_1f; location_unpaired=true,9,5,
TRAINER_DUMMY_411,GRUNT,TRAINER_CLASS_GALACTIC_GRUNT_MALE,,,,,TRAINER_PIC_GALACTIC_GRUNT_MALE,,platinum_trainer_index=411; source=res/trainers/data/dummy_411.json; location_unpaired=true,9,5,
TRAINER_GALACTIC_GRUNT_TEAM_GALACTIC_ETERNA_BUILDING_2F_1,GRUNT,TRAINER_CLASS_GALACTIC_GRUNT_MALE,,,,,TRAINER_PIC_GALACTIC_GRUNT_MALE,,platinum_trainer_index=412; source=res/trainers/data/galactic_grunt_team_galactic_eterna_building_2f_1.json; map_refs=team_galactic_eterna_building_2f; location_unpaired=true,9,5,
TRAINER_DUMMY_413,GRUNT,TRAINER_CLASS_GALACTIC_GRUNT_MALE,,,,,TRAINER_PIC_GALACTIC_GRUNT_MALE,,platinum_trainer_index=413; source=res/trainers/data/dummy_413.json; location_unpaired=true,9,5,
TRAINER_GALACTIC_GRUNT_JUBILIFE_CITY_1,GRUNT,TRAINER_CLASS_GALACTIC_GRUNT_MALE,,,,,TRAINER_PIC_GALACTIC_GRUNT_MALE,,platinum_trainer_index=414; source=res/trainers/data/galactic_grunt_jubilife_city_1.json; map_refs=jubilife_city; location_unpaired=true,9,5,
TRAINER_GALACTIC_GRUNT_JUBILIFE_CITY_2,GRUNT,TRAINER_CLASS_GALACTIC_GRUNT_MALE,,,,,TRAINER_PIC_GALACTIC_GRUNT_MALE,,platinum_trainer_index=415; source=res/trainers/data/galactic_grunt_jubilife_city_2.json; map_refs=jubilife_city; location_unpaired=true,9,5,
TRAINER_GALACTIC_GRUNT_CELESTIC_TOWN,GRUNT,TRAINER_CLASS_GALACTIC_GRUNT_MALE,208,,,,TRAINER_PIC_GALACTIC_GRUNT_MALE,,platinum_trainer_index=416; source=res/trainers/data/galactic_grunt_celestic_town.json; map_refs=celestic_town; matched_map=celestic_town,9,5,
TRAINER_GALACTIC_GRUNT_LAKE_VALOR_1,GRUNT,TRAINER_CLASS_GALACTIC_GRUNT_MALE,,,,,TRAINER_PIC_GALACTIC_GRUNT_MALE,,platinum_trainer_index=417; source=res/trainers/data/galactic_grunt_lake_valor_1.json; map_refs=lake_valor_drained; location_unpaired=true,9,5,
TRAINER_GALACTIC_GRUNT_LAKE_VALOR_2,GRUNT,TRAINER_CLASS_GALACTIC_GRUNT_MALE,,,,,TRAINER_PIC_GALACTIC_GRUNT_MALE,,platinum_trainer_index=418; source=res/trainers/data/galactic_grunt_lake_valor_2.json; map_refs=lake_valor_drained; location_unpaired=true,9,5,
TRAINER_GALACTIC_GRUNT_LAKE_VERITY_1,GRUNT,TRAINER_CLASS_GALACTIC_GRUNT_MALE,172,,,,TRAINER_PIC_GALACTIC_GRUNT_MALE,,platinum_trainer_index=419; source=res/trainers/data/galactic_grunt_lake_verity_1.json; map_refs=lake_verity; matched_map=lake_verity,9,5,
TRAINER_GALACTIC_GRUNT_LAKE_VERITY_3,GRUNT,TRAINER_CLASS_GALACTIC_GRUNT_MALE,172,,,,TRAINER_PIC_GALACTIC_GRUNT_MALE,,platinum_trainer_index=420; source=res/trainers/data/galactic_grunt_lake_verity_3.json; map_refs=lake_verity; matched_map=lake_verity,9,5,
TRAINER_GALACTIC_GRUNT_TEAM_GALACTIC_ETERNA_BUILDING_1F_2,GRUNT,TRAINER_CLASS_GALACTIC_GRUNT_FEMALE,,,,,TRAINER_PIC_GALACTIC_GRUNT_FEMALE,,platinum_trainer_index=421; source=res/trainers/data/galactic_grunt_team_galactic_eterna_building_1f_2.json; map_refs=team_galactic_eterna_building_1f; location_unpaired=true,9,5,
TRAINER_GALACTIC_GRUNT_TEAM_GALACTIC_ETERNA_BUILDING_2F_2,GRUNT,TRAINER_CLASS_GALACTIC_GRUNT_FEMALE,,,,,TRAINER_PIC_GALACTIC_GRUNT_FEMALE,,platinum_trainer_index=422; source=res/trainers/data/galactic_grunt_team_galactic_eterna_building_2f_2.json; map_refs=team_galactic_eterna_building_2f; location_unpaired=true,9,5,
TRAINER_GALACTIC_GRUNT_TEAM_GALACTIC_ETERNA_BUILDING_3F,GRUNT,TRAINER_CLASS_GALACTIC_GRUNT_FEMALE,,,,,TRAINER_PIC_GALACTIC_GRUNT_FEMALE,,platinum_trainer_index=423; source=res/trainers/data/galactic_grunt_team_galactic_eterna_building_3f.json; map_refs=team_galactic_eterna_building_3f; location_unpaired=true,9,5,
TRAINER_DUMMY_424,GRUNT,TRAINER_CLASS_GALACTIC_GRUNT_FEMALE,,,,,TRAINER_PIC_GALACTIC_GRUNT_FEMALE,,platinum_trainer_index=424; source=res/trainers/data/dummy_424.json; location_unpaired=true,9,5,
TRAINER_GALACTIC_GRUNT_LAKE_VALOR_3,GRUNT,TRAINER_CLASS_GALACTIC_GRUNT_FEMALE,,,,,TRAINER_PIC_GALACTIC_GRUNT_FEMALE,,platinum_trainer_index=425; source=res/trainers/data/galactic_grunt_lake_valor_3.json; map_refs=lake_valor_drained; location_unpaired=true,9,5,
TRAINER_GALACTIC_GRUNT_LAKE_VERITY_2,GRUNT,TRAINER_CLASS_GALACTIC_GRUNT_FEMALE,172,,,,TRAINER_PIC_GALACTIC_GRUNT_FEMALE,,platinum_trainer_index=426; source=res/trainers/data/galactic_grunt_lake_verity_2.json; map_refs=lake_verity; matched_map=lake_verity,9,5,
TRAINER_GALACTIC_GRUNT_LAKE_VERITY_4,GRUNT,TRAINER_CLASS_GALACTIC_GRUNT_FEMALE,172,,,,TRAINER_PIC_GALACTIC_GRUNT_FEMALE,,platinum_trainer_index=427; source=res/trainers/data/galactic_grunt_lake_verity_4.json; map_refs=lake_verity; matched_map=lake_verity,9,5,
TRAINER_GALACTIC_GRUNT_GALACTIC_HQ_1F,GRUNT,TRAINER_CLASS_GALACTIC_GRUNT_FEMALE,,,,,TRAINER_PIC_GALACTIC_GRUNT_FEMALE,,platinum_trainer_index=428; source=res/trainers/data/galactic_grunt_galactic_hq_1f.json; map_refs=galactic_hq_1f; location_unpaired=true,9,5,
TRAINER_DUMMY_429,GRUNT,TRAINER_CLASS_GALACTIC_GRUNT_FEMALE,,,,,TRAINER_PIC_GALACTIC_GRUNT_FEMALE,,platinum_trainer_index=429; source=res/trainers/data/dummy_429.json; location_unpaired=true,9,5,
TRAINER_GALACTIC_GRUNT_GALACTIC_HQ_2F_3,GRUNT,TRAINER_CLASS_GALACTIC_GRUNT_FEMALE,,,,,TRAINER_PIC_GALACTIC_GRUNT_FEMALE,,platinum_trainer_index=430; source=res/trainers/data/galactic_grunt_galactic_hq_2f_3.json; map_refs=galactic_hq_2f; location_unpaired=true,9,5,
TRAINER_GUITARIST_ARTURO_UNUSED,ARTURO,TRAINER_CLASS_GUITARIST,,,,,TRAINER_PIC_GUITARIST,,platinum_trainer_index=431; source=res/trainers/data/guitarist_arturo_unused.json; map_refs=pokemon_center_daily_trainers; location_unpaired=true,9,5,
TRAINER_DUMMY_432,MICKEY,TRAINER_CLASS_GUITARIST,,,,,TRAINER_PIC_GUITARIST,,platinum_trainer_index=432; source=res/trainers/data/dummy_432.json; location_unpaired=true,9,5,
TRAINER_DUMMY_433,MICKEY,TRAINER_CLASS_GUITARIST,,,,,TRAINER_PIC_GUITARIST,,platinum_trainer_index=433; source=res/trainers/data/dummy_433.json; location_unpaired=true,9,5,
TRAINER_DUMMY_434,MICKEY,TRAINER_CLASS_GUITARIST,,,,,TRAINER_PIC_GUITARIST,,platinum_trainer_index=434; source=res/trainers/data/dummy_434.json; location_unpaired=true,9,5,
TRAINER_DUMMY_435,MICKEY,TRAINER_CLASS_GUITARIST,,,,,TRAINER_PIC_GUITARIST,,platinum_trainer_index=435; source=res/trainers/data/dummy_435.json; location_unpaired=true,9,5,
TRAINER_DUMMY_436,MICKEY,TRAINER_CLASS_GUITARIST,,,,,TRAINER_PIC_GUITARIST,,platinum_trainer_index=436; source=res/trainers/data/dummy_436.json; location_unpaired=true,9,5,
TRAINER_DUMMY_437,ANGELICA,TRAINER_CLASS_IDOL,,,,,TRAINER_PIC_IDOL,,platinum_trainer_index=437; source=res/trainers/data/dummy_437.json; location_unpaired=true,9,5,
TRAINER_DUMMY_438,ANGELICA,TRAINER_CLASS_IDOL,,,,,TRAINER_PIC_IDOL,,platinum_trainer_index=438; source=res/trainers/data/dummy_438.json; location_unpaired=true,9,5,
TRAINER_DUMMY_439,ANGELICA,TRAINER_CLASS_IDOL,,,,,TRAINER_PIC_IDOL,,platinum_trainer_index=439; source=res/trainers/data/dummy_439.json; location_unpaired=true,9,5,
TRAINER_DUMMY_440,ANGELICA,TRAINER_CLASS_IDOL,,,,,TRAINER_PIC_IDOL,,platinum_trainer_index=440; source=res/trainers/data/dummy_440.json; location_unpaired=true,9,5,
TRAINER_DUMMY_441,MICKEY,TRAINER_CLASS_RUIN_MANIAC,,,,,TRAINER_PIC_RUIN_MANIAC,,platinum_trainer_index=441; source=res/trainers/data/dummy_441.json; location_unpaired=true,9,5,
TRAINER_RUIN_MANIAC_HARRY,HARRY,TRAINER_CLASS_RUIN_MANIAC,217,,,,TRAINER_PIC_RUIN_MANIAC,,platinum_trainer_index=442; source=res/trainers/data/ruin_maniac_harry.json; map_refs=route_211_east; matched_map=route_211_east,9,5,
TRAINER_RUIN_MANIAC_GERALD,GERALD,TRAINER_CLASS_RUIN_MANIAC,188,,,,TRAINER_PIC_RUIN_MANIAC,,platinum_trainer_index=443; source=res/trainers/data/ruin_maniac_gerald.json; map_refs=wayward_cave_1f; matched_map=wayward_cave_1f,9,5,
TRAINER_BLACK_BELT_MILES,MILES,TRAINER_CLASS_BLACK_BELT,48,,,,TRAINER_PIC_BLACK_BELT,,platinum_trainer_index=444; source=res/trainers/data/black_belt_miles.json; map_refs=victory_road_1f; matched_map=victory_road_1f,9,5,
TRAINER_BLACK_BELT_KENDAL,KENDAL,TRAINER_CLASS_BLACK_BELT,216,,,,TRAINER_PIC_BLACK_BELT,,platinum_trainer_index=445; source=res/trainers/data/black_belt_kendal.json; map_refs=iron_island_b2f_left_room; matched_map=iron_island_b2f_left_room,9,5,
TRAINER_BLACK_BELT_EDDIE,EDDIE,TRAINER_CLASS_BLACK_BELT,48,,,,TRAINER_PIC_BLACK_BELT,,platinum_trainer_index=446; source=res/trainers/data/black_belt_eddie.json; map_refs=victory_road_1f_room_2; matched_map=victory_road_1f_room_2,9,5,
TRAINER_BLACK_BELT_WILLIE,WILLIE,TRAINER_CLASS_BLACK_BELT,48,,,,TRAINER_PIC_BLACK_BELT,,platinum_trainer_index=447; source=res/trainers/data/black_belt_willie.json; map_refs=victory_road_1f_room_2; matched_map=victory_road_1f_room_2,9,5,
TRAINER_DUMMY_448,ANGELICA,TRAINER_CLASS_SOCIALITE,,,,,TRAINER_PIC_SOCIALITE,,platinum_trainer_index=448; source=res/trainers/data/dummy_448.json; location_unpaired=true,9,5,
TRAINER_DUMMY_449,ANGELICA,TRAINER_CLASS_LASS,,,,,TRAINER_PIC_LASS,,platinum_trainer_index=449; source=res/trainers/data/dummy_449.json; location_unpaired=true,9,5,
TRAINER_LASS_CASSIDY,CASSIDY,TRAINER_CLASS_LASS,188,,,,TRAINER_PIC_LASS,,platinum_trainer_index=450; source=res/trainers/data/lass_cassidy.json; map_refs=wayward_cave_1f; matched_map=wayward_cave_1f,9,5,
TRAINER_HIKER_THEODORE,THEODORE,TRAINER_CLASS_HIKER,187,,,,TRAINER_PIC_HIKER,,platinum_trainer_index=451; source=res/trainers/data/hiker_theodore.json; map_refs=route_206; matched_map=route_206,9,5,
TRAINER_HIKER_DAMON,DAMON,TRAINER_CLASS_HIKER,216,,,,TRAINER_PIC_HIKER,,platinum_trainer_index=452; source=res/trainers/data/hiker_damon.json; map_refs=iron_island_b2f_left_room; matched_map=iron_island_b2f_left_room,9,5,
TRAINER_HIKER_MAURICE,MAURICE,TRAINER_CLASS_HIKER,216,,,,TRAINER_PIC_HIKER,,platinum_trainer_index=453; source=res/trainers/data/hiker_maurice.json; map_refs=iron_island_b2f_left_room; matched_map=iron_island_b2f_left_room,9,5,
TRAINER_HIKER_REGINALD,REGINALD,TRAINER_CLASS_HIKER,188,,,,TRAINER_PIC_HIKER,,platinum_trainer_index=454; source=res/trainers/data/hiker_reginald.json; map_refs=wayward_cave_1f; matched_map=wayward_cave_1f,9,5,
TRAINER_HIKER_LORENZO,LORENZO,TRAINER_CLASS_HIKER,188,,,,TRAINER_PIC_HIKER,,platinum_trainer_index=455; source=res/trainers/data/hiker_lorenzo.json; map_refs=wayward_cave_1f; matched_map=wayward_cave_1f,9,5,
TRAINER_PICNICKER_KARINA,KARINA,TRAINER_CLASS_PICNICKER,182,,,,TRAINER_PIC_PICNICKER,,platinum_trainer_index=456; source=res/trainers/data/picnicker_karina.json; map_refs=route_205_south; matched_map=route_205_south,9,5,
TRAINER_PICNICKER_SUMMER,SUMMER,TRAINER_CLASS_PICNICKER,216,,,,TRAINER_PIC_PICNICKER,,platinum_trainer_index=457; source=res/trainers/data/picnicker_summer.json; map_refs=iron_island_b1f_right_room; matched_map=iron_island_b1f_right_room,9,5,
TRAINER_PICNICKER_TORI,TORI,TRAINER_CLASS_PICNICKER,188,,,,TRAINER_PIC_PICNICKER,,platinum_trainer_index=458; source=res/trainers/data/picnicker_tori.json; map_refs=wayward_cave_1f; matched_map=wayward_cave_1f,9,5,
TRAINER_PICNICKER_ANA,ANA,TRAINER_CLASS_PICNICKER,188,,,,TRAINER_PIC_PICNICKER,,platinum_trainer_index=459; source=res/trainers/data/picnicker_ana.json; map_refs=wayward_cave_1f; matched_map=wayward_cave_1f,9,5,
TRAINER_CLOWN_LEE_UNUSED,LEE,TRAINER_CLASS_CLOWN,,,,,TRAINER_PIC_CLOWN,,platinum_trainer_index=460; source=res/trainers/data/clown_lee_unused.json; map_refs=pokemon_center_daily_trainers; location_unpaired=true,9,5,
TRAINER_DUMMY_461,MICKEY,TRAINER_CLASS_CLOWN,,,,,TRAINER_PIC_CLOWN,,platinum_trainer_index=461; source=res/trainers/data/dummy_461.json; location_unpaired=true,9,5,
TRAINER_DUMMY_462,MICKEY,TRAINER_CLASS_CLOWN,,,,,TRAINER_PIC_CLOWN,,platinum_trainer_index=462; source=res/trainers/data/dummy_462.json; location_unpaired=true,9,5,
TRAINER_DUMMY_463,MICKEY,TRAINER_CLASS_CLOWN,,,,,TRAINER_PIC_CLOWN,,platinum_trainer_index=463; source=res/trainers/data/dummy_463.json; location_unpaired=true,9,5,
TRAINER_DUMMY_464,MICKEY,TRAINER_CLASS_CLOWN,,,,,TRAINER_PIC_CLOWN,,platinum_trainer_index=464; source=res/trainers/data/dummy_464.json; location_unpaired=true,9,5,
TRAINER_POKE_KID_ARIEL_UNUSED,ARIEL,TRAINER_CLASS_POKE_KID,,,,,TRAINER_PIC_POKE_KID,,platinum_trainer_index=465; source=res/trainers/data/poke_kid_ariel_unused.json; map_refs=pokemon_center_daily_trainers; location_unpaired=true,9,5,
TRAINER_DUMMY_466,MICKEY,TRAINER_CLASS_POLICEMAN,,,,,TRAINER_PIC_POLICEMAN,,platinum_trainer_index=466; source=res/trainers/data/dummy_466.json; location_unpaired=true,9,5,
TRAINER_DUMMY_467,MICKEY,TRAINER_CLASS_RICH_BOY,,,,,TRAINER_PIC_RICH_BOY,,platinum_trainer_index=467; source=res/trainers/data/dummy_467.json; location_unpaired=true,9,5,
TRAINER_DUMMY_468,MICKEY,TRAINER_CLASS_RICH_BOY,,,,,TRAINER_PIC_RICH_BOY,,platinum_trainer_index=468; source=res/trainers/data/dummy_468.json; location_unpaired=true,9,5,
TRAINER_DUMMY_469,ANGELICA,TRAINER_CLASS_LADY,,,,,TRAINER_PIC_LADY,,platinum_trainer_index=469; source=res/trainers/data/dummy_469.json; location_unpaired=true,9,5,
TRAINER_RIVAL_ROUTE_209_PIPLUP,CEDRIC,TRAINER_CLASS_RIVAL,192,,,,TRAINER_PIC_RIVAL,,platinum_trainer_index=470; source=res/trainers/data/rival_route_209_piplup.json; map_refs=route_209_gate_to_hearthome_city; matched_map=route_209_gate_to_hearthome_city,9,5,
TRAINER_RIVAL_ROUTE_209_TURTWIG,CEDRIC,TRAINER_CLASS_RIVAL,192,,,,TRAINER_PIC_RIVAL,,platinum_trainer_index=471; source=res/trainers/data/rival_route_209_turtwig.json; map_refs=route_209_gate_to_hearthome_city; matched_map=route_209_gate_to_hearthome_city,9,5,
TRAINER_RIVAL_ROUTE_209_CHIMCHAR,CEDRIC,TRAINER_CLASS_RIVAL,192,,,,TRAINER_PIC_RIVAL,,platinum_trainer_index=472; source=res/trainers/data/rival_route_209_chimchar.json; map_refs=route_209_gate_to_hearthome_city; matched_map=route_209_gate_to_hearthome_city,9,5,
TRAINER_RIVAL_PASTORIA_CITY_PIPLUP,CEDRIC,TRAINER_CLASS_RIVAL,199,,,,TRAINER_PIC_RIVAL,,platinum_trainer_index=473; source=res/trainers/data/rival_pastoria_city_piplup.json; map_refs=pastoria_city; matched_map=pastoria_city,9,5,
TRAINER_RIVAL_PASTORIA_CITY_TURTWIG,CEDRIC,TRAINER_CLASS_RIVAL,199,,,,TRAINER_PIC_RIVAL,,platinum_trainer_index=474; source=res/trainers/data/rival_pastoria_city_turtwig.json; map_refs=pastoria_city; matched_map=pastoria_city,9,5,
TRAINER_RIVAL_PASTORIA_CITY_CHIMCHAR,CEDRIC,TRAINER_CLASS_RIVAL,199,,,,TRAINER_PIC_RIVAL,,platinum_trainer_index=475; source=res/trainers/data/rival_pastoria_city_chimchar.json; map_refs=pastoria_city; matched_map=pastoria_city,9,5,
TRAINER_RIVAL_CANALAVE_CITY_PIPLUP,CEDRIC,TRAINER_CLASS_RIVAL,215,,,,TRAINER_PIC_RIVAL,,platinum_trainer_index=476; source=res/trainers/data/rival_canalave_city_piplup.json; map_refs=canalave_city; matched_map=canalave_city,9,5,
TRAINER_RIVAL_CANALAVE_CITY_TURTWIG,CEDRIC,TRAINER_CLASS_RIVAL,215,,,,TRAINER_PIC_RIVAL,,platinum_trainer_index=477; source=res/trainers/data/rival_canalave_city_turtwig.json; map_refs=canalave_city; matched_map=canalave_city,9,5,
TRAINER_RIVAL_CANALAVE_CITY_CHIMCHAR,CEDRIC,TRAINER_CLASS_RIVAL,215,,,,TRAINER_PIC_RIVAL,,platinum_trainer_index=478; source=res/trainers/data/rival_canalave_city_chimchar.json; map_refs=canalave_city; matched_map=canalave_city,9,5,
TRAINER_RIVAL_POKEMON_LEAGUE_PIPLUP,CEDRIC,TRAINER_CLASS_RIVAL,226,,,,TRAINER_PIC_RIVAL,,platinum_trainer_index=479; source=res/trainers/data/rival_pokemon_league_piplup.json; map_refs=pokemon_league_north_pokecenter_1f; matched_map=pokemon_league_north_pokecenter_1f,9,5,
TRAINER_RIVAL_POKEMON_LEAGUE_TURTWIG,CEDRIC,TRAINER_CLASS_RIVAL,226,,,,TRAINER_PIC_RIVAL,,platinum_trainer_index=480; source=res/trainers/data/rival_pokemon_league_turtwig.json; map_refs=pokemon_league_north_pokecenter_1f; matched_map=pokemon_league_north_pokecenter_1f,9,5,
TRAINER_RIVAL_POKEMON_LEAGUE_CHIMCHAR,CEDRIC,TRAINER_CLASS_RIVAL,226,,,,TRAINER_PIC_RIVAL,,platinum_trainer_index=481; source=res/trainers/data/rival_pokemon_league_chimchar.json; map_refs=pokemon_league_north_pokecenter_1f; matched_map=pokemon_league_north_pokecenter_1f,9,5,
TRAINER_SAILOR_ZACHARIAH,ZACHARIAH,TRAINER_CLASS_SAILOR,225,,,,TRAINER_PIC_SAILOR,,platinum_trainer_index=482; source=res/trainers/data/sailor_zachariah.json; map_refs=route_223; matched_map=route_223,9,5,
TRAINER_SAILOR_SAMSON,SAMSON,TRAINER_CLASS_SAILOR,199,,,,TRAINER_PIC_SAILOR,,platinum_trainer_index=483; source=res/trainers/data/sailor_samson.json; map_refs=pastoria_city_gym; matched_map=pastoria_city_gym,9,5,
TRAINER_DUMMY_484,MICKEY,TRAINER_CLASS_SCHOOL_KID_MALE,,,,,TRAINER_PIC_SCHOOL_KID_MALE,,platinum_trainer_index=484; source=res/trainers/data/dummy_484.json; location_unpaired=true,9,5,
TRAINER_DUMMY_485,ANGELICA,TRAINER_CLASS_SCHOOL_KID_FEMALE,,,,,TRAINER_PIC_SCHOOL_KID_FEMALE,,platinum_trainer_index=485; source=res/trainers/data/dummy_485.json; location_unpaired=true,9,5,
TRAINER_SCIENTIST_SHAUN,SHAUN,TRAINER_CLASS_SCIENTIST,201,,,ITEM_X_ATTACK,TRAINER_PIC_SCIENTIST,,platinum_trainer_index=486; source=res/trainers/data/scientist_shaun.json; map_refs=route_212_south; matched_map=route_212_south,9,5,
TRAINER_DUMMY_487,MICKEY,TRAINER_CLASS_SCIENTIST,,,,,TRAINER_PIC_SCIENTIST,,platinum_trainer_index=487; source=res/trainers/data/dummy_487.json; location_unpaired=true,9,5,
TRAINER_NINJA_BOY_FABIAN,FABIAN,TRAINER_CLASS_NINJA_BOY,195,,,,TRAINER_PIC_NINJA_BOY,,platinum_trainer_index=488; source=res/trainers/data/ninja_boy_fabian.json; map_refs=route_210_south; matched_map=route_210_south,9,5,
TRAINER_NINJA_BOY_BRENNAN,BRENNAN,TRAINER_CLASS_NINJA_BOY,195,,,,TRAINER_PIC_NINJA_BOY,,platinum_trainer_index=489; source=res/trainers/data/ninja_boy_brennan.json; map_refs=route_210_south; matched_map=route_210_south,9,5,
TRAINER_NINJA_BOY_BRUCE,BRUCE,TRAINER_CLASS_NINJA_BOY,195,,,,TRAINER_PIC_NINJA_BOY,,platinum_trainer_index=490; source=res/trainers/data/ninja_boy_bruce.json; map_refs=route_210_south; matched_map=route_210_south,9,5,
TRAINER_BEAUTY_DEVON,DEVON,TRAINER_CLASS_BEAUTY,205,,,,TRAINER_PIC_BEAUTY,,platinum_trainer_index=491; source=res/trainers/data/beauty_devon.json; map_refs=route_214; matched_map=route_214,9,5,
TRAINER_BEAUTY_NICOLA,NICOLA,TRAINER_CLASS_BEAUTY,223,,,,TRAINER_PIC_BEAUTY,,platinum_trainer_index=492; source=res/trainers/data/beauty_nicola.json; map_refs=route_222; matched_map=route_222,9,5,
TRAINER_DUMMY_493,MICKEY,TRAINER_CLASS_SWIMMER_MALE,,,,,TRAINER_PIC_SWIMMER_MALE,,platinum_trainer_index=493; source=res/trainers/data/dummy_493.json; location_unpaired=true,9,5,
TRAINER_SWIMMER_CLAIRE,CLAIRE,TRAINER_CLASS_SWIMMER_FEMALE,211,,,,TRAINER_PIC_SWIMMER_FEMALE,,platinum_trainer_index=494; source=res/trainers/data/swimmer_claire.json; map_refs=route_220; matched_map=route_220,9,5,
TRAINER_DUMMY_495,MICKEY,TRAINER_CLASS_YOUNGSTER,,,,,TRAINER_PIC_YOUNGSTER,,platinum_trainer_index=495; source=res/trainers/data/dummy_495.json; location_unpaired=true,9,5,
TRAINER_YOUNGSTER_WAYNE,WAYNE,TRAINER_CLASS_YOUNGSTER,188,,,,TRAINER_PIC_YOUNGSTER,,platinum_trainer_index=496; source=res/trainers/data/youngster_wayne.json; map_refs=wayward_cave_1f; matched_map=wayward_cave_1f,9,5,
TRAINER_TUBER_JACKY,JACKY,TRAINER_CLASS_TUBER_MALE,199,,,,TRAINER_PIC_TUBER_MALE,,platinum_trainer_index=497; source=res/trainers/data/tuber_jacky.json; map_refs=pastoria_city_gym; matched_map=pastoria_city_gym,9,5,
TRAINER_TUBER_CAITLYN,CAITLYN,TRAINER_CLASS_TUBER_FEMALE,199,,,,TRAINER_PIC_TUBER_FEMALE,,platinum_trainer_index=498; source=res/trainers/data/tuber_caitlyn.json; map_refs=pastoria_city_gym; matched_map=pastoria_city_gym,9,5,
TRAINER_VETERAN_TERRELL,TERRELL,TRAINER_CLASS_VETERAN,48,,,,TRAINER_PIC_VETERAN,,platinum_trainer_index=499; source=res/trainers/data/veteran_terrell.json; map_refs=victory_road_1f_room_2; matched_map=victory_road_1f_room_2,9,5,
TRAINER_VETERAN_BRENDEN,BRENDEN,TRAINER_CLASS_VETERAN,48,,,,TRAINER_PIC_VETERAN,,platinum_trainer_index=500; source=res/trainers/data/veteran_brenden.json; map_refs=victory_road_1f_room_2; matched_map=victory_road_1f_room_2,9,5,
TRAINER_DUMMY_501,MICKEY,TRAINER_CLASS_WAITER,,,,,TRAINER_PIC_WAITER,,platinum_trainer_index=501; source=res/trainers/data/dummy_501.json; location_unpaired=true,9,5,
TRAINER_DUMMY_502,MICKEY,TRAINER_CLASS_WORKER,,,,,TRAINER_PIC_WORKER,,platinum_trainer_index=502; source=res/trainers/data/dummy_502.json; location_unpaired=true,9,5,
TRAINER_WORKER_NOEL,NOEL,TRAINER_CLASS_WORKER,216,,,,TRAINER_PIC_WORKER,,platinum_trainer_index=503; source=res/trainers/data/worker_noel.json; map_refs=iron_island_b2f_right_room; matched_map=iron_island_b2f_right_room,9,5,
TRAINER_WORKER_BRADEN,BRADEN,TRAINER_CLASS_WORKER,216,,,,TRAINER_PIC_WORKER,,platinum_trainer_index=504; source=res/trainers/data/worker_braden.json; map_refs=iron_island_b2f_right_room; matched_map=iron_island_b2f_right_room,9,5,
TRAINER_WORKER_BRENDON,BRENDON,TRAINER_CLASS_WORKER,216,,,,TRAINER_PIC_WORKER,,platinum_trainer_index=505; source=res/trainers/data/worker_brendon.json; map_refs=iron_island_b2f_left_room; matched_map=iron_island_b2f_left_room,9,5,
TRAINER_WORKER_QUENTIN,QUENTIN,TRAINER_CLASS_WORKER,216,,,,TRAINER_PIC_WORKER,,platinum_trainer_index=506; source=res/trainers/data/worker_quentin.json; map_refs=iron_island_b2f_left_room; matched_map=iron_island_b2f_left_room,9,5,
TRAINER_GALACTIC_GRUNT_GALACTIC_HQ_B2F_1,GRUNT,TRAINER_CLASS_GALACTIC_GRUNT_MALE,,,,,TRAINER_PIC_GALACTIC_GRUNT_MALE,,platinum_trainer_index=507; source=res/trainers/data/galactic_grunt_galactic_hq_b2f_1.json; map_refs=galactic_hq_b2f; location_unpaired=true,9,5,
TRAINER_GALACTIC_GRUNT_GALACTIC_HQ_B2F_2,GRUNT,TRAINER_CLASS_GALACTIC_GRUNT_MALE,,,,,TRAINER_PIC_GALACTIC_GRUNT_MALE,,platinum_trainer_index=508; source=res/trainers/data/galactic_grunt_galactic_hq_b2f_2.json; map_refs=galactic_hq_b2f; location_unpaired=true,9,5,
TRAINER_GALACTIC_GRUNT_GALACTIC_HQ_3F_1,GRUNT,TRAINER_CLASS_GALACTIC_GRUNT_MALE,,,,,TRAINER_PIC_GALACTIC_GRUNT_MALE,,platinum_trainer_index=509; source=res/trainers/data/galactic_grunt_galactic_hq_3f_1.json; map_refs=galactic_hq_3f; location_unpaired=true,9,5,
TRAINER_GALACTIC_GRUNT_GALACTIC_HQ_2F_1,GRUNT,TRAINER_CLASS_GALACTIC_GRUNT_MALE,,,,,TRAINER_PIC_GALACTIC_GRUNT_MALE,,platinum_trainer_index=510; source=res/trainers/data/galactic_grunt_galactic_hq_2f_1.json; map_refs=galactic_hq_2f; location_unpaired=true,9,5,
TRAINER_DUMMY_511,GRUNT,TRAINER_CLASS_GALACTIC_GRUNT_MALE,,,,,TRAINER_PIC_GALACTIC_GRUNT_MALE,,platinum_trainer_index=511; source=res/trainers/data/dummy_511.json; location_unpaired=true,9,5,
TRAINER_GALACTIC_GRUNT_GALACTIC_HQ_3F_2,GRUNT,TRAINER_CLASS_GALACTIC_GRUNT_MALE,,,,,TRAINER_PIC_GALACTIC_GRUNT_MALE,,platinum_trainer_index=512; source=res/trainers/data/galactic_grunt_galactic_hq_3f_2.json; map_refs=galactic_hq_3f; location_unpaired=true,9,5,
TRAINER_GALACTIC_GRUNT_GALACTIC_HQ_2F_2,GRUNT,TRAINER_CLASS_GALACTIC_GRUNT_MALE,,,,,TRAINER_PIC_GALACTIC_GRUNT_MALE,,platinum_trainer_index=513; source=res/trainers/data/galactic_grunt_galactic_hq_2f_2.json; map_refs=galactic_hq_2f; location_unpaired=true,9,5,
TRAINER_GALACTIC_GRUNT_GALACTIC_HQ_3F_3,GRUNT,TRAINER_CLASS_GALACTIC_GRUNT_MALE,,,,,TRAINER_PIC_GALACTIC_GRUNT_MALE,,platinum_trainer_index=514; source=res/trainers/data/galactic_grunt_galactic_hq_3f_3.json; map_refs=galactic_hq_3f; location_unpaired=true,9,5,
TRAINER_GALACTIC_GRUNT_MT_CORONET_3F_1,GRUNT,TRAINER_CLASS_GALACTIC_GRUNT_MALE,189,,,,TRAINER_PIC_GALACTIC_GRUNT_MALE,,platinum_trainer_index=515; source=res/trainers/data/galactic_grunt_mt_coronet_3f_1.json; map_refs=mt_coronet_3f; matched_map=mt_coronet_3f,9,5,
TRAINER_GALACTIC_GRUNT_MT_CORONET_4F_1,GRUNT,TRAINER_CLASS_GALACTIC_GRUNT_MALE,189,,,,TRAINER_PIC_GALACTIC_GRUNT_MALE,,platinum_trainer_index=516; source=res/trainers/data/galactic_grunt_mt_coronet_4f_1.json; map_refs=mt_coronet_4f_rooms_1_and_2; matched_map=mt_coronet_4f_rooms_1_and_2,9,5,
TRAINER_GALACTIC_GRUNT_MT_CORONET_4F_2,GRUNT,TRAINER_CLASS_GALACTIC_GRUNT_MALE,189,,,,TRAINER_PIC_GALACTIC_GRUNT_MALE,,platinum_trainer_index=517; source=res/trainers/data/galactic_grunt_mt_coronet_4f_2.json; map_refs=mt_coronet_4f_rooms_1_and_2; matched_map=mt_coronet_4f_rooms_1_and_2,9,5,
TRAINER_GALACTIC_GRUNT_MT_CORONET_TUNNEL_ROOM_1,GRUNT,TRAINER_CLASS_GALACTIC_GRUNT_MALE,189,,,,TRAINER_PIC_GALACTIC_GRUNT_MALE,,platinum_trainer_index=518; source=res/trainers/data/galactic_grunt_mt_coronet_tunnel_room_1.json; map_refs=mt_coronet_1f_tunnel_room; matched_map=mt_coronet_1f_tunnel_room,9,5,
TRAINER_GALACTIC_GRUNT_MT_CORONET_TUNNEL_ROOM_2,GRUNT,TRAINER_CLASS_GALACTIC_GRUNT_MALE,189,,,,TRAINER_PIC_GALACTIC_GRUNT_MALE,,platinum_trainer_index=519; source=res/trainers/data/galactic_grunt_mt_coronet_tunnel_room_2.json; map_refs=mt_coronet_1f_tunnel_room; matched_map=mt_coronet_1f_tunnel_room,9,5,
TRAINER_GALACTIC_GRUNT_MT_CORONET_5F_1,GRUNT,TRAINER_CLASS_GALACTIC_GRUNT_MALE,189,,,,TRAINER_PIC_GALACTIC_GRUNT_MALE,,platinum_trainer_index=520; source=res/trainers/data/galactic_grunt_mt_coronet_5f_1.json; map_refs=mt_coronet_5f; matched_map=mt_coronet_5f,9,5,
TRAINER_GALACTIC_GRUNT_SPEAR_PILLAR_1,GRUNT,TRAINER_CLASS_GALACTIC_GRUNT_MALE,189,,,,TRAINER_PIC_GALACTIC_GRUNT_MALE,,platinum_trainer_index=521; source=res/trainers/data/galactic_grunt_spear_pillar_1.json; map_refs=spear_pillar; matched_map=spear_pillar,9,5,
TRAINER_GALACTIC_GRUNT_GALACTIC_HQ_3F_4,GRUNT,TRAINER_CLASS_GALACTIC_GRUNT_FEMALE,,,,,TRAINER_PIC_GALACTIC_GRUNT_FEMALE,,platinum_trainer_index=522; source=res/trainers/data/galactic_grunt_galactic_hq_3f_4.json; map_refs=galactic_hq_3f; location_unpaired=true,9,5,
TRAINER_GALACTIC_GRUNT_MT_CORONET_3F_2,GRUNT,TRAINER_CLASS_GALACTIC_GRUNT_FEMALE,189,,,,TRAINER_PIC_GALACTIC_GRUNT_FEMALE,,platinum_trainer_index=523; source=res/trainers/data/galactic_grunt_mt_coronet_3f_2.json; map_refs=mt_coronet_3f; matched_map=mt_coronet_3f,9,5,
TRAINER_GALACTIC_GRUNT_MT_CORONET_TUNNEL_ROOM_3,GRUNT,TRAINER_CLASS_GALACTIC_GRUNT_FEMALE,189,,,,TRAINER_PIC_GALACTIC_GRUNT_FEMALE,,platinum_trainer_index=524; source=res/trainers/data/galactic_grunt_mt_coronet_tunnel_room_3.json; map_refs=mt_coronet_1f_tunnel_room; matched_map=mt_coronet_1f_tunnel_room,9,5,
TRAINER_GALACTIC_GRUNT_MT_CORONET_5F_2,GRUNT,TRAINER_CLASS_GALACTIC_GRUNT_FEMALE,189,,,,TRAINER_PIC_GALACTIC_GRUNT_FEMALE,,platinum_trainer_index=525; source=res/trainers/data/galactic_grunt_mt_coronet_5f_2.json; map_refs=mt_coronet_5f; matched_map=mt_coronet_5f,9,5,
TRAINER_GALACTIC_GRUNT_MT_CORONET_6F,GRUNT,TRAINER_CLASS_GALACTIC_GRUNT_FEMALE,189,,,,TRAINER_PIC_GALACTIC_GRUNT_FEMALE,,platinum_trainer_index=526; source=res/trainers/data/galactic_grunt_mt_coronet_6f.json; map_refs=mt_coronet_6f; matched_map=mt_coronet_6f,9,5,
TRAINER_GALACTIC_GRUNT_SPEAR_PILLAR_2,GRUNT,TRAINER_CLASS_GALACTIC_GRUNT_FEMALE,189,,,,TRAINER_PIC_GALACTIC_GRUNT_FEMALE,,platinum_trainer_index=527; source=res/trainers/data/galactic_grunt_spear_pillar_2.json; map_refs=spear_pillar; matched_map=spear_pillar,9,5,
TRAINER_COMMANDER_MARS_SPEAR_PILLAR,MARS,TRAINER_CLASS_COMMANDER_MARS,189,,,,TRAINER_PIC_COMMANDER_MARS,,platinum_trainer_index=528; source=res/trainers/data/commander_mars_spear_pillar.json; map_refs=spear_pillar; matched_map=spear_pillar,9,5,
TRAINER_ROUGHNECK_KIRBY,KIRBY,TRAINER_CLASS_ROUGHNECK,192,,,,TRAINER_PIC_ROUGHNECK,,platinum_trainer_index=529; source=res/trainers/data/roughneck_kirby.json; map_refs=route_209_lost_tower_3f; matched_map=route_209_lost_tower_3f,9,5,
TRAINER_POKEFAN_LEONARD,LEONARD,TRAINER_CLASS_POKEFAN_MALE,192,,,"ITEM_FULL_HEAL,ITEM_SUPER_POTION",TRAINER_PIC_POKEFAN_MALE,,platinum_trainer_index=530; source=res/trainers/data/pokefan_leonard.json; map_refs=route_209_lost_tower_3f; matched_map=route_209_lost_tower_3f,9,5,
TRAINER_POKEFAN_REBEKAH,REBEKAH,TRAINER_CLASS_POKEFAN_FEMALE,192,,,"ITEM_FULL_HEAL,ITEM_SUPER_POTION",TRAINER_PIC_POKEFAN_FEMALE,,platinum_trainer_index=531; source=res/trainers/data/pokefan_rebekah.json; map_refs=route_209_lost_tower_4f; matched_map=route_209_lost_tower_4f,9,5,
TRAINER_YOUNGSTER_OLIVER,OLIVER,TRAINER_CLASS_YOUNGSTER,192,,,,TRAINER_PIC_YOUNGSTER,,platinum_trainer_index=532; source=res/trainers/data/youngster_oliver.json; map_refs=route_209_lost_tower_2f; matched_map=route_209_lost_tower_2f,9,5,
TRAINER_BELLE_AND_PA_BETH_AND_BOB,BETH & BOB,TRAINER_CLASS_BELLE_AND_PA,192,,,,TRAINER_PIC_BELLE_AND_PA,True,platinum_trainer_index=533; source=res/trainers/data/belle_and_pa_beth_and_bob.json; map_refs=route_209_lost_tower_4f; matched_map=route_209_lost_tower_4f,9,5,
TRAINER_YOUNG_COUPLE_MIKE_AND_NAT,MIKE & NAT,TRAINER_CLASS_YOUNG_COUPLE,192,,,,TRAINER_PIC_YOUNG_COUPLE,True,platinum_trainer_index=534; source=res/trainers/data/young_couple_mike_and_nat.json; map_refs=route_209_lost_tower_4f; matched_map=route_209_lost_tower_4f,9,5,
TRAINER_AROMA_LADY_ALISON,ALISON,TRAINER_CLASS_AROMA_LADY,,,,,TRAINER_PIC_AROMA_LADY,,platinum_trainer_index=535; source=res/trainers/data/aroma_lady_alison.json; map_refs=restaurant; location_unpaired=true,9,5,
TRAINER_ARTIST_ISMAEL,ISMAEL,TRAINER_CLASS_ARTIST,,,,,TRAINER_PIC_ARTIST,,platinum_trainer_index=536; source=res/trainers/data/artist_ismael.json; map_refs=restaurant; location_unpaired=true,9,5,
TRAINER_BREEDER_KAYLEE,KAYLEE,TRAINER_CLASS_BREEDER_FEMALE,,,,,TRAINER_PIC_BREEDER_FEMALE,,platinum_trainer_index=537; source=res/trainers/data/breeder_kaylee.json; map_refs=restaurant; location_unpaired=true,9,5,
TRAINER_CAMERAMAN_DARRYL,DARRYL,TRAINER_CLASS_CAMERAMAN,,,,,TRAINER_PIC_CAMERAMAN,,platinum_trainer_index=538; source=res/trainers/data/cameraman_darryl.json; map_refs=restaurant; location_unpaired=true,9,5,
TRAINER_COLLECTOR_EUGENE,EUGENE,TRAINER_CLASS_COLLECTOR,,,,,TRAINER_PIC_COLLECTOR,,platinum_trainer_index=539; source=res/trainers/data/collector_eugene.json; map_refs=restaurant; location_unpaired=true,9,5,
TRAINER_POKEFAN_MEREDITH,MEREDITH,TRAINER_CLASS_POKEFAN_FEMALE,,,,,TRAINER_PIC_POKEFAN_FEMALE,,platinum_trainer_index=540; source=res/trainers/data/pokefan_meredith.json; map_refs=restaurant; location_unpaired=true,9,5,
TRAINER_PI_KENDRICK,KENDRICK,TRAINER_CLASS_PI,,,,,TRAINER_PIC_PI,,platinum_trainer_index=541; source=res/trainers/data/pi_kendrick.json; map_refs=restaurant; location_unpaired=true,9,5,
TRAINER_GENTLEMAN_LEONARDO,LEONARDO,TRAINER_CLASS_GENTLEMAN,,,,ITEM_FULL_RESTORE,TRAINER_PIC_GENTLEMAN,,platinum_trainer_index=542; source=res/trainers/data/gentleman_leonardo.json; map_refs=restaurant; location_unpaired=true,9,5,
TRAINER_SOCIALITE_REBECCA,REBECCA,TRAINER_CLASS_SOCIALITE,,,,ITEM_FULL_RESTORE,TRAINER_PIC_SOCIALITE,,platinum_trainer_index=543; source=res/trainers/data/socialite_rebecca.json; map_refs=restaurant; location_unpaired=true,9,5,
TRAINER_LASS_BLYTHE,BLYTHE,TRAINER_CLASS_LASS,,,,,TRAINER_PIC_LASS,,platinum_trainer_index=544; source=res/trainers/data/lass_blythe.json; map_refs=restaurant; location_unpaired=true,9,5,
TRAINER_RICH_BOY_ROMAN,ROMAN,TRAINER_CLASS_RICH_BOY,,,,ITEM_FULL_RESTORE,TRAINER_PIC_RICH_BOY,,platinum_trainer_index=545; source=res/trainers/data/rich_boy_roman.json; map_refs=restaurant; location_unpaired=true,9,5,
TRAINER_LADY_KYLIE,KYLIE,TRAINER_CLASS_LADY,,,,ITEM_FULL_RESTORE,TRAINER_PIC_LADY,,platinum_trainer_index=546; source=res/trainers/data/lady_kylie.json; map_refs=restaurant; location_unpaired=true,9,5,
TRAINER_REPORTER_VALERIE,VALERIE,TRAINER_CLASS_REPORTER,,,,,TRAINER_PIC_REPORTER,,platinum_trainer_index=547; source=res/trainers/data/reporter_valerie.json; map_refs=restaurant; location_unpaired=true,9,5,
TRAINER_SCHOOL_KID_ESTEBAN,ESTEBAN,TRAINER_CLASS_SCHOOL_KID_MALE,,,,ITEM_X_SP_DEF,TRAINER_PIC_SCHOOL_KID_MALE,,platinum_trainer_index=548; source=res/trainers/data/school_kid_esteban.json; map_refs=restaurant; location_unpaired=true,9,5,
TRAINER_SCIENTIST_EMILIO,EMILIO,TRAINER_CLASS_SCIENTIST,,,,ITEM_X_SPECIAL,TRAINER_PIC_SCIENTIST,,platinum_trainer_index=549; source=res/trainers/data/scientist_emilio.json; map_refs=restaurant; location_unpaired=true,9,5,
TRAINER_BEAUTY_GABRIELLA,GABRIELLA,TRAINER_CLASS_BEAUTY,,,,,TRAINER_PIC_BEAUTY,,platinum_trainer_index=550; source=res/trainers/data/beauty_gabriella.json; map_refs=restaurant; location_unpaired=true,9,5,
TRAINER_BEAUTY_HARLEY,HARLEY,TRAINER_CLASS_BEAUTY,,,,,TRAINER_PIC_BEAUTY,,platinum_trainer_index=551; source=res/trainers/data/beauty_harley.json; map_refs=restaurant; location_unpaired=true,9,5,
TRAINER_VETERAN_EMANUEL,EMANUEL,TRAINER_CLASS_VETERAN,,,,,TRAINER_PIC_VETERAN,,platinum_trainer_index=552; source=res/trainers/data/veteran_emanuel.json; map_refs=restaurant; location_unpaired=true,9,5,
TRAINER_RUIN_MANIAC_KARL,KARL,TRAINER_CLASS_RUIN_MANIAC,194,,,,TRAINER_PIC_RUIN_MANIAC,,platinum_trainer_index=553; source=res/trainers/data/ruin_maniac_karl.json; map_refs=solaceon_ruins_room_3; matched_map=solaceon_ruins_room_3,9,5,
TRAINER_BIRD_KEEPER_AUDREY,AUDREY,TRAINER_CLASS_BIRD_KEEPER,,,,,TRAINER_PIC_BIRD_KEEPER,,platinum_trainer_index=554; source=res/trainers/data/bird_keeper_audrey.json; map_refs=route_225; location_unpaired=true,9,5,
TRAINER_BIRD_KEEPER_GENEVA,GENEVA,TRAINER_CLASS_BIRD_KEEPER,,,,,TRAINER_PIC_BIRD_KEEPER,,platinum_trainer_index=555; source=res/trainers/data/bird_keeper_geneva.json; map_refs=route_226; location_unpaired=true,9,5,
TRAINER_BIRD_KEEPER_KRYSTAL,KRYSTAL,TRAINER_CLASS_BIRD_KEEPER,,,,,TRAINER_PIC_BIRD_KEEPER,,platinum_trainer_index=556; source=res/trainers/data/bird_keeper_krystal.json; map_refs=stark_mountain_room_2; location_unpaired=true,9,5,
TRAINER_DRAGON_TAMER_GEOFFREY,GEOFFREY,TRAINER_CLASS_DRAGON_TAMER,,,,,TRAINER_PIC_DRAGON_TAMER,,platinum_trainer_index=557; source=res/trainers/data/dragon_tamer_geoffrey.json; map_refs=route_225; location_unpaired=true,9,5,
TRAINER_DRAGON_TAMER_DARIEN,DARIEN,TRAINER_CLASS_DRAGON_TAMER,,,,,TRAINER_PIC_DRAGON_TAMER,,platinum_trainer_index=558; source=res/trainers/data/dragon_tamer_darien.json; map_refs=stark_mountain_outside; location_unpaired=true,9,5,
TRAINER_DRAGON_TAMER_KEEGAN,KEEGAN,TRAINER_CLASS_DRAGON_TAMER,,,,,TRAINER_PIC_DRAGON_TAMER,,platinum_trainer_index=559; source=res/trainers/data/dragon_tamer_keegan.json; map_refs=route_228; location_unpaired=true,9,5,
TRAINER_DRAGON_TAMER_STANLEY,STANLEY,TRAINER_CLASS_DRAGON_TAMER,,,,,TRAINER_PIC_DRAGON_TAMER,,platinum_trainer_index=560; source=res/trainers/data/dragon_tamer_stanley.json; map_refs=route_226; location_unpaired=true,9,5,
TRAINER_DRAGON_TAMER_DRAKE,DRAKE,TRAINER_CLASS_DRAGON_TAMER,,,,,TRAINER_PIC_DRAGON_TAMER,,platinum_trainer_index=561; source=res/trainers/data/dragon_tamer_drake.json; map_refs=stark_mountain_room_2; location_unpaired=true,9,5,
TRAINER_DRAGON_TAMER_KENNY,KENNY,TRAINER_CLASS_DRAGON_TAMER,,,,,TRAINER_PIC_DRAGON_TAMER,,platinum_trainer_index=562; source=res/trainers/data/dragon_tamer_kenny.json; map_refs=stark_mountain_room_2; location_unpaired=true,9,5,
TRAINER_ACE_TRAINER_RODOLFO,RODOLFO,TRAINER_CLASS_ACE_TRAINER_MALE,,,,,TRAINER_PIC_ACE_TRAINER_MALE,,platinum_trainer_index=563; source=res/trainers/data/ace_trainer_rodolfo.json; map_refs=route_225; location_unpaired=true,9,5,
TRAINER_ACE_TRAINER_SAUL,SAUL,TRAINER_CLASS_ACE_TRAINER_MALE,,,,,TRAINER_PIC_ACE_TRAINER_MALE,,platinum_trainer_index=564; source=res/trainers/data/ace_trainer_saul.json; map_refs=route_227; location_unpaired=true,9,5,
TRAINER_ACE_TRAINER_JOSE,JOSE,TRAINER_CLASS_ACE_TRAINER_MALE,,,,,TRAINER_PIC_ACE_TRAINER_MALE,,platinum_trainer_index=565; source=res/trainers/data/ace_trainer_jose.json; map_refs=route_228; location_unpaired=true,9,5,
TRAINER_ACE_TRAINER_FELIX,FELIX,TRAINER_CLASS_ACE_TRAINER_MALE,,,,,TRAINER_PIC_ACE_TRAINER_MALE,,platinum_trainer_index=566; source=res/trainers/data/ace_trainer_felix.json; map_refs=route_229; location_unpaired=true,9,5,
TRAINER_ACE_TRAINER_QUINN,QUINN,TRAINER_CLASS_ACE_TRAINER_MALE,,,,,TRAINER_PIC_ACE_TRAINER_MALE,,platinum_trainer_index=567; source=res/trainers/data/ace_trainer_quinn.json; map_refs=route_225; location_unpaired=true,9,5,
TRAINER_ACE_TRAINER_GRAHAM,GRAHAM,TRAINER_CLASS_ACE_TRAINER_MALE,,,,,TRAINER_PIC_ACE_TRAINER_MALE,,platinum_trainer_index=568; source=res/trainers/data/ace_trainer_graham.json; map_refs=route_226; location_unpaired=true,9,5,
TRAINER_ACE_TRAINER_KEENAN,KEENAN,TRAINER_CLASS_ACE_TRAINER_MALE,,,,,TRAINER_PIC_ACE_TRAINER_MALE,,platinum_trainer_index=569; source=res/trainers/data/ace_trainer_keenan.json; map_refs=stark_mountain_room_2; location_unpaired=true,9,5,
TRAINER_ACE_TRAINER_STEFAN,STEFAN,TRAINER_CLASS_ACE_TRAINER_MALE,,,,,TRAINER_PIC_ACE_TRAINER_MALE,,platinum_trainer_index=570; source=res/trainers/data/ace_trainer_stefan.json; map_refs=stark_mountain_room_2; location_unpaired=true,9,5,
TRAINER_ACE_TRAINER_SKYLAR,SKYLAR,TRAINER_CLASS_ACE_TRAINER_MALE,,,,,TRAINER_PIC_ACE_TRAINER_MALE,,platinum_trainer_index=571; source=res/trainers/data/ace_trainer_skylar.json; map_refs=stark_mountain_room_2; location_unpaired=true,9,5,
TRAINER_ACE_TRAINER_ABEL,ABEL,TRAINER_CLASS_ACE_TRAINER_MALE,,,,,TRAINER_PIC_ACE_TRAINER_MALE,,platinum_trainer_index=572; source=res/trainers/data/ace_trainer_abel.json; map_refs=stark_mountain_room_2; location_unpaired=true,9,5,
TRAINER_ACE_TRAINER_DEANNA,DEANNA,TRAINER_CLASS_ACE_TRAINER_FEMALE,,,,,TRAINER_PIC_ACE_TRAINER_FEMALE,,platinum_trainer_index=573; source=res/trainers/data/ace_trainer_deanna.json; map_refs=route_225; location_unpaired=true,9,5,
TRAINER_ACE_TRAINER_MOIRA,MOIRA,TRAINER_CLASS_ACE_TRAINER_FEMALE,,,,,TRAINER_PIC_ACE_TRAINER_FEMALE,,platinum_trainer_index=574; source=res/trainers/data/ace_trainer_moira.json; map_refs=route_228; location_unpaired=true,9,5,
TRAINER_ACE_TRAINER_DANA,DANA,TRAINER_CLASS_ACE_TRAINER_FEMALE,,,,,TRAINER_PIC_ACE_TRAINER_FEMALE,,platinum_trainer_index=575; source=res/trainers/data/ace_trainer_dana.json; map_refs=route_229; location_unpaired=true,9,5,
TRAINER_ACE_TRAINER_MIKAYLA,MIKAYLA,TRAINER_CLASS_ACE_TRAINER_FEMALE,,,,,TRAINER_PIC_ACE_TRAINER_FEMALE,,platinum_trainer_index=576; source=res/trainers/data/ace_trainer_mikayla.json; map_refs=route_227; location_unpaired=true,9,5,
TRAINER_ACE_TRAINER_MEAGAN,MEAGAN,TRAINER_CLASS_ACE_TRAINER_FEMALE,,,,,TRAINER_PIC_ACE_TRAINER_FEMALE,,platinum_trainer_index=577; source=res/trainers/data/ace_trainer_meagan.json; map_refs=route_228; location_unpaired=true,9,5,
TRAINER_ACE_TRAINER_SANDRA,SANDRA,TRAINER_CLASS_ACE_TRAINER_FEMALE,,,,,TRAINER_PIC_ACE_TRAINER_FEMALE,,platinum_trainer_index=578; source=res/trainers/data/ace_trainer_sandra.json; map_refs=route_229; location_unpaired=true,9,5,
TRAINER_ACE_TRAINER_KASSANDRA,KASSANDRA,TRAINER_CLASS_ACE_TRAINER_FEMALE,,,,,TRAINER_PIC_ACE_TRAINER_FEMALE,,platinum_trainer_index=579; source=res/trainers/data/ace_trainer_kassandra.json; map_refs=stark_mountain_room_2; location_unpaired=true,9,5,
TRAINER_ACE_TRAINER_JASMIN,JASMIN,TRAINER_CLASS_ACE_TRAINER_FEMALE,,,,,TRAINER_PIC_ACE_TRAINER_FEMALE,,platinum_trainer_index=580; source=res/trainers/data/ace_trainer_jasmin.json; map_refs=stark_mountain_room_2; location_unpaired=true,9,5,
TRAINER_ACE_TRAINER_NATASHA,NATASHA,TRAINER_CLASS_ACE_TRAINER_FEMALE,,,,,TRAINER_PIC_ACE_TRAINER_FEMALE,,platinum_trainer_index=581; source=res/trainers/data/ace_trainer_natasha.json; map_refs=stark_mountain_room_2; location_unpaired=true,9,5,
TRAINER_ACE_TRAINER_MONIQUE,MONIQUE,TRAINER_CLASS_ACE_TRAINER_FEMALE,,,,,TRAINER_PIC_ACE_TRAINER_FEMALE,,platinum_trainer_index=582; source=res/trainers/data/ace_trainer_monique.json; map_refs=stark_mountain_room_2; location_unpaired=true,9,5,
TRAINER_PSYCHIC_CORBIN,CORBIN,TRAINER_CLASS_PSYCHIC_MALE,,,,,TRAINER_PIC_PSYCHIC_MALE,,platinum_trainer_index=583; source=res/trainers/data/psychic_corbin.json; map_refs=route_228; location_unpaired=true,9,5,
TRAINER_PSYCHIC_STERLING,STERLING,TRAINER_CLASS_PSYCHIC_MALE,,,,,TRAINER_PIC_PSYCHIC_MALE,,platinum_trainer_index=584; source=res/trainers/data/psychic_sterling.json; map_refs=stark_mountain_room_2; location_unpaired=true,9,5,
TRAINER_PSYCHIC_DAISY,DAISY,TRAINER_CLASS_PSYCHIC_FEMALE,,,,,TRAINER_PIC_PSYCHIC_FEMALE,,platinum_trainer_index=585; source=res/trainers/data/psychic_daisy.json; map_refs=route_225; location_unpaired=true,9,5,
TRAINER_PSYCHIC_CHELSEY,CHELSEY,TRAINER_CLASS_PSYCHIC_FEMALE,,,,,TRAINER_PIC_PSYCHIC_FEMALE,,platinum_trainer_index=586; source=res/trainers/data/psychic_chelsey.json; map_refs=stark_mountain_room_2; location_unpaired=true,9,5,
TRAINER_BLACK_BELT_DAVON,DAVON,TRAINER_CLASS_BLACK_BELT,,,,,TRAINER_PIC_BLACK_BELT,,platinum_trainer_index=587; source=res/trainers/data/black_belt_davon.json; map_refs=route_228; location_unpaired=true,9,5,
TRAINER_BLACK_BELT_GRIFFIN,GRIFFIN,TRAINER_CLASS_BLACK_BELT,,,,,TRAINER_PIC_BLACK_BELT,,platinum_trainer_index=588; source=res/trainers/data/black_belt_griffin.json; map_refs=route_227; location_unpaired=true,9,5,
TRAINER_BLACK_BELT_RAY,RAY,TRAINER_CLASS_BLACK_BELT,,,,,TRAINER_PIC_BLACK_BELT,,platinum_trainer_index=589; source=res/trainers/data/black_belt_ray.json; map_refs=stark_mountain_room_2; location_unpaired=true,9,5,
TRAINER_BLACK_BELT_JARRETT,JARRETT,TRAINER_CLASS_BLACK_BELT,,,,,TRAINER_PIC_BLACK_BELT,,platinum_trainer_index=590; source=res/trainers/data/black_belt_jarrett.json; map_refs=stark_mountain_room_2; location_unpaired=true,9,5,
TRAINER_RANGER_KYLER,KYLER,TRAINER_CLASS_RANGER_MALE,,,,,TRAINER_PIC_RANGER_MALE,,platinum_trainer_index=591; source=res/trainers/data/ranger_kyler.json; map_refs=route_228; location_unpaired=true,9,5,
TRAINER_RANGER_DESHAWN,DESHAWN,TRAINER_CLASS_RANGER_MALE,,,,,TRAINER_PIC_RANGER_MALE,,platinum_trainer_index=592; source=res/trainers/data/ranger_deshawn.json; map_refs=route_229; location_unpaired=true,9,5,
TRAINER_RANGER_DWAYNE,DWAYNE,TRAINER_CLASS_RANGER_MALE,,,,,TRAINER_PIC_RANGER_MALE,,platinum_trainer_index=593; source=res/trainers/data/ranger_dwayne.json; map_refs=route_225; location_unpaired=true,9,5,
TRAINER_RANGER_ASHLEE,ASHLEE,TRAINER_CLASS_RANGER_FEMALE,,,,,TRAINER_PIC_RANGER_FEMALE,,platinum_trainer_index=594; source=res/trainers/data/ranger_ashlee.json; map_refs=route_225; location_unpaired=true,9,5,
TRAINER_RANGER_FELICIA,FELICIA,TRAINER_CLASS_RANGER_FEMALE,,,,,TRAINER_PIC_RANGER_FEMALE,,platinum_trainer_index=595; source=res/trainers/data/ranger_felicia.json; map_refs=route_227; location_unpaired=true,9,5,
TRAINER_RANGER_KRISTA,KRISTA,TRAINER_CLASS_RANGER_FEMALE,,,,,TRAINER_PIC_RANGER_FEMALE,,platinum_trainer_index=596; source=res/trainers/data/ranger_krista.json; map_refs=route_228; location_unpaired=true,9,5,
TRAINER_SWIMMER_GLENN,GLENN,TRAINER_CLASS_SWIMMER_MALE,,,,,TRAINER_PIC_SWIMMER_MALE,,platinum_trainer_index=597; source=res/trainers/data/swimmer_glenn.json; map_refs=route_230; location_unpaired=true,9,5,
TRAINER_SWIMMER_KURT,KURT,TRAINER_CLASS_SWIMMER_MALE,,,,,TRAINER_PIC_SWIMMER_MALE,,platinum_trainer_index=598; source=res/trainers/data/swimmer_kurt.json; map_refs=route_230; location_unpaired=true,9,5,
TRAINER_SWIMMER_SAM,SAM,TRAINER_CLASS_SWIMMER_MALE,,,,,TRAINER_PIC_SWIMMER_MALE,,platinum_trainer_index=599; source=res/trainers/data/swimmer_sam.json; map_refs=route_230; location_unpaired=true,9,5,
TRAINER_SWIMMER_WADE,WADE,TRAINER_CLASS_SWIMMER_MALE,,,,,TRAINER_PIC_SWIMMER_MALE,,platinum_trainer_index=600; source=res/trainers/data/swimmer_wade.json; map_refs=route_226; location_unpaired=true,9,5,
TRAINER_SWIMMER_JOANNA,JOANNA,TRAINER_CLASS_SWIMMER_FEMALE,,,,,TRAINER_PIC_SWIMMER_FEMALE,,platinum_trainer_index=601; source=res/trainers/data/swimmer_joanna.json; map_refs=route_230; location_unpaired=true,9,5,
TRAINER_SWIMMER_SOPHIA,SOPHIA,TRAINER_CLASS_SWIMMER_FEMALE,,,,,TRAINER_PIC_SWIMMER_FEMALE,,platinum_trainer_index=602; source=res/trainers/data/swimmer_sophia.json; map_refs=route_230; location_unpaired=true,9,5,
TRAINER_SWIMMER_MALLORY,MALLORY,TRAINER_CLASS_SWIMMER_FEMALE,,,,,TRAINER_PIC_SWIMMER_FEMALE,,platinum_trainer_index=603; source=res/trainers/data/swimmer_mallory.json; map_refs=route_230; location_unpaired=true,9,5,
TRAINER_SWIMMER_LYDIA,LYDIA,TRAINER_CLASS_SWIMMER_FEMALE,,,,,TRAINER_PIC_SWIMMER_FEMALE,,platinum_trainer_index=604; source=res/trainers/data/swimmer_lydia.json; map_refs=route_226; location_unpaired=true,9,5,
TRAINER_DUMMY_605,MICKEY,TRAINER_CLASS_VETERAN,,,,,TRAINER_PIC_VETERAN,,platinum_trainer_index=605; source=res/trainers/data/dummy_605.json; location_unpaired=true,9,5,
TRAINER_VETERAN_HARLAN,HARLAN,TRAINER_CLASS_VETERAN,,,,,TRAINER_PIC_VETERAN,,platinum_trainer_index=606; source=res/trainers/data/veteran_harlan.json; map_refs=stark_mountain_room_2; location_unpaired=true,9,5,
TRAINER_RIVAL_SPEAR_PILLAR_PIPLUP,CEDRIC,TRAINER_CLASS_RIVAL,189,,,,TRAINER_PIC_RIVAL,,platinum_trainer_index=607; source=res/trainers/data/rival_spear_pillar_piplup.json; map_refs=spear_pillar; matched_map=spear_pillar,9,5,
TRAINER_CHERYL_ETERNA_FOREST,CHERYL,TRAINER_CLASS_TRAINER_CHERYL,184,,,,TRAINER_PIC_TRAINER_CHERYL,,platinum_trainer_index=608; source=res/trainers/data/cheryl_eterna_forest.json; map_refs=eterna_forest; matched_map=eterna_forest,9,5,
TRAINER_RILEY_IRON_ISLAND,RILEY,TRAINER_CLASS_TRAINER_RILEY,216,,,,TRAINER_PIC_TRAINER_RILEY,,platinum_trainer_index=609; source=res/trainers/data/riley_iron_island.json; map_refs=iron_island_b2f_left_room; matched_map=iron_island_b2f_left_room,9,5,
TRAINER_MARLEY_VICTORY_ROAD,MARLEY,TRAINER_CLASS_TRAINER_MARLEY,48,,,,TRAINER_PIC_TRAINER_MARLEY,,platinum_trainer_index=610; source=res/trainers/data/marley_victory_road.json; map_refs=victory_road_1f_room_2; matched_map=victory_road_1f_room_2,9,5,
TRAINER_BUCK_STARK_MOUNTAIN,BUCK,TRAINER_CLASS_TRAINER_BUCK,,,,,TRAINER_PIC_TRAINER_BUCK,,platinum_trainer_index=611; source=res/trainers/data/buck_stark_mountain.json; map_refs=stark_mountain_room_2; location_unpaired=true,9,5,
TRAINER_MIRA_WAYWARD_CAVE,MIRA,TRAINER_CLASS_TRAINER_MIRA,188,,,,TRAINER_PIC_TRAINER_MIRA,,platinum_trainer_index=612; source=res/trainers/data/mira_wayward_cave.json; map_refs=wayward_cave_1f; matched_map=wayward_cave_1f,9,5,
TRAINER_LUCAS_JUBILIFE_CITY_CHIMCHAR,LUCAS,TRAINER_CLASS_DP_PLAYER_MALE,,,,ITEM_POTION,TRAINER_PIC_DP_PLAYER_MALE,,platinum_trainer_index=613; source=res/trainers/data/lucas_jubilife_city_chimchar.json; map_refs=jubilife_city; location_unpaired=true,9,5,
TRAINER_LUCAS_JUBILIFE_CITY_PIPLUP,LUCAS,TRAINER_CLASS_DP_PLAYER_MALE,,,,ITEM_POTION,TRAINER_PIC_DP_PLAYER_MALE,,platinum_trainer_index=614; source=res/trainers/data/lucas_jubilife_city_piplup.json; map_refs=jubilife_city; location_unpaired=true,9,5,
TRAINER_LUCAS_JUBILIFE_CITY_TURTWIG,LUCAS,TRAINER_CLASS_DP_PLAYER_MALE,,,,ITEM_POTION,TRAINER_PIC_DP_PLAYER_MALE,,platinum_trainer_index=615; source=res/trainers/data/lucas_jubilife_city_turtwig.json; map_refs=jubilife_city; location_unpaired=true,9,5,
TRAINER_DAWN_JUBILIFE_CITY_CHIMCHAR,DAWN,TRAINER_CLASS_DP_PLAYER_FEMALE,,,,ITEM_POTION,TRAINER_PIC_DP_PLAYER_FEMALE,,platinum_trainer_index=616; source=res/trainers/data/dawn_jubilife_city_chimchar.json; map_refs=jubilife_city; location_unpaired=true,9,5,
TRAINER_DAWN_JUBILIFE_CITY_PIPLUP,DAWN,TRAINER_CLASS_DP_PLAYER_FEMALE,,,,ITEM_POTION,TRAINER_PIC_DP_PLAYER_FEMALE,,platinum_trainer_index=617; source=res/trainers/data/dawn_jubilife_city_piplup.json; map_refs=jubilife_city; location_unpaired=true,9,5,
TRAINER_DAWN_JUBILIFE_CITY_TURTWIG,DAWN,TRAINER_CLASS_DP_PLAYER_FEMALE,,,,ITEM_POTION,TRAINER_PIC_DP_PLAYER_FEMALE,,platinum_trainer_index=618; source=res/trainers/data/dawn_jubilife_city_turtwig.json; map_refs=jubilife_city; location_unpaired=true,9,5,
TRAINER_RIVAL_SPEAR_PILLAR_TURTWIG,CEDRIC,TRAINER_CLASS_RIVAL,189,,,,TRAINER_PIC_RIVAL,,platinum_trainer_index=619; source=res/trainers/data/rival_spear_pillar_turtwig.json; map_refs=spear_pillar; matched_map=spear_pillar,9,5,
TRAINER_RIVAL_SPEAR_PILLAR_CHIMCHAR,CEDRIC,TRAINER_CLASS_RIVAL,189,,,,TRAINER_PIC_RIVAL,,platinum_trainer_index=620; source=res/trainers/data/rival_spear_pillar_chimchar.json; map_refs=spear_pillar; matched_map=spear_pillar,9,5,
TRAINER_LUCAS_VEILSTONE_CITY_TURTWIG,LUCAS,TRAINER_CLASS_DP_PLAYER_MALE,197,,,,TRAINER_PIC_DP_PLAYER_MALE,,platinum_trainer_index=621; source=res/trainers/data/lucas_veilstone_city_turtwig.json; map_refs=veilstone_city; matched_map=veilstone_city,9,5,
TRAINER_LUCAS_VEILSTONE_CITY_CHIMCHAR,LUCAS,TRAINER_CLASS_DP_PLAYER_MALE,197,,,,TRAINER_PIC_DP_PLAYER_MALE,,platinum_trainer_index=622; source=res/trainers/data/lucas_veilstone_city_chimchar.json; map_refs=veilstone_city; matched_map=veilstone_city,9,5,
TRAINER_LUCAS_VEILSTONE_CITY_PIPLUP,LUCAS,TRAINER_CLASS_DP_PLAYER_MALE,197,,,,TRAINER_PIC_DP_PLAYER_MALE,,platinum_trainer_index=623; source=res/trainers/data/lucas_veilstone_city_piplup.json; map_refs=veilstone_city; matched_map=veilstone_city,9,5,
TRAINER_DAWN_VEILSTONE_CITY_TURTWIG,DAWN,TRAINER_CLASS_DP_PLAYER_FEMALE,197,,,,TRAINER_PIC_DP_PLAYER_FEMALE,,platinum_trainer_index=624; source=res/trainers/data/dawn_veilstone_city_turtwig.json; map_refs=veilstone_city; matched_map=veilstone_city,9,5,
TRAINER_DAWN_VEILSTONE_CITY_CHIMCHAR,DAWN,TRAINER_CLASS_DP_PLAYER_FEMALE,197,,,,TRAINER_PIC_DP_PLAYER_FEMALE,,platinum_trainer_index=625; source=res/trainers/data/dawn_veilstone_city_chimchar.json; map_refs=veilstone_city; matched_map=veilstone_city,9,5,
TRAINER_DAWN_VEILSTONE_CITY_PIPLUP,DAWN,TRAINER_CLASS_DP_PLAYER_FEMALE,197,,,,TRAINER_PIC_DP_PLAYER_FEMALE,,platinum_trainer_index=626; source=res/trainers/data/dawn_veilstone_city_piplup.json; map_refs=veilstone_city; matched_map=veilstone_city,9,5,
TRAINER_AROMA_LADY_ELIZABETH_REMATCH_1,ELIZABETH,TRAINER_CLASS_AROMA_LADY,,true,,,TRAINER_PIC_AROMA_LADY,,platinum_trainer_index=627; source=res/trainers/data/aroma_lady_elizabeth_rematch_1.json; location_unpaired=true,9,5,
TRAINER_AROMA_LADY_ELIZABETH_REMATCH_2,ELIZABETH,TRAINER_CLASS_AROMA_LADY,,true,,,TRAINER_PIC_AROMA_LADY,,platinum_trainer_index=628; source=res/trainers/data/aroma_lady_elizabeth_rematch_2.json; location_unpaired=true,9,5,
TRAINER_AROMA_LADY_ELIZABETH_REMATCH_3,ELIZABETH,TRAINER_CLASS_AROMA_LADY,,true,,,TRAINER_PIC_AROMA_LADY,,platinum_trainer_index=629; source=res/trainers/data/aroma_lady_elizabeth_rematch_3.json; location_unpaired=true,9,5,
TRAINER_ARTIST_WILLIAM_REMATCH_1,WILLIAM,TRAINER_CLASS_ARTIST,,true,,,TRAINER_PIC_ARTIST,,platinum_trainer_index=630; source=res/trainers/data/artist_william_rematch_1.json; location_unpaired=true,9,5,
TRAINER_ARTIST_WILLIAM_REMATCH_2,WILLIAM,TRAINER_CLASS_ARTIST,,true,,,TRAINER_PIC_ARTIST,,platinum_trainer_index=631; source=res/trainers/data/artist_william_rematch_2.json; location_unpaired=true,9,5,
TRAINER_ARTIST_WILLIAM_REMATCH_3,WILLIAM,TRAINER_CLASS_ARTIST,,true,,,TRAINER_PIC_ARTIST,,platinum_trainer_index=632; source=res/trainers/data/artist_william_rematch_3.json; location_unpaired=true,9,5,
TRAINER_BATTLE_GIRL_HELEN_REMATCH_1,HELEN,TRAINER_CLASS_BATTLE_GIRL,,true,,,TRAINER_PIC_BATTLE_GIRL,,platinum_trainer_index=633; source=res/trainers/data/battle_girl_helen_rematch_1.json; location_unpaired=true,9,5,
TRAINER_BATTLE_GIRL_HELEN_REMATCH_2,HELEN,TRAINER_CLASS_BATTLE_GIRL,,true,,,TRAINER_PIC_BATTLE_GIRL,,platinum_trainer_index=634; source=res/trainers/data/battle_girl_helen_rematch_2.json; location_unpaired=true,9,5,
TRAINER_BATTLE_GIRL_HELEN_REMATCH_3,HELEN,TRAINER_CLASS_BATTLE_GIRL,,true,,,TRAINER_PIC_BATTLE_GIRL,,platinum_trainer_index=635; source=res/trainers/data/battle_girl_helen_rematch_3.json; location_unpaired=true,9,5,
TRAINER_BIRD_KEEPER_BRIANNA_REMATCH_1,BRIANNA,TRAINER_CLASS_BIRD_KEEPER,,true,,,TRAINER_PIC_BIRD_KEEPER,,platinum_trainer_index=636; source=res/trainers/data/bird_keeper_brianna_rematch_1.json; location_unpaired=true,9,5,
TRAINER_BIRD_KEEPER_BRIANNA_REMATCH_2,BRIANNA,TRAINER_CLASS_BIRD_KEEPER,,true,,,TRAINER_PIC_BIRD_KEEPER,,platinum_trainer_index=637; source=res/trainers/data/bird_keeper_brianna_rematch_2.json; location_unpaired=true,9,5,
TRAINER_BIRD_KEEPER_AUDREY_REMATCH,AUDREY,TRAINER_CLASS_BIRD_KEEPER,,true,,,TRAINER_PIC_BIRD_KEEPER,,platinum_trainer_index=638; source=res/trainers/data/bird_keeper_audrey_rematch.json; location_unpaired=true,9,5,
TRAINER_BREEDER_ALBERT_REMATCH_1,ALBERT,TRAINER_CLASS_BREEDER_MALE,,true,,,TRAINER_PIC_BREEDER_MALE,,platinum_trainer_index=639; source=res/trainers/data/breeder_albert_rematch_1.json; location_unpaired=true,9,5,
TRAINER_BREEDER_ALBERT_REMATCH_2,ALBERT,TRAINER_CLASS_BREEDER_MALE,,true,,,TRAINER_PIC_BREEDER_MALE,,platinum_trainer_index=640; source=res/trainers/data/breeder_albert_rematch_2.json; location_unpaired=true,9,5,
TRAINER_BREEDER_ALBERT_REMATCH_3,ALBERT,TRAINER_CLASS_BREEDER_MALE,,true,,,TRAINER_PIC_BREEDER_MALE,,platinum_trainer_index=641; source=res/trainers/data/breeder_albert_rematch_3.json; location_unpaired=true,9,5,
TRAINER_BREEDER_JENNIFER_REMATCH_1,JENNIFER,TRAINER_CLASS_BREEDER_FEMALE,,true,,,TRAINER_PIC_BREEDER_FEMALE,,platinum_trainer_index=642; source=res/trainers/data/breeder_jennifer_rematch_1.json; location_unpaired=true,9,5,
TRAINER_BREEDER_JENNIFER_REMATCH_2,JENNIFER,TRAINER_CLASS_BREEDER_FEMALE,,true,,,TRAINER_PIC_BREEDER_FEMALE,,platinum_trainer_index=643; source=res/trainers/data/breeder_jennifer_rematch_2.json; location_unpaired=true,9,5,
TRAINER_BREEDER_JENNIFER_REMATCH_3,JENNIFER,TRAINER_CLASS_BREEDER_FEMALE,,true,,,TRAINER_PIC_BREEDER_FEMALE,,platinum_trainer_index=644; source=res/trainers/data/breeder_jennifer_rematch_3.json; location_unpaired=true,9,5,
TRAINER_CAMPER_ZACKARY_REMATCH_1,ZACKARY,TRAINER_CLASS_CAMPER,,true,,,TRAINER_PIC_CAMPER,,platinum_trainer_index=645; source=res/trainers/data/camper_zackary_rematch_1.json; location_unpaired=true,9,5,
TRAINER_CAMPER_ZACKARY_REMATCH_2,ZACKARY,TRAINER_CLASS_CAMPER,,true,,,TRAINER_PIC_CAMPER,,platinum_trainer_index=646; source=res/trainers/data/camper_zackary_rematch_2.json; location_unpaired=true,9,5,
TRAINER_CAMPER_ZACKARY_REMATCH_3,ZACKARY,TRAINER_CLASS_CAMPER,,true,,,TRAINER_PIC_CAMPER,,platinum_trainer_index=647; source=res/trainers/data/camper_zackary_rematch_3.json; location_unpaired=true,9,5,
TRAINER_ACE_TRAINER_DALTON_REMATCH,DALTON,TRAINER_CLASS_ACE_TRAINER_SNOW_MALE,,true,,,TRAINER_PIC_ACE_TRAINER_SNOW_MALE,,platinum_trainer_index=648; source=res/trainers/data/ace_trainer_dalton_rematch.json; location_unpaired=true,9,5,
TRAINER_ACE_TRAINER_OLIVIA_REMATCH,OLIVIA,TRAINER_CLASS_ACE_TRAINER_SNOW_FEMALE,,true,,,TRAINER_PIC_ACE_TRAINER_SNOW_FEMALE,,platinum_trainer_index=649; source=res/trainers/data/ace_trainer_olivia_rematch.json; location_unpaired=true,9,5,
TRAINER_COLLECTOR_IVAN_REMATCH,IVAN,TRAINER_CLASS_COLLECTOR,,true,,,TRAINER_PIC_COLLECTOR,,platinum_trainer_index=650; source=res/trainers/data/collector_ivan_rematch.json; location_unpaired=true,9,5,
TRAINER_DUMMY_058_REMATCH_1,ANGELICA,TRAINER_CLASS_COWGIRL,,true,,,TRAINER_PIC_COWGIRL,,platinum_trainer_index=651; source=res/trainers/data/dummy_058_rematch_1.json; location_unpaired=true,9,5,
TRAINER_DUMMY_058_REMATCH_2,ANGELICA,TRAINER_CLASS_COWGIRL,,true,,,TRAINER_PIC_COWGIRL,,platinum_trainer_index=652; source=res/trainers/data/dummy_058_rematch_2.json; location_unpaired=true,9,5,
TRAINER_CYCLIST_JOHN_REMATCH_1,JOHN,TRAINER_CLASS_CYCLIST_MALE,,true,,,TRAINER_PIC_CYCLIST_MALE,,platinum_trainer_index=653; source=res/trainers/data/cyclist_john_rematch_1.json; location_unpaired=true,9,5,
TRAINER_CYCLIST_JOHN_REMATCH_2,JOHN,TRAINER_CLASS_CYCLIST_MALE,,true,,,TRAINER_PIC_CYCLIST_MALE,,platinum_trainer_index=654; source=res/trainers/data/cyclist_john_rematch_2.json; location_unpaired=true,9,5,
TRAINER_CYCLIST_JOHN_REMATCH_3,JOHN,TRAINER_CLASS_CYCLIST_MALE,,true,,,TRAINER_PIC_CYCLIST_MALE,,platinum_trainer_index=655; source=res/trainers/data/cyclist_john_rematch_3.json; location_unpaired=true,9,5,
TRAINER_CYCLIST_KAYLA_REMATCH_1,KAYLA,TRAINER_CLASS_CYCLIST_FEMALE,,true,,,TRAINER_PIC_CYCLIST_FEMALE,,platinum_trainer_index=656; source=res/trainers/data/cyclist_kayla_rematch_1.json; location_unpaired=true,9,5,
TRAINER_CYCLIST_KAYLA_REMATCH_2,KAYLA,TRAINER_CLASS_CYCLIST_FEMALE,,true,,,TRAINER_PIC_CYCLIST_FEMALE,,platinum_trainer_index=657; source=res/trainers/data/cyclist_kayla_rematch_2.json; location_unpaired=true,9,5,
TRAINER_CYCLIST_KAYLA_REMATCH_3,KAYLA,TRAINER_CLASS_CYCLIST_FEMALE,,true,,,TRAINER_PIC_CYCLIST_FEMALE,,platinum_trainer_index=658; source=res/trainers/data/cyclist_kayla_rematch_3.json; location_unpaired=true,9,5,
TRAINER_DRAGON_TAMER_PATRICK_REMATCH_1,PATRICK,TRAINER_CLASS_DRAGON_TAMER,,true,,,TRAINER_PIC_DRAGON_TAMER,,platinum_trainer_index=659; source=res/trainers/data/dragon_tamer_patrick_rematch_1.json; location_unpaired=true,9,5,
TRAINER_DRAGON_TAMER_PATRICK_REMATCH_2,PATRICK,TRAINER_CLASS_DRAGON_TAMER,,true,,,TRAINER_PIC_DRAGON_TAMER,,platinum_trainer_index=660; source=res/trainers/data/dragon_tamer_patrick_rematch_2.json; location_unpaired=true,9,5,
TRAINER_DRAGON_TAMER_HAYDEN_REMATCH,HAYDEN,TRAINER_CLASS_DRAGON_TAMER,,true,,,TRAINER_PIC_DRAGON_TAMER,,platinum_trainer_index=661; source=res/trainers/data/dragon_tamer_hayden_rematch.json; location_unpaired=true,9,5,
TRAINER_DRAGON_TAMER_GEOFFREY_REMATCH,GEOFFREY,TRAINER_CLASS_DRAGON_TAMER,,true,,,TRAINER_PIC_DRAGON_TAMER,,platinum_trainer_index=662; source=res/trainers/data/dragon_tamer_geoffrey_rematch.json; location_unpaired=true,9,5,
TRAINER_ACE_TRAINER_JAKE_REMATCH,JAKE,TRAINER_CLASS_ACE_TRAINER_MALE,,true,,,TRAINER_PIC_ACE_TRAINER_MALE,,platinum_trainer_index=663; source=res/trainers/data/ace_trainer_jake_rematch.json; location_unpaired=true,9,5,
TRAINER_ACE_TRAINER_DENNIS_REMATCH_1,DENNIS,TRAINER_CLASS_ACE_TRAINER_MALE,,true,,,TRAINER_PIC_ACE_TRAINER_MALE,,platinum_trainer_index=664; source=res/trainers/data/ace_trainer_dennis_rematch_1.json; location_unpaired=true,9,5,
TRAINER_ACE_TRAINER_DENNIS_REMATCH_2,DENNIS,TRAINER_CLASS_ACE_TRAINER_MALE,,true,,,TRAINER_PIC_ACE_TRAINER_MALE,,platinum_trainer_index=665; source=res/trainers/data/ace_trainer_dennis_rematch_2.json; location_unpaired=true,9,5,
TRAINER_ACE_TRAINER_RODOLFO_REMATCH,RODOLFO,TRAINER_CLASS_ACE_TRAINER_MALE,,true,,,TRAINER_PIC_ACE_TRAINER_MALE,,platinum_trainer_index=666; source=res/trainers/data/ace_trainer_rodolfo_rematch.json; location_unpaired=true,9,5,
TRAINER_ACE_TRAINER_SAUL_REMATCH,SAUL,TRAINER_CLASS_ACE_TRAINER_MALE,,true,,,TRAINER_PIC_ACE_TRAINER_MALE,,platinum_trainer_index=667; source=res/trainers/data/ace_trainer_saul_rematch.json; location_unpaired=true,9,5,
TRAINER_ACE_TRAINER_SHANNON_REMATCH,SHANNON,TRAINER_CLASS_ACE_TRAINER_FEMALE,,true,,,TRAINER_PIC_ACE_TRAINER_FEMALE,,platinum_trainer_index=668; source=res/trainers/data/ace_trainer_shannon_rematch.json; location_unpaired=true,9,5,
TRAINER_ACE_TRAINER_MAYA_REMATCH_1,MAYA,TRAINER_CLASS_ACE_TRAINER_FEMALE,,true,,,TRAINER_PIC_ACE_TRAINER_FEMALE,,platinum_trainer_index=669; source=res/trainers/data/ace_trainer_maya_rematch_1.json; location_unpaired=true,9,5,
TRAINER_ACE_TRAINER_MAYA_REMATCH_2,MAYA,TRAINER_CLASS_ACE_TRAINER_FEMALE,,true,,,TRAINER_PIC_ACE_TRAINER_FEMALE,,platinum_trainer_index=670; source=res/trainers/data/ace_trainer_maya_rematch_2.json; location_unpaired=true,9,5,
TRAINER_ACE_TRAINER_DEANNA_REMATCH,DEANNA,TRAINER_CLASS_ACE_TRAINER_FEMALE,,true,,,TRAINER_PIC_ACE_TRAINER_FEMALE,,platinum_trainer_index=671; source=res/trainers/data/ace_trainer_deanna_rematch.json; location_unpaired=true,9,5,
TRAINER_ACE_TRAINER_MOIRA_REMATCH,MOIRA,TRAINER_CLASS_ACE_TRAINER_FEMALE,,true,,,TRAINER_PIC_ACE_TRAINER_FEMALE,,platinum_trainer_index=672; source=res/trainers/data/ace_trainer_moira_rematch.json; location_unpaired=true,9,5,
TRAINER_PSYCHIC_MITCHELL_REMATCH_1,MITCHELL,TRAINER_CLASS_PSYCHIC_MALE,,true,,,TRAINER_PIC_PSYCHIC_MALE,,platinum_trainer_index=673; source=res/trainers/data/psychic_mitchell_rematch_1.json; location_unpaired=true,9,5,
TRAINER_PSYCHIC_MITCHELL_REMATCH_2,MITCHELL,TRAINER_CLASS_PSYCHIC_MALE,,true,,,TRAINER_PIC_PSYCHIC_MALE,,platinum_trainer_index=674; source=res/trainers/data/psychic_mitchell_rematch_2.json; location_unpaired=true,9,5,
TRAINER_PSYCHIC_MAXWELL_REMATCH,MAXWELL,TRAINER_CLASS_PSYCHIC_MALE,,true,,,TRAINER_PIC_PSYCHIC_MALE,,platinum_trainer_index=675; source=res/trainers/data/psychic_maxwell_rematch.json; location_unpaired=true,9,5,
TRAINER_PSYCHIC_CORBIN_REMATCH,CORBIN,TRAINER_CLASS_PSYCHIC_MALE,,true,,,TRAINER_PIC_PSYCHIC_MALE,,platinum_trainer_index=676; source=res/trainers/data/psychic_corbin_rematch.json; location_unpaired=true,9,5,
TRAINER_PSYCHIC_ABIGAIL_REMATCH_1,ABIGAIL,TRAINER_CLASS_PSYCHIC_FEMALE,,true,,,TRAINER_PIC_PSYCHIC_FEMALE,,platinum_trainer_index=677; source=res/trainers/data/psychic_abigail_rematch_1.json; location_unpaired=true,9,5,
TRAINER_PSYCHIC_ABIGAIL_REMATCH_2,ABIGAIL,TRAINER_CLASS_PSYCHIC_FEMALE,,true,,,TRAINER_PIC_PSYCHIC_FEMALE,,platinum_trainer_index=678; source=res/trainers/data/psychic_abigail_rematch_2.json; location_unpaired=true,9,5,
TRAINER_PSYCHIC_BRITTNEY_REMATCH,BRITTNEY,TRAINER_CLASS_PSYCHIC_FEMALE,,true,,,TRAINER_PIC_PSYCHIC_FEMALE,,platinum_trainer_index=679; source=res/trainers/data/psychic_brittney_rematch.json; location_unpaired=true,9,5,
TRAINER_PSYCHIC_DAISY_REMATCH,DAISY,TRAINER_CLASS_PSYCHIC_FEMALE,,true,,,TRAINER_PIC_PSYCHIC_FEMALE,,platinum_trainer_index=680; source=res/trainers/data/psychic_daisy_rematch.json; location_unpaired=true,9,5,
TRAINER_RANCHER_MARCO_REMATCH_1,MARCO,TRAINER_CLASS_RANCHER,,true,,,TRAINER_PIC_RANCHER,,platinum_trainer_index=681; source=res/trainers/data/rancher_marco_rematch_1.json; location_unpaired=true,9,5,
TRAINER_RANCHER_MARCO_REMATCH_2,MARCO,TRAINER_CLASS_RANCHER,,true,,,TRAINER_PIC_RANCHER,,platinum_trainer_index=682; source=res/trainers/data/rancher_marco_rematch_2.json; location_unpaired=true,9,5,
TRAINER_FISHERMAN_JOSEPH_REMATCH_1,JOSEPH,TRAINER_CLASS_FISHERMAN,,true,,,TRAINER_PIC_FISHERMAN,,platinum_trainer_index=683; source=res/trainers/data/fisherman_joseph_rematch_1.json; location_unpaired=true,9,5,
TRAINER_FISHERMAN_JOSEPH_REMATCH_2,JOSEPH,TRAINER_CLASS_FISHERMAN,,true,,,TRAINER_PIC_FISHERMAN,,platinum_trainer_index=684; source=res/trainers/data/fisherman_joseph_rematch_2.json; location_unpaired=true,9,5,
TRAINER_FISHERMAN_MIGUEL_REMATCH,MIGUEL,TRAINER_CLASS_FISHERMAN,,true,,,TRAINER_PIC_FISHERMAN,,platinum_trainer_index=685; source=res/trainers/data/fisherman_miguel_rematch.json; location_unpaired=true,9,5,
TRAINER_FISHERMAN_ALEC_REMATCH,ALEC,TRAINER_CLASS_FISHERMAN,,true,,,TRAINER_PIC_FISHERMAN,,platinum_trainer_index=686; source=res/trainers/data/fisherman_alec_rematch.json; location_unpaired=true,9,5,
TRAINER_TWINS_TERI_AND_TIA_REMATCH_1,TERI & TIA,TRAINER_CLASS_TWINS,,true,,,TRAINER_PIC_TWINS,True,platinum_trainer_index=687; source=res/trainers/data/twins_teri_and_tia_rematch_1.json; location_unpaired=true,9,5,
TRAINER_TWINS_TERI_AND_TIA_REMATCH_2,TERI & TIA,TRAINER_CLASS_TWINS,,true,,,TRAINER_PIC_TWINS,True,platinum_trainer_index=688; source=res/trainers/data/twins_teri_and_tia_rematch_2.json; location_unpaired=true,9,5,
TRAINER_PI_CARLOS_REMATCH_1,CARLOS,TRAINER_CLASS_PI,,true,,,TRAINER_PIC_PI,,platinum_trainer_index=689; source=res/trainers/data/pi_carlos_rematch_1.json; location_unpaired=true,9,5,
TRAINER_PI_CARLOS_REMATCH_2,CARLOS,TRAINER_CLASS_PI,,true,,,TRAINER_PIC_PI,,platinum_trainer_index=690; source=res/trainers/data/pi_carlos_rematch_2.json; location_unpaired=true,9,5,
TRAINER_GENTLEMAN_JEREMY_REMATCH_1,JEREMY,TRAINER_CLASS_GENTLEMAN,,true,,ITEM_FULL_RESTORE,TRAINER_PIC_GENTLEMAN,,platinum_trainer_index=691; source=res/trainers/data/gentleman_jeremy_rematch_1.json; location_unpaired=true,9,5,
TRAINER_GENTLEMAN_JEREMY_REMATCH_2,JEREMY,TRAINER_CLASS_GENTLEMAN,,true,,ITEM_FULL_RESTORE,TRAINER_PIC_GENTLEMAN,,platinum_trainer_index=692; source=res/trainers/data/gentleman_jeremy_rematch_2.json; location_unpaired=true,9,5,
TRAINER_GENTLEMAN_JEREMY_REMATCH_3,JEREMY,TRAINER_CLASS_GENTLEMAN,,true,,ITEM_FULL_RESTORE,TRAINER_PIC_GENTLEMAN,,platinum_trainer_index=693; source=res/trainers/data/gentleman_jeremy_rematch_3.json; location_unpaired=true,9,5,
TRAINER_GUITARIST_TONY_REMATCH,TONY,TRAINER_CLASS_GUITARIST,,true,,,TRAINER_PIC_GUITARIST,,platinum_trainer_index=694; source=res/trainers/data/guitarist_tony_rematch.json; location_unpaired=true,9,5,
TRAINER_RUIN_MANIAC_HARRY_REMATCH_1,HARRY,TRAINER_CLASS_RUIN_MANIAC,,true,,,TRAINER_PIC_RUIN_MANIAC,,platinum_trainer_index=695; source=res/trainers/data/ruin_maniac_harry_rematch_1.json; location_unpaired=true,9,5,
TRAINER_RUIN_MANIAC_HARRY_REMATCH_2,HARRY,TRAINER_CLASS_RUIN_MANIAC,,true,,,TRAINER_PIC_RUIN_MANIAC,,platinum_trainer_index=696; source=res/trainers/data/ruin_maniac_harry_rematch_2.json; location_unpaired=true,9,5,
TRAINER_JOGGER_CRAIG_REMATCH_1,CRAIG,TRAINER_CLASS_JOGGER,,true,,,TRAINER_PIC_JOGGER,,platinum_trainer_index=697; source=res/trainers/data/jogger_craig_rematch_1.json; location_unpaired=true,9,5,
TRAINER_JOGGER_CRAIG_REMATCH_2,CRAIG,TRAINER_CLASS_JOGGER,,true,,,TRAINER_PIC_JOGGER,,platinum_trainer_index=698; source=res/trainers/data/jogger_craig_rematch_2.json; location_unpaired=true,9,5,
TRAINER_BLACK_BELT_PHILIP_REMATCH,PHILIP,TRAINER_CLASS_BLACK_BELT,,true,,,TRAINER_PIC_BLACK_BELT,,platinum_trainer_index=699; source=res/trainers/data/black_belt_philip_rematch.json; location_unpaired=true,9,5,
TRAINER_BLACK_BELT_DAVON_REMATCH,DAVON,TRAINER_CLASS_BLACK_BELT,,true,,,TRAINER_PIC_BLACK_BELT,,platinum_trainer_index=700; source=res/trainers/data/black_belt_davon_rematch.json; location_unpaired=true,9,5,
TRAINER_SOCIALITE_REINA_REMATCH_1,REINA,TRAINER_CLASS_SOCIALITE,,true,,ITEM_FULL_RESTORE,TRAINER_PIC_SOCIALITE,,platinum_trainer_index=701; source=res/trainers/data/socialite_reina_rematch_1.json; location_unpaired=true,9,5,
TRAINER_SOCIALITE_REINA_REMATCH_2,REINA,TRAINER_CLASS_SOCIALITE,,true,,ITEM_FULL_RESTORE,TRAINER_PIC_SOCIALITE,,platinum_trainer_index=702; source=res/trainers/data/socialite_reina_rematch_2.json; location_unpaired=true,9,5,
TRAINER_LASS_SAMANTHA_REMATCH_1,SAMANTHA,TRAINER_CLASS_LASS,,true,,,TRAINER_PIC_LASS,,platinum_trainer_index=703; source=res/trainers/data/lass_samantha_rematch_1.json; location_unpaired=true,9,5,
TRAINER_LASS_SAMANTHA_REMATCH_2,SAMANTHA,TRAINER_CLASS_LASS,,true,,,TRAINER_PIC_LASS,,platinum_trainer_index=704; source=res/trainers/data/lass_samantha_rematch_2.json; location_unpaired=true,9,5,
TRAINER_LASS_SAMANTHA_REMATCH_3,SAMANTHA,TRAINER_CLASS_LASS,,true,,,TRAINER_PIC_LASS,,platinum_trainer_index=705; source=res/trainers/data/lass_samantha_rematch_3.json; location_unpaired=true,9,5,
TRAINER_LASS_MADELINE_REMATCH_1,MADELINE,TRAINER_CLASS_LASS,,true,,,TRAINER_PIC_LASS,,platinum_trainer_index=706; source=res/trainers/data/lass_madeline_rematch_1.json; location_unpaired=true,9,5,
TRAINER_LASS_MADELINE_REMATCH_2,MADELINE,TRAINER_CLASS_LASS,,true,,,TRAINER_PIC_LASS,,platinum_trainer_index=707; source=res/trainers/data/lass_madeline_rematch_2.json; location_unpaired=true,9,5,
TRAINER_LASS_MADELINE_REMATCH_3,MADELINE,TRAINER_CLASS_LASS,,true,,,TRAINER_PIC_LASS,,platinum_trainer_index=708; source=res/trainers/data/lass_madeline_rematch_3.json; location_unpaired=true,9,5,
TRAINER_HIKER_THEODORE_REMATCH_1,THEODORE,TRAINER_CLASS_HIKER,,true,,,TRAINER_PIC_HIKER,,platinum_trainer_index=709; source=res/trainers/data/hiker_theodore_rematch_1.json; location_unpaired=true,9,5,
TRAINER_HIKER_THEODORE_REMATCH_2,THEODORE,TRAINER_CLASS_HIKER,,true,,,TRAINER_PIC_HIKER,,platinum_trainer_index=710; source=res/trainers/data/hiker_theodore_rematch_2.json; location_unpaired=true,9,5,
TRAINER_HIKER_THEODORE_REMATCH_3,THEODORE,TRAINER_CLASS_HIKER,,true,,,TRAINER_PIC_HIKER,,platinum_trainer_index=711; source=res/trainers/data/hiker_theodore_rematch_3.json; location_unpaired=true,9,5,
TRAINER_BUG_CATCHER_BRANDON_REMATCH_1,BRANDON,TRAINER_CLASS_BUG_CATCHER,,true,,,TRAINER_PIC_BUG_CATCHER,,platinum_trainer_index=712; source=res/trainers/data/bug_catcher_brandon_rematch_1.json; location_unpaired=true,9,5,
TRAINER_BUG_CATCHER_BRANDON_REMATCH_2,BRANDON,TRAINER_CLASS_BUG_CATCHER,,true,,,TRAINER_PIC_BUG_CATCHER,,platinum_trainer_index=713; source=res/trainers/data/bug_catcher_brandon_rematch_2.json; location_unpaired=true,9,5,
TRAINER_BUG_CATCHER_BRANDON_REMATCH_3,BRANDON,TRAINER_CLASS_BUG_CATCHER,,true,,,TRAINER_PIC_BUG_CATCHER,,platinum_trainer_index=714; source=res/trainers/data/bug_catcher_brandon_rematch_3.json; location_unpaired=true,9,5,
TRAINER_PARASOL_LADY_ALEXA_REMATCH_1,ALEXA,TRAINER_CLASS_PARASOL_LADY,,true,,,TRAINER_PIC_PARASOL_LADY,,platinum_trainer_index=715; source=res/trainers/data/parasol_lady_alexa_rematch_1.json; location_unpaired=true,9,5,
TRAINER_PARASOL_LADY_ALEXA_REMATCH_2,ALEXA,TRAINER_CLASS_PARASOL_LADY,,true,,,TRAINER_PIC_PARASOL_LADY,,platinum_trainer_index=716; source=res/trainers/data/parasol_lady_alexa_rematch_2.json; location_unpaired=true,9,5,
TRAINER_PARASOL_LADY_ALEXA_REMATCH_3,ALEXA,TRAINER_CLASS_PARASOL_LADY,,true,,,TRAINER_PIC_PARASOL_LADY,,platinum_trainer_index=717; source=res/trainers/data/parasol_lady_alexa_rematch_3.json; location_unpaired=true,9,5,
TRAINER_PICNICKER_KARINA_REMATCH_1,KARINA,TRAINER_CLASS_PICNICKER,,true,,,TRAINER_PIC_PICNICKER,,platinum_trainer_index=718; source=res/trainers/data/picnicker_karina_rematch_1.json; location_unpaired=true,9,5,
TRAINER_PICNICKER_KARINA_REMATCH_2,KARINA,TRAINER_CLASS_PICNICKER,,true,,,TRAINER_PIC_PICNICKER,,platinum_trainer_index=719; source=res/trainers/data/picnicker_karina_rematch_2.json; location_unpaired=true,9,5,
TRAINER_PICNICKER_KARINA_REMATCH_3,KARINA,TRAINER_CLASS_PICNICKER,,true,,,TRAINER_PIC_PICNICKER,,platinum_trainer_index=720; source=res/trainers/data/picnicker_karina_rematch_3.json; location_unpaired=true,9,5,
TRAINER_POKE_KID_DANIELLE_REMATCH_1,DANIELLE,TRAINER_CLASS_POKE_KID,,true,,,TRAINER_PIC_POKE_KID,,platinum_trainer_index=721; source=res/trainers/data/poke_kid_danielle_rematch_1.json; location_unpaired=true,9,5,
TRAINER_POKE_KID_DANIELLE_REMATCH_2,DANIELLE,TRAINER_CLASS_POKE_KID,,true,,,TRAINER_PIC_POKE_KID,,platinum_trainer_index=722; source=res/trainers/data/poke_kid_danielle_rematch_2.json; location_unpaired=true,9,5,
TRAINER_POKE_KID_DANIELLE_REMATCH_3,DANIELLE,TRAINER_CLASS_POKE_KID,,true,,,TRAINER_PIC_POKE_KID,,platinum_trainer_index=723; source=res/trainers/data/poke_kid_danielle_rematch_3.json; location_unpaired=true,9,5,
TRAINER_POLICEMAN_DANNY_REMATCH_1,DANNY,TRAINER_CLASS_POLICEMAN,,true,,,TRAINER_PIC_POLICEMAN,,platinum_trainer_index=724; source=res/trainers/data/policeman_danny_rematch_1.json; location_unpaired=true,9,5,
TRAINER_POLICEMAN_DANNY_REMATCH_2,DANNY,TRAINER_CLASS_POLICEMAN,,true,,,TRAINER_PIC_POLICEMAN,,platinum_trainer_index=725; source=res/trainers/data/policeman_danny_rematch_2.json; location_unpaired=true,9,5,
TRAINER_POLICEMAN_DANNY_REMATCH_3,DANNY,TRAINER_CLASS_POLICEMAN,,true,,,TRAINER_PIC_POLICEMAN,,platinum_trainer_index=726; source=res/trainers/data/policeman_danny_rematch_3.json; location_unpaired=true,9,5,
TRAINER_RICH_BOY_TREY_REMATCH_1,TREY,TRAINER_CLASS_RICH_BOY,,true,,ITEM_FULL_RESTORE,TRAINER_PIC_RICH_BOY,,platinum_trainer_index=727; source=res/trainers/data/rich_boy_trey_rematch_1.json; location_unpaired=true,9,5,
TRAINER_RICH_BOY_TREY_REMATCH_2,TREY,TRAINER_CLASS_RICH_BOY,,true,,ITEM_FULL_RESTORE,TRAINER_PIC_RICH_BOY,,platinum_trainer_index=728; source=res/trainers/data/rich_boy_trey_rematch_2.json; location_unpaired=true,9,5,
TRAINER_LADY_MELISSA_REMATCH_1,MELISSA,TRAINER_CLASS_LADY,,true,,ITEM_FULL_RESTORE,TRAINER_PIC_LADY,,platinum_trainer_index=729; source=res/trainers/data/lady_melissa_rematch_1.json; location_unpaired=true,9,5,
TRAINER_LADY_MELISSA_REMATCH_2,MELISSA,TRAINER_CLASS_LADY,,true,,ITEM_FULL_RESTORE,TRAINER_PIC_LADY,,platinum_trainer_index=730; source=res/trainers/data/lady_melissa_rematch_2.json; location_unpaired=true,9,5,
TRAINER_LADY_MELISSA_REMATCH_3,MELISSA,TRAINER_CLASS_LADY,,true,,ITEM_FULL_RESTORE,TRAINER_PIC_LADY,,platinum_trainer_index=731; source=res/trainers/data/lady_melissa_rematch_3.json; location_unpaired=true,9,5,
TRAINER_RANGER_TAYLOR_REMATCH_1,TAYLOR,TRAINER_CLASS_RANGER_MALE,,true,,,TRAINER_PIC_RANGER_MALE,,platinum_trainer_index=732; source=res/trainers/data/ranger_taylor_rematch_1.json; location_unpaired=true,9,5,
TRAINER_RANGER_TAYLOR_REMATCH_2,TAYLOR,TRAINER_CLASS_RANGER_MALE,,true,,,TRAINER_PIC_RANGER_MALE,,platinum_trainer_index=733; source=res/trainers/data/ranger_taylor_rematch_2.json; location_unpaired=true,9,5,
TRAINER_RANGER_TAYLOR_REMATCH_3,TAYLOR,TRAINER_CLASS_RANGER_MALE,,true,,,TRAINER_PIC_RANGER_MALE,,platinum_trainer_index=734; source=res/trainers/data/ranger_taylor_rematch_3.json; location_unpaired=true,9,5,
TRAINER_RANGER_KYLER_REMATCH,KYLER,TRAINER_CLASS_RANGER_MALE,,true,,,TRAINER_PIC_RANGER_MALE,,platinum_trainer_index=735; source=res/trainers/data/ranger_kyler_rematch.json; location_unpaired=true,9,5,
TRAINER_RANGER_ALLISON_REMATCH_1,ALLISON,TRAINER_CLASS_RANGER_FEMALE,,true,,,TRAINER_PIC_RANGER_FEMALE,,platinum_trainer_index=736; source=res/trainers/data/ranger_allison_rematch_1.json; location_unpaired=true,9,5,
TRAINER_RANGER_ALLISON_REMATCH_2,ALLISON,TRAINER_CLASS_RANGER_FEMALE,,true,,,TRAINER_PIC_RANGER_FEMALE,,platinum_trainer_index=737; source=res/trainers/data/ranger_allison_rematch_2.json; location_unpaired=true,9,5,
TRAINER_RANGER_ALLISON_REMATCH_3,ALLISON,TRAINER_CLASS_RANGER_FEMALE,,true,,,TRAINER_PIC_RANGER_FEMALE,,platinum_trainer_index=738; source=res/trainers/data/ranger_allison_rematch_3.json; location_unpaired=true,9,5,
TRAINER_RANGER_ASHLEE_REMATCH,ASHLEE,TRAINER_CLASS_RANGER_FEMALE,,true,,,TRAINER_PIC_RANGER_FEMALE,,platinum_trainer_index=739; source=res/trainers/data/ranger_ashlee_rematch.json; location_unpaired=true,9,5,
TRAINER_SAILOR_MARC_REMATCH_1,MARC,TRAINER_CLASS_SAILOR,,true,,,TRAINER_PIC_SAILOR,,platinum_trainer_index=740; source=res/trainers/data/sailor_marc_rematch_1.json; location_unpaired=true,9,5,
TRAINER_SAILOR_MARC_REMATCH_2,MARC,TRAINER_CLASS_SAILOR,,true,,,TRAINER_PIC_SAILOR,,platinum_trainer_index=741; source=res/trainers/data/sailor_marc_rematch_2.json; location_unpaired=true,9,5,
TRAINER_SAILOR_ZACHARIAH_REMATCH,ZACHARIAH,TRAINER_CLASS_SAILOR,,true,,,TRAINER_PIC_SAILOR,,platinum_trainer_index=742; source=res/trainers/data/sailor_zachariah_rematch.json; location_unpaired=true,9,5,
TRAINER_SCIENTIST_SHAUN_REMATCH_1,SHAUN,TRAINER_CLASS_SCIENTIST,,true,,ITEM_X_ATTACK,TRAINER_PIC_SCIENTIST,,platinum_trainer_index=743; source=res/trainers/data/scientist_shaun_rematch_1.json; location_unpaired=true,9,5,
TRAINER_SCIENTIST_SHAUN_REMATCH_2,SHAUN,TRAINER_CLASS_SCIENTIST,,true,,ITEM_X_ATTACK,TRAINER_PIC_SCIENTIST,,platinum_trainer_index=744; source=res/trainers/data/scientist_shaun_rematch_2.json; location_unpaired=true,9,5,
TRAINER_SCIENTIST_SHAUN_REMATCH_3,SHAUN,TRAINER_CLASS_SCIENTIST,,true,,ITEM_X_ATTACK,TRAINER_PIC_SCIENTIST,,platinum_trainer_index=745; source=res/trainers/data/scientist_shaun_rematch_3.json; location_unpaired=true,9,5,
TRAINER_NINJA_BOY_ZACH_REMATCH_1,ZACH,TRAINER_CLASS_NINJA_BOY,,true,,,TRAINER_PIC_NINJA_BOY,,platinum_trainer_index=746; source=res/trainers/data/ninja_boy_zach_rematch_1.json; location_unpaired=true,9,5,
TRAINER_NINJA_BOY_ZACH_REMATCH_2,ZACH,TRAINER_CLASS_NINJA_BOY,,true,,,TRAINER_PIC_NINJA_BOY,,platinum_trainer_index=747; source=res/trainers/data/ninja_boy_zach_rematch_2.json; location_unpaired=true,9,5,
TRAINER_NINJA_BOY_ZACH_REMATCH_3,ZACH,TRAINER_CLASS_NINJA_BOY,,true,,,TRAINER_PIC_NINJA_BOY,,platinum_trainer_index=748; source=res/trainers/data/ninja_boy_zach_rematch_3.json; location_unpaired=true,9,5,
TRAINER_BEAUTY_CYNDY_REMATCH_1,CYNDY,TRAINER_CLASS_BEAUTY,,true,,,TRAINER_PIC_BEAUTY,,platinum_trainer_index=749; source=res/trainers/data/beauty_cyndy_rematch_1.json; location_unpaired=true,9,5,
TRAINER_BEAUTY_CYNDY_REMATCH_2,CYNDY,TRAINER_CLASS_BEAUTY,,true,,,TRAINER_PIC_BEAUTY,,platinum_trainer_index=750; source=res/trainers/data/beauty_cyndy_rematch_2.json; location_unpaired=true,9,5,
TRAINER_SKIER_EDWARD_REMATCH_1,EDWARD,TRAINER_CLASS_SKIER_MALE,,true,,,TRAINER_PIC_SKIER_MALE,,platinum_trainer_index=751; source=res/trainers/data/skier_edward_rematch_1.json; location_unpaired=true,9,5,
TRAINER_SKIER_EDWARD_REMATCH_2,EDWARD,TRAINER_CLASS_SKIER_MALE,,true,,,TRAINER_PIC_SKIER_MALE,,platinum_trainer_index=752; source=res/trainers/data/skier_edward_rematch_2.json; location_unpaired=true,9,5,
TRAINER_SKIER_BJORN_REMATCH_1,BJORN,TRAINER_CLASS_SKIER_MALE,,true,,,TRAINER_PIC_SKIER_MALE,,platinum_trainer_index=753; source=res/trainers/data/skier_bjorn_rematch_1.json; location_unpaired=true,9,5,
TRAINER_SKIER_BJORN_REMATCH_2,BJORN,TRAINER_CLASS_SKIER_MALE,,true,,,TRAINER_PIC_SKIER_MALE,,platinum_trainer_index=754; source=res/trainers/data/skier_bjorn_rematch_2.json; location_unpaired=true,9,5,
TRAINER_SKIER_ANDREA_REMATCH_1,ANDREA,TRAINER_CLASS_SKIER_FEMALE,,true,,,TRAINER_PIC_SKIER_FEMALE,,platinum_trainer_index=755; source=res/trainers/data/skier_andrea_rematch_1.json; location_unpaired=true,9,5,
TRAINER_SKIER_ANDREA_REMATCH_2,ANDREA,TRAINER_CLASS_SKIER_FEMALE,,true,,,TRAINER_PIC_SKIER_FEMALE,,platinum_trainer_index=756; source=res/trainers/data/skier_andrea_rematch_2.json; location_unpaired=true,9,5,
TRAINER_SKIER_MADISON_REMATCH_1,MADISON,TRAINER_CLASS_SKIER_FEMALE,,true,,,TRAINER_PIC_SKIER_FEMALE,,platinum_trainer_index=757; source=res/trainers/data/skier_madison_rematch_1.json; location_unpaired=true,9,5,
TRAINER_SKIER_MADISON_REMATCH_2,MADISON,TRAINER_CLASS_SKIER_FEMALE,,true,,,TRAINER_PIC_SKIER_FEMALE,,platinum_trainer_index=758; source=res/trainers/data/skier_madison_rematch_2.json; location_unpaired=true,9,5,
TRAINER_SWIMMER_WESLEY_REMATCH,WESLEY,TRAINER_CLASS_SWIMMER_MALE,,true,,,TRAINER_PIC_SWIMMER_MALE,,platinum_trainer_index=759; source=res/trainers/data/swimmer_wesley_rematch.json; location_unpaired=true,9,5,
TRAINER_SWIMMER_FRANCISCO_REMATCH,FRANCISCO,TRAINER_CLASS_SWIMMER_MALE,,true,,,TRAINER_PIC_SWIMMER_MALE,,platinum_trainer_index=760; source=res/trainers/data/swimmer_francisco_rematch.json; location_unpaired=true,9,5,
TRAINER_SWIMMER_GLENN_REMATCH,GLENN,TRAINER_CLASS_SWIMMER_MALE,,true,,,TRAINER_PIC_SWIMMER_MALE,,platinum_trainer_index=761; source=res/trainers/data/swimmer_glenn_rematch.json; location_unpaired=true,9,5,
TRAINER_SWIMMER_MIRANDA_REMATCH,MIRANDA,TRAINER_CLASS_SWIMMER_FEMALE,,true,,,TRAINER_PIC_SWIMMER_FEMALE,,platinum_trainer_index=762; source=res/trainers/data/swimmer_miranda_rematch.json; location_unpaired=true,9,5,
TRAINER_SWIMMER_CRYSTAL_REMATCH,CRYSTAL,TRAINER_CLASS_SWIMMER_FEMALE,,true,,,TRAINER_PIC_SWIMMER_FEMALE,,platinum_trainer_index=763; source=res/trainers/data/swimmer_crystal_rematch.json; location_unpaired=true,9,5,
TRAINER_SWIMMER_JOANNA_REMATCH,JOANNA,TRAINER_CLASS_SWIMMER_FEMALE,,true,,,TRAINER_PIC_SWIMMER_FEMALE,,platinum_trainer_index=764; source=res/trainers/data/swimmer_joanna_rematch.json; location_unpaired=true,9,5,
TRAINER_YOUNGSTER_TRISTAN_REMATCH_1,TRISTAN,TRAINER_CLASS_YOUNGSTER,,true,,,TRAINER_PIC_YOUNGSTER,,platinum_trainer_index=765; source=res/trainers/data/youngster_tristan_rematch_1.json; location_unpaired=true,9,5,
TRAINER_YOUNGSTER_TRISTAN_REMATCH_2,TRISTAN,TRAINER_CLASS_YOUNGSTER,,true,,,TRAINER_PIC_YOUNGSTER,,platinum_trainer_index=766; source=res/trainers/data/youngster_tristan_rematch_2.json; location_unpaired=true,9,5,
TRAINER_YOUNGSTER_TRISTAN_REMATCH_3,TRISTAN,TRAINER_CLASS_YOUNGSTER,,true,,,TRAINER_PIC_YOUNGSTER,,platinum_trainer_index=767; source=res/trainers/data/youngster_tristan_rematch_3.json; location_unpaired=true,9,5,
TRAINER_YOUNGSTER_DALLAS_REMATCH_1,DALLAS,TRAINER_CLASS_YOUNGSTER,,true,,,TRAINER_PIC_YOUNGSTER,,platinum_trainer_index=768; source=res/trainers/data/youngster_dallas_rematch_1.json; location_unpaired=true,9,5,
TRAINER_YOUNGSTER_DALLAS_REMATCH_2,DALLAS,TRAINER_CLASS_YOUNGSTER,,true,,,TRAINER_PIC_YOUNGSTER,,platinum_trainer_index=769; source=res/trainers/data/youngster_dallas_rematch_2.json; location_unpaired=true,9,5,
TRAINER_YOUNGSTER_DALLAS_REMATCH_3,DALLAS,TRAINER_CLASS_YOUNGSTER,,true,,,TRAINER_PIC_YOUNGSTER,,platinum_trainer_index=770; source=res/trainers/data/youngster_dallas_rematch_3.json; location_unpaired=true,9,5,
TRAINER_TUBER_JARED_REMATCH_1,JARED,TRAINER_CLASS_TUBER_MALE,,true,,,TRAINER_PIC_TUBER_MALE,,platinum_trainer_index=771; source=res/trainers/data/tuber_jared_rematch_1.json; location_unpaired=true,9,5,
TRAINER_TUBER_JARED_REMATCH_2,JARED,TRAINER_CLASS_TUBER_MALE,,true,,,TRAINER_PIC_TUBER_MALE,,platinum_trainer_index=772; source=res/trainers/data/tuber_jared_rematch_2.json; location_unpaired=true,9,5,
TRAINER_TUBER_CHELSEA_REMATCH_1,CHELSEA,TRAINER_CLASS_TUBER_FEMALE,,true,,,TRAINER_PIC_TUBER_FEMALE,,platinum_trainer_index=773; source=res/trainers/data/tuber_chelsea_rematch_1.json; location_unpaired=true,9,5,
TRAINER_VETERAN_BRIAN_REMATCH_1,BRIAN,TRAINER_CLASS_VETERAN,,true,,,TRAINER_PIC_VETERAN,,platinum_trainer_index=774; source=res/trainers/data/veteran_brian_rematch_1.json; location_unpaired=true,9,5,
TRAINER_TUBER_CHELSEA_REMATCH_2,CHELSEA,TRAINER_CLASS_TUBER_FEMALE,,true,,,TRAINER_PIC_TUBER_FEMALE,,platinum_trainer_index=775; source=res/trainers/data/tuber_chelsea_rematch_2.json; location_unpaired=true,9,5,
TRAINER_VETERAN_BRIAN_REMATCH_2,BRIAN,TRAINER_CLASS_VETERAN,,true,,,TRAINER_PIC_VETERAN,,platinum_trainer_index=776; source=res/trainers/data/veteran_brian_rematch_2.json; location_unpaired=true,9,5,
TRAINER_VETERAN_ARMANDO_REMATCH,ARMANDO,TRAINER_CLASS_VETERAN,,true,,,TRAINER_PIC_VETERAN,,platinum_trainer_index=777; source=res/trainers/data/veteran_armando_rematch.json; location_unpaired=true,9,5,
TRAINER_DUMMY_605_REMATCH,MICKEY,TRAINER_CLASS_VETERAN,,true,,,TRAINER_PIC_VETERAN,,platinum_trainer_index=778; source=res/trainers/data/dummy_605_rematch.json; location_unpaired=true,9,5,
TRAINER_DUMMY_779,MICKEY,TRAINER_CLASS_CAMERAMAN,,,,,TRAINER_PIC_CAMERAMAN,,platinum_trainer_index=779; source=res/trainers/data/dummy_779.json; location_unpaired=true,9,5,
TRAINER_DUMMY_780,MICKEY,TRAINER_CLASS_CAMERAMAN,,,,,TRAINER_PIC_CAMERAMAN,,platinum_trainer_index=780; source=res/trainers/data/dummy_780.json; location_unpaired=true,9,5,
TRAINER_DUMMY_781,MICKEY,TRAINER_CLASS_CAMERAMAN,,,,,TRAINER_PIC_CAMERAMAN,,platinum_trainer_index=781; source=res/trainers/data/dummy_781.json; location_unpaired=true,9,5,
TRAINER_DUMMY_782,MICKEY,TRAINER_CLASS_CAMERAMAN,,,,,TRAINER_PIC_CAMERAMAN,,platinum_trainer_index=782; source=res/trainers/data/dummy_782.json; location_unpaired=true,9,5,
TRAINER_DUMMY_783,MICKEY,TRAINER_CLASS_CAMERAMAN,,,,,TRAINER_PIC_CAMERAMAN,,platinum_trainer_index=783; source=res/trainers/data/dummy_783.json; location_unpaired=true,9,5,
TRAINER_DUMMY_784,MICKEY,TRAINER_CLASS_GUITARIST,,,,,TRAINER_PIC_GUITARIST,,platinum_trainer_index=784; source=res/trainers/data/dummy_784.json; location_unpaired=true,9,5,
TRAINER_DUMMY_785,ARTURO,TRAINER_CLASS_GUITARIST,,,,,TRAINER_PIC_GUITARIST,,platinum_trainer_index=785; source=res/trainers/data/dummy_785.json; location_unpaired=true,9,5,
TRAINER_DUMMY_786,ARTURO,TRAINER_CLASS_GUITARIST,,,,,TRAINER_PIC_GUITARIST,,platinum_trainer_index=786; source=res/trainers/data/dummy_786.json; location_unpaired=true,9,5,
TRAINER_DUMMY_787,MICKEY,TRAINER_CLASS_GUITARIST,,,,,TRAINER_PIC_GUITARIST,,platinum_trainer_index=787; source=res/trainers/data/dummy_787.json; location_unpaired=true,9,5,
TRAINER_DUMMY_788,MICKEY,TRAINER_CLASS_GUITARIST,,,,,TRAINER_PIC_GUITARIST,,platinum_trainer_index=788; source=res/trainers/data/dummy_788.json; location_unpaired=true,9,5,
TRAINER_DUMMY_789,MICKEY,TRAINER_CLASS_GUITARIST,,,,,TRAINER_PIC_GUITARIST,,platinum_trainer_index=789; source=res/trainers/data/dummy_789.json; location_unpaired=true,9,5,
TRAINER_DUMMY_790,ANGELICA,TRAINER_CLASS_IDOL,,,,,TRAINER_PIC_IDOL,,platinum_trainer_index=790; source=res/trainers/data/dummy_790.json; location_unpaired=true,9,5,
TRAINER_DUMMY_791,ANGELICA,TRAINER_CLASS_IDOL,,,,,TRAINER_PIC_IDOL,,platinum_trainer_index=791; source=res/trainers/data/dummy_791.json; location_unpaired=true,9,5,
TRAINER_DUMMY_792,ANGELICA,TRAINER_CLASS_IDOL,,,,,TRAINER_PIC_IDOL,,platinum_trainer_index=792; source=res/trainers/data/dummy_792.json; location_unpaired=true,9,5,
TRAINER_DUMMY_793,ANGELICA,TRAINER_CLASS_IDOL,,,,,TRAINER_PIC_IDOL,,platinum_trainer_index=793; source=res/trainers/data/dummy_793.json; location_unpaired=true,9,5,
TRAINER_DUMMY_794,ANGELICA,TRAINER_CLASS_IDOL,,,,,TRAINER_PIC_IDOL,,platinum_trainer_index=794; source=res/trainers/data/dummy_794.json; location_unpaired=true,9,5,
TRAINER_DUMMY_795,TARA & TIM,TRAINER_CLASS_INTERVIEWERS,,,,,TRAINER_PIC_INTERVIEWERS,True,platinum_trainer_index=795; source=res/trainers/data/dummy_795.json; location_unpaired=true,9,5,
TRAINER_DUMMY_796,TARA & TIM,TRAINER_CLASS_INTERVIEWERS,,,,,TRAINER_PIC_INTERVIEWERS,True,platinum_trainer_index=796; source=res/trainers/data/dummy_796.json; location_unpaired=true,9,5,
TRAINER_DUMMY_797,TARA & TIM,TRAINER_CLASS_INTERVIEWERS,,,,,TRAINER_PIC_INTERVIEWERS,True,platinum_trainer_index=797; source=res/trainers/data/dummy_797.json; location_unpaired=true,9,5,
TRAINER_DUMMY_798,TARA & TIM,TRAINER_CLASS_INTERVIEWERS,,,,,TRAINER_PIC_INTERVIEWERS,True,platinum_trainer_index=798; source=res/trainers/data/dummy_798.json; location_unpaired=true,9,5,
TRAINER_DUMMY_799,MICKEY,TRAINER_CLASS_CLOWN,,,,,TRAINER_PIC_CLOWN,,platinum_trainer_index=799; source=res/trainers/data/dummy_799.json; location_unpaired=true,9,5,
TRAINER_DUMMY_800,MICKEY,TRAINER_CLASS_CLOWN,,,,,TRAINER_PIC_CLOWN,,platinum_trainer_index=800; source=res/trainers/data/dummy_800.json; location_unpaired=true,9,5,
TRAINER_DUMMY_801,MICKEY,TRAINER_CLASS_CLOWN,,,,,TRAINER_PIC_CLOWN,,platinum_trainer_index=801; source=res/trainers/data/dummy_801.json; location_unpaired=true,9,5,
TRAINER_DUMMY_802,MICKEY,TRAINER_CLASS_CLOWN,,,,,TRAINER_PIC_CLOWN,,platinum_trainer_index=802; source=res/trainers/data/dummy_802.json; location_unpaired=true,9,5,
TRAINER_DUMMY_803,MICKEY,TRAINER_CLASS_CLOWN,,,,,TRAINER_PIC_CLOWN,,platinum_trainer_index=803; source=res/trainers/data/dummy_803.json; location_unpaired=true,9,5,
TRAINER_DUMMY_804,ANGELICA,TRAINER_CLASS_POKE_KID,,,,,TRAINER_PIC_POKE_KID,,platinum_trainer_index=804; source=res/trainers/data/dummy_804.json; location_unpaired=true,9,5,
TRAINER_DUMMY_805,ANGELICA,TRAINER_CLASS_POKE_KID,,,,,TRAINER_PIC_POKE_KID,,platinum_trainer_index=805; source=res/trainers/data/dummy_805.json; location_unpaired=true,9,5,
TRAINER_DUMMY_806,ANGELICA,TRAINER_CLASS_POKE_KID,,,,,TRAINER_PIC_POKE_KID,,platinum_trainer_index=806; source=res/trainers/data/dummy_806.json; location_unpaired=true,9,5,
TRAINER_DUMMY_807,ANGELICA,TRAINER_CLASS_POKE_KID,,,,,TRAINER_PIC_POKE_KID,,platinum_trainer_index=807; source=res/trainers/data/dummy_807.json; location_unpaired=true,9,5,
TRAINER_DUMMY_808,MICKEY,TRAINER_CLASS_POLICEMAN,,,,,TRAINER_PIC_POLICEMAN,,platinum_trainer_index=808; source=res/trainers/data/dummy_808.json; location_unpaired=true,9,5,
TRAINER_DUMMY_809,ANGELICA,TRAINER_CLASS_REPORTER,,,,,TRAINER_PIC_REPORTER,,platinum_trainer_index=809; source=res/trainers/data/dummy_809.json; location_unpaired=true,9,5,
TRAINER_DUMMY_810,ANGELICA,TRAINER_CLASS_REPORTER,,,,,TRAINER_PIC_REPORTER,,platinum_trainer_index=810; source=res/trainers/data/dummy_810.json; location_unpaired=true,9,5,
TRAINER_DUMMY_811,ANGELICA,TRAINER_CLASS_REPORTER,,,,,TRAINER_PIC_REPORTER,,platinum_trainer_index=811; source=res/trainers/data/dummy_811.json; location_unpaired=true,9,5,
TRAINER_DUMMY_812,ANGELICA,TRAINER_CLASS_REPORTER,,,,,TRAINER_PIC_REPORTER,,platinum_trainer_index=812; source=res/trainers/data/dummy_812.json; location_unpaired=true,9,5,
TRAINER_DUMMY_813,MICKEY,TRAINER_CLASS_SCIENTIST,,,,,TRAINER_PIC_SCIENTIST,,platinum_trainer_index=813; source=res/trainers/data/dummy_813.json; location_unpaired=true,9,5,
TRAINER_DUMMY_814,MICKEY,TRAINER_CLASS_SWIMMER_MALE,,,,,TRAINER_PIC_SWIMMER_MALE,,platinum_trainer_index=814; source=res/trainers/data/dummy_814.json; location_unpaired=true,9,5,
TRAINER_DUMMY_815,MICKEY,TRAINER_CLASS_WAITER,,,,,TRAINER_PIC_WAITER,,platinum_trainer_index=815; source=res/trainers/data/dummy_815.json; location_unpaired=true,9,5,
TRAINER_DUMMY_816,MICKEY,TRAINER_CLASS_WORKER,,,,,TRAINER_PIC_WORKER,,platinum_trainer_index=816; source=res/trainers/data/dummy_816.json; location_unpaired=true,9,5,
TRAINER_YOUNGSTER_ROLAND_UNUSED_1,ROLAND,TRAINER_CLASS_YOUNGSTER,,,,,TRAINER_PIC_YOUNGSTER,,platinum_trainer_index=817; source=res/trainers/data/youngster_roland_unused_1.json; location_unpaired=true,9,5,
TRAINER_LASS_CARRIE_UNUSED_1,CARRIE,TRAINER_CLASS_LASS,,,,,TRAINER_PIC_LASS,,platinum_trainer_index=818; source=res/trainers/data/lass_carrie_unused_1.json; location_unpaired=true,9,5,
TRAINER_YOUNGSTER_NORMAN_UNUSED_1,NORMAN,TRAINER_CLASS_YOUNGSTER,,,,,TRAINER_PIC_YOUNGSTER,,platinum_trainer_index=819; source=res/trainers/data/youngster_norman_unused_1.json; location_unpaired=true,9,5,
TRAINER_YOUNGSTER_ROLAND_UNUSED_2,ROLAND,TRAINER_CLASS_YOUNGSTER,,,,,TRAINER_PIC_YOUNGSTER,,platinum_trainer_index=820; source=res/trainers/data/youngster_roland_unused_2.json; location_unpaired=true,9,5,
TRAINER_LASS_CARRIE_UNUSED_2,CARRIE,TRAINER_CLASS_LASS,,,,,TRAINER_PIC_LASS,,platinum_trainer_index=821; source=res/trainers/data/lass_carrie_unused_2.json; location_unpaired=true,9,5,
TRAINER_YOUNGSTER_NORMAN_UNUSED_2,NORMAN,TRAINER_CLASS_YOUNGSTER,,,,,TRAINER_PIC_YOUNGSTER,,platinum_trainer_index=822; source=res/trainers/data/youngster_norman_unused_2.json; location_unpaired=true,9,5,
TRAINER_YOUNGSTER_ROLAND_UNUSED_3,ROLAND,TRAINER_CLASS_YOUNGSTER,,,,,TRAINER_PIC_YOUNGSTER,,platinum_trainer_index=823; source=res/trainers/data/youngster_roland_unused_3.json; location_unpaired=true,9,5,
TRAINER_LASS_CARRIE_UNUSED_3,CARRIE,TRAINER_CLASS_LASS,,,,,TRAINER_PIC_LASS,,platinum_trainer_index=824; source=res/trainers/data/lass_carrie_unused_3.json; location_unpaired=true,9,5,
TRAINER_YOUNGSTER_NORMAN_UNUSED_3,NORMAN,TRAINER_CLASS_YOUNGSTER,,,,,TRAINER_PIC_YOUNGSTER,,platinum_trainer_index=825; source=res/trainers/data/youngster_norman_unused_3.json; location_unpaired=true,9,5,
TRAINER_TOWER_TYCOON_PALMER_DUMMY,PALMER,TRAINER_CLASS_TOWER_TYCOON,,,,,TRAINER_PIC_TOWER_TYCOON,,platinum_trainer_index=826; source=res/trainers/data/tower_tycoon_palmer_dummy.json; location_unpaired=true,9,5,
TRAINER_ACE_TRAINER_ANTON,ANTON,TRAINER_CLASS_ACE_TRAINER_SNOW_MALE,,,,,TRAINER_PIC_ACE_TRAINER_SNOW_MALE,,platinum_trainer_index=827; source=res/trainers/data/ace_trainer_anton.json; map_refs=snowpoint_city_gym; location_unpaired=true,9,5,
TRAINER_ACE_TRAINER_BRENNA,BRENNA,TRAINER_CLASS_ACE_TRAINER_SNOW_FEMALE,,,,,TRAINER_PIC_ACE_TRAINER_SNOW_FEMALE,,platinum_trainer_index=828; source=res/trainers/data/ace_trainer_brenna.json; map_refs=snowpoint_city_gym; location_unpaired=true,9,5,
TRAINER_SCIENTIST_DARRIUS,DARRIUS,TRAINER_CLASS_SCIENTIST,,,,ITEM_X_SPECIAL,TRAINER_PIC_SCIENTIST,,platinum_trainer_index=829; source=res/trainers/data/scientist_darrius.json; map_refs=galactic_hq_2f; location_unpaired=true,9,5,
TRAINER_SCIENTIST_FREDRICK,FREDRICK,TRAINER_CLASS_SCIENTIST,,,,ITEM_X_DEFENSE,TRAINER_PIC_SCIENTIST,,platinum_trainer_index=830; source=res/trainers/data/scientist_fredrick.json; map_refs=galactic_hq_1f; location_unpaired=true,9,5,
TRAINER_SCIENTIST_TRAVON,TRAVON,TRAINER_CLASS_SCIENTIST,,,,ITEM_X_SPECIAL,TRAINER_PIC_SCIENTIST,,platinum_trainer_index=831; source=res/trainers/data/scientist_travon.json; map_refs=team_galactic_eterna_building_3f; location_unpaired=true,9,5,
TRAINER_POKE_KID_JANET,JANET,TRAINER_CLASS_POKE_KID,223,,,,TRAINER_PIC_POKE_KID,,platinum_trainer_index=832; source=res/trainers/data/poke_kid_janet.json; map_refs=route_222_west_house; matched_map=route_222_west_house,9,5,
TRAINER_DUMMY_833,GRUNT,TRAINER_CLASS_GALACTIC_GRUNT_MALE,,,,,TRAINER_PIC_GALACTIC_GRUNT_MALE,,platinum_trainer_index=833; source=res/trainers/data/dummy_833.json; location_unpaired=true,9,5,
TRAINER_DUMMY_834,GRUNT,TRAINER_CLASS_GALACTIC_GRUNT_MALE,,,,,TRAINER_PIC_GALACTIC_GRUNT_MALE,,platinum_trainer_index=834; source=res/trainers/data/dummy_834.json; location_unpaired=true,9,5,
TRAINER_GALACTIC_GRUNT_IRON_ISLAND_1,GRUNT,TRAINER_CLASS_GALACTIC_GRUNT_MALE,216,,,,TRAINER_PIC_GALACTIC_GRUNT_MALE,,platinum_trainer_index=835; source=res/trainers/data/galactic_grunt_iron_island_1.json; map_refs=iron_island_b2f_left_room; matched_map=iron_island_b2f_left_room,9,5,
TRAINER_GALACTIC_GRUNT_IRON_ISLAND_2,GRUNT,TRAINER_CLASS_GALACTIC_GRUNT_MALE,216,,,,TRAINER_PIC_GALACTIC_GRUNT_MALE,,platinum_trainer_index=836; source=res/trainers/data/galactic_grunt_iron_island_2.json; map_refs=iron_island_b2f_left_room; matched_map=iron_island_b2f_left_room,9,5,
TRAINER_RIVAL_SURVIVAL_AREA_1_PIPLUP,CEDRIC,TRAINER_CLASS_RIVAL,,,,"ITEM_FULL_RESTORE,ITEM_FULL_RESTORE",TRAINER_PIC_RIVAL,,platinum_trainer_index=837; source=res/trainers/data/rival_survival_area_1_piplup.json; map_refs=survival_area; location_unpaired=true,9,5,
TRAINER_RIVAL_SURVIVAL_AREA_1_TURTWIG,CEDRIC,TRAINER_CLASS_RIVAL,,,,"ITEM_FULL_RESTORE,ITEM_FULL_RESTORE",TRAINER_PIC_RIVAL,,platinum_trainer_index=838; source=res/trainers/data/rival_survival_area_1_turtwig.json; map_refs=survival_area; location_unpaired=true,9,5,
TRAINER_RIVAL_SURVIVAL_AREA_1_CHIMCHAR,CEDRIC,TRAINER_CLASS_RIVAL,,,,"ITEM_FULL_RESTORE,ITEM_FULL_RESTORE",TRAINER_PIC_RIVAL,,platinum_trainer_index=839; source=res/trainers/data/rival_survival_area_1_chimchar.json; map_refs=survival_area; location_unpaired=true,9,5,
TRAINER_RIVAL_SURVIVAL_AREA_UNUSED_PIPLUP,CEDRIC,TRAINER_CLASS_RIVAL,,,,"ITEM_FULL_RESTORE,ITEM_FULL_RESTORE",TRAINER_PIC_RIVAL,,platinum_trainer_index=840; source=res/trainers/data/rival_survival_area_unused_piplup.json; location_unpaired=true,9,5,
TRAINER_RIVAL_SURVIVAL_AREA_UNUSED_TURTWIG,CEDRIC,TRAINER_CLASS_RIVAL,,,,"ITEM_FULL_RESTORE,ITEM_FULL_RESTORE",TRAINER_PIC_RIVAL,,platinum_trainer_index=841; source=res/trainers/data/rival_survival_area_unused_turtwig.json; location_unpaired=true,9,5,
TRAINER_RIVAL_SURVIVAL_AREA_UNUSED_CHIMCHAR,CEDRIC,TRAINER_CLASS_RIVAL,,,,"ITEM_FULL_RESTORE,ITEM_FULL_RESTORE",TRAINER_PIC_RIVAL,,platinum_trainer_index=842; source=res/trainers/data/rival_survival_area_unused_chimchar.json; location_unpaired=true,9,5,
TRAINER_GALACTIC_GRUNT_VALLEY_WINDWORKS_1,GRUNT,TRAINER_CLASS_GALACTIC_GRUNT_MALE,183,,,,TRAINER_PIC_GALACTIC_GRUNT_MALE,,platinum_trainer_index=843; source=res/trainers/data/galactic_grunt_valley_windworks_1.json; map_refs=valley_windworks_outside; matched_map=valley_windworks_outside,9,5,
TRAINER_WORKER_DILLAN,DILLAN,TRAINER_CLASS_WORKER,209,,,,TRAINER_PIC_WORKER,,platinum_trainer_index=844; source=res/trainers/data/worker_dillan.json; map_refs=fuego_ironworks_building; matched_map=fuego_ironworks_building,9,5,
TRAINER_WORKER_HOLDEN,HOLDEN,TRAINER_CLASS_WORKER,209,,,,TRAINER_PIC_WORKER,,platinum_trainer_index=845; source=res/trainers/data/worker_holden.json; map_refs=fuego_ironworks_building; matched_map=fuego_ironworks_building,9,5,
TRAINER_WORKER_CONRAD,CONRAD,TRAINER_CLASS_WORKER,209,,,,TRAINER_PIC_WORKER,,platinum_trainer_index=846; source=res/trainers/data/worker_conrad.json; map_refs=fuego_ironworks_building; matched_map=fuego_ironworks_building,9,5,
TRAINER_GALACTIC_GRUNT_VALOR_LAKEFRONT,GRUNT,TRAINER_CLASS_GALACTIC_GRUNT_MALE,203,,,,TRAINER_PIC_GALACTIC_GRUNT_MALE,,platinum_trainer_index=847; source=res/trainers/data/galactic_grunt_valor_lakefront.json; map_refs=valor_lakefront; matched_map=valor_lakefront,9,5,
TRAINER_GALACTIC_GRUNT_VEILSTONE_CITY_1,GRUNT,TRAINER_CLASS_GALACTIC_GRUNT_MALE,197,,,,TRAINER_PIC_GALACTIC_GRUNT_MALE,,platinum_trainer_index=848; source=res/trainers/data/galactic_grunt_veilstone_city_1.json; map_refs=veilstone_city; matched_map=veilstone_city,9,5,
TRAINER_GALACTIC_GRUNT_VEILSTONE_CITY_2,GRUNT,TRAINER_CLASS_GALACTIC_GRUNT_MALE,197,,,,TRAINER_PIC_GALACTIC_GRUNT_MALE,,platinum_trainer_index=849; source=res/trainers/data/galactic_grunt_veilstone_city_2.json; map_refs=veilstone_city; matched_map=veilstone_city,9,5,
TRAINER_RIVAL_ROUTE_201_PIPLUP,CEDRIC,TRAINER_CLASS_RIVAL,171,,,,TRAINER_PIC_RIVAL,,platinum_trainer_index=850; source=res/trainers/data/rival_route_201_piplup.json; map_refs=route_201; matched_map=route_201,9,5,
TRAINER_RIVAL_ROUTE_201_TURTWIG,CEDRIC,TRAINER_CLASS_RIVAL,171,,,,TRAINER_PIC_RIVAL,,platinum_trainer_index=851; source=res/trainers/data/rival_route_201_turtwig.json; map_refs=route_201; matched_map=route_201,9,5,
TRAINER_RIVAL_ROUTE_201_CHIMCHAR,CEDRIC,TRAINER_CLASS_RIVAL,171,,,,TRAINER_PIC_RIVAL,,platinum_trainer_index=852; source=res/trainers/data/rival_route_201_chimchar.json; map_refs=route_201; matched_map=route_201,9,5,
TRAINER_LEADER_CANDICE_REMATCH,CANDICE,TRAINER_CLASS_LEADER_CANDICE,,true,,"ITEM_FULL_RESTORE,ITEM_FULL_RESTORE",TRAINER_PIC_LEADER_CANDICE,,platinum_trainer_index=853; source=res/trainers/data/leader_candice_rematch.json; map_refs=battleground; location_unpaired=true,9,5,
TRAINER_LEADER_MAYLENE_REMATCH,MAYLENE,TRAINER_CLASS_LEADER_MAYLENE,,true,,,TRAINER_PIC_LEADER_MAYLENE,,platinum_trainer_index=854; source=res/trainers/data/leader_maylene_rematch.json; map_refs=battleground; location_unpaired=true,9,5,
TRAINER_LEADER_VOLKNER_REMATCH,VOLKNER,TRAINER_CLASS_LEADER_VOLKNER,,true,,"ITEM_FULL_RESTORE,ITEM_FULL_RESTORE",TRAINER_PIC_LEADER_VOLKNER,,platinum_trainer_index=855; source=res/trainers/data/leader_volkner_rematch.json; map_refs=battleground; location_unpaired=true,9,5,
TRAINER_LEADER_BYRON_REMATCH,BYRON,TRAINER_CLASS_LEADER_BYRON,,true,,"ITEM_FULL_RESTORE,ITEM_FULL_RESTORE",TRAINER_PIC_LEADER_BYRON,,platinum_trainer_index=856; source=res/trainers/data/leader_byron_rematch.json; map_refs=battleground; location_unpaired=true,9,5,
TRAINER_LEADER_GARDENIA_REMATCH,GARDENIA,TRAINER_CLASS_LEADER_GARDENIA,,true,,"ITEM_FULL_RESTORE,ITEM_FULL_RESTORE",TRAINER_PIC_LEADER_GARDENIA,,platinum_trainer_index=857; source=res/trainers/data/leader_gardenia_rematch.json; map_refs=battleground; location_unpaired=true,9,5,
TRAINER_LEADER_ROARK_REMATCH,ROARK,TRAINER_CLASS_LEADER_ROARK,,true,,"ITEM_FULL_RESTORE,ITEM_FULL_RESTORE",TRAINER_PIC_LEADER_ROARK,,platinum_trainer_index=858; source=res/trainers/data/leader_roark_rematch.json; map_refs=battleground; location_unpaired=true,9,5,
TRAINER_LEADER_WAKE_REMATCH,WAKE,TRAINER_CLASS_LEADER_WAKE,,true,,"ITEM_FULL_RESTORE,ITEM_FULL_RESTORE",TRAINER_PIC_LEADER_WAKE,,platinum_trainer_index=859; source=res/trainers/data/leader_wake_rematch.json; map_refs=battleground; location_unpaired=true,9,5,
TRAINER_LEADER_FANTINA_REMATCH,FANTINA,TRAINER_CLASS_LEADER_FANTINA,,true,,"ITEM_FULL_RESTORE,ITEM_FULL_RESTORE",TRAINER_PIC_LEADER_FANTINA,,platinum_trainer_index=860; source=res/trainers/data/leader_fantina_rematch.json; map_refs=battleground; location_unpaired=true,9,5,
TRAINER_RILEY_BATTLEGROUND,RILEY,TRAINER_CLASS_TRAINER_RILEY,,,,"ITEM_FULL_RESTORE,ITEM_FULL_RESTORE",TRAINER_PIC_TRAINER_RILEY,,platinum_trainer_index=861; source=res/trainers/data/riley_battleground.json; map_refs=battleground; location_unpaired=true,9,5,
TRAINER_BUCK_BATTLEGROUND,BUCK,TRAINER_CLASS_TRAINER_BUCK,,,,"ITEM_FULL_RESTORE,ITEM_FULL_RESTORE",TRAINER_PIC_TRAINER_BUCK,,platinum_trainer_index=862; source=res/trainers/data/buck_battleground.json; map_refs=battleground; location_unpaired=true,9,5,
TRAINER_MARLEY_BATTLEGROUND,MARLEY,TRAINER_CLASS_TRAINER_MARLEY,,,,"ITEM_FULL_RESTORE,ITEM_FULL_RESTORE",TRAINER_PIC_TRAINER_MARLEY,,platinum_trainer_index=863; source=res/trainers/data/marley_battleground.json; map_refs=battleground; location_unpaired=true,9,5,
TRAINER_MIRA_BATTLEGROUND,MIRA,TRAINER_CLASS_TRAINER_MIRA,,,,"ITEM_FULL_RESTORE,ITEM_FULL_RESTORE",TRAINER_PIC_TRAINER_MIRA,,platinum_trainer_index=864; source=res/trainers/data/mira_battleground.json; map_refs=battleground; location_unpaired=true,9,5,
TRAINER_CHERYL_BATTLEGROUND,CHERYL,TRAINER_CLASS_TRAINER_CHERYL,,,,"ITEM_FULL_RESTORE,ITEM_FULL_RESTORE",TRAINER_PIC_TRAINER_CHERYL,,platinum_trainer_index=865; source=res/trainers/data/cheryl_battleground.json; map_refs=battleground; location_unpaired=true,9,5,
TRAINER_ELITE_FOUR_AARON_REMATCH,AARON,TRAINER_CLASS_ELITE_FOUR_AARON,226,true,,"ITEM_FULL_RESTORE,ITEM_FULL_RESTORE",TRAINER_PIC_ELITE_FOUR_AARON,,platinum_trainer_index=866; source=res/trainers/data/elite_four_aaron_rematch.json; map_refs=pokemon_league_aaron_room; matched_map=pokemon_league_aaron_room,9,5,
TRAINER_ELITE_FOUR_BERTHA_REMATCH,BERTHA,TRAINER_CLASS_ELITE_FOUR_BERTHA,226,true,,"ITEM_FULL_RESTORE,ITEM_FULL_RESTORE",TRAINER_PIC_ELITE_FOUR_BERTHA,,platinum_trainer_index=867; source=res/trainers/data/elite_four_bertha_rematch.json; map_refs=pokemon_league_bertha_room; matched_map=pokemon_league_bertha_room,9,5,
TRAINER_ELITE_FOUR_FLINT_REMATCH,FLINT,TRAINER_CLASS_ELITE_FOUR_FLINT,226,true,,"ITEM_FULL_RESTORE,ITEM_FULL_RESTORE",TRAINER_PIC_ELITE_FOUR_FLINT,,platinum_trainer_index=868; source=res/trainers/data/elite_four_flint_rematch.json; map_refs=pokemon_league_flint_room; matched_map=pokemon_league_flint_room,9,5,
TRAINER_ELITE_FOUR_LUCIAN_REMATCH,LUCIAN,TRAINER_CLASS_ELITE_FOUR_LUCIAN,226,true,,"ITEM_FULL_RESTORE,ITEM_FULL_RESTORE",TRAINER_PIC_ELITE_FOUR_LUCIAN,,platinum_trainer_index=869; source=res/trainers/data/elite_four_lucian_rematch.json; map_refs=pokemon_league_lucian_room; matched_map=pokemon_league_lucian_room,9,5,
TRAINER_CHAMPION_CYNTHIA_REMATCH,CYNTHIA,TRAINER_CLASS_CHAMPION_CYNTHIA,226,true,,"ITEM_FULL_RESTORE,ITEM_FULL_RESTORE,ITEM_FULL_RESTORE,ITEM_FULL_RESTORE",TRAINER_PIC_CHAMPION_CYNTHIA,,platinum_trainer_index=870; source=res/trainers/data/champion_cynthia_rematch.json; map_refs=pokemon_league_champion_room; matched_map=pokemon_league_champion_room,9,5,
TRAINER_RIVAL_SURVIVAL_AREA_2_PIPLUP,CEDRIC,TRAINER_CLASS_RIVAL,,,,"ITEM_FULL_RESTORE,ITEM_FULL_RESTORE,ITEM_FULL_RESTORE,ITEM_FULL_RESTORE",TRAINER_PIC_RIVAL,,platinum_trainer_index=871; source=res/trainers/data/rival_survival_area_2_piplup.json; map_refs=survival_area; location_unpaired=true,9,5,
TRAINER_RIVAL_SURVIVAL_AREA_2_TURTWIG,CEDRIC,TRAINER_CLASS_RIVAL,,,,"ITEM_FULL_RESTORE,ITEM_FULL_RESTORE,ITEM_FULL_RESTORE,ITEM_FULL_RESTORE",TRAINER_PIC_RIVAL,,platinum_trainer_index=872; source=res/trainers/data/rival_survival_area_2_turtwig.json; map_refs=survival_area; location_unpaired=true,9,5,
TRAINER_RIVAL_SURVIVAL_AREA_2_CHIMCHAR,CEDRIC,TRAINER_CLASS_RIVAL,,,,"ITEM_FULL_RESTORE,ITEM_FULL_RESTORE,ITEM_FULL_RESTORE,ITEM_FULL_RESTORE",TRAINER_PIC_RIVAL,,platinum_trainer_index=873; source=res/trainers/data/rival_survival_area_2_chimchar.json; map_refs=survival_area; location_unpaired=true,9,5,
TRAINER_CAMERAMAN_TEVIN,TEVIN,TRAINER_CLASS_CAMERAMAN,,,,,TRAINER_PIC_CAMERAMAN,,platinum_trainer_index=874; source=res/trainers/data/cameraman_tevin.json; map_refs=pokemon_center_daily_trainers; location_unpaired=true,9,5,
TRAINER_CAMERAMAN_TEVIN_REMATCH_1,TEVIN,TRAINER_CLASS_CAMERAMAN,,true,,,TRAINER_PIC_CAMERAMAN,,platinum_trainer_index=875; source=res/trainers/data/cameraman_tevin_rematch_1.json; map_refs=pokemon_center_daily_trainers; location_unpaired=true,9,5,
TRAINER_CAMERAMAN_TEVIN_REMATCH_2,TEVIN,TRAINER_CLASS_CAMERAMAN,,true,,,TRAINER_PIC_CAMERAMAN,,platinum_trainer_index=876; source=res/trainers/data/cameraman_tevin_rematch_2.json; map_refs=pokemon_center_daily_trainers; location_unpaired=true,9,5,
TRAINER_GUITARIST_ARTURO,ARTURO,TRAINER_CLASS_GUITARIST,,,,,TRAINER_PIC_GUITARIST,,platinum_trainer_index=877; source=res/trainers/data/guitarist_arturo.json; map_refs=pokemon_center_daily_trainers; location_unpaired=true,9,5,
TRAINER_GUITARIST_ARTURO_REMATCH_1,ARTURO,TRAINER_CLASS_GUITARIST,,true,,,TRAINER_PIC_GUITARIST,,platinum_trainer_index=878; source=res/trainers/data/guitarist_arturo_rematch_1.json; map_refs=pokemon_center_daily_trainers; location_unpaired=true,9,5,
TRAINER_GUITARIST_ARTURO_REMATCH_2,ARTURO,TRAINER_CLASS_GUITARIST,,true,,,TRAINER_PIC_GUITARIST,,platinum_trainer_index=879; source=res/trainers/data/guitarist_arturo_rematch_2.json; map_refs=pokemon_center_daily_trainers; location_unpaired=true,9,5,
TRAINER_IDOL_GRACE,GRACE,TRAINER_CLASS_IDOL,,,,,TRAINER_PIC_IDOL,,platinum_trainer_index=880; source=res/trainers/data/idol_grace.json; map_refs=pokemon_center_daily_trainers; location_unpaired=true,9,5,
TRAINER_IDOL_GRACE_REMATCH_1,GRACE,TRAINER_CLASS_IDOL,,true,,,TRAINER_PIC_IDOL,,platinum_trainer_index=881; source=res/trainers/data/idol_grace_rematch_1.json; map_refs=pokemon_center_daily_trainers; location_unpaired=true,9,5,
TRAINER_IDOL_GRACE_REMATCH_2,GRACE,TRAINER_CLASS_IDOL,,true,,,TRAINER_PIC_IDOL,,platinum_trainer_index=882; source=res/trainers/data/idol_grace_rematch_2.json; map_refs=pokemon_center_daily_trainers; location_unpaired=true,9,5,
TRAINER_INTERVIEWERS_ROXY_AND_OLI,ROXY & OLI,TRAINER_CLASS_INTERVIEWERS,,,,,TRAINER_PIC_INTERVIEWERS,True,platinum_trainer_index=883; source=res/trainers/data/interviewers_roxy_and_oli.json; map_refs=pokemon_center_daily_trainers; location_unpaired=true,9,5,
TRAINER_INTERVIEWERS_ROXY_AND_OLI_REMATCH_1,ROXY & OLI,TRAINER_CLASS_INTERVIEWERS,,true,,,TRAINER_PIC_INTERVIEWERS,True,platinum_trainer_index=884; source=res/trainers/data/interviewers_roxy_and_oli_rematch_1.json; map_refs=pokemon_center_daily_trainers; location_unpaired=true,9,5,
TRAINER_INTERVIEWERS_ROXY_AND_OLI_REMATCH_2,ROXY & OLI,TRAINER_CLASS_INTERVIEWERS,,true,,,TRAINER_PIC_INTERVIEWERS,True,platinum_trainer_index=885; source=res/trainers/data/interviewers_roxy_and_oli_rematch_2.json; map_refs=pokemon_center_daily_trainers; location_unpaired=true,9,5,
TRAINER_CLOWN_LEE,LEE,TRAINER_CLASS_CLOWN,,,,,TRAINER_PIC_CLOWN,,platinum_trainer_index=886; source=res/trainers/data/clown_lee.json; map_refs=pokemon_center_daily_trainers; location_unpaired=true,9,5,
TRAINER_CLOWN_LEE_REMATCH_1,LEE,TRAINER_CLASS_CLOWN,,true,,,TRAINER_PIC_CLOWN,,platinum_trainer_index=887; source=res/trainers/data/clown_lee_rematch_1.json; map_refs=pokemon_center_daily_trainers; location_unpaired=true,9,5,
TRAINER_CLOWN_LEE_REMATCH_2,LEE,TRAINER_CLASS_CLOWN,,true,,,TRAINER_PIC_CLOWN,,platinum_trainer_index=888; source=res/trainers/data/clown_lee_rematch_2.json; map_refs=pokemon_center_daily_trainers; location_unpaired=true,9,5,
TRAINER_POKE_KID_ARIEL,ARIEL,TRAINER_CLASS_POKE_KID,,,,,TRAINER_PIC_POKE_KID,,platinum_trainer_index=889; source=res/trainers/data/poke_kid_ariel.json; map_refs=pokemon_center_daily_trainers; location_unpaired=true,9,5,
TRAINER_POKE_KID_ARIEL_REMATCH_1,ARIEL,TRAINER_CLASS_POKE_KID,,true,,,TRAINER_PIC_POKE_KID,,platinum_trainer_index=890; source=res/trainers/data/poke_kid_ariel_rematch_1.json; map_refs=pokemon_center_daily_trainers; location_unpaired=true,9,5,
TRAINER_POKE_KID_ARIEL_REMATCH_2,ARIEL,TRAINER_CLASS_POKE_KID,,true,,,TRAINER_PIC_POKE_KID,,platinum_trainer_index=891; source=res/trainers/data/poke_kid_ariel_rematch_2.json; map_refs=pokemon_center_daily_trainers; location_unpaired=true,9,5,
TRAINER_RICH_BOY_LIAM,LIAM,TRAINER_CLASS_RICH_BOY,,,,ITEM_FULL_RESTORE,TRAINER_PIC_RICH_BOY,,platinum_trainer_index=892; source=res/trainers/data/rich_boy_liam.json; map_refs=pokemon_mansion; location_unpaired=true,9,5,
TRAINER_LADY_CELESTE,CELESTE,TRAINER_CLASS_LADY,,,,ITEM_FULL_RESTORE,TRAINER_PIC_LADY,,platinum_trainer_index=893; source=res/trainers/data/lady_celeste.json; map_refs=pokemon_mansion; location_unpaired=true,9,5,
TRAINER_REPORTER_KINSEY,KINSEY,TRAINER_CLASS_REPORTER,,,,,TRAINER_PIC_REPORTER,,platinum_trainer_index=894; source=res/trainers/data/reporter_kinsey.json; map_refs=pokemon_center_daily_trainers; location_unpaired=true,9,5,
TRAINER_REPORTER_KINSEY_REMATCH_1,KINSEY,TRAINER_CLASS_REPORTER,,true,,,TRAINER_PIC_REPORTER,,platinum_trainer_index=895; source=res/trainers/data/reporter_kinsey_rematch_1.json; map_refs=pokemon_center_daily_trainers; location_unpaired=true,9,5,
TRAINER_REPORTER_KINSEY_REMATCH_2,KINSEY,TRAINER_CLASS_REPORTER,,true,,,TRAINER_PIC_REPORTER,,platinum_trainer_index=896; source=res/trainers/data/reporter_kinsey_rematch_2.json; map_refs=pokemon_center_daily_trainers; location_unpaired=true,9,5,
TRAINER_MAID_BELINDA,BELINDA,TRAINER_CLASS_MAID,,,,,TRAINER_PIC_MAID,,platinum_trainer_index=897; source=res/trainers/data/maid_belinda.json; map_refs=pokemon_mansion; location_unpaired=true,9,5,
TRAINER_MAID_SOPHIE,SOPHIE,TRAINER_CLASS_MAID,,,,,TRAINER_PIC_MAID,,platinum_trainer_index=898; source=res/trainers/data/maid_sophie.json; map_refs=pokemon_mansion; location_unpaired=true,9,5,
TRAINER_MAID_EMILY,EMILY,TRAINER_CLASS_MAID,,,,,TRAINER_PIC_MAID,,platinum_trainer_index=899; source=res/trainers/data/maid_emily.json; map_refs=pokemon_mansion; location_unpaired=true,9,5,
TRAINER_MAID_ELENA,ELENA,TRAINER_CLASS_MAID,,,,,TRAINER_PIC_MAID,,platinum_trainer_index=900; source=res/trainers/data/maid_elena.json; map_refs=pokemon_mansion; location_unpaired=true,9,5,
TRAINER_MAID_CLARE,CLARE,TRAINER_CLASS_MAID,,,,,TRAINER_PIC_MAID,,platinum_trainer_index=901; source=res/trainers/data/maid_clare.json; map_refs=pokemon_mansion; location_unpaired=true,9,5,
TRAINER_HALL_MATRON_ARGENTA_DUMMY,ARGENTA,TRAINER_CLASS_HALL_MATRON,,,,,TRAINER_PIC_HALL_MATRON,,platinum_trainer_index=902; source=res/trainers/data/hall_matron_argenta_dummy.json; location_unpaired=true,9,5,
TRAINER_FACTORY_HEAD_THORTON_DUMMY,THORTON,TRAINER_CLASS_FACTORY_HEAD,,,,,TRAINER_PIC_FACTORY_HEAD,,platinum_trainer_index=903; source=res/trainers/data/factory_head_thorton_dummy.json; location_unpaired=true,9,5,
TRAINER_ARCADE_STAR_DAHLIA_DUMMY,DAHLIA,TRAINER_CLASS_ARCADE_STAR,,,,,TRAINER_PIC_ARCADE_STAR,,platinum_trainer_index=904; source=res/trainers/data/arcade_star_dahlia_dummy.json; location_unpaired=true,9,5,
TRAINER_CASTLE_VALET_DARACH_DUMMY,DARACH,TRAINER_CLASS_CASTLE_VALET,,,,,TRAINER_PIC_CASTLE_VALET,,platinum_trainer_index=905; source=res/trainers/data/castle_valet_darach_dummy.json; location_unpaired=true,9,5,
TRAINER_CAMERAMAN_TEVIN_REMATCH_3,TEVIN,TRAINER_CLASS_CAMERAMAN,,true,,,TRAINER_PIC_CAMERAMAN,,platinum_trainer_index=906; source=res/trainers/data/cameraman_tevin_rematch_3.json; map_refs=pokemon_center_daily_trainers; location_unpaired=true,9,5,
TRAINER_GUITARIST_ARTURO_REMATCH_3,ARTURO,TRAINER_CLASS_GUITARIST,,true,,,TRAINER_PIC_GUITARIST,,platinum_trainer_index=907; source=res/trainers/data/guitarist_arturo_rematch_3.json; map_refs=pokemon_center_daily_trainers; location_unpaired=true,9,5,
TRAINER_IDOL_GRACE_REMATCH_3,GRACE,TRAINER_CLASS_IDOL,,true,,,TRAINER_PIC_IDOL,,platinum_trainer_index=908; source=res/trainers/data/idol_grace_rematch_3.json; map_refs=pokemon_center_daily_trainers; location_unpaired=true,9,5,
TRAINER_INTERVIEWERS_ROXY_AND_OLI_REMATCH_3,ROXY & OLI,TRAINER_CLASS_INTERVIEWERS,,true,,,TRAINER_PIC_INTERVIEWERS,True,platinum_trainer_index=909; source=res/trainers/data/interviewers_roxy_and_oli_rematch_3.json; map_refs=pokemon_center_daily_trainers; location_unpaired=true,9,5,
TRAINER_CLOWN_LEE_REMATCH_3,LEE,TRAINER_CLASS_CLOWN,,true,,,TRAINER_PIC_CLOWN,,platinum_trainer_index=910; source=res/trainers/data/clown_lee_rematch_3.json; map_refs=pokemon_center_daily_trainers; location_unpaired=true,9,5,
TRAINER_POKE_KID_ARIEL_REMATCH_3,ARIEL,TRAINER_CLASS_POKE_KID,,true,,,TRAINER_PIC_POKE_KID,,platinum_trainer_index=911; source=res/trainers/data/poke_kid_ariel_rematch_3.json; map_refs=pokemon_center_daily_trainers; location_unpaired=true,9,5,
TRAINER_REPORTER_KINSEY_REMATCH_3,KINSEY,TRAINER_CLASS_REPORTER,,true,,,TRAINER_PIC_REPORTER,,platinum_trainer_index=912; source=res/trainers/data/reporter_kinsey_rematch_3.json; map_refs=pokemon_center_daily_trainers; location_unpaired=true,9,5,
TRAINER_GALACTIC_BOSS_CYRUS_CELESTIC_TOWN_RUINS,CYRUS,TRAINER_CLASS_GALACTIC_BOSS,208,,,ITEM_HYPER_POTION,TRAINER_PIC_GALACTIC_BOSS,,platinum_trainer_index=913; source=res/trainers/data/galactic_boss_cyrus_celestic_town_ruins.json; map_refs=celestic_town_cave; matched_map=celestic_town_cave,9,5,
TRAINER_CAMERAMAN_TEVIN_REMATCH_4,TEVIN,TRAINER_CLASS_CAMERAMAN,,true,,,TRAINER_PIC_CAMERAMAN,,platinum_trainer_index=914; source=res/trainers/data/cameraman_tevin_rematch_4.json; map_refs=pokemon_center_daily_trainers; location_unpaired=true,9,5,
TRAINER_GUITARIST_ARTURO_REMATCH_4,ARTURO,TRAINER_CLASS_GUITARIST,,true,,,TRAINER_PIC_GUITARIST,,platinum_trainer_index=915; source=res/trainers/data/guitarist_arturo_rematch_4.json; map_refs=pokemon_center_daily_trainers; location_unpaired=true,9,5,
TRAINER_IDOL_GRACE_REMATCH_4,GRACE,TRAINER_CLASS_IDOL,,true,,,TRAINER_PIC_IDOL,,platinum_trainer_index=916; source=res/trainers/data/idol_grace_rematch_4.json; map_refs=pokemon_center_daily_trainers; location_unpaired=true,9,5,
TRAINER_INTERVIEWERS_ROXY_AND_OLI_REMATCH_4,ROXY & OLI,TRAINER_CLASS_INTERVIEWERS,,true,,,TRAINER_PIC_INTERVIEWERS,True,platinum_trainer_index=917; source=res/trainers/data/interviewers_roxy_and_oli_rematch_4.json; map_refs=pokemon_center_daily_trainers; location_unpaired=true,9,5,
TRAINER_CLOWN_LEE_REMATCH_4,LEE,TRAINER_CLASS_CLOWN,,true,,,TRAINER_PIC_CLOWN,,platinum_trainer_index=918; source=res/trainers/data/clown_lee_rematch_4.json; map_refs=pokemon_center_daily_trainers; location_unpaired=true,9,5,
TRAINER_POKE_KID_ARIEL_REMATCH_4,ARIEL,TRAINER_CLASS_POKE_KID,,true,,,TRAINER_PIC_POKE_KID,,platinum_trainer_index=919; source=res/trainers/data/poke_kid_ariel_rematch_4.json; map_refs=pokemon_center_daily_trainers; location_unpaired=true,9,5,
TRAINER_REPORTER_KINSEY_REMATCH_4,KINSEY,TRAINER_CLASS_REPORTER,,true,,,TRAINER_PIC_REPORTER,,platinum_trainer_index=920; source=res/trainers/data/reporter_kinsey_rematch_4.json; map_refs=pokemon_center_daily_trainers; location_unpaired=true,9,5,
TRAINER_LEADER_VOLKNER_FIGHT_AREA,VOLKNER,TRAINER_CLASS_LEADER_VOLKNER,,,,"ITEM_FULL_RESTORE,ITEM_FULL_RESTORE",TRAINER_PIC_LEADER_VOLKNER,,platinum_trainer_index=921; source=res/trainers/data/leader_volkner_fight_area.json; map_refs=fight_area; location_unpaired=true,9,5,
TRAINER_ELITE_FOUR_FLINT_FIGHT_AREA,FLINT,TRAINER_CLASS_ELITE_FOUR_FLINT,,,,"ITEM_FULL_RESTORE,ITEM_FULL_RESTORE",TRAINER_PIC_ELITE_FOUR_FLINT,,platinum_trainer_index=922; source=res/trainers/data/elite_four_flint_fight_area.json; map_refs=fight_area; location_unpaired=true,9,5,
TRAINER_RIVAL_FIGHT_AREA_PIPLUP,CEDRIC,TRAINER_CLASS_RIVAL,,,,,TRAINER_PIC_RIVAL,,platinum_trainer_index=923; source=res/trainers/data/rival_fight_area_piplup.json; map_refs=fight_area; location_unpaired=true,9,5,
TRAINER_RIVAL_FIGHT_AREA_TURTWIG,CEDRIC,TRAINER_CLASS_RIVAL,,,,,TRAINER_PIC_RIVAL,,platinum_trainer_index=924; source=res/trainers/data/rival_fight_area_turtwig.json; map_refs=fight_area; location_unpaired=true,9,5,
TRAINER_RIVAL_FIGHT_AREA_CHIMCHAR,CEDRIC,TRAINER_CLASS_RIVAL,,,,,TRAINER_PIC_RIVAL,,platinum_trainer_index=925; source=res/trainers/data/rival_fight_area_chimchar.json; map_refs=fight_area; location_unpaired=true,9,5,
TRAINER_COMMANDER_MARS_STARK_MOUNTAIN,MARS,TRAINER_CLASS_COMMANDER_MARS,,,,,TRAINER_PIC_COMMANDER_MARS,,platinum_trainer_index=926; source=res/trainers/data/commander_mars_stark_mountain.json; map_refs=stark_mountain_room_1; location_unpaired=true,9,5,
TRAINER_COMMANDER_JUPITER_STARK_MOUNTAIN,JUPITER,TRAINER_CLASS_COMMANDER_JUPITER,,,,,TRAINER_PIC_COMMANDER_JUPITER,,platinum_trainer_index=927; source=res/trainers/data/commander_jupiter_stark_mountain.json; map_refs=stark_mountain_room_1; location_unpaired=true,9,5,
