encounter_name,trainer_name,trainer_class,canonical_location_id,is_rematch,is_event,trainer_items,trainer_pic,trainer_double,details,version_group_id,load_build,game_id
TRAINER_YOUNGSTER_TRISTAN,TRISTAN,TRAINER_CLASS_YOUNGSTER,173,,,,TRAINER_PIC_YOUNGSTER,,diamondpearl_trainer_index=1; source=files/poketool/trainer/trdata.json; map_refs=R202; matched_map=R202,8,5,
TRAINER_YOUNGSTER_LOGAN,LOGAN,TRAINER_CLASS_YOUNGSTER,173,,,,TRAINER_PIC_YOUNGSTER,,diamondpearl_trainer_index=2; source=files/poketool/trainer/trdata.json; map_refs=R202; matched_map=R202,8,5,
TRAINER_LASS_NATALIE,NATALIE,TRAINER_CLASS_LASS,173,,,,TRAINER_PIC_LASS,,diamondpearl_trainer_index=3; source=files/poketool/trainer/trdata.json; map_refs=R202; matched_map=R202,8,5,
TRAINER_YOUNGSTER_MICHAEL,MICHAEL,TRAINER_CLASS_YOUNGSTER,174,,,,TRAINER_PIC_YOUNGSTER,,diamondpearl_trainer_index=4; source=files/poketool/trainer/trdata.json; map_refs=R203; matched_map=R203,8,5,
TRAINER_CAMPER_MICKEY,MICKEY,TRAINER_CLASS_CAMPER,,,,,TRAINER_PIC_CAMPER,,diamondpearl_trainer_index=5; source=files/poketool/trainer/trdata.json; location_unpaired=true,8,5,
TRAINER_CAMPER_MICKEY_2,MICKEY,TRAINER_CLASS_CAMPER,,true,,,TRAINER_PIC_CAMPER,,diamondpearl_trainer_index=6; source=files/poketool/trainer/trdata.json; location_unpaired=true,8,5,
TRAINER_PICNICKER_ANGELICA,ANGELICA,TRAINER_CLASS_PICNICKER,,,,,TRAINER_PIC_PICNICKER,,diamondpearl_trainer_index=7; source=files/poketool/trainer/trdata.json; location_unpaired=true,8,5,
TRAINER_PICNICKER_ANGELICA_2,ANGELICA,TRAINER_CLASS_PICNICKER,,true,,,TRAINER_PIC_PICNICKER,,diamondpearl_trainer_index=8; source=files/poketool/trainer/trdata.json; location_unpaired=true,8,5,
TRAINER_YOUNGSTER_MICKEY,MICKEY,TRAINER_CLASS_YOUNGSTER,,,,,TRAINER_PIC_YOUNGSTER,,diamondpearl_trainer_index=9; source=files/poketool/trainer/trdata.json; location_unpaired=true,8,5,
TRAINER_YOUNGSTER_TYLER,TYLER,TRAINER_CLASS_YOUNGSTER,179,,,,TRAINER_PIC_YOUNGSTER,,diamondpearl_trainer_index=10; source=files/poketool/trainer/trdata.json; map_refs=R204A; matched_map=R204A,8,5,
TRAINER_LASS_SAMANTHA,SAMANTHA,TRAINER_CLASS_LASS,179,,,,TRAINER_PIC_LASS,,diamondpearl_trainer_index=11; source=files/poketool/trainer/trdata.json; map_refs=R204A; matched_map=R204A,8,5,
TRAINER_LASS_SARAH,SARAH,TRAINER_CLASS_LASS,179,,,,TRAINER_PIC_LASS,,diamondpearl_trainer_index=12; source=files/poketool/trainer/trdata.json; map_refs=R204A; matched_map=R204A,8,5,
TRAINER_BUG_CATCHER_BRANDON,BRANDON,TRAINER_CLASS_BUG_CATCHER,179,,,,TRAINER_PIC_BUG_CATCHER,,diamondpearl_trainer_index=13; source=files/poketool/trainer/trdata.json; map_refs=R204B; matched_map=R204B,8,5,
TRAINER_AROMA_LADY_TAYLOR,TAYLOR,TRAINER_CLASS_AROMA_LADY,179,,,,TRAINER_PIC_AROMA_LADY,,diamondpearl_trainer_index=14; source=files/poketool/trainer/trdata.json; map_refs=R204B; matched_map=R204B,8,5,
TRAINER_TWINS_LIV_LIZ,LIV & LIZ,TRAINER_CLASS_TWINS,179,,,,TRAINER_PIC_TWINS,True,diamondpearl_trainer_index=15; source=files/poketool/trainer/trdata.json; map_refs=R204B; matched_map=R204B,8,5,
TRAINER_CAMPER_JACOB,JACOB,TRAINER_CLASS_CAMPER,182,,,,TRAINER_PIC_CAMPER,,diamondpearl_trainer_index=16; source=files/poketool/trainer/trdata.json; map_refs=R205A; matched_map=R205A,8,5,
TRAINER_PICNICKER_SIENA,SIENA,TRAINER_CLASS_PICNICKER,182,,,,TRAINER_PIC_PICNICKER,,diamondpearl_trainer_index=17; source=files/poketool/trainer/trdata.json; map_refs=R205A; matched_map=R205A,8,5,
TRAINER_HIKER_DANIEL,DANIEL,TRAINER_CLASS_HIKER,182,,,,TRAINER_PIC_HIKER,,diamondpearl_trainer_index=18; source=files/poketool/trainer/trdata.json; map_refs=R205A; matched_map=R205A,8,5,
TRAINER_HIKER_NICHOLAS,NICHOLAS,TRAINER_CLASS_HIKER,182,,,,TRAINER_PIC_HIKER,,diamondpearl_trainer_index=19; source=files/poketool/trainer/trdata.json; map_refs=R205A; matched_map=R205A,8,5,
TRAINER_BATTLE_GIRL_KELSEY,KELSEY,TRAINER_CLASS_BATTLE_GIRL,182,,,,TRAINER_PIC_BATTLE_GIRL,,diamondpearl_trainer_index=20; source=files/poketool/trainer/trdata.json; map_refs=R205A; matched_map=R205A,8,5,
TRAINER_AROMA_LADY_ELIZABETH,ELIZABETH,TRAINER_CLASS_AROMA_LADY,182,,,,TRAINER_PIC_AROMA_LADY,,diamondpearl_trainer_index=21; source=files/poketool/trainer/trdata.json; map_refs=R205A; matched_map=R205A,8,5,
TRAINER_FISHERMAN_ANDREW,ANDREW,TRAINER_CLASS_FISHERMAN,182,,,,TRAINER_PIC_FISHERMAN,,diamondpearl_trainer_index=22; source=files/poketool/trainer/trdata.json; map_refs=R205B; matched_map=R205B,8,5,
TRAINER_FISHERMAN_JOSEPH,JOSEPH,TRAINER_CLASS_FISHERMAN,182,,,,TRAINER_PIC_FISHERMAN,,diamondpearl_trainer_index=23; source=files/poketool/trainer/trdata.json; map_refs=R205B; matched_map=R205B,8,5,
TRAINER_FISHERMAN_ZACHARY,ZACHARY,TRAINER_CLASS_FISHERMAN,182,,,,TRAINER_PIC_FISHERMAN,,diamondpearl_trainer_index=24; source=files/poketool/trainer/trdata.json; map_refs=R205B; matched_map=R205B,8,5,
TRAINER_CYCLIST_M_AXEL,AXEL,TRAINER_CLASS_CYCLIST_M,187,,,,TRAINER_PIC_CYCLIST_MALE,,diamondpearl_trainer_index=25; source=files/poketool/trainer/trdata.json; map_refs=R206; matched_map=R206,8,5,
TRAINER_CYCLIST_M_JAMES,JAMES,TRAINER_CLASS_CYCLIST_M,187,,,,TRAINER_PIC_CYCLIST_MALE,,diamondpearl_trainer_index=26; source=files/poketool/trainer/trdata.json; map_refs=R206; matched_map=R206,8,5,
TRAINER_CYCLIST_M_JOHN,JOHN,TRAINER_CLASS_CYCLIST_M,187,,,,TRAINER_PIC_CYCLIST_MALE,,diamondpearl_trainer_index=27; source=files/poketool/trainer/trdata.json; map_refs=R206; matched_map=R206,8,5,
TRAINER_CYCLIST_M_RYAN,RYAN,TRAINER_CLASS_CYCLIST_M,187,,,,TRAINER_PIC_CYCLIST_MALE,,diamondpearl_trainer_index=28; source=files/poketool/trainer/trdata.json; map_refs=R206; matched_map=R206,8,5,
TRAINER_CYCLIST_F_MEGAN,MEGAN,TRAINER_CLASS_CYCLIST_F,187,,,,TRAINER_PIC_CYCLIST_FEMALE,,diamondpearl_trainer_index=29; source=files/poketool/trainer/trdata.json; map_refs=R206; matched_map=R206,8,5,
TRAINER_CYCLIST_F_NICOLE,NICOLE,TRAINER_CLASS_CYCLIST_F,187,,,,TRAINER_PIC_CYCLIST_FEMALE,,diamondpearl_trainer_index=30; source=files/poketool/trainer/trdata.json; map_refs=R206; matched_map=R206,8,5,
TRAINER_CYCLIST_F_KAYLA,KAYLA,TRAINER_CLASS_CYCLIST_F,187,,,,TRAINER_PIC_CYCLIST_FEMALE,,diamondpearl_trainer_index=31; source=files/poketool/trainer/trdata.json; map_refs=R206; matched_map=R206,8,5,
TRAINER_CYCLIST_F_RACHEL,RACHEL,TRAINER_CLASS_CYCLIST_F,187,,,,TRAINER_PIC_CYCLIST_FEMALE,,diamondpearl_trainer_index=32; source=files/poketool/trainer/trdata.json; map_refs=R206; matched_map=R206,8,5,
TRAINER_YOUNGSTER_AUSTIN,AUSTIN,TRAINER_CLASS_YOUNGSTER,178,,,,TRAINER_PIC_YOUNGSTER,,diamondpearl_trainer_index=33; source=files/poketool/trainer/trdata.json; map_refs=R207; matched_map=R207,8,5,
TRAINER_CAMPER_ANTHONY,ANTHONY,TRAINER_CLASS_CAMPER,178,,,,TRAINER_PIC_CAMPER,,diamondpearl_trainer_index=34; source=files/poketool/trainer/trdata.json; map_refs=R207; matched_map=R207,8,5,
TRAINER_PICNICKER_LAUREN,LAUREN,TRAINER_CLASS_PICNICKER,178,,,,TRAINER_PIC_PICNICKER,,diamondpearl_trainer_index=35; source=files/poketool/trainer/trdata.json; map_refs=R207; matched_map=R207,8,5,
TRAINER_HIKER_KEVIN,KEVIN,TRAINER_CLASS_HIKER,178,,,,TRAINER_PIC_HIKER,,diamondpearl_trainer_index=36; source=files/poketool/trainer/trdata.json; map_refs=R207; matched_map=R207,8,5,
TRAINER_HIKER_JUSTIN,JUSTIN,TRAINER_CLASS_HIKER,178,,,,TRAINER_PIC_HIKER,,diamondpearl_trainer_index=37; source=files/poketool/trainer/trdata.json; map_refs=R207; matched_map=R207,8,5,
TRAINER_BATTLE_GIRL_HELEN,HELEN,TRAINER_CLASS_BATTLE_GIRL,178,,,,TRAINER_PIC_BATTLE_GIRL,,diamondpearl_trainer_index=38; source=files/poketool/trainer/trdata.json; map_refs=R207; matched_map=R207,8,5,
TRAINER_HIKER_ROBERT,ROBERT,TRAINER_CLASS_HIKER,190,,,,TRAINER_PIC_HIKER,,diamondpearl_trainer_index=39; source=files/poketool/trainer/trdata.json; map_refs=R208; matched_map=R208,8,5,
TRAINER_HIKER_ALEXANDER,ALEXANDER,TRAINER_CLASS_HIKER,190,,,,TRAINER_PIC_HIKER,,diamondpearl_trainer_index=40; source=files/poketool/trainer/trdata.json; map_refs=R208; matched_map=R208,8,5,
TRAINER_HIKER_JONATHAN,JONATHAN,TRAINER_CLASS_HIKER,190,,,,TRAINER_PIC_HIKER,,diamondpearl_trainer_index=41; source=files/poketool/trainer/trdata.json; map_refs=R208; matched_map=R208,8,5,
TRAINER_BLACK_BELT_KYLE,KYLE,TRAINER_CLASS_BLACK_BELT,190,,,,TRAINER_PIC_BLACK_BELT,,diamondpearl_trainer_index=42; source=files/poketool/trainer/trdata.json; map_refs=R208; matched_map=R208,8,5,
TRAINER_FISHERMAN_CODY,CODY,TRAINER_CLASS_FISHERMAN,190,,,,TRAINER_PIC_FISHERMAN,,diamondpearl_trainer_index=43; source=files/poketool/trainer/trdata.json; map_refs=R208; matched_map=R208,8,5,
TRAINER_AROMA_LADY_HANNAH,HANNAH,TRAINER_CLASS_AROMA_LADY,190,,,,TRAINER_PIC_AROMA_LADY,,diamondpearl_trainer_index=44; source=files/poketool/trainer/trdata.json; map_refs=R208; matched_map=R208,8,5,
TRAINER_ARTIST_WILLIAM,WILLIAM,TRAINER_CLASS_ARTIST,190,,,,TRAINER_PIC_ARTIST,,diamondpearl_trainer_index=45; source=files/poketool/trainer/trdata.json; map_refs=R208; matched_map=R208,8,5,
TRAINER_PKMN_BREEDER_M_ALBERT,ALBERT,TRAINER_CLASS_PKMN_BREEDER_M,192,,,,TRAINER_PIC_BREEDER_MALE,,diamondpearl_trainer_index=46; source=files/poketool/trainer/trdata.json; map_refs=R209; matched_map=R209,8,5,
TRAINER_PKMN_BREEDER_F_JENNIFER,JENNIFER,TRAINER_CLASS_PKMN_BREEDER_F,192,,,,TRAINER_PIC_BREEDER_FEMALE,,diamondpearl_trainer_index=47; source=files/poketool/trainer/trdata.json; map_refs=R209; matched_map=R209,8,5,
TRAINER_COWGIRL_SHELLEY,SHELLEY,TRAINER_CLASS_COWGIRL,192,,,,TRAINER_PIC_COWGIRL,,diamondpearl_trainer_index=48; source=files/poketool/trainer/trdata.json; map_refs=R209; matched_map=R209,8,5,
TRAINER_JOGGER_RICHARD,RICHARD,TRAINER_CLASS_JOGGER,192,,,,TRAINER_PIC_JOGGER,,diamondpearl_trainer_index=49; source=files/poketool/trainer/trdata.json; map_refs=R209; matched_map=R209,8,5,
TRAINER_POKEFAN_M_MICKEY,MICKEY,TRAINER_CLASS_POKEFAN_M,,,,,TRAINER_PIC_POKEFAN_MALE,,diamondpearl_trainer_index=50; source=files/poketool/trainer/trdata.json; location_unpaired=true,8,5,
TRAINER_POKEFAN_F_ANGELICA,ANGELICA,TRAINER_CLASS_POKEFAN_F,,,,,TRAINER_PIC_POKEFAN_FEMALE,,diamondpearl_trainer_index=51; source=files/poketool/trainer/trdata.json; location_unpaired=true,8,5,
TRAINER_YOUNGSTER_MICKEY_2,MICKEY,TRAINER_CLASS_YOUNGSTER,,true,,,TRAINER_PIC_YOUNGSTER,,diamondpearl_trainer_index=52; source=files/poketool/trainer/trdata.json; location_unpaired=true,8,5,
TRAINER_POKE_KID_DANIELLE,DANIELLE,TRAINER_CLASS_POKE_KID,192,,,,TRAINER_PIC_POKE_KID,,diamondpearl_trainer_index=53; source=files/poketool/trainer/trdata.json; map_refs=R209; matched_map=R209,8,5,
TRAINER_FISHERMAN_MICKEY,MICKEY,TRAINER_CLASS_FISHERMAN,,,,,TRAINER_PIC_FISHERMAN,,diamondpearl_trainer_index=54; source=files/poketool/trainer/trdata.json; location_unpaired=true,8,5,
TRAINER_YOUNG_COUPLE_TY_SUE,TY & SUE,TRAINER_CLASS_YOUNG_COUPLE,192,,,,TRAINER_PIC_YOUNG_COUPLE,True,diamondpearl_trainer_index=55; source=files/poketool/trainer/trdata.json; map_refs=R209; matched_map=R209,8,5,
TRAINER_PKMN_BREEDER_M_KAHLIL,KAHLIL,TRAINER_CLASS_PKMN_BREEDER_M,195,,,,TRAINER_PIC_BREEDER_MALE,,diamondpearl_trainer_index=56; source=files/poketool/trainer/trdata.json; map_refs=R210A; matched_map=R210A,8,5,
TRAINER_PKMN_BREEDER_F_AMBER,AMBER,TRAINER_CLASS_PKMN_BREEDER_F,195,,,,TRAINER_PIC_BREEDER_FEMALE,,diamondpearl_trainer_index=57; source=files/poketool/trainer/trdata.json; map_refs=R210A; matched_map=R210A,8,5,
TRAINER_COWGIRL_ANGELICA,ANGELICA,TRAINER_CLASS_COWGIRL,,,,,TRAINER_PIC_COWGIRL,,diamondpearl_trainer_index=58; source=files/poketool/trainer/trdata.json; location_unpaired=true,8,5,
TRAINER_JOGGER_MICKEY,MICKEY,TRAINER_CLASS_JOGGER,,,,,TRAINER_PIC_JOGGER,,diamondpearl_trainer_index=59; source=files/poketool/trainer/trdata.json; location_unpaired=true,8,5,
TRAINER_POKEFAN_M_MICKEY_2,MICKEY,TRAINER_CLASS_POKEFAN_M,,true,,,TRAINER_PIC_POKEFAN_MALE,,diamondpearl_trainer_index=60; source=files/poketool/trainer/trdata.json; location_unpaired=true,8,5,
TRAINER_POKEFAN_F_ANGELICA_2,ANGELICA,TRAINER_CLASS_POKEFAN_F,,true,,,TRAINER_PIC_POKEFAN_FEMALE,,diamondpearl_trainer_index=61; source=files/poketool/trainer/trdata.json; location_unpaired=true,8,5,
TRAINER_ACE_TRAINER_M_MICKEY,MICKEY,TRAINER_CLASS_ACE_TRAINER_M,,,,,TRAINER_PIC_ACE_TRAINER_MALE,,diamondpearl_trainer_index=62; source=files/poketool/trainer/trdata.json; location_unpaired=true,8,5,
TRAINER_ACE_TRAINER_F_ANGELICA,ANGELICA,TRAINER_CLASS_ACE_TRAINER_F,,,,,TRAINER_PIC_ACE_TRAINER_FEMALE,,diamondpearl_trainer_index=63; source=files/poketool/trainer/trdata.json; location_unpaired=true,8,5,
TRAINER_WAITRESS_ANGELICA,ANGELICA,TRAINER_CLASS_WAITRESS,,,,,TRAINER_PIC_WAITRESS,,diamondpearl_trainer_index=64; source=files/poketool/trainer/trdata.json; location_unpaired=true,8,5,
TRAINER_TWINS_TERI_TIA,TERI & TIA,TRAINER_CLASS_TWINS,195,,,,TRAINER_PIC_TWINS,True,diamondpearl_trainer_index=65; source=files/poketool/trainer/trdata.json; map_refs=R210A; matched_map=R210A,8,5,
TRAINER_ACE_TRAINER_M_ERNEST,ERNEST,TRAINER_CLASS_ACE_TRAINER_M,195,,,,TRAINER_PIC_ACE_TRAINER_MALE,,diamondpearl_trainer_index=66; source=files/poketool/trainer/trdata.json; map_refs=R210B; matched_map=R210B,8,5,
TRAINER_ACE_TRAINER_F_ALYSSA,ALYSSA,TRAINER_CLASS_ACE_TRAINER_F,195,,,,TRAINER_PIC_ACE_TRAINER_FEMALE,,diamondpearl_trainer_index=67; source=files/poketool/trainer/trdata.json; map_refs=R210B; matched_map=R210B,8,5,
TRAINER_VETERAN_BRIAN,BRIAN,TRAINER_CLASS_VETERAN,195,,,,TRAINER_PIC_VETERAN,,diamondpearl_trainer_index=68; source=files/poketool/trainer/trdata.json; map_refs=R210B; matched_map=R210B,8,5,
TRAINER_BLACK_BELT_ADAM,ADAM,TRAINER_CLASS_BLACK_BELT,195,,,,TRAINER_PIC_BLACK_BELT,,diamondpearl_trainer_index=69; source=files/poketool/trainer/trdata.json; map_refs=R210B; matched_map=R210B,8,5,
TRAINER_NINJA_BOY_JOEL,JOEL,TRAINER_CLASS_NINJA_BOY,195,,,,TRAINER_PIC_NINJA_BOY,,diamondpearl_trainer_index=70; source=files/poketool/trainer/trdata.json; map_refs=R210B; matched_map=R210B,8,5,
TRAINER_NINJA_BOY_NATHAN,NATHAN,TRAINER_CLASS_NINJA_BOY,195,,,,TRAINER_PIC_NINJA_BOY,,diamondpearl_trainer_index=71; source=files/poketool/trainer/trdata.json; map_refs=R210B; matched_map=R210B,8,5,
TRAINER_NINJA_BOY_DAVIDO,DAVIDO,TRAINER_CLASS_NINJA_BOY,195,,,,TRAINER_PIC_NINJA_BOY,,diamondpearl_trainer_index=72; source=files/poketool/trainer/trdata.json; map_refs=R210B; matched_map=R210B,8,5,
TRAINER_DRAGON_TAMER_PATRICK,PATRICK,TRAINER_CLASS_DRAGON_TAMER,171,,,,TRAINER_PIC_DRAGON_TAMER,,diamondpearl_trainer_index=73; source=files/poketool/trainer/trdata.json; map_refs=C01|C01PC0102|C01PC0103|C01R0101|C01R0102|C01R0201|C01R0202|C01R0203|C01R0205|C01R0301|C01R0501|C01R0503|C01R0601|C01R0701|C01R0801|C01R0802|C02|C02PC0102|C02PC0103|C02R0103|C03|C03PC0102|C03PC0103|C03R0101|C03R0102|C03R0103|C03R0201|C03R0202|C03R0401|C03R0601|C04|C04GYM0102|C04PC0102|C04PC0103|C04R0101|C04R0201|C04R0202|C04R0204|C04R0301|C04R0401|C05|C05GYM0101|C05GYM0113|C05PC0102|C05PC0103|C05R0101|C05R0201|C05R0301|C05R0401|C05R0701|C05R0801|C05R0802|C05R1101|C05R1102|C05R1201|C06|C06PC0102|C06PC0103|C06R0201|C07|C07GYM0101|C07PC0102|C07PC0103|C07R0101|C07R0201|C07R0202|C07R0203|C07R0204|C08|C08GYM0101|C08GYM0102|C08PC0102|C08PC0103|C08R0101|C08R0301|C09GYM0101|C09PC0102|C09PC0103|C10PC0102|C10PC0103|C10R0103|C10R0105|C10R0107|C10R0109|C10R0114|C10R0115|C11|C11PC0102|C11PC0103|C11R0101|C11R0201|D01R0101|D01R0102|D02R0101|D03|D03R0101|D04|D05R0102|D05R0105|D05R0106|D05R0110|D05R0112|D05R0113|D05R0114|D09R0101|D09R0102|D09R0104|D09R0106|D11R0101|D12R0101|D13R0101|D14R0101|D14R0102|D15|D16R0101|D16R0102|D17R0101|D17R0102|D17R0103|D17R0104|D17R0105|D17R0106|D17R0107|D17R0108|D17R0109|D17R0110|D17R0111|D17R0112|D17R0113|D17R0114|D17R0115|D17R0116|D17R0117|D17R0118|D17R0119|D17R0120|D17R0121|D17R0122|D20R0102|D20R0103|D20R0106|D21R0101|D24R0104|D24R0105|D25R0106|D25R0107|D26R0102|D26R0103|D27R0103|D28R0101|D29R0102|D30|D31|D31R0101|D31R0201|D31R0207|DIRECT2|DIRECT4|L02R0101|MAP_CANALAVE_POKECENTER|MAP_CELESTIC_POKECENTER|MAP_ETERNA_POKECENTER|MAP_FIGHT_AREA_POKECENTER|MAP_FLOAROMA_POKECENTER|MAP_HEARTHOME_POKECENTER|MAP_JUBLIFE_POKECENTER|MAP_OREBURGH_POKECENTER|MAP_PASTORIA_POKECENTER|MAP_POKEMON_LEAGUE_POKECENTER|MAP_RESORT_AREA_POKECENTER|MAP_SANDGEM_POKECENTER|MAP_SNOWPOINT_POKECENTER|MAP_SOLACEON_POKECENTER|MAP_SUNYSHORE_POKECENTER|MAP_SURVIVAL_AREA_POKECENTER|MAP_VEILSTONE_POKECENTER|R201|R203|R204B|R205A|R205B|R206|R206R0101|R206R0201|R207|R208|R208R0101|R209|R209R0102|R209R0104|R210A|R210B|R211B|R212A|R212AR0102|R212B|R213|R214|R214R0101|R215|R216|R217|R217R0201|R218|R218R0101|R221|R221R0101|R222|R224|R225|R227|R228|R229|T01|T02|T02PC0102|T02PC0103|T02R0101|T02R0301|T03|T03PC0102|T03PC0103|T03R0101|T03R0301|T04|T04PC0102|T04PC0103|T04R0201|T05PC0102|T05PC0103|T06PC0102|T06PC0103|T07|T07PC0102|T07PC0103|T07R0102|UG|UNION|W223|W226|W230; matched_map=R201,8,5,
TRAINER_BIRD_KEEPER_BRIANNA,BRIANNA,TRAINER_CLASS_BIRD_KEEPER,197,,,,TRAINER_PIC_BIRD_KEEPER,,diamondpearl_trainer_index=74; source=files/poketool/trainer/trdata.json; map_refs=C04|C07|D05R0114|D21R0101|D26R0101|D26R0102|R205B|R210B|R211B|R212A; matched_map=C07,8,5,
TRAINER_DOUBLE_TEAM_ZAC_JEN,ZAC & JEN,TRAINER_CLASS_DOUBLE_TEAM,222,,,,TRAINER_PIC_DOUBLE_TEAM,True,diamondpearl_trainer_index=75; source=files/poketool/trainer/trdata.json; map_refs=C01R0201|C09|D11R0101|D26R0107|L02R0101|R210B; matched_map=C09,8,5,
TRAINER_BIRD_KEEPER_ALEXANDRA,ALEXANDRA,TRAINER_CLASS_BIRD_KEEPER,223,,,,TRAINER_PIC_BIRD_KEEPER,,diamondpearl_trainer_index=76; source=files/poketool/trainer/trdata.json; map_refs=C08|R211A|R222|R224; matched_map=R222,8,5,
TRAINER_BATTLE_GIRL_ANGELICA,ANGELICA,TRAINER_CLASS_BATTLE_GIRL,,,,,TRAINER_PIC_BATTLE_GIRL,,diamondpearl_trainer_index=77; source=files/poketool/trainer/trdata.json; map_refs=D26R0106; location_unpaired=true,8,5,
TRAINER_NINJA_BOY_ZACH,ZACH,TRAINER_CLASS_NINJA_BOY,217,,,,TRAINER_PIC_NINJA_BOY,,diamondpearl_trainer_index=78; source=files/poketool/trainer/trdata.json; map_refs=R211A; matched_map=R211A,8,5,
TRAINER_BLACK_BELT_SEAN,SEAN,TRAINER_CLASS_BLACK_BELT,217,,,,TRAINER_PIC_BLACK_BELT,,diamondpearl_trainer_index=79; source=files/poketool/trainer/trdata.json; map_refs=R211B; matched_map=R211B,8,5,
TRAINER_NINJA_BOY_NICK,NICK,TRAINER_CLASS_NINJA_BOY,217,,,,TRAINER_PIC_NINJA_BOY,,diamondpearl_trainer_index=80; source=files/poketool/trainer/trdata.json; map_refs=R211B; matched_map=R211B,8,5,
TRAINER_BIRD_KEEPER_KATHERINE,KATHERINE,TRAINER_CLASS_BIRD_KEEPER,217,,,,TRAINER_PIC_BIRD_KEEPER,,diamondpearl_trainer_index=81; source=files/poketool/trainer/trdata.json; map_refs=R211B; matched_map=R211B,8,5,
TRAINER_RICH_BOY_JASON,JASON,TRAINER_CLASS_RICH_BOY,201,,,ITEM_FULL_RESTORE,TRAINER_PIC_RICH_BOY,,diamondpearl_trainer_index=82; source=files/poketool/trainer/trdata.json; map_refs=R212A; matched_map=R212A,8,5,
TRAINER_LADY_MELISSA,MELISSA,TRAINER_CLASS_LADY,201,,,ITEM_FULL_RESTORE,TRAINER_PIC_LADY,,diamondpearl_trainer_index=83; source=files/poketool/trainer/trdata.json; map_refs=R212A; matched_map=R212A,8,5,
TRAINER_GENTLEMAN_JEREMY,JEREMY,TRAINER_CLASS_GENTLEMAN,201,,,ITEM_FULL_RESTORE,TRAINER_PIC_GENTLEMAN,,diamondpearl_trainer_index=84; source=files/poketool/trainer/trdata.json; map_refs=R212A; matched_map=R212A,8,5,
TRAINER_SOCIALITE_REINA,REINA,TRAINER_CLASS_SOCIALITE,201,,,ITEM_FULL_RESTORE,TRAINER_PIC_SOCIALITE,,diamondpearl_trainer_index=85; source=files/poketool/trainer/trdata.json; map_refs=R212A; matched_map=R212A,8,5,
TRAINER_BEAUTY_ANGELICA,ANGELICA,TRAINER_CLASS_BEAUTY,,,,,TRAINER_PIC_BEAUTY,,diamondpearl_trainer_index=86; source=files/poketool/trainer/trdata.json; location_unpaired=true,8,5,
TRAINER_COLLECTOR_MICKEY,MICKEY,TRAINER_CLASS_COLLECTOR,,,,,TRAINER_PIC_COLLECTOR,,diamondpearl_trainer_index=87; source=files/poketool/trainer/trdata.json; location_unpaired=true,8,5,
TRAINER_POLICEMAN_BOBBY,BOBBY,TRAINER_CLASS_POLICEMAN,201,,,,TRAINER_PIC_POLICEMAN,,diamondpearl_trainer_index=88; source=files/poketool/trainer/trdata.json; map_refs=R212A; matched_map=R212A,8,5,
TRAINER_POLICEMAN_ALEX,ALEX,TRAINER_CLASS_POLICEMAN,201,,,,TRAINER_PIC_POLICEMAN,,diamondpearl_trainer_index=89; source=files/poketool/trainer/trdata.json; map_refs=R212A; matched_map=R212A,8,5,
TRAINER_POLICEMAN_DYLAN,DYLAN,TRAINER_CLASS_POLICEMAN,201,,,,TRAINER_PIC_POLICEMAN,,diamondpearl_trainer_index=90; source=files/poketool/trainer/trdata.json; map_refs=R212A; matched_map=R212A,8,5,
TRAINER_FISHERMAN_JUAN,JUAN,TRAINER_CLASS_FISHERMAN,201,,,,TRAINER_PIC_FISHERMAN,,diamondpearl_trainer_index=91; source=files/poketool/trainer/trdata.json; map_refs=R212B; matched_map=R212B,8,5,
TRAINER_FISHERMAN_CAMERON,CAMERON,TRAINER_CLASS_FISHERMAN,201,,,,TRAINER_PIC_FISHERMAN,,diamondpearl_trainer_index=92; source=files/poketool/trainer/trdata.json; map_refs=R212B; matched_map=R212B,8,5,
TRAINER_FISHERMAN_TRAVIS,TRAVIS,TRAINER_CLASS_FISHERMAN,201,,,,TRAINER_PIC_FISHERMAN,,diamondpearl_trainer_index=93; source=files/poketool/trainer/trdata.json; map_refs=R212B; matched_map=R212B,8,5,
TRAINER_PKMN_RANGER_M_TAYLOR,TAYLOR,TRAINER_CLASS_PKMN_RANGER_M,201,,,,TRAINER_PIC_RANGER_MALE,,diamondpearl_trainer_index=94; source=files/poketool/trainer/trdata.json; map_refs=R212B; matched_map=R212B,8,5,
TRAINER_PKMN_RANGER_M_JEFFREY,JEFFREY,TRAINER_CLASS_PKMN_RANGER_M,201,,,,TRAINER_PIC_RANGER_MALE,,diamondpearl_trainer_index=95; source=files/poketool/trainer/trdata.json; map_refs=R212B; matched_map=R212B,8,5,
TRAINER_PKMN_RANGER_F_ALLISON,ALLISON,TRAINER_CLASS_PKMN_RANGER_F,201,,,,TRAINER_PIC_RANGER_FEMALE,,diamondpearl_trainer_index=96; source=files/poketool/trainer/trdata.json; map_refs=R212B; matched_map=R212B,8,5,
TRAINER_PKMN_RANGER_F_ANGELICA,ANGELICA,TRAINER_CLASS_PKMN_RANGER_F,,,,,TRAINER_PIC_RANGER_FEMALE,,diamondpearl_trainer_index=97; source=files/poketool/trainer/trdata.json; location_unpaired=true,8,5,
TRAINER_SCIENTIST_MICKEY,MICKEY,TRAINER_CLASS_SCIENTIST,,,,,TRAINER_PIC_SCIENTIST,,diamondpearl_trainer_index=98; source=files/poketool/trainer/trdata.json; location_unpaired=true,8,5,
TRAINER_SCIENTIST_STEFANO,STEFANO,TRAINER_CLASS_SCIENTIST,201,,,,TRAINER_PIC_SCIENTIST,,diamondpearl_trainer_index=99; source=files/poketool/trainer/trdata.json; map_refs=R212B; matched_map=R212B,8,5,
TRAINER_YOUNGSTER_MICKEY_3,MICKEY,TRAINER_CLASS_YOUNGSTER,,true,,,TRAINER_PIC_YOUNGSTER,,diamondpearl_trainer_index=100; source=files/poketool/trainer/trdata.json; location_unpaired=true,8,5,
TRAINER_YOUNGSTER_MICKEY_4,MICKEY,TRAINER_CLASS_YOUNGSTER,,true,,,TRAINER_PIC_YOUNGSTER,,diamondpearl_trainer_index=101; source=files/poketool/trainer/trdata.json; location_unpaired=true,8,5,
TRAINER_POLICEMAN_CALEB,CALEB,TRAINER_CLASS_POLICEMAN,201,,,,TRAINER_PIC_POLICEMAN,,diamondpearl_trainer_index=102; source=files/poketool/trainer/trdata.json; map_refs=R212A; matched_map=R212A,8,5,
TRAINER_SWIMMER_M_SHELTIN,SHELTIN,TRAINER_CLASS_SWIMMER_M,202,,,,TRAINER_PIC_SWIMMER_MALE,,diamondpearl_trainer_index=103; source=files/poketool/trainer/trdata.json; map_refs=R213; matched_map=R213,8,5,
TRAINER_SWIMMER_M_EVAN,EVAN,TRAINER_CLASS_SWIMMER_M,202,,,,TRAINER_PIC_SWIMMER_MALE,,diamondpearl_trainer_index=104; source=files/poketool/trainer/trdata.json; map_refs=R213; matched_map=R213,8,5,
TRAINER_SWIMMER_F_HALEY,HALEY,TRAINER_CLASS_SWIMMER_F,202,,,,TRAINER_PIC_SWIMMER_FEMALE,,diamondpearl_trainer_index=105; source=files/poketool/trainer/trdata.json; map_refs=R213; matched_map=R213,8,5,
TRAINER_SWIMMER_F_MARY,MARY,TRAINER_CLASS_SWIMMER_F,202,,,,TRAINER_PIC_SWIMMER_FEMALE,,diamondpearl_trainer_index=106; source=files/poketool/trainer/trdata.json; map_refs=R213; matched_map=R213,8,5,
TRAINER_TUBER_M_JARED,JARED,TRAINER_CLASS_TUBER_M,202,,,,TRAINER_PIC_TUBER_MALE,,diamondpearl_trainer_index=107; source=files/poketool/trainer/trdata.json; map_refs=R213; matched_map=R213,8,5,
TRAINER_TUBER_F_CHELSEA,CHELSEA,TRAINER_CLASS_TUBER_F,202,,,,TRAINER_PIC_TUBER_FEMALE,,diamondpearl_trainer_index=108; source=files/poketool/trainer/trdata.json; map_refs=R213; matched_map=R213,8,5,
TRAINER_BATTLE_GIRL_ANGELICA_2,ANGELICA,TRAINER_CLASS_BATTLE_GIRL,,true,,,TRAINER_PIC_BATTLE_GIRL,,diamondpearl_trainer_index=109; source=files/poketool/trainer/trdata.json; location_unpaired=true,8,5,
TRAINER_SAILOR_PAUL,PAUL,TRAINER_CLASS_SAILOR,202,,,,TRAINER_PIC_SAILOR,,diamondpearl_trainer_index=110; source=files/poketool/trainer/trdata.json; map_refs=R213; matched_map=R213,8,5,
TRAINER_FISHERMAN_KENNETH,KENNETH,TRAINER_CLASS_FISHERMAN,202,,,,TRAINER_PIC_FISHERMAN,,diamondpearl_trainer_index=111; source=files/poketool/trainer/trdata.json; map_refs=R213; matched_map=R213,8,5,
TRAINER_SIS_AND_BRO_TARA_TIM,TARA & TIM,TRAINER_CLASS_SIS_AND_BRO,,,,,TRAINER_PIC_SIS_AND_BRO,True,diamondpearl_trainer_index=112; source=files/poketool/trainer/trdata.json; location_unpaired=true,8,5,
TRAINER_RUIN_MANIAC_BRYAN,BRYAN,TRAINER_CLASS_RUIN_MANIAC,205,,,,TRAINER_PIC_RUIN_MANIAC,,diamondpearl_trainer_index=113; source=files/poketool/trainer/trdata.json; map_refs=R214; matched_map=R214,8,5,
TRAINER_RUIN_MANIAC_HUNTER,HUNTER,TRAINER_CLASS_RUIN_MANIAC,205,,,,TRAINER_PIC_RUIN_MANIAC,,diamondpearl_trainer_index=114; source=files/poketool/trainer/trdata.json; map_refs=R214; matched_map=R214,8,5,
TRAINER_HIKER_MICKEY,MICKEY,TRAINER_CLASS_HIKER,,,,,TRAINER_PIC_HIKER,,diamondpearl_trainer_index=115; source=files/poketool/trainer/trdata.json; location_unpaired=true,8,5,
TRAINER_VETERAN_MICKEY,MICKEY,TRAINER_CLASS_VETERAN,,,,,TRAINER_PIC_VETERAN,,diamondpearl_trainer_index=116; source=files/poketool/trainer/trdata.json; location_unpaired=true,8,5,
TRAINER_CAMPER_MICKEY_3,MICKEY,TRAINER_CLASS_CAMPER,,true,,,TRAINER_PIC_CAMPER,,diamondpearl_trainer_index=117; source=files/poketool/trainer/trdata.json; location_unpaired=true,8,5,
TRAINER_PICNICKER_ANGELICA_3,ANGELICA,TRAINER_CLASS_PICNICKER,,true,,,TRAINER_PIC_PICNICKER,,diamondpearl_trainer_index=118; source=files/poketool/trainer/trdata.json; location_unpaired=true,8,5,
TRAINER_PSYCHIC_M_MITCHELL,MITCHELL,TRAINER_CLASS_PSYCHIC_M,205,,,,TRAINER_PIC_PSYCHIC_MALE,,diamondpearl_trainer_index=119; source=files/poketool/trainer/trdata.json; map_refs=R214; matched_map=R214,8,5,
TRAINER_PSYCHIC_F_ABIGAIL,ABIGAIL,TRAINER_CLASS_PSYCHIC_F,205,,,,TRAINER_PIC_PSYCHIC_FEMALE,,diamondpearl_trainer_index=120; source=files/poketool/trainer/trdata.json; map_refs=R214; matched_map=R214,8,5,
TRAINER_PI_CARLOS,CARLOS,TRAINER_CLASS_PI,187,,,,TRAINER_PIC_PI,,diamondpearl_trainer_index=121; source=files/poketool/trainer/trdata.json; map_refs=C01|C01R0205|C01R0301|C01R0303|C02|C02GYM0101|C02R0101|C02R0102|C02R0103|C03|C03FS0101|C03R0301|C03R0401|C03R0601|C04|C04FS0101|C04GYM0102|C05|C05FS0101|C05GYM0101|C05R1102|C05R1103|C05R1201|C07|C07R0101|C08|C09GYM0101|C11|D01R0102|D02R0101|D03R0101|D04R0101|D05R0101|D05R0103|D05R0104|D05R0108|D05R0110|D05R0113|D06R0203|D09R0102|D09R0103|D09R0104|D09R0105|D11R0101|D12R0101|D13R0101|D13R0102|D14R0101|D15|D16R0101|D16R0102|D17R0102|D17R0103|D17R0104|D17R0105|D17R0106|D17R0107|D17R0108|D17R0109|D17R0110|D17R0111|D17R0112|D17R0113|D17R0114|D17R0115|D17R0116|D17R0117|D17R0118|D17R0119|D17R0120|D17R0121|D17R0122|D21R0101|D24R0105|D25R0108|D26R0102|D26R0103|D26R0106|D28R0101|D30|D31|D31R0201|R204B|R205A|R206|R207|R208|R209|R210A|R210B|R211A|R211B|R212A|R212AR0102|R212B|R213|R214|R215|R216|R216R0101|R217|R217R0101|R219|R222|R225|R228|T02R0101|T04|T05|T05R0501|T06FS0101|T06R0301|UG|UNION|W220|W223|W226|W226R0101|W230; matched_map=R206,8,5,
TRAINER_GUITARIST_MICKEY,MICKEY,TRAINER_CLASS_GUITARIST,175,,,,TRAINER_PIC_GUITARIST,,diamondpearl_trainer_index=122; source=files/poketool/trainer/trdata.json; map_refs=C03|C04|R205B|R211A; matched_map=C03,8,5,
TRAINER_PI_MICKEY,MICKEY,TRAINER_CLASS_PI,203,,,,TRAINER_PIC_PI,,diamondpearl_trainer_index=123; source=files/poketool/trainer/trdata.json; map_refs=L02|L02R0101; matched_map=L02,8,5,
TRAINER_BEAUTY_ANGELICA_2,ANGELICA,TRAINER_CLASS_BEAUTY,223,true,,,TRAINER_PIC_BEAUTY,,diamondpearl_trainer_index=124; source=files/poketool/trainer/trdata.json; map_refs=C08|R222|R224; matched_map=R222,8,5,
TRAINER_BEAUTY_ANGELICA_3,ANGELICA,TRAINER_CLASS_BEAUTY,,true,,,TRAINER_PIC_BEAUTY,,diamondpearl_trainer_index=125; source=files/poketool/trainer/trdata.json; map_refs=D05R0102; location_unpaired=true,8,5,
TRAINER_BLACK_BELT_MICKEY,MICKEY,TRAINER_CLASS_BLACK_BELT,,,,,TRAINER_PIC_BLACK_BELT,,diamondpearl_trainer_index=126; source=files/poketool/trainer/trdata.json; location_unpaired=true,8,5,
TRAINER_BLACK_BELT_GREGORY,GREGORY,TRAINER_CLASS_BLACK_BELT,196,,,,TRAINER_PIC_BLACK_BELT,,diamondpearl_trainer_index=127; source=files/poketool/trainer/trdata.json; map_refs=R215; matched_map=R215,8,5,
TRAINER_BLACK_BELT_DEREK,DEREK,TRAINER_CLASS_BLACK_BELT,196,,,,TRAINER_PIC_BLACK_BELT,,diamondpearl_trainer_index=128; source=files/poketool/trainer/trdata.json; map_refs=R215; matched_map=R215,8,5,
TRAINER_BLACK_BELT_NATHANIEL,NATHANIEL,TRAINER_CLASS_BLACK_BELT,196,,,,TRAINER_PIC_BLACK_BELT,,diamondpearl_trainer_index=129; source=files/poketool/trainer/trdata.json; map_refs=R215; matched_map=R215,8,5,
TRAINER_JOGGER_SCOTT,SCOTT,TRAINER_CLASS_JOGGER,196,,,,TRAINER_PIC_JOGGER,,diamondpearl_trainer_index=130; source=files/poketool/trainer/trdata.json; map_refs=R215; matched_map=R215,8,5,
TRAINER_BIRD_KEEPER_ANGELICA,ANGELICA,TRAINER_CLASS_BIRD_KEEPER,,,,,TRAINER_PIC_BIRD_KEEPER,,diamondpearl_trainer_index=131; source=files/poketool/trainer/trdata.json; location_unpaired=true,8,5,
TRAINER_ACE_TRAINER_SNOW_M_BLAKE,BLAKE,TRAINER_CLASS_ACE_TRAINER_SNOW_M,218,,,,TRAINER_PIC_ACE_TRAINER_SNOW_MALE,,diamondpearl_trainer_index=132; source=files/poketool/trainer/trdata.json; map_refs=R216; matched_map=R216,8,5,
TRAINER_ACE_TRAINER_SNOW_M_GARRETT,GARRETT,TRAINER_CLASS_ACE_TRAINER_SNOW_M,218,,,,TRAINER_PIC_ACE_TRAINER_SNOW_MALE,,diamondpearl_trainer_index=133; source=files/poketool/trainer/trdata.json; map_refs=R216; matched_map=R216,8,5,
TRAINER_ACE_TRAINER_SNOW_F_LAURA,LAURA,TRAINER_CLASS_ACE_TRAINER_SNOW_F,218,,,,TRAINER_PIC_ACE_TRAINER_SNOW_FEMALE,,diamondpearl_trainer_index=134; source=files/poketool/trainer/trdata.json; map_refs=R216; matched_map=R216,8,5,
TRAINER_ACE_TRAINER_SNOW_F_MARIA,MARIA,TRAINER_CLASS_ACE_TRAINER_SNOW_F,218,,,,TRAINER_PIC_ACE_TRAINER_SNOW_FEMALE,,diamondpearl_trainer_index=135; source=files/poketool/trainer/trdata.json; map_refs=R216; matched_map=R216,8,5,
TRAINER_SKIER_M_BRADLEY,BRADLEY,TRAINER_CLASS_SKIER_M,218,,,,TRAINER_PIC_SKIER_MALE,,diamondpearl_trainer_index=136; source=files/poketool/trainer/trdata.json; map_refs=R216; matched_map=R216,8,5,
TRAINER_SKIER_M_EDWARD,EDWARD,TRAINER_CLASS_SKIER_M,218,,,,TRAINER_PIC_SKIER_MALE,,diamondpearl_trainer_index=137; source=files/poketool/trainer/trdata.json; map_refs=R216; matched_map=R216,8,5,
TRAINER_SKIER_F_KAITLYN,KAITLYN,TRAINER_CLASS_SKIER_F,218,,,,TRAINER_PIC_SKIER_FEMALE,,diamondpearl_trainer_index=138; source=files/poketool/trainer/trdata.json; map_refs=R216; matched_map=R216,8,5,
TRAINER_SKIER_F_ANDREA,ANDREA,TRAINER_CLASS_SKIER_F,218,,,,TRAINER_PIC_SKIER_FEMALE,,diamondpearl_trainer_index=139; source=files/poketool/trainer/trdata.json; map_refs=R216; matched_map=R216,8,5,
TRAINER_ACE_TRAINER_SNOW_M_DALTON,DALTON,TRAINER_CLASS_ACE_TRAINER_SNOW_M,219,,,,TRAINER_PIC_ACE_TRAINER_SNOW_MALE,,diamondpearl_trainer_index=140; source=files/poketool/trainer/trdata.json; map_refs=R217; matched_map=R217,8,5,
TRAINER_ACE_TRAINER_SNOW_F_OLIVIA,OLIVIA,TRAINER_CLASS_ACE_TRAINER_SNOW_F,219,,,,TRAINER_PIC_ACE_TRAINER_SNOW_FEMALE,,diamondpearl_trainer_index=141; source=files/poketool/trainer/trdata.json; map_refs=R217; matched_map=R217,8,5,
TRAINER_SKIER_M_SHAWN,SHAWN,TRAINER_CLASS_SKIER_M,219,,,,TRAINER_PIC_SKIER_MALE,,diamondpearl_trainer_index=142; source=files/poketool/trainer/trdata.json; map_refs=R217; matched_map=R217,8,5,
TRAINER_SKIER_M_BJORN,BJORN,TRAINER_CLASS_SKIER_M,219,,,,TRAINER_PIC_SKIER_MALE,,diamondpearl_trainer_index=143; source=files/poketool/trainer/trdata.json; map_refs=R217; matched_map=R217,8,5,
TRAINER_SKIER_F_LEXIE,LEXIE,TRAINER_CLASS_SKIER_F,219,,,,TRAINER_PIC_SKIER_FEMALE,,diamondpearl_trainer_index=144; source=files/poketool/trainer/trdata.json; map_refs=R217; matched_map=R217,8,5,
TRAINER_SKIER_F_MADISON,MADISON,TRAINER_CLASS_SKIER_F,219,,,,TRAINER_PIC_SKIER_FEMALE,,diamondpearl_trainer_index=145; source=files/poketool/trainer/trdata.json; map_refs=R217; matched_map=R217,8,5,
TRAINER_NINJA_BOY_ANTONIO,ANTONIO,TRAINER_CLASS_NINJA_BOY,219,,,,TRAINER_PIC_NINJA_BOY,,diamondpearl_trainer_index=146; source=files/poketool/trainer/trdata.json; map_refs=R217; matched_map=R217,8,5,
TRAINER_NINJA_BOY_ETHAN,ETHAN,TRAINER_CLASS_NINJA_BOY,219,,,,TRAINER_PIC_NINJA_BOY,,diamondpearl_trainer_index=147; source=files/poketool/trainer/trdata.json; map_refs=R217; matched_map=R217,8,5,
TRAINER_BLACK_BELT_LUKE,LUKE,TRAINER_CLASS_BLACK_BELT,219,,,,TRAINER_PIC_BLACK_BELT,,diamondpearl_trainer_index=148; source=files/poketool/trainer/trdata.json; map_refs=R217; matched_map=R217,8,5,
TRAINER_SWIMMER_M_MICKEY,MICKEY,TRAINER_CLASS_SWIMMER_M,,,,,TRAINER_PIC_SWIMMER_MALE,,diamondpearl_trainer_index=149; source=files/poketool/trainer/trdata.json; location_unpaired=true,8,5,
TRAINER_SWIMMER_M_MICKEY_2,MICKEY,TRAINER_CLASS_SWIMMER_M,,true,,,TRAINER_PIC_SWIMMER_MALE,,diamondpearl_trainer_index=150; source=files/poketool/trainer/trdata.json; location_unpaired=true,8,5,
TRAINER_SWIMMER_F_ANGELICA,ANGELICA,TRAINER_CLASS_SWIMMER_F,,,,,TRAINER_PIC_SWIMMER_FEMALE,,diamondpearl_trainer_index=151; source=files/poketool/trainer/trdata.json; location_unpaired=true,8,5,
TRAINER_SWIMMER_F_ANGELICA_2,ANGELICA,TRAINER_CLASS_SWIMMER_F,,true,,,TRAINER_PIC_SWIMMER_FEMALE,,diamondpearl_trainer_index=152; source=files/poketool/trainer/trdata.json; location_unpaired=true,8,5,
TRAINER_FISHERMAN_MIGUEL,MIGUEL,TRAINER_CLASS_FISHERMAN,214,,,,TRAINER_PIC_FISHERMAN,,diamondpearl_trainer_index=153; source=files/poketool/trainer/trdata.json; map_refs=R218; matched_map=R218,8,5,
TRAINER_FISHERMAN_LUC,LUC,TRAINER_CLASS_FISHERMAN,214,,,,TRAINER_PIC_FISHERMAN,,diamondpearl_trainer_index=154; source=files/poketool/trainer/trdata.json; map_refs=R218; matched_map=R218,8,5,
TRAINER_SIS_AND_BRO_TARA_TIM_2,TARA & TIM,TRAINER_CLASS_SIS_AND_BRO,,true,,,TRAINER_PIC_SIS_AND_BRO,True,diamondpearl_trainer_index=155; source=files/poketool/trainer/trdata.json; location_unpaired=true,8,5,
TRAINER_SWIMMER_M_MICKEY_3,MICKEY,TRAINER_CLASS_SWIMMER_M,,true,,,TRAINER_PIC_SWIMMER_MALE,,diamondpearl_trainer_index=156; source=files/poketool/trainer/trdata.json; location_unpaired=true,8,5,
TRAINER_SWIMMER_M_MICKEY_4,MICKEY,TRAINER_CLASS_SWIMMER_M,,true,,,TRAINER_PIC_SWIMMER_MALE,,diamondpearl_trainer_index=157; source=files/poketool/trainer/trdata.json; location_unpaired=true,8,5,
TRAINER_SWIMMER_F_ANGELICA_3,ANGELICA,TRAINER_CLASS_SWIMMER_F,,true,,,TRAINER_PIC_SWIMMER_FEMALE,,diamondpearl_trainer_index=158; source=files/poketool/trainer/trdata.json; location_unpaired=true,8,5,
TRAINER_SWIMMER_M_ADRIAN,ADRIAN,TRAINER_CLASS_SWIMMER_M,211,,,,TRAINER_PIC_SWIMMER_MALE,,diamondpearl_trainer_index=159; source=files/poketool/trainer/trdata.json; map_refs=W220; matched_map=W220,8,5,
TRAINER_SWIMMER_M_ERIK,ERIK,TRAINER_CLASS_SWIMMER_M,211,,,,TRAINER_PIC_SWIMMER_MALE,,diamondpearl_trainer_index=160; source=files/poketool/trainer/trdata.json; map_refs=W220; matched_map=W220,8,5,
TRAINER_SWIMMER_M_VINCENT,VINCENT,TRAINER_CLASS_SWIMMER_M,211,,,,TRAINER_PIC_SWIMMER_MALE,,diamondpearl_trainer_index=161; source=files/poketool/trainer/trdata.json; map_refs=W220; matched_map=W220,8,5,
TRAINER_SWIMMER_F_JESSICA,JESSICA,TRAINER_CLASS_SWIMMER_F,211,,,,TRAINER_PIC_SWIMMER_FEMALE,,diamondpearl_trainer_index=162; source=files/poketool/trainer/trdata.json; map_refs=W220; matched_map=W220,8,5,
TRAINER_SWIMMER_F_ERICA,ERICA,TRAINER_CLASS_SWIMMER_F,211,,,,TRAINER_PIC_SWIMMER_FEMALE,,diamondpearl_trainer_index=163; source=files/poketool/trainer/trdata.json; map_refs=W220; matched_map=W220,8,5,
TRAINER_SWIMMER_F_KATELYN,KATELYN,TRAINER_CLASS_SWIMMER_F,211,,,,TRAINER_PIC_SWIMMER_FEMALE,,diamondpearl_trainer_index=164; source=files/poketool/trainer/trdata.json; map_refs=W220; matched_map=W220,8,5,
TRAINER_SIS_AND_BRO_TARA_TIM_3,TARA & TIM,TRAINER_CLASS_SIS_AND_BRO,,true,,,TRAINER_PIC_SIS_AND_BRO,True,diamondpearl_trainer_index=165; source=files/poketool/trainer/trdata.json; location_unpaired=true,8,5,
TRAINER_SWIMMER_M_DILLON,DILLON,TRAINER_CLASS_SWIMMER_M,213,,,,TRAINER_PIC_SWIMMER_MALE,,diamondpearl_trainer_index=166; source=files/poketool/trainer/trdata.json; map_refs=R221; matched_map=R221,8,5,
TRAINER_SWIMMER_F_VANESSA,VANESSA,TRAINER_CLASS_SWIMMER_F,213,,,,TRAINER_PIC_SWIMMER_FEMALE,,diamondpearl_trainer_index=167; source=files/poketool/trainer/trdata.json; map_refs=R221; matched_map=R221,8,5,
TRAINER_FISHERMAN_CORY,CORY,TRAINER_CLASS_FISHERMAN,213,,,,TRAINER_PIC_FISHERMAN,,diamondpearl_trainer_index=168; source=files/poketool/trainer/trdata.json; map_refs=R221; matched_map=R221,8,5,
TRAINER_RUIN_MANIAC_MICKEY,MICKEY,TRAINER_CLASS_RUIN_MANIAC,,,,,TRAINER_PIC_RUIN_MANIAC,,diamondpearl_trainer_index=169; source=files/poketool/trainer/trdata.json; location_unpaired=true,8,5,
TRAINER_ACE_TRAINER_M_JAKE,JAKE,TRAINER_CLASS_ACE_TRAINER_M,213,,,,TRAINER_PIC_ACE_TRAINER_MALE,,diamondpearl_trainer_index=170; source=files/poketool/trainer/trdata.json; map_refs=R221; matched_map=R221,8,5,
TRAINER_ACE_TRAINER_F_SHANNON,SHANNON,TRAINER_CLASS_ACE_TRAINER_F,213,,,,TRAINER_PIC_ACE_TRAINER_FEMALE,,diamondpearl_trainer_index=171; source=files/poketool/trainer/trdata.json; map_refs=R221; matched_map=R221,8,5,
TRAINER_FISHERMAN_BRETT,BRETT,TRAINER_CLASS_FISHERMAN,223,,,,TRAINER_PIC_FISHERMAN,,diamondpearl_trainer_index=172; source=files/poketool/trainer/trdata.json; map_refs=R222; matched_map=R222,8,5,
TRAINER_FISHERMAN_ALEC,ALEC,TRAINER_CLASS_FISHERMAN,223,,,,TRAINER_PIC_FISHERMAN,,diamondpearl_trainer_index=173; source=files/poketool/trainer/trdata.json; map_refs=R222; matched_map=R222,8,5,
TRAINER_FISHERMAN_GEORGE,GEORGE,TRAINER_CLASS_FISHERMAN,223,,,,TRAINER_PIC_FISHERMAN,,diamondpearl_trainer_index=174; source=files/poketool/trainer/trdata.json; map_refs=R222; matched_map=R222,8,5,
TRAINER_FISHERMAN_COLE,COLE,TRAINER_CLASS_FISHERMAN,223,,,,TRAINER_PIC_FISHERMAN,,diamondpearl_trainer_index=175; source=files/poketool/trainer/trdata.json; map_refs=R222; matched_map=R222,8,5,
TRAINER_ROUGHNECK_MICKEY,MICKEY,TRAINER_CLASS_ROUGHNECK,,,,,TRAINER_PIC_ROUGHNECK,,diamondpearl_trainer_index=176; source=files/poketool/trainer/trdata.json; location_unpaired=true,8,5,
TRAINER_ROUGHNECK_MICKEY_2,MICKEY,TRAINER_CLASS_ROUGHNECK,,true,,,TRAINER_PIC_ROUGHNECK,,diamondpearl_trainer_index=177; source=files/poketool/trainer/trdata.json; location_unpaired=true,8,5,
TRAINER_GUITARIST_MICKEY_2,MICKEY,TRAINER_CLASS_GUITARIST,,true,,,TRAINER_PIC_GUITARIST,,diamondpearl_trainer_index=178; source=files/poketool/trainer/trdata.json; location_unpaired=true,8,5,
TRAINER_CLOWN_MICKEY,MICKEY,TRAINER_CLASS_CLOWN,,,,,TRAINER_PIC_CLOWN,,diamondpearl_trainer_index=179; source=files/poketool/trainer/trdata.json; location_unpaired=true,8,5,
TRAINER_SAILOR_LUTHER,LUTHER,TRAINER_CLASS_SAILOR,223,,,,TRAINER_PIC_SAILOR,,diamondpearl_trainer_index=180; source=files/poketool/trainer/trdata.json; map_refs=R222; matched_map=R222,8,5,
TRAINER_ARTIST_MICKEY,MICKEY,TRAINER_CLASS_ARTIST,,,,,TRAINER_PIC_ARTIST,,diamondpearl_trainer_index=181; source=files/poketool/trainer/trdata.json; location_unpaired=true,8,5,
TRAINER_YOUNG_COUPLE_TARA_TIM,TARA & TIM,TRAINER_CLASS_YOUNG_COUPLE,,,,,TRAINER_PIC_YOUNG_COUPLE,True,diamondpearl_trainer_index=182; source=files/poketool/trainer/trdata.json; location_unpaired=true,8,5,
TRAINER_SWIMMER_M_WESLEY,WESLEY,TRAINER_CLASS_SWIMMER_M,225,,,,TRAINER_PIC_SWIMMER_MALE,,diamondpearl_trainer_index=183; source=files/poketool/trainer/trdata.json; map_refs=W223; matched_map=W223,8,5,
TRAINER_SWIMMER_M_RICARDO,RICARDO,TRAINER_CLASS_SWIMMER_M,225,,,,TRAINER_PIC_SWIMMER_MALE,,diamondpearl_trainer_index=184; source=files/poketool/trainer/trdata.json; map_refs=W223; matched_map=W223,8,5,
TRAINER_SWIMMER_M_FRANCISCO,FRANCISCO,TRAINER_CLASS_SWIMMER_M,225,,,,TRAINER_PIC_SWIMMER_MALE,,diamondpearl_trainer_index=185; source=files/poketool/trainer/trdata.json; map_refs=C04|W223; matched_map=W223,8,5,
TRAINER_SWIMMER_M_COLTON,COLTON,TRAINER_CLASS_SWIMMER_M,225,,,,TRAINER_PIC_SWIMMER_MALE,,diamondpearl_trainer_index=186; source=files/poketool/trainer/trdata.json; map_refs=W223; matched_map=W223,8,5,
TRAINER_SWIMMER_M_TROY,TROY,TRAINER_CLASS_SWIMMER_M,225,,,,TRAINER_PIC_SWIMMER_MALE,,diamondpearl_trainer_index=187; source=files/poketool/trainer/trdata.json; map_refs=W223; matched_map=W223,8,5,
TRAINER_SWIMMER_M_OSCAR,OSCAR,TRAINER_CLASS_SWIMMER_M,225,,,,TRAINER_PIC_SWIMMER_MALE,,diamondpearl_trainer_index=188; source=files/poketool/trainer/trdata.json; map_refs=W223; matched_map=W223,8,5,
TRAINER_SWIMMER_F_MIRANDA,MIRANDA,TRAINER_CLASS_SWIMMER_F,225,,,,TRAINER_PIC_SWIMMER_FEMALE,,diamondpearl_trainer_index=189; source=files/poketool/trainer/trdata.json; map_refs=W223; matched_map=W223,8,5,
TRAINER_SWIMMER_F_AUBREE,AUBREE,TRAINER_CLASS_SWIMMER_F,225,,,,TRAINER_PIC_SWIMMER_FEMALE,,diamondpearl_trainer_index=190; source=files/poketool/trainer/trdata.json; map_refs=W223; matched_map=W223,8,5,
TRAINER_SWIMMER_F_PAIGE,PAIGE,TRAINER_CLASS_SWIMMER_F,225,,,,TRAINER_PIC_SWIMMER_FEMALE,,diamondpearl_trainer_index=191; source=files/poketool/trainer/trdata.json; map_refs=W223; matched_map=W223,8,5,
TRAINER_SWIMMER_F_CRYSTAL,CRYSTAL,TRAINER_CLASS_SWIMMER_F,225,,,,TRAINER_PIC_SWIMMER_FEMALE,,diamondpearl_trainer_index=192; source=files/poketool/trainer/trdata.json; map_refs=W223; matched_map=W223,8,5,
TRAINER_SWIMMER_F_CASSANDRA,CASSANDRA,TRAINER_CLASS_SWIMMER_F,225,,,,TRAINER_PIC_SWIMMER_FEMALE,,diamondpearl_trainer_index=193; source=files/poketool/trainer/trdata.json; map_refs=W223; matched_map=W223,8,5,
TRAINER_SWIMMER_F_GABRIELLE,GABRIELLE,TRAINER_CLASS_SWIMMER_F,225,,,,TRAINER_PIC_SWIMMER_FEMALE,,diamondpearl_trainer_index=194; source=files/poketool/trainer/trdata.json; map_refs=W223; matched_map=W223,8,5,
TRAINER_WORKER_COLIN,COLIN,TRAINER_CLASS_WORKER,177,,,,TRAINER_PIC_WORKER,,diamondpearl_trainer_index=195; source=files/poketool/trainer/trdata.json; map_refs=D01R0102; matched_map=D01R0102,8,5,
TRAINER_WORKER_MASON,MASON,TRAINER_CLASS_WORKER,177,,,,TRAINER_PIC_WORKER,,diamondpearl_trainer_index=196; source=files/poketool/trainer/trdata.json; map_refs=D01R0102; matched_map=D01R0102,8,5,
TRAINER_WORKER_MICKEY,MICKEY,TRAINER_CLASS_WORKER,,,,,TRAINER_PIC_WORKER,,diamondpearl_trainer_index=197; source=files/poketool/trainer/trdata.json; location_unpaired=true,8,5,
TRAINER_SCIENTIST_MICKEY_2,MICKEY,TRAINER_CLASS_SCIENTIST,,true,,,TRAINER_PIC_SCIENTIST,,diamondpearl_trainer_index=198; source=files/poketool/trainer/trdata.json; location_unpaired=true,8,5,
TRAINER_SCIENTIST_MICKEY_3,MICKEY,TRAINER_CLASS_SCIENTIST,,true,,,TRAINER_PIC_SCIENTIST,,diamondpearl_trainer_index=199; source=files/poketool/trainer/trdata.json; location_unpaired=true,8,5,
TRAINER_SCIENTIST_MICKEY_4,MICKEY,TRAINER_CLASS_SCIENTIST,,true,,,TRAINER_PIC_SCIENTIST,,diamondpearl_trainer_index=200; source=files/poketool/trainer/trdata.json; location_unpaired=true,8,5,
TRAINER_BUG_CATCHER_JACK,JACK,TRAINER_CLASS_BUG_CATCHER,184,,,,TRAINER_PIC_BUG_CATCHER,,diamondpearl_trainer_index=201; source=files/poketool/trainer/trdata.json; map_refs=D03R0101; matched_map=D03R0101,8,5,
TRAINER_BUG_CATCHER_PHILLIP,PHILLIP,TRAINER_CLASS_BUG_CATCHER,184,,,,TRAINER_PIC_BUG_CATCHER,,diamondpearl_trainer_index=202; source=files/poketool/trainer/trdata.json; map_refs=D03R0101; matched_map=D03R0101,8,5,
TRAINER_BUG_CATCHER_DONALD,DONALD,TRAINER_CLASS_BUG_CATCHER,184,,,,TRAINER_PIC_BUG_CATCHER,,diamondpearl_trainer_index=203; source=files/poketool/trainer/trdata.json; map_refs=D03R0101; matched_map=D03R0101,8,5,
TRAINER_LASS_BRIANA,BRIANA,TRAINER_CLASS_LASS,184,,,,TRAINER_PIC_LASS,,diamondpearl_trainer_index=204; source=files/poketool/trainer/trdata.json; map_refs=D03R0101; matched_map=D03R0101,8,5,
TRAINER_PSYCHIC_M_ELIJAH,ELIJAH,TRAINER_CLASS_PSYCHIC_M,184,,,,TRAINER_PIC_PSYCHIC_MALE,,diamondpearl_trainer_index=205; source=files/poketool/trainer/trdata.json; map_refs=D03R0101; matched_map=D03R0101,8,5,
TRAINER_PSYCHIC_F_LINDSEY,LINDSEY,TRAINER_CLASS_PSYCHIC_F,184,,,,TRAINER_PIC_PSYCHIC_FEMALE,,diamondpearl_trainer_index=206; source=files/poketool/trainer/trdata.json; map_refs=D03R0101; matched_map=D03R0101,8,5,
TRAINER_YOUNG_COUPLE_TARA_TIM_2,TARA & TIM,TRAINER_CLASS_YOUNG_COUPLE,,true,,,TRAINER_PIC_YOUNG_COUPLE,True,diamondpearl_trainer_index=207; source=files/poketool/trainer/trdata.json; location_unpaired=true,8,5,
TRAINER_WORKER_MICKEY_2,MICKEY,TRAINER_CLASS_WORKER,,true,,,TRAINER_PIC_WORKER,,diamondpearl_trainer_index=208; source=files/poketool/trainer/trdata.json; location_unpaired=true,8,5,
TRAINER_WORKER_MICKEY_3,MICKEY,TRAINER_CLASS_WORKER,,true,,,TRAINER_PIC_WORKER,,diamondpearl_trainer_index=209; source=files/poketool/trainer/trdata.json; location_unpaired=true,8,5,
TRAINER_WORKER_MICKEY_4,MICKEY,TRAINER_CLASS_WORKER,,true,,,TRAINER_PIC_WORKER,,diamondpearl_trainer_index=210; source=files/poketool/trainer/trdata.json; location_unpaired=true,8,5,
TRAINER_ACE_TRAINER_SNOW_M_MICKEY,MICKEY,TRAINER_CLASS_ACE_TRAINER_SNOW_M,,,,,TRAINER_PIC_ACE_TRAINER_SNOW_MALE,,diamondpearl_trainer_index=211; source=files/poketool/trainer/trdata.json; location_unpaired=true,8,5,
TRAINER_ACE_TRAINER_SNOW_M_MICKEY_2,MICKEY,TRAINER_CLASS_ACE_TRAINER_SNOW_M,,true,,,TRAINER_PIC_ACE_TRAINER_SNOW_MALE,,diamondpearl_trainer_index=212; source=files/poketool/trainer/trdata.json; location_unpaired=true,8,5,
TRAINER_ACE_TRAINER_SNOW_F_ANGELICA,ANGELICA,TRAINER_CLASS_ACE_TRAINER_SNOW_F,,,,,TRAINER_PIC_ACE_TRAINER_SNOW_FEMALE,,diamondpearl_trainer_index=213; source=files/poketool/trainer/trdata.json; location_unpaired=true,8,5,
TRAINER_ACE_TRAINER_SNOW_F_ANGELICA_2,ANGELICA,TRAINER_CLASS_ACE_TRAINER_SNOW_F,,true,,,TRAINER_PIC_ACE_TRAINER_SNOW_FEMALE,,diamondpearl_trainer_index=214; source=files/poketool/trainer/trdata.json; location_unpaired=true,8,5,
TRAINER_VETERAN_MICKEY_2,MICKEY,TRAINER_CLASS_VETERAN,,true,,,TRAINER_PIC_VETERAN,,diamondpearl_trainer_index=215; source=files/poketool/trainer/trdata.json; location_unpaired=true,8,5,
TRAINER_VETERAN_MICKEY_3,MICKEY,TRAINER_CLASS_VETERAN,,true,,,TRAINER_PIC_VETERAN,,diamondpearl_trainer_index=216; source=files/poketool/trainer/trdata.json; location_unpaired=true,8,5,
TRAINER_PSYCHIC_M_MICKEY,MICKEY,TRAINER_CLASS_PSYCHIC_M,,,,,TRAINER_PIC_PSYCHIC_MALE,,diamondpearl_trainer_index=217; source=files/poketool/trainer/trdata.json; location_unpaired=true,8,5,
TRAINER_PSYCHIC_F_ANGELICA,ANGELICA,TRAINER_CLASS_PSYCHIC_F,,,,,TRAINER_PIC_PSYCHIC_FEMALE,,diamondpearl_trainer_index=218; source=files/poketool/trainer/trdata.json; location_unpaired=true,8,5,
TRAINER_DRAGON_TAMER_MICKEY,MICKEY,TRAINER_CLASS_DRAGON_TAMER,,,,,TRAINER_PIC_DRAGON_TAMER,,diamondpearl_trainer_index=219; source=files/poketool/trainer/trdata.json; location_unpaired=true,8,5,
TRAINER_SAILOR_MICKEY,MICKEY,TRAINER_CLASS_SAILOR,,,,,TRAINER_PIC_SAILOR,,diamondpearl_trainer_index=220; source=files/poketool/trainer/trdata.json; location_unpaired=true,8,5,
TRAINER_SCHOOL_KID_M_MICKEY,MICKEY,TRAINER_CLASS_SCHOOL_KID_M,,,,,TRAINER_PIC_SCHOOL_KID_MALE,,diamondpearl_trainer_index=221; source=files/poketool/trainer/trdata.json; location_unpaired=true,8,5,
TRAINER_SCHOOL_KID_F_ANGELICA,ANGELICA,TRAINER_CLASS_SCHOOL_KID_F,,,,,TRAINER_PIC_SCHOOL_KID_FEMALE,,diamondpearl_trainer_index=222; source=files/poketool/trainer/trdata.json; location_unpaired=true,8,5,
TRAINER_YOUNG_COUPLE_TARA_TIM_3,TARA & TIM,TRAINER_CLASS_YOUNG_COUPLE,,true,,,TRAINER_PIC_YOUNG_COUPLE,True,diamondpearl_trainer_index=223; source=files/poketool/trainer/trdata.json; location_unpaired=true,8,5,
TRAINER_ACE_TRAINER_M_OMAR,OMAR,TRAINER_CLASS_ACE_TRAINER_M,48,,,,TRAINER_PIC_ACE_TRAINER_MALE,,diamondpearl_trainer_index=224; source=files/poketool/trainer/trdata.json; map_refs=D09R0102; matched_map=D09R0102,8,5,
TRAINER_ACE_TRAINER_M_HENRY,HENRY,TRAINER_CLASS_ACE_TRAINER_M,48,,,,TRAINER_PIC_ACE_TRAINER_MALE,,diamondpearl_trainer_index=225; source=files/poketool/trainer/trdata.json; map_refs=D09R0103; matched_map=D09R0103,8,5,
TRAINER_ACE_TRAINER_F_MARIAH,MARIAH,TRAINER_CLASS_ACE_TRAINER_F,48,,,,TRAINER_PIC_ACE_TRAINER_FEMALE,,diamondpearl_trainer_index=226; source=files/poketool/trainer/trdata.json; map_refs=D09R0101; matched_map=D09R0101,8,5,
TRAINER_ACE_TRAINER_F_SYDNEY,SYDNEY,TRAINER_CLASS_ACE_TRAINER_F,48,,,,TRAINER_PIC_ACE_TRAINER_FEMALE,,diamondpearl_trainer_index=227; source=files/poketool/trainer/trdata.json; map_refs=D09R0102; matched_map=D09R0102,8,5,
TRAINER_VETERAN_EDGAR,EDGAR,TRAINER_CLASS_VETERAN,48,,,,TRAINER_PIC_VETERAN,,diamondpearl_trainer_index=228; source=files/poketool/trainer/trdata.json; map_refs=D09R0101; matched_map=D09R0101,8,5,
TRAINER_VETERAN_CLAYTON,CLAYTON,TRAINER_CLASS_VETERAN,48,,,,TRAINER_PIC_VETERAN,,diamondpearl_trainer_index=229; source=files/poketool/trainer/trdata.json; map_refs=D09R0102; matched_map=D09R0102,8,5,
TRAINER_DRAGON_TAMER_ONDREJ,ONDREJ,TRAINER_CLASS_DRAGON_TAMER,48,,,,TRAINER_PIC_DRAGON_TAMER,,diamondpearl_trainer_index=230; source=files/poketool/trainer/trdata.json; map_refs=D09R0103; matched_map=D09R0103,8,5,
TRAINER_DRAGON_TAMER_CLINTON,CLINTON,TRAINER_CLASS_DRAGON_TAMER,48,,,,TRAINER_PIC_DRAGON_TAMER,,diamondpearl_trainer_index=231; source=files/poketool/trainer/trdata.json; map_refs=D09R0101; matched_map=D09R0101,8,5,
TRAINER_BLACK_BELT_DAVID,DAVID,TRAINER_CLASS_BLACK_BELT,215,,,,TRAINER_PIC_BLACK_BELT,,diamondpearl_trainer_index=232; source=files/poketool/trainer/trdata.json; map_refs=C02GYM0101; matched_map=C02GYM0101,8,5,
TRAINER_BIRD_KEEPER_HANA,HANA,TRAINER_CLASS_BIRD_KEEPER,48,,,,TRAINER_PIC_BIRD_KEEPER,,diamondpearl_trainer_index=233; source=files/poketool/trainer/trdata.json; map_refs=D09R0101; matched_map=D09R0101,8,5,
TRAINER_PSYCHIC_M_BRYCE,BRYCE,TRAINER_CLASS_PSYCHIC_M,48,,,,TRAINER_PIC_PSYCHIC_MALE,,diamondpearl_trainer_index=234; source=files/poketool/trainer/trdata.json; map_refs=D09R0101; matched_map=D09R0101,8,5,
TRAINER_PSYCHIC_F_VALENCIA,VALENCIA,TRAINER_CLASS_PSYCHIC_F,48,,,,TRAINER_PIC_PSYCHIC_FEMALE,,diamondpearl_trainer_index=235; source=files/poketool/trainer/trdata.json; map_refs=D09R0103; matched_map=D09R0103,8,5,
TRAINER_DOUBLE_TEAM_JO_PAT,JO & PAT,TRAINER_CLASS_DOUBLE_TEAM,48,,,,TRAINER_PIC_DOUBLE_TEAM,True,diamondpearl_trainer_index=236; source=files/poketool/trainer/trdata.json; map_refs=D09R0103; matched_map=D09R0103,8,5,
TRAINER_DOUBLE_TEAM_AL_KAY,AL & KAY,TRAINER_CLASS_DOUBLE_TEAM,48,,,,TRAINER_PIC_DOUBLE_TEAM,True,diamondpearl_trainer_index=237; source=files/poketool/trainer/trdata.json; map_refs=D09R0102; matched_map=D09R0102,8,5,
TRAINER_YOUNGSTER_MICKEY_5,MICKEY,TRAINER_CLASS_YOUNGSTER,,true,,,TRAINER_PIC_YOUNGSTER,,diamondpearl_trainer_index=238; source=files/poketool/trainer/trdata.json; location_unpaired=true,8,5,
TRAINER_LASS_ANGELICA,ANGELICA,TRAINER_CLASS_LASS,,,,,TRAINER_PIC_LASS,,diamondpearl_trainer_index=239; source=files/poketool/trainer/trdata.json; location_unpaired=true,8,5,
TRAINER_VETERAN_GRANT,GRANT,TRAINER_CLASS_VETERAN,175,,,,TRAINER_PIC_VETERAN,,diamondpearl_trainer_index=240; source=files/poketool/trainer/trdata.json; map_refs=D14R0102; matched_map=D14R0102,8,5,
TRAINER_FISHERMAN_MICKEY_2,MICKEY,TRAINER_CLASS_FISHERMAN,,true,,,TRAINER_PIC_FISHERMAN,,diamondpearl_trainer_index=241; source=files/poketool/trainer/trdata.json; location_unpaired=true,8,5,
TRAINER_SAILOR_MICKEY_2,MICKEY,TRAINER_CLASS_SAILOR,,true,,,TRAINER_PIC_SAILOR,,diamondpearl_trainer_index=242; source=files/poketool/trainer/trdata.json; location_unpaired=true,8,5,
TRAINER_BEAUTY_ANGELICA_4,ANGELICA,TRAINER_CLASS_BEAUTY,,true,,,TRAINER_PIC_BEAUTY,,diamondpearl_trainer_index=243; source=files/poketool/trainer/trdata.json; location_unpaired=true,8,5,
TRAINER_YOUNGSTER_JONATHON,JONATHON,TRAINER_CLASS_YOUNGSTER,175,,,,TRAINER_PIC_YOUNGSTER,,diamondpearl_trainer_index=244; source=files/poketool/trainer/trdata.json; map_refs=C03GYM0101; matched_map=C03GYM0101,8,5,
TRAINER_YOUNGSTER_DARIUS,DARIUS,TRAINER_CLASS_YOUNGSTER,175,,,,TRAINER_PIC_YOUNGSTER,,diamondpearl_trainer_index=245; source=files/poketool/trainer/trdata.json; map_refs=C03GYM0101; matched_map=C03GYM0101,8,5,
TRAINER_LEADER_ROARK_ROARK,ROARK,TRAINER_CLASS_LEADER_ROARK,,,,"ITEM_POTION,ITEM_POTION",TRAINER_PIC_LEADER_ROARK,,diamondpearl_trainer_index=246; source=files/poketool/trainer/trdata.json; location_unpaired=true,8,5,
TRAINER_PKMN_TRAINER_BARRY_CEDRIC,CEDRIC,TRAINER_CLASS_PKMN_TRAINER_BARRY,,,,,TRAINER_PIC_RIVAL,,diamondpearl_trainer_index=247; source=files/poketool/trainer/trdata.json; location_unpaired=true,8,5,
TRAINER_PKMN_TRAINER_BARRY_CEDRIC_2,CEDRIC,TRAINER_CLASS_PKMN_TRAINER_BARRY,,true,,,TRAINER_PIC_RIVAL,,diamondpearl_trainer_index=248; source=files/poketool/trainer/trdata.json; location_unpaired=true,8,5,
TRAINER_PKMN_TRAINER_BARRY_CEDRIC_3,CEDRIC,TRAINER_CLASS_PKMN_TRAINER_BARRY,,true,,,TRAINER_PIC_RIVAL,,diamondpearl_trainer_index=249; source=files/poketool/trainer/trdata.json; location_unpaired=true,8,5,
TRAINER_LEADER_BYRON_BYRON,BYRON,TRAINER_CLASS_LEADER_BYRON,,,,"ITEM_HYPER_POTION,ITEM_FULL_RESTORE",TRAINER_PIC_LEADER_BYRON,,diamondpearl_trainer_index=250; source=files/poketool/trainer/trdata.json; location_unpaired=true,8,5,
TRAINER_ACE_TRAINER_F_ANGELICA_2,ANGELICA,TRAINER_CLASS_ACE_TRAINER_F,,true,,,TRAINER_PIC_ACE_TRAINER_FEMALE,,diamondpearl_trainer_index=251; source=files/poketool/trainer/trdata.json; location_unpaired=true,8,5,
TRAINER_CAMPER_MICKEY_4,MICKEY,TRAINER_CLASS_CAMPER,,true,,,TRAINER_PIC_CAMPER,,diamondpearl_trainer_index=252; source=files/poketool/trainer/trdata.json; location_unpaired=true,8,5,
TRAINER_CAMPER_MICKEY_5,MICKEY,TRAINER_CLASS_CAMPER,,true,,,TRAINER_PIC_CAMPER,,diamondpearl_trainer_index=253; source=files/poketool/trainer/trdata.json; location_unpaired=true,8,5,
TRAINER_CAMPER_MICKEY_6,MICKEY,TRAINER_CLASS_CAMPER,,true,,,TRAINER_PIC_CAMPER,,diamondpearl_trainer_index=254; source=files/poketool/trainer/trdata.json; location_unpaired=true,8,5,
TRAINER_CAMPER_MICKEY_7,MICKEY,TRAINER_CLASS_CAMPER,,true,,,TRAINER_PIC_CAMPER,,diamondpearl_trainer_index=255; source=files/poketool/trainer/trdata.json; location_unpaired=true,8,5,
TRAINER_WORKER_JACKSON,JACKSON,TRAINER_CLASS_WORKER,215,,,,TRAINER_PIC_WORKER,,diamondpearl_trainer_index=256; source=files/poketool/trainer/trdata.json; map_refs=C02GYM0101; matched_map=C02GYM0101,8,5,
TRAINER_WORKER_GARY,GARY,TRAINER_CLASS_WORKER,215,,,,TRAINER_PIC_WORKER,,diamondpearl_trainer_index=257; source=files/poketool/trainer/trdata.json; map_refs=C02GYM0101; matched_map=C02GYM0101,8,5,
TRAINER_BLACK_BELT_PHILIP,PHILIP,TRAINER_CLASS_BLACK_BELT,218,,,,TRAINER_PIC_BLACK_BELT,,diamondpearl_trainer_index=258; source=files/poketool/trainer/trdata.json; map_refs=R216; matched_map=R216,8,5,
TRAINER_AROMA_LADY_JENNA,JENNA,TRAINER_CLASS_AROMA_LADY,,,,,TRAINER_PIC_AROMA_LADY,,diamondpearl_trainer_index=259; source=files/poketool/trainer/trdata.json; location_unpaired=true,8,5,
TRAINER_AROMA_LADY_ANGELA,ANGELA,TRAINER_CLASS_AROMA_LADY,,,,,TRAINER_PIC_AROMA_LADY,,diamondpearl_trainer_index=260; source=files/poketool/trainer/trdata.json; location_unpaired=true,8,5,
TRAINER_ELITE_FOUR_AARON_AARON,AARON,TRAINER_CLASS_ELITE_FOUR_AARON,,,,"ITEM_FULL_RESTORE,ITEM_FULL_RESTORE",TRAINER_PIC_ELITE_FOUR_AARON,,diamondpearl_trainer_index=261; source=files/poketool/trainer/trdata.json; location_unpaired=true,8,5,
TRAINER_ELITE_FOUR_BERTHA_BERTHA,BERTHA,TRAINER_CLASS_ELITE_FOUR_BERTHA,,,,"ITEM_FULL_RESTORE,ITEM_FULL_RESTORE",TRAINER_PIC_ELITE_FOUR_BERTHA,,diamondpearl_trainer_index=262; source=files/poketool/trainer/trdata.json; location_unpaired=true,8,5,
TRAINER_ELITE_FOUR_FLINT_FLINT,FLINT,TRAINER_CLASS_ELITE_FOUR_FLINT,,,,"ITEM_FULL_RESTORE,ITEM_FULL_RESTORE",TRAINER_PIC_ELITE_FOUR_FLINT,,diamondpearl_trainer_index=263; source=files/poketool/trainer/trdata.json; location_unpaired=true,8,5,
TRAINER_ELITE_FOUR_LUCIEN_LUCIAN,LUCIAN,TRAINER_CLASS_ELITE_FOUR_LUCIEN,,,,"ITEM_FULL_RESTORE,ITEM_FULL_RESTORE",TRAINER_PIC_ELITE_FOUR_LUCIAN,,diamondpearl_trainer_index=264; source=files/poketool/trainer/trdata.json; location_unpaired=true,8,5,
TRAINER_CAMPER_CURTIS,CURTIS,TRAINER_CLASS_CAMPER,175,,,,TRAINER_PIC_CAMPER,,diamondpearl_trainer_index=265; source=files/poketool/trainer/trdata.json; map_refs=D14R0101; matched_map=D14R0101,8,5,
TRAINER_CAMPER_DREW,DREW,TRAINER_CLASS_CAMPER,191,,,,TRAINER_PIC_CAMPER,,diamondpearl_trainer_index=266; source=files/poketool/trainer/trdata.json; map_refs=C05GYM0105; matched_map=C05GYM0105,8,5,
TRAINER_CHAMPION_CYNTHIA,CYNTHIA,TRAINER_CLASS_CHAMPION,,,,"ITEM_FULL_RESTORE,ITEM_FULL_RESTORE,ITEM_FULL_RESTORE,ITEM_FULL_RESTORE",TRAINER_PIC_CHAMPION_CYNTHIA,,diamondpearl_trainer_index=267; source=files/poketool/trainer/trdata.json; location_unpaired=true,8,5,
TRAINER_ACE_TRAINER_SNOW_M_SERGIO,SERGIO,TRAINER_CLASS_ACE_TRAINER_SNOW_M,222,,,,TRAINER_PIC_ACE_TRAINER_SNOW_MALE,,diamondpearl_trainer_index=268; source=files/poketool/trainer/trdata.json; map_refs=C09GYM0101; matched_map=C09GYM0101,8,5,
TRAINER_ACE_TRAINER_SNOW_M_ISAIAH,ISAIAH,TRAINER_CLASS_ACE_TRAINER_SNOW_M,222,,,,TRAINER_PIC_ACE_TRAINER_SNOW_MALE,,diamondpearl_trainer_index=269; source=files/poketool/trainer/trdata.json; map_refs=C09GYM0101; matched_map=C09GYM0101,8,5,
TRAINER_ACE_TRAINER_SNOW_F_SAVANNAH,SAVANNAH,TRAINER_CLASS_ACE_TRAINER_SNOW_F,222,,,,TRAINER_PIC_ACE_TRAINER_SNOW_FEMALE,,diamondpearl_trainer_index=270; source=files/poketool/trainer/trdata.json; map_refs=C09GYM0101; matched_map=C09GYM0101,8,5,
TRAINER_ACE_TRAINER_SNOW_F_ALICIA,ALICIA,TRAINER_CLASS_ACE_TRAINER_SNOW_F,222,,,,TRAINER_PIC_ACE_TRAINER_SNOW_FEMALE,,diamondpearl_trainer_index=271; source=files/poketool/trainer/trdata.json; map_refs=C09GYM0101; matched_map=C09GYM0101,8,5,
TRAINER_COLLECTOR_DOUGLAS,DOUGLAS,TRAINER_CLASS_COLLECTOR,205,,,,TRAINER_PIC_COLLECTOR,,diamondpearl_trainer_index=272; source=files/poketool/trainer/trdata.json; map_refs=R214; matched_map=R214,8,5,
TRAINER_COLLECTOR_BRADY,BRADY,TRAINER_CLASS_COLLECTOR,205,,,,TRAINER_PIC_COLLECTOR,,diamondpearl_trainer_index=273; source=files/poketool/trainer/trdata.json; map_refs=R214; matched_map=R214,8,5,
TRAINER_COLLECTOR_IVAN,IVAN,TRAINER_CLASS_COLLECTOR,213,,,,TRAINER_PIC_COLLECTOR,,diamondpearl_trainer_index=274; source=files/poketool/trainer/trdata.json; map_refs=R221; matched_map=R221,8,5,
TRAINER_COLLECTOR_FERNANDO,FERNANDO,TRAINER_CLASS_COLLECTOR,195,,,,TRAINER_PIC_COLLECTOR,,diamondpearl_trainer_index=275; source=files/poketool/trainer/trdata.json; map_refs=R210AR0101; matched_map=R210AR0101,8,5,
TRAINER_COLLECTOR_EDWIN,EDWIN,TRAINER_CLASS_COLLECTOR,195,,,,TRAINER_PIC_COLLECTOR,,diamondpearl_trainer_index=276; source=files/poketool/trainer/trdata.json; map_refs=R210AR0101; matched_map=R210AR0101,8,5,
TRAINER_DRAGON_TAMER_HAYDEN,HAYDEN,TRAINER_CLASS_DRAGON_TAMER,,,,,TRAINER_PIC_DRAGON_TAMER,,diamondpearl_trainer_index=277; source=files/poketool/trainer/trdata.json; map_refs=R224; location_unpaired=true,8,5,
TRAINER_ACE_TRAINER_M_DENNIS,DENNIS,TRAINER_CLASS_ACE_TRAINER_M,196,,,,TRAINER_PIC_ACE_TRAINER_MALE,,diamondpearl_trainer_index=278; source=files/poketool/trainer/trdata.json; map_refs=R215; matched_map=R215,8,5,
TRAINER_ACE_TRAINER_M_CESAR,CESAR,TRAINER_CLASS_ACE_TRAINER_M,215,,,,TRAINER_PIC_ACE_TRAINER_MALE,,diamondpearl_trainer_index=279; source=files/poketool/trainer/trdata.json; map_refs=C02GYM0101; matched_map=C02GYM0101,8,5,
TRAINER_ACE_TRAINER_M_ALLEN,ALLEN,TRAINER_CLASS_ACE_TRAINER_M,191,,,,TRAINER_PIC_ACE_TRAINER_MALE,,diamondpearl_trainer_index=280; source=files/poketool/trainer/trdata.json; map_refs=C05GYM0111; matched_map=C05GYM0111,8,5,
TRAINER_ACE_TRAINER_M_ZACHERY,ZACHERY,TRAINER_CLASS_ACE_TRAINER_M,224,,,,TRAINER_PIC_ACE_TRAINER_MALE,,diamondpearl_trainer_index=281; source=files/poketool/trainer/trdata.json; map_refs=C08GYM0103; matched_map=C08GYM0103,8,5,
TRAINER_ACE_TRAINER_M_RUBEN,RUBEN,TRAINER_CLASS_ACE_TRAINER_M,,,,,TRAINER_PIC_ACE_TRAINER_MALE,,diamondpearl_trainer_index=282; source=files/poketool/trainer/trdata.json; map_refs=R224; location_unpaired=true,8,5,
TRAINER_ACE_TRAINER_F_BREANNA,BREANNA,TRAINER_CLASS_ACE_TRAINER_F,215,,,,TRAINER_PIC_ACE_TRAINER_FEMALE,,diamondpearl_trainer_index=283; source=files/poketool/trainer/trdata.json; map_refs=C02GYM0101; matched_map=C02GYM0101,8,5,
TRAINER_ACE_TRAINER_F_CATHERINE,CATHERINE,TRAINER_CLASS_ACE_TRAINER_F,191,,,,TRAINER_PIC_ACE_TRAINER_FEMALE,,diamondpearl_trainer_index=284; source=files/poketool/trainer/trdata.json; map_refs=C05GYM0112; matched_map=C05GYM0112,8,5,
TRAINER_ACE_TRAINER_F_DESTINY,DESTINY,TRAINER_CLASS_ACE_TRAINER_F,224,,,,TRAINER_PIC_ACE_TRAINER_FEMALE,,diamondpearl_trainer_index=285; source=files/poketool/trainer/trdata.json; map_refs=C08GYM0103; matched_map=C08GYM0103,8,5,
TRAINER_ACE_TRAINER_F_JAMIE,JAMIE,TRAINER_CLASS_ACE_TRAINER_F,,,,,TRAINER_PIC_ACE_TRAINER_FEMALE,,diamondpearl_trainer_index=286; source=files/poketool/trainer/trdata.json; map_refs=R224; location_unpaired=true,8,5,
TRAINER_ACE_TRAINER_F_MAYA,MAYA,TRAINER_CLASS_ACE_TRAINER_F,196,,,,TRAINER_PIC_ACE_TRAINER_FEMALE,,diamondpearl_trainer_index=287; source=files/poketool/trainer/trdata.json; map_refs=R215; matched_map=R215,8,5,
TRAINER_PSYCHIC_M_MAXWELL,MAXWELL,TRAINER_CLASS_PSYCHIC_M,,,,,TRAINER_PIC_PSYCHIC_MALE,,diamondpearl_trainer_index=288; source=files/poketool/trainer/trdata.json; map_refs=R224; location_unpaired=true,8,5,
TRAINER_PSYCHIC_F_BRITTNEY,BRITTNEY,TRAINER_CLASS_PSYCHIC_F,,,,,TRAINER_PIC_PSYCHIC_FEMALE,,diamondpearl_trainer_index=289; source=files/poketool/trainer/trdata.json; map_refs=R224; location_unpaired=true,8,5,
TRAINER_BELLE__PA_AVA_MATT,AVA & MATT,TRAINER_CLASS_BELLE__PA,195,,,,TRAINER_PIC_BELLE_AND_PA,True,diamondpearl_trainer_index=290; source=files/poketool/trainer/trdata.json; map_refs=R210A; matched_map=R210A,8,5,
TRAINER_RANCHER_MICKEY,MICKEY,TRAINER_CLASS_RANCHER,,,,,TRAINER_PIC_RANCHER,,diamondpearl_trainer_index=291; source=files/poketool/trainer/trdata.json; location_unpaired=true,8,5,
TRAINER_RANCHER_MARCO,MARCO,TRAINER_CLASS_RANCHER,195,,,,TRAINER_PIC_RANCHER,,diamondpearl_trainer_index=292; source=files/poketool/trainer/trdata.json; map_refs=R210A; matched_map=R210A,8,5,
TRAINER_FISHERMAN_ERICK,ERICK,TRAINER_CLASS_FISHERMAN,199,,,,TRAINER_PIC_FISHERMAN,,diamondpearl_trainer_index=293; source=files/poketool/trainer/trdata.json; map_refs=C06GYM0101; matched_map=C06GYM0101,8,5,
TRAINER_TWINS_EMMA_LIL,EMMA & LIL,TRAINER_CLASS_TWINS,192,,,,TRAINER_PIC_TWINS,True,diamondpearl_trainer_index=294; source=files/poketool/trainer/trdata.json; map_refs=R209; matched_map=R209,8,5,
TRAINER_COMMANDER_MARS_MARS,MARS,TRAINER_CLASS_COMMANDER_MARS,,,,,TRAINER_PIC_COMMANDER_MARS,,diamondpearl_trainer_index=295; source=files/poketool/trainer/trdata.json; location_unpaired=true,8,5,
TRAINER_GALACTIC_GRUNT,GRUNT,TRAINER_CLASS_GALACTIC,,,,,TRAINER_PIC_GALACTIC_GRUNT_MALE,,diamondpearl_trainer_index=296; source=files/poketool/trainer/trdata.json; location_unpaired=true,8,5,
TRAINER_GALACTIC_GRUNT_2,GRUNT,TRAINER_CLASS_GALACTIC,,true,,,TRAINER_PIC_GALACTIC_GRUNT_MALE,,diamondpearl_trainer_index=297; source=files/poketool/trainer/trdata.json; location_unpaired=true,8,5,
TRAINER_GALACTIC_GRUNT_3,GRUNT,TRAINER_CLASS_GALACTIC,183,true,,,TRAINER_PIC_GALACTIC_GRUNT_MALE,,diamondpearl_trainer_index=298; source=files/poketool/trainer/trdata.json; map_refs=D02R0101; matched_map=D02R0101,8,5,
TRAINER_GALACTIC_GRUNT_4,GRUNT,TRAINER_CLASS_GALACTIC,183,true,,,TRAINER_PIC_GALACTIC_GRUNT_MALE,,diamondpearl_trainer_index=299; source=files/poketool/trainer/trdata.json; map_refs=D02R0101; matched_map=D02R0101,8,5,
TRAINER_GUITARIST_TONY,TONY,TRAINER_CLASS_GUITARIST,214,,,,TRAINER_PIC_GUITARIST,,diamondpearl_trainer_index=300; source=files/poketool/trainer/trdata.json; map_refs=R218; matched_map=R218,8,5,
TRAINER_GUITARIST_JERRY,JERRY,TRAINER_CLASS_GUITARIST,224,,,,TRAINER_PIC_GUITARIST,,diamondpearl_trainer_index=301; source=files/poketool/trainer/trdata.json; map_refs=C08GYM0102; matched_map=C08GYM0102,8,5,
TRAINER_GUITARIST_PRESTON,PRESTON,TRAINER_CLASS_GUITARIST,224,,,,TRAINER_PIC_GUITARIST,,diamondpearl_trainer_index=302; source=files/poketool/trainer/trdata.json; map_refs=C08GYM0103; matched_map=C08GYM0103,8,5,
TRAINER_GUITARIST_LONNIE,LONNIE,TRAINER_CLASS_GUITARIST,224,,,,TRAINER_PIC_GUITARIST,,diamondpearl_trainer_index=303; source=files/poketool/trainer/trdata.json; map_refs=C08GYM0103; matched_map=C08GYM0103,8,5,
TRAINER_RUIN_MANIAC_CALVIN,CALVIN,TRAINER_CLASS_RUIN_MANIAC,196,,,,TRAINER_PIC_RUIN_MANIAC,,diamondpearl_trainer_index=304; source=files/poketool/trainer/trdata.json; map_refs=R215; matched_map=R215,8,5,
TRAINER_RUIN_MANIAC_LARRY,LARRY,TRAINER_CLASS_RUIN_MANIAC,,,,,TRAINER_PIC_RUIN_MANIAC,,diamondpearl_trainer_index=305; source=files/poketool/trainer/trdata.json; map_refs=R224; location_unpaired=true,8,5,
TRAINER_JOGGER_WYATT,WYATT,TRAINER_CLASS_JOGGER,195,,,,TRAINER_PIC_JOGGER,,diamondpearl_trainer_index=306; source=files/poketool/trainer/trdata.json; map_refs=R210A; matched_map=R210A,8,5,
TRAINER_JOGGER_CRAIG,CRAIG,TRAINER_CLASS_JOGGER,196,,,,TRAINER_PIC_JOGGER,,diamondpearl_trainer_index=307; source=files/poketool/trainer/trdata.json; map_refs=R215; matched_map=R215,8,5,
TRAINER_JOGGER_RAUL,RAUL,TRAINER_CLASS_JOGGER,192,,,,TRAINER_PIC_JOGGER,,diamondpearl_trainer_index=308; source=files/poketool/trainer/trdata.json; map_refs=R209; matched_map=R209,8,5,
TRAINER_BLACK_BELT_COLBY,COLBY,TRAINER_CLASS_BLACK_BELT,197,,,,TRAINER_PIC_BLACK_BELT,,diamondpearl_trainer_index=309; source=files/poketool/trainer/trdata.json; map_refs=C07GYM0101; matched_map=C07GYM0101,8,5,
TRAINER_BLACK_BELT_DARREN,DARREN,TRAINER_CLASS_BLACK_BELT,197,,,,TRAINER_PIC_BLACK_BELT,,diamondpearl_trainer_index=310; source=files/poketool/trainer/trdata.json; map_refs=C07GYM0101; matched_map=C07GYM0101,8,5,
TRAINER_BLACK_BELT_RAFAEL,RAFAEL,TRAINER_CLASS_BLACK_BELT,197,,,,TRAINER_PIC_BLACK_BELT,,diamondpearl_trainer_index=311; source=files/poketool/trainer/trdata.json; map_refs=C07GYM0101; matched_map=C07GYM0101,8,5,
TRAINER_BLACK_BELT_JEFFERY,JEFFERY,TRAINER_CLASS_BLACK_BELT,197,,,,TRAINER_PIC_BLACK_BELT,,diamondpearl_trainer_index=312; source=files/poketool/trainer/trdata.json; map_refs=C07GYM0101; matched_map=C07GYM0101,8,5,
TRAINER_BLACK_BELT_CARL,CARL,TRAINER_CLASS_BLACK_BELT,,,,,TRAINER_PIC_BLACK_BELT,,diamondpearl_trainer_index=313; source=files/poketool/trainer/trdata.json; map_refs=R224; location_unpaired=true,8,5,
TRAINER_BLACK_BELT_RICKY,RICKY,TRAINER_CLASS_BLACK_BELT,215,,,,TRAINER_PIC_BLACK_BELT,,diamondpearl_trainer_index=314; source=files/poketool/trainer/trdata.json; map_refs=C02GYM0101; matched_map=C02GYM0101,8,5,
TRAINER_LEADER_GARDENIA_GARDENIA,GARDENIA,TRAINER_CLASS_LEADER_GARDENIA,,,,"ITEM_SUPER_POTION,ITEM_SUPER_POTION",TRAINER_PIC_LEADER_GARDENIA,,diamondpearl_trainer_index=315; source=files/poketool/trainer/trdata.json; location_unpaired=true,8,5,
TRAINER_LEADER_WAKE_WAKE,WAKE,TRAINER_CLASS_LEADER_WAKE,,,,"ITEM_SUPER_POTION,ITEM_SUPER_POTION",TRAINER_PIC_LEADER_WAKE,,diamondpearl_trainer_index=316; source=files/poketool/trainer/trdata.json; location_unpaired=true,8,5,
TRAINER_LEADER_MAYLENE_MAYLENE,MAYLENE,TRAINER_CLASS_LEADER_MAYLENE,,,,"ITEM_HYPER_POTION,ITEM_HYPER_POTION",TRAINER_PIC_LEADER_MAYLENE,,diamondpearl_trainer_index=317; source=files/poketool/trainer/trdata.json; location_unpaired=true,8,5,
TRAINER_LEADER_FANTINA_FANTINA,FANTINA,TRAINER_CLASS_LEADER_FANTINA,,,,"ITEM_HYPER_POTION,ITEM_HYPER_POTION",TRAINER_PIC_LEADER_FANTINA,,diamondpearl_trainer_index=318; source=files/poketool/trainer/trdata.json; location_unpaired=true,8,5,
TRAINER_LEADER_CANDICE_CANDICE,CANDICE,TRAINER_CLASS_LEADER_CANDICE,,,,"ITEM_HYPER_POTION,ITEM_FULL_RESTORE",TRAINER_PIC_LEADER_CANDICE,,diamondpearl_trainer_index=319; source=files/poketool/trainer/trdata.json; location_unpaired=true,8,5,
TRAINER_LEADER_VOLKNER_VOLKNER,VOLKNER,TRAINER_CLASS_LEADER_VOLKNER,,,,"ITEM_HYPER_POTION,ITEM_FULL_RESTORE",TRAINER_PIC_LEADER_VOLKNER,,diamondpearl_trainer_index=320; source=files/poketool/trainer/trdata.json; location_unpaired=true,8,5,
TRAINER_LASS_ANGELICA_2,ANGELICA,TRAINER_CLASS_LASS,,true,,,TRAINER_PIC_LASS,,diamondpearl_trainer_index=321; source=files/poketool/trainer/trdata.json; location_unpaired=true,8,5,
TRAINER_LASS_MADELINE,MADELINE,TRAINER_CLASS_LASS,174,,,,TRAINER_PIC_LASS,,diamondpearl_trainer_index=322; source=files/poketool/trainer/trdata.json; map_refs=R203; matched_map=R203,8,5,
TRAINER_LASS_KAITLIN,KAITLIN,TRAINER_CLASS_LASS,174,,,,TRAINER_PIC_LASS,,diamondpearl_trainer_index=323; source=files/poketool/trainer/trdata.json; map_refs=R203; matched_map=R203,8,5,
TRAINER_LASS_CAROLINE,CAROLINE,TRAINER_CLASS_LASS,,,,,TRAINER_PIC_LASS,,diamondpearl_trainer_index=324; source=files/poketool/trainer/trdata.json; location_unpaired=true,8,5,
TRAINER_LASS_MOLLY,MOLLY,TRAINER_CLASS_LASS,191,,,,TRAINER_PIC_LASS,,diamondpearl_trainer_index=325; source=files/poketool/trainer/trdata.json; map_refs=C05GYM0103; matched_map=C05GYM0103,8,5,
TRAINER_HIKER_LOUIS,LOUIS,TRAINER_CLASS_HIKER,217,,,,TRAINER_PIC_HIKER,,diamondpearl_trainer_index=326; source=files/poketool/trainer/trdata.json; map_refs=R211A; matched_map=R211A,8,5,
TRAINER_PARASOL_LADY_ALEXA,ALEXA,TRAINER_CLASS_PARASOL_LADY,201,,,,TRAINER_PIC_PARASOL_LADY,,diamondpearl_trainer_index=327; source=files/poketool/trainer/trdata.json; map_refs=R212B; matched_map=R212B,8,5,
TRAINER_PARASOL_LADY_SABRINA,SABRINA,TRAINER_CLASS_PARASOL_LADY,201,,,,TRAINER_PIC_PARASOL_LADY,,diamondpearl_trainer_index=328; source=files/poketool/trainer/trdata.json; map_refs=R212B; matched_map=R212B,8,5,
TRAINER_PICNICKER_DIANA,DIANA,TRAINER_CLASS_PICNICKER,187,,,,TRAINER_PIC_PICNICKER,,diamondpearl_trainer_index=329; source=files/poketool/trainer/trdata.json; map_refs=C01|C01R0201|C01R0202|C01R0203|C01R0204|C01R0205|C01R0206|C01R0207|C01R0302|C01R0501|C01R0504|C01R0601|C01R0802|C02|C02R0102|C03|C03R0104|C03R0203|C03R0401|C04|C04GYM0102|C04R0101|C04R0303|C05|C05FS0101|C05GYM0101|C05GYM0104|C05GYM0106|C05GYM0108|C05R0201|C05R0301|C05R0801|C05R1001|C05R1101|C05R1102|C05R1103|C05R1201|C06|C06GYM0101|C06R0102|C07|C07GYM0101|C07R0101|C07R0201|C07R0202|C07R0203|C07R0204|C07R0205|C07R0301|C07R0801|C08|C08GYM0101|C08GYM0102|C08GYM0103|C08R0201|C09GYM0101|C09R0101|C11|D01R0101|D03R0101|D04|D04R0101|D05R0101|D05R0102|D05R0103|D05R0104|D05R0105|D05R0108|D05R0110|D05R0112|D05R0113|D05R0114|D09R0101|D09R0102|D09R0103|D09R0104|D11R0101|D12R0101|D13R0101|D14R0101|D14R0102|D16R0101|D16R0102|D17R0101|D17R0104|D17R0105|D17R0106|D17R0107|D17R0108|D17R0109|D17R0110|D17R0111|D17R0112|D17R0113|D17R0114|D17R0115|D17R0116|D17R0117|D17R0118|D17R0119|D17R0120|D17R0121|D17R0122|D20R0101|D20R0102|D21R0101|D24R0102|D24R0105|D25R0108|D26R0101|D26R0102|D26R0103|D26R0107|D26R0108|D27R0103|D28R0101|D30R0101|D31|D31R0101|D31R0201|D31R0207|L02|L02R0101|L02R0201|MAP_JUBLIFE_POKECENTER|MAP_SANDGEM_POKECENTER|R204B|R205A|R206|R207|R208|R209|R209R0103|R209R0104|R210A|R210B|R211B|R212A|R212AR0101|R212B|R212BR0101|R213|R214|R215|R216|R217|R218|R221|R221R0101|R222|R224|R225|R228|R229|T02|T03|T03FS0101|T03R0101|T07|T07R0101|T07R0201|UG|UNION|W223|W230; matched_map=R206,8,5,
TRAINER_PICNICKER_CHEYENNE,CHEYENNE,TRAINER_CLASS_PICNICKER,191,,,,TRAINER_PIC_PICNICKER,,diamondpearl_trainer_index=330; source=files/poketool/trainer/trdata.json; map_refs=C05GYM0107|C07|D21R0101|D26R0101|D26R0102|R205B|R211A|R211B; matched_map=C05GYM0107,8,5,
TRAINER_POKE_KID_MEGHAN,MEGHAN,TRAINER_CLASS_POKE_KID,203,,,,TRAINER_PIC_POKE_KID,,diamondpearl_trainer_index=331; source=files/poketool/trainer/trdata.json; map_refs=C01R0201|C08GYM0102|D11R0101|D26R0107|L02|L02R0101; matched_map=L02,8,5,
TRAINER_POLICEMAN_DANNY,DANNY,TRAINER_CLASS_POLICEMAN,223,,,,TRAINER_PIC_POLICEMAN,,diamondpearl_trainer_index=332; source=files/poketool/trainer/trdata.json; map_refs=R212B|R222; matched_map=R222,8,5,
TRAINER_POLICEMAN_THOMAS,THOMAS,TRAINER_CLASS_POLICEMAN,223,,,,TRAINER_PIC_POLICEMAN,,diamondpearl_trainer_index=333; source=files/poketool/trainer/trdata.json; map_refs=D26R0106|R222; matched_map=R222,8,5,
TRAINER_RICH_BOY_MICKEY,MICKEY,TRAINER_CLASS_RICH_BOY,,,,,TRAINER_PIC_RICH_BOY,,diamondpearl_trainer_index=334; source=files/poketool/trainer/trdata.json; location_unpaired=true,8,5,
TRAINER_RICH_BOY_TREY,TREY,TRAINER_CLASS_RICH_BOY,223,,,,TRAINER_PIC_RICH_BOY,,diamondpearl_trainer_index=335; source=files/poketool/trainer/trdata.json; map_refs=R222; matched_map=R222,8,5,
TRAINER_LADY_ANGELICA,ANGELICA,TRAINER_CLASS_LADY,,,,,TRAINER_PIC_LADY,,diamondpearl_trainer_index=336; source=files/poketool/trainer/trdata.json; location_unpaired=true,8,5,
TRAINER_SAILOR_MARC,MARC,TRAINER_CLASS_SAILOR,223,,,,TRAINER_PIC_SAILOR,,diamondpearl_trainer_index=337; source=files/poketool/trainer/trdata.json; map_refs=R222; matched_map=R222,8,5,
TRAINER_SAILOR_SKYLER,SKYLER,TRAINER_CLASS_SAILOR,214,,,,TRAINER_PIC_SAILOR,,diamondpearl_trainer_index=338; source=files/poketool/trainer/trdata.json; map_refs=R218; matched_map=R218,8,5,
TRAINER_SAILOR_DAMIAN,DAMIAN,TRAINER_CLASS_SAILOR,199,,,,TRAINER_PIC_SAILOR,,diamondpearl_trainer_index=339; source=files/poketool/trainer/trdata.json; map_refs=C06GYM0101; matched_map=C06GYM0101,8,5,
TRAINER_SCHOOL_KID_M_CHANCE,CHANCE,TRAINER_CLASS_SCHOOL_KID_M,191,,,,TRAINER_PIC_SCHOOL_KID_MALE,,diamondpearl_trainer_index=340; source=files/poketool/trainer/trdata.json; map_refs=C05GYM0109; matched_map=C05GYM0109,8,5,
TRAINER_SCHOOL_KID_M_FORREST,FORREST,TRAINER_CLASS_SCHOOL_KID_M,224,,,,TRAINER_PIC_SCHOOL_KID_MALE,,diamondpearl_trainer_index=341; source=files/poketool/trainer/trdata.json; map_refs=C08GYM0102; matched_map=C08GYM0102,8,5,
TRAINER_SCHOOL_KID_M_HARRISON,HARRISON,TRAINER_CLASS_SCHOOL_KID_M,,,,,TRAINER_PIC_SCHOOL_KID_MALE,,diamondpearl_trainer_index=342; source=files/poketool/trainer/trdata.json; location_unpaired=true,8,5,
TRAINER_SCHOOL_KID_F_MACKENZIE,MACKENZIE,TRAINER_CLASS_SCHOOL_KID_F,191,,,,TRAINER_PIC_SCHOOL_KID_FEMALE,,diamondpearl_trainer_index=343; source=files/poketool/trainer/trdata.json; map_refs=C05GYM0110; matched_map=C05GYM0110,8,5,
TRAINER_SCHOOL_KID_F_TIERA,TIERA,TRAINER_CLASS_SCHOOL_KID_F,224,,,,TRAINER_PIC_SCHOOL_KID_FEMALE,,diamondpearl_trainer_index=344; source=files/poketool/trainer/trdata.json; map_refs=C08GYM0101; matched_map=C08GYM0101,8,5,
TRAINER_SCHOOL_KID_F_CHRISTINE,CHRISTINE,TRAINER_CLASS_SCHOOL_KID_F,,,,,TRAINER_PIC_SCHOOL_KID_FEMALE,,diamondpearl_trainer_index=345; source=files/poketool/trainer/trdata.json; location_unpaired=true,8,5,
TRAINER_BEAUTY_CYNDY,CYNDY,TRAINER_CLASS_BEAUTY,202,,,,TRAINER_PIC_BEAUTY,,diamondpearl_trainer_index=346; source=files/poketool/trainer/trdata.json; map_refs=R213; matched_map=R213,8,5,
TRAINER_BEAUTY_ANGELICA_5,ANGELICA,TRAINER_CLASS_BEAUTY,,true,,,TRAINER_PIC_BEAUTY,,diamondpearl_trainer_index=347; source=files/poketool/trainer/trdata.json; location_unpaired=true,8,5,
TRAINER_BEAUTY_LINDSAY,LINDSAY,TRAINER_CLASS_BEAUTY,,,,,TRAINER_PIC_BEAUTY,,diamondpearl_trainer_index=348; source=files/poketool/trainer/trdata.json; location_unpaired=true,8,5,
TRAINER_SKIER_M_MICKEY,MICKEY,TRAINER_CLASS_SKIER_M,,,,,TRAINER_PIC_SKIER_MALE,,diamondpearl_trainer_index=349; source=files/poketool/trainer/trdata.json; location_unpaired=true,8,5,
TRAINER_SKIER_F_ANGELICA,ANGELICA,TRAINER_CLASS_SKIER_F,,,,,TRAINER_PIC_SKIER_FEMALE,,diamondpearl_trainer_index=350; source=files/poketool/trainer/trdata.json; location_unpaired=true,8,5,
TRAINER_SWIMMER_M_MICKEY_5,MICKEY,TRAINER_CLASS_SWIMMER_M,,true,,,TRAINER_PIC_SWIMMER_MALE,,diamondpearl_trainer_index=351; source=files/poketool/trainer/trdata.json; location_unpaired=true,8,5,
TRAINER_SWIMMER_M_MICKEY_6,MICKEY,TRAINER_CLASS_SWIMMER_M,,true,,,TRAINER_PIC_SWIMMER_MALE,,diamondpearl_trainer_index=352; source=files/poketool/trainer/trdata.json; location_unpaired=true,8,5,
TRAINER_SWIMMER_F_ANGELICA_4,ANGELICA,TRAINER_CLASS_SWIMMER_F,,true,,,TRAINER_PIC_SWIMMER_FEMALE,,diamondpearl_trainer_index=353; source=files/poketool/trainer/trdata.json; location_unpaired=true,8,5,
TRAINER_SWIMMER_F_ANGELICA_5,ANGELICA,TRAINER_CLASS_SWIMMER_F,,true,,,TRAINER_PIC_SWIMMER_FEMALE,,diamondpearl_trainer_index=354; source=files/poketool/trainer/trdata.json; location_unpaired=true,8,5,
TRAINER_YOUNGSTER_DALLAS,DALLAS,TRAINER_CLASS_YOUNGSTER,174,,,,TRAINER_PIC_YOUNGSTER,,diamondpearl_trainer_index=355; source=files/poketool/trainer/trdata.json; map_refs=R203; matched_map=R203,8,5,
TRAINER_YOUNGSTER_SEBASTIAN,SEBASTIAN,TRAINER_CLASS_YOUNGSTER,174,,,,TRAINER_PIC_YOUNGSTER,,diamondpearl_trainer_index=356; source=files/poketool/trainer/trdata.json; map_refs=R203; matched_map=R203,8,5,
TRAINER_YOUNGSTER_DONNY,DONNY,TRAINER_CLASS_YOUNGSTER,191,,,,TRAINER_PIC_YOUNGSTER,,diamondpearl_trainer_index=357; source=files/poketool/trainer/trdata.json; map_refs=C05GYM0102; matched_map=C05GYM0102,8,5,
TRAINER_TUBER_M_TRENTON,TRENTON,TRAINER_CLASS_TUBER_M,210,,,,TRAINER_PIC_TUBER_MALE,,diamondpearl_trainer_index=358; source=files/poketool/trainer/trdata.json; map_refs=R219; matched_map=R219,8,5,
TRAINER_TUBER_M_CONNER,CONNER,TRAINER_CLASS_TUBER_M,223,,,,TRAINER_PIC_TUBER_MALE,,diamondpearl_trainer_index=359; source=files/poketool/trainer/trdata.json; map_refs=R222; matched_map=R222,8,5,
TRAINER_TUBER_F_MARIEL,MARIEL,TRAINER_CLASS_TUBER_F,210,,,,TRAINER_PIC_TUBER_FEMALE,,diamondpearl_trainer_index=360; source=files/poketool/trainer/trdata.json; map_refs=R219; matched_map=R219,8,5,
TRAINER_TUBER_F_HOLLY,HOLLY,TRAINER_CLASS_TUBER_F,223,,,,TRAINER_PIC_TUBER_FEMALE,,diamondpearl_trainer_index=361; source=files/poketool/trainer/trdata.json; map_refs=R222; matched_map=R222,8,5,
TRAINER_VETERAN_ARMANDO,ARMANDO,TRAINER_CLASS_VETERAN,,,,,TRAINER_PIC_VETERAN,,diamondpearl_trainer_index=362; source=files/poketool/trainer/trdata.json; map_refs=R224; location_unpaired=true,8,5,
TRAINER_WAITER_MICKEY,MICKEY,TRAINER_CLASS_WAITER,,,,,TRAINER_PIC_WAITER,,diamondpearl_trainer_index=363; source=files/poketool/trainer/trdata.json; location_unpaired=true,8,5,
TRAINER_WAITER_MICKEY_2,MICKEY,TRAINER_CLASS_WAITER,,true,,,TRAINER_PIC_WAITER,,diamondpearl_trainer_index=364; source=files/poketool/trainer/trdata.json; location_unpaired=true,8,5,
TRAINER_WAITER_MICKEY_3,MICKEY,TRAINER_CLASS_WAITER,,true,,,TRAINER_PIC_WAITER,,diamondpearl_trainer_index=365; source=files/poketool/trainer/trdata.json; location_unpaired=true,8,5,
TRAINER_WAITRESS_KATI,KATI,TRAINER_CLASS_WAITRESS,195,,,,TRAINER_PIC_WAITRESS,,diamondpearl_trainer_index=366; source=files/poketool/trainer/trdata.json; map_refs=R210AR0101; matched_map=R210AR0101,8,5,
TRAINER_WORKER_GERARDO,GERARDO,TRAINER_CLASS_WORKER,215,,,,TRAINER_PIC_WORKER,,diamondpearl_trainer_index=367; source=files/poketool/trainer/trdata.json; map_refs=C02GYM0101; matched_map=C02GYM0101,8,5,
TRAINER_INTERVIEWERS_ROXY_OLI,ROXY & OLI,TRAINER_CLASS_INTERVIEWERS,,,,,TRAINER_PIC_INTERVIEWERS,True,diamondpearl_trainer_index=368; source=files/poketool/trainer/trdata.json; location_unpaired=true,8,5,
TRAINER_CAMERAMAN_TEVIN,TEVIN,TRAINER_CLASS_CAMERAMAN,,,,,TRAINER_PIC_CAMERAMAN,,diamondpearl_trainer_index=369; source=files/poketool/trainer/trdata.json; location_unpaired=true,8,5,
TRAINER_REPORTER_KINSEY,KINSEY,TRAINER_CLASS_REPORTER,,,,,TRAINER_PIC_REPORTER,,diamondpearl_trainer_index=370; source=files/poketool/trainer/trdata.json; location_unpaired=true,8,5,
TRAINER_IDOL_GRACE,GRACE,TRAINER_CLASS_IDOL,,,,,TRAINER_PIC_IDOL,,diamondpearl_trainer_index=371; source=files/poketool/trainer/trdata.json; location_unpaired=true,8,5,
TRAINER_BATTLE_GIRL_TYLER,TYLER,TRAINER_CLASS_BATTLE_GIRL,216,,,,TRAINER_PIC_BATTLE_GIRL,,diamondpearl_trainer_index=372; source=files/poketool/trainer/trdata.json; map_refs=D24R0105; matched_map=D24R0105,8,5,
TRAINER_BIRD_KEEPER_AUTUMN,AUTUMN,TRAINER_CLASS_BIRD_KEEPER,48,,,,TRAINER_PIC_BIRD_KEEPER,,diamondpearl_trainer_index=373; source=files/poketool/trainer/trdata.json; map_refs=D09R0104; matched_map=D09R0104,8,5,
TRAINER_PKMN_BREEDER_M_MICKEY,MICKEY,TRAINER_CLASS_PKMN_BREEDER_M,,,,,TRAINER_PIC_BREEDER_MALE,,diamondpearl_trainer_index=374; source=files/poketool/trainer/trdata.json; location_unpaired=true,8,5,
TRAINER_PKMN_BREEDER_F_ANGELICA,ANGELICA,TRAINER_CLASS_PKMN_BREEDER_F,,,,,TRAINER_PIC_BREEDER_FEMALE,,diamondpearl_trainer_index=375; source=files/poketool/trainer/trdata.json; location_unpaired=true,8,5,
TRAINER_CAMERAMAN_MICKEY,MICKEY,TRAINER_CLASS_CAMERAMAN,,,,,TRAINER_PIC_CAMERAMAN,,diamondpearl_trainer_index=376; source=files/poketool/trainer/trdata.json; location_unpaired=true,8,5,
TRAINER_CAMPER_ZACKARY,ZACKARY,TRAINER_CLASS_CAMPER,187,,,,TRAINER_PIC_CAMPER,,diamondpearl_trainer_index=377; source=files/poketool/trainer/trdata.json; map_refs=C01|C01R0101|C01R0302|C01R0304|C02|C03|C04|C05|C05R1102|C06|C06GYM0101|C07|C07R0101|C08GYM0102|C08GYM0103|C09GYM0101|C11|D01R0101|D01R0102|D02R0101|D03R0101|D04R0101|D05R0102|D05R0104|D05R0108|D05R0112|D05R0113|D05R0114|D06R0204|D09R0102|D09R0104|D09R0105|D11R0101|D12R0101|D14R0101|D14R0102|D15|D15R0101|D16R0102|D17R0111|D17R0112|D17R0113|D17R0114|D17R0115|D17R0116|D17R0117|D17R0118|D17R0119|D17R0120|D17R0121|D17R0122|D21R0101|D24R0103|D24R0104|D24R0105|D26R0101|D26R0102|D26R0103|D26R0104|D26R0108|D28R0101|D30|D30R0101|D31R0101|D31R0201|R205A|R205B|R206|R207|R208|R209|R210A|R210B|R211B|R212A|R212AR0101|R212AR0103|R212B|R213|R214|R215|R221|R222|R224|R225|R228|UG|UNION; matched_map=R206,8,5,
TRAINER_CAMPER_LAWRENCE,LAWRENCE,TRAINER_CLASS_CAMPER,175,,,,TRAINER_PIC_CAMPER,,diamondpearl_trainer_index=378; source=files/poketool/trainer/trdata.json; map_refs=C03|D24R0102|R210B|R211B; matched_map=C03,8,5,
TRAINER_CAMPER_DIEGO,DIEGO,TRAINER_CLASS_CAMPER,223,,,,TRAINER_PIC_CAMPER,,diamondpearl_trainer_index=379; source=files/poketool/trainer/trdata.json; map_refs=D21R0101|L02|L02R0101|R222|R227; matched_map=R222,8,5,
TRAINER_CAMPER_PARKER,PARKER,TRAINER_CLASS_CAMPER,223,,,,TRAINER_PIC_CAMPER,,diamondpearl_trainer_index=380; source=files/poketool/trainer/trdata.json; map_refs=D21R0101|R222|R224; matched_map=R222,8,5,
TRAINER_COLLECTOR_DOMINIQUE,DOMINIQUE,TRAINER_CLASS_COLLECTOR,201,,,,TRAINER_PIC_COLLECTOR,,diamondpearl_trainer_index=381; source=files/poketool/trainer/trdata.json; map_refs=D05R0102|R212B; matched_map=R212B,8,5,
TRAINER_COLLECTOR_JAMAL,JAMAL,TRAINER_CLASS_COLLECTOR,205,,,,TRAINER_PIC_COLLECTOR,,diamondpearl_trainer_index=382; source=files/poketool/trainer/trdata.json; map_refs=R214; matched_map=R214,8,5,
TRAINER_COLLECTOR_TERRY,TERRY,TRAINER_CLASS_COLLECTOR,188,,,,TRAINER_PIC_COLLECTOR,,diamondpearl_trainer_index=383; source=files/poketool/trainer/trdata.json; map_refs=D21R0101; matched_map=D21R0101,8,5,
TRAINER_POKEFAN_M_MICKEY_3,MICKEY,TRAINER_CLASS_POKEFAN_M,,true,,,TRAINER_PIC_POKEFAN_MALE,,diamondpearl_trainer_index=384; source=files/poketool/trainer/trdata.json; location_unpaired=true,8,5,
TRAINER_POKEFAN_F_ANGELICA_3,ANGELICA,TRAINER_CLASS_POKEFAN_F,,true,,,TRAINER_PIC_POKEFAN_FEMALE,,diamondpearl_trainer_index=385; source=files/poketool/trainer/trdata.json; location_unpaired=true,8,5,
TRAINER_DRAGON_TAMER_JOE,JOE,TRAINER_CLASS_DRAGON_TAMER,48,,,,TRAINER_PIC_DRAGON_TAMER,,diamondpearl_trainer_index=386; source=files/poketool/trainer/trdata.json; map_refs=D09R0104; matched_map=D09R0104,8,5,
TRAINER_ACE_TRAINER_M_MICKEY_2,MICKEY,TRAINER_CLASS_ACE_TRAINER_M,,true,,,TRAINER_PIC_ACE_TRAINER_MALE,,diamondpearl_trainer_index=387; source=files/poketool/trainer/trdata.json; location_unpaired=true,8,5,
TRAINER_ACE_TRAINER_M_JONAH,JONAH,TRAINER_CLASS_ACE_TRAINER_M,216,,,,TRAINER_PIC_ACE_TRAINER_MALE,,diamondpearl_trainer_index=388; source=files/poketool/trainer/trdata.json; map_refs=D24R0105; matched_map=D24R0105,8,5,
TRAINER_ACE_TRAINER_M_MICAH,MICAH,TRAINER_CLASS_ACE_TRAINER_M,48,,,,TRAINER_PIC_ACE_TRAINER_MALE,,diamondpearl_trainer_index=389; source=files/poketool/trainer/trdata.json; map_refs=D09R0104; matched_map=D09R0104,8,5,
TRAINER_ACE_TRAINER_M_ARTHUR,ARTHUR,TRAINER_CLASS_ACE_TRAINER_M,48,,,,TRAINER_PIC_ACE_TRAINER_MALE,,diamondpearl_trainer_index=390; source=files/poketool/trainer/trdata.json; map_refs=D09R0104; matched_map=D09R0104,8,5,
TRAINER_ACE_TRAINER_F_ANGELICA_3,ANGELICA,TRAINER_CLASS_ACE_TRAINER_F,,true,,,TRAINER_PIC_ACE_TRAINER_FEMALE,,diamondpearl_trainer_index=391; source=files/poketool/trainer/trdata.json; location_unpaired=true,8,5,
TRAINER_ACE_TRAINER_F_BRENDA,BRENDA,TRAINER_CLASS_ACE_TRAINER_F,216,,,,TRAINER_PIC_ACE_TRAINER_FEMALE,,diamondpearl_trainer_index=392; source=files/poketool/trainer/trdata.json; map_refs=D24R0105; matched_map=D24R0105,8,5,
TRAINER_ACE_TRAINER_F_BRANDI,BRANDI,TRAINER_CLASS_ACE_TRAINER_F,48,,,,TRAINER_PIC_ACE_TRAINER_FEMALE,,diamondpearl_trainer_index=393; source=files/poketool/trainer/trdata.json; map_refs=D05R0114|D09R0104; matched_map=D09R0104,8,5,
TRAINER_ACE_TRAINER_F_CLARICE,CLARICE,TRAINER_CLASS_ACE_TRAINER_F,48,,,,TRAINER_PIC_ACE_TRAINER_FEMALE,,diamondpearl_trainer_index=394; source=files/poketool/trainer/trdata.json; map_refs=D09R0104; matched_map=D09R0104,8,5,
TRAINER_PSYCHIC_M_KODY,KODY,TRAINER_CLASS_PSYCHIC_M,184,,,,TRAINER_PIC_PSYCHIC_MALE,,diamondpearl_trainer_index=395; source=files/poketool/trainer/trdata.json; map_refs=D03R0101; matched_map=D03R0101,8,5,
TRAINER_PSYCHIC_M_LANDON,LANDON,TRAINER_CLASS_PSYCHIC_M,48,,,,TRAINER_PIC_PSYCHIC_MALE,,diamondpearl_trainer_index=396; source=files/poketool/trainer/trdata.json; map_refs=D09R0104; matched_map=D09R0104,8,5,
TRAINER_PSYCHIC_M_DEANDRE,DEANDRE,TRAINER_CLASS_PSYCHIC_M,48,,,,TRAINER_PIC_PSYCHIC_MALE,,diamondpearl_trainer_index=397; source=files/poketool/trainer/trdata.json; map_refs=D09R0104; matched_map=D09R0104,8,5,
TRAINER_PSYCHIC_F_RACHAEL,RACHAEL,TRAINER_CLASS_PSYCHIC_F,184,,,,TRAINER_PIC_PSYCHIC_FEMALE,,diamondpearl_trainer_index=398; source=files/poketool/trainer/trdata.json; map_refs=D03R0101; matched_map=D03R0101,8,5,
TRAINER_PSYCHIC_F_DESIREE,DESIREE,TRAINER_CLASS_PSYCHIC_F,48,,,,TRAINER_PIC_PSYCHIC_FEMALE,,diamondpearl_trainer_index=399; source=files/poketool/trainer/trdata.json; map_refs=D09R0104; matched_map=D09R0104,8,5,
TRAINER_PSYCHIC_F_KENDRA,KENDRA,TRAINER_CLASS_PSYCHIC_F,48,,,,TRAINER_PIC_PSYCHIC_FEMALE,,diamondpearl_trainer_index=400; source=files/poketool/trainer/trdata.json; map_refs=D09R0104; matched_map=D09R0104,8,5,
TRAINER_FISHERMAN_WALTER,WALTER,TRAINER_CLASS_FISHERMAN,199,,,,TRAINER_PIC_FISHERMAN,,diamondpearl_trainer_index=401; source=files/poketool/trainer/trdata.json; map_refs=C06GYM0101; matched_map=C06GYM0101,8,5,
TRAINER_GENTLEMAN_MICKEY,MICKEY,TRAINER_CLASS_GENTLEMAN,,,,,TRAINER_PIC_GENTLEMAN,,diamondpearl_trainer_index=402; source=files/poketool/trainer/trdata.json; location_unpaired=true,8,5,
TRAINER_GALACTIC_BOSS_CYRUS,CYRUS,TRAINER_CLASS_GALACTIC_BOSS,,,,"ITEM_SUPER_POTION,ITEM_SUPER_POTION",TRAINER_PIC_GALACTIC_BOSS,,diamondpearl_trainer_index=403; source=files/poketool/trainer/trdata.json; location_unpaired=true,8,5,
TRAINER_GALACTIC_BOSS_CYRUS_2,CYRUS,TRAINER_CLASS_GALACTIC_BOSS,,true,,"ITEM_SUPER_POTION,ITEM_FULL_RESTORE",TRAINER_PIC_GALACTIC_BOSS,,diamondpearl_trainer_index=404; source=files/poketool/trainer/trdata.json; location_unpaired=true,8,5,
TRAINER_COMMANDER_MARS_MARS_2,MARS,TRAINER_CLASS_COMMANDER_MARS,,true,,,TRAINER_PIC_COMMANDER_MARS,,diamondpearl_trainer_index=405; source=files/poketool/trainer/trdata.json; location_unpaired=true,8,5,
TRAINER_COMMANDER_JUPITER_JUPITER,JUPITER,TRAINER_CLASS_COMMANDER_JUPITER,,,,,TRAINER_PIC_COMMANDER_JUPITER,,diamondpearl_trainer_index=406; source=files/poketool/trainer/trdata.json; location_unpaired=true,8,5,
TRAINER_COMMANDER_JUPITER_JUPITER_2,JUPITER,TRAINER_CLASS_COMMANDER_JUPITER,,true,,,TRAINER_PIC_COMMANDER_JUPITER,,diamondpearl_trainer_index=407; source=files/poketool/trainer/trdata.json; location_unpaired=true,8,5,
TRAINER_COMMANDER_SATURN_SATURN,SATURN,TRAINER_CLASS_COMMANDER_SATURN,,,,,TRAINER_PIC_COMMANDER_SATURN,,diamondpearl_trainer_index=408; source=files/poketool/trainer/trdata.json; location_unpaired=true,8,5,
TRAINER_COMMANDER_SATURN_SATURN_2,SATURN,TRAINER_CLASS_COMMANDER_SATURN,,true,,,TRAINER_PIC_COMMANDER_SATURN,,diamondpearl_trainer_index=409; source=files/poketool/trainer/trdata.json; location_unpaired=true,8,5,
TRAINER_GALACTIC_GRUNT_5,GRUNT,TRAINER_CLASS_GALACTIC,184,true,,,TRAINER_PIC_GALACTIC_GRUNT_MALE,,diamondpearl_trainer_index=410; source=files/poketool/trainer/trdata.json; map_refs=C04R0201; matched_map=C04R0201,8,5,
TRAINER_GALACTIC_GRUNT_6,GRUNT,TRAINER_CLASS_GALACTIC,,true,,,TRAINER_PIC_GALACTIC_GRUNT_MALE,,diamondpearl_trainer_index=411; source=files/poketool/trainer/trdata.json; location_unpaired=true,8,5,
TRAINER_GALACTIC_GRUNT_7,GRUNT,TRAINER_CLASS_GALACTIC,184,true,,,TRAINER_PIC_GALACTIC_GRUNT_MALE,,diamondpearl_trainer_index=412; source=files/poketool/trainer/trdata.json; map_refs=C04R0202; matched_map=C04R0202,8,5,
TRAINER_GALACTIC_GRUNT_8,GRUNT,TRAINER_CLASS_GALACTIC,,true,,,TRAINER_PIC_GALACTIC_GRUNT_MALE,,diamondpearl_trainer_index=413; source=files/poketool/trainer/trdata.json; location_unpaired=true,8,5,
TRAINER_GALACTIC_GRUNT_9,GRUNT,TRAINER_CLASS_GALACTIC,,true,,,TRAINER_PIC_GALACTIC_GRUNT_MALE,,diamondpearl_trainer_index=414; source=files/poketool/trainer/trdata.json; location_unpaired=true,8,5,
TRAINER_GALACTIC_GRUNT_10,GRUNT,TRAINER_CLASS_GALACTIC,,true,,,TRAINER_PIC_GALACTIC_GRUNT_MALE,,diamondpearl_trainer_index=415; source=files/poketool/trainer/trdata.json; location_unpaired=true,8,5,
TRAINER_GALACTIC_GRUNT_11,GRUNT,TRAINER_CLASS_GALACTIC,,,,,TRAINER_PIC_GALACTIC_GRUNT_MALE,,diamondpearl_trainer_index=416; source=files/poketool/trainer/trdata.json; location_unpaired=true,8,5,
TRAINER_GALACTIC_GRUNT_12,GRUNT,TRAINER_CLASS_GALACTIC,204,,,,TRAINER_PIC_GALACTIC_GRUNT_MALE,,diamondpearl_trainer_index=417; source=files/poketool/trainer/trdata.json; map_refs=D28R0101; matched_map=D28R0101,8,5,
TRAINER_GALACTIC_GRUNT_13,GRUNT,TRAINER_CLASS_GALACTIC,204,,,,TRAINER_PIC_GALACTIC_GRUNT_MALE,,diamondpearl_trainer_index=418; source=files/poketool/trainer/trdata.json; map_refs=D28R0101; matched_map=D28R0101,8,5,
TRAINER_GALACTIC_GRUNT_14,GRUNT,TRAINER_CLASS_GALACTIC,172,,,,TRAINER_PIC_GALACTIC_GRUNT_MALE,,diamondpearl_trainer_index=419; source=files/poketool/trainer/trdata.json; map_refs=D27R0102; matched_map=D27R0102,8,5,
TRAINER_GALACTIC_GRUNT_15,GRUNT,TRAINER_CLASS_GALACTIC,172,,,,TRAINER_PIC_GALACTIC_GRUNT_MALE,,diamondpearl_trainer_index=420; source=files/poketool/trainer/trdata.json; map_refs=D27R0102; matched_map=D27R0102,8,5,
TRAINER_GALACTIC_F_GRUNT,GRUNT,TRAINER_CLASS_GALACTIC_F,184,,,,TRAINER_PIC_GALACTIC_GRUNT_FEMALE,,diamondpearl_trainer_index=421; source=files/poketool/trainer/trdata.json; map_refs=C04R0201; matched_map=C04R0201,8,5,
TRAINER_GALACTIC_F_GRUNT_2,GRUNT,TRAINER_CLASS_GALACTIC_F,184,true,,,TRAINER_PIC_GALACTIC_GRUNT_FEMALE,,diamondpearl_trainer_index=422; source=files/poketool/trainer/trdata.json; map_refs=C04R0202; matched_map=C04R0202,8,5,
TRAINER_GALACTIC_F_GRUNT_3,GRUNT,TRAINER_CLASS_GALACTIC_F,184,true,,,TRAINER_PIC_GALACTIC_GRUNT_FEMALE,,diamondpearl_trainer_index=423; source=files/poketool/trainer/trdata.json; map_refs=C04R0203; matched_map=C04R0203,8,5,
TRAINER_GALACTIC_F_GRUNT_4,GRUNT,TRAINER_CLASS_GALACTIC_F,,true,,,TRAINER_PIC_GALACTIC_GRUNT_FEMALE,,diamondpearl_trainer_index=424; source=files/poketool/trainer/trdata.json; location_unpaired=true,8,5,
TRAINER_GALACTIC_F_GRUNT_5,GRUNT,TRAINER_CLASS_GALACTIC_F,204,true,,,TRAINER_PIC_GALACTIC_GRUNT_FEMALE,,diamondpearl_trainer_index=425; source=files/poketool/trainer/trdata.json; map_refs=D28R0101; matched_map=D28R0101,8,5,
TRAINER_GALACTIC_F_GRUNT_6,GRUNT,TRAINER_CLASS_GALACTIC_F,172,true,,,TRAINER_PIC_GALACTIC_GRUNT_FEMALE,,diamondpearl_trainer_index=426; source=files/poketool/trainer/trdata.json; map_refs=D27R0102; matched_map=D27R0102,8,5,
TRAINER_GALACTIC_F_GRUNT_7,GRUNT,TRAINER_CLASS_GALACTIC_F,172,true,,,TRAINER_PIC_GALACTIC_GRUNT_FEMALE,,diamondpearl_trainer_index=427; source=files/poketool/trainer/trdata.json; map_refs=D27R0102; matched_map=D27R0102,8,5,
TRAINER_GALACTIC_F_GRUNT_8,GRUNT,TRAINER_CLASS_GALACTIC_F,,true,,,TRAINER_PIC_GALACTIC_GRUNT_FEMALE,,diamondpearl_trainer_index=428; source=files/poketool/trainer/trdata.json; map_refs=D26R0101; location_unpaired=true,8,5,
TRAINER_GALACTIC_F_GRUNT_9,GRUNT,TRAINER_CLASS_GALACTIC_F,,true,,,TRAINER_PIC_GALACTIC_GRUNT_FEMALE,,diamondpearl_trainer_index=429; source=files/poketool/trainer/trdata.json; location_unpaired=true,8,5,
TRAINER_GALACTIC_F_GRUNT_10,GRUNT,TRAINER_CLASS_GALACTIC_F,,true,,,TRAINER_PIC_GALACTIC_GRUNT_FEMALE,,diamondpearl_trainer_index=430; source=files/poketool/trainer/trdata.json; map_refs=D26R0102; location_unpaired=true,8,5,
TRAINER_GUITARIST_ARTURO,ARTURO,TRAINER_CLASS_GUITARIST,,,,,TRAINER_PIC_GUITARIST,,diamondpearl_trainer_index=431; source=files/poketool/trainer/trdata.json; location_unpaired=true,8,5,
TRAINER_GUITARIST_MICKEY_3,MICKEY,TRAINER_CLASS_GUITARIST,,true,,,TRAINER_PIC_GUITARIST,,diamondpearl_trainer_index=432; source=files/poketool/trainer/trdata.json; location_unpaired=true,8,5,
TRAINER_GUITARIST_MICKEY_4,MICKEY,TRAINER_CLASS_GUITARIST,,true,,,TRAINER_PIC_GUITARIST,,diamondpearl_trainer_index=433; source=files/poketool/trainer/trdata.json; location_unpaired=true,8,5,
TRAINER_GUITARIST_MICKEY_5,MICKEY,TRAINER_CLASS_GUITARIST,,true,,,TRAINER_PIC_GUITARIST,,diamondpearl_trainer_index=434; source=files/poketool/trainer/trdata.json; location_unpaired=true,8,5,
TRAINER_GUITARIST_MICKEY_6,MICKEY,TRAINER_CLASS_GUITARIST,,true,,,TRAINER_PIC_GUITARIST,,diamondpearl_trainer_index=435; source=files/poketool/trainer/trdata.json; location_unpaired=true,8,5,
TRAINER_GUITARIST_MICKEY_7,MICKEY,TRAINER_CLASS_GUITARIST,,true,,,TRAINER_PIC_GUITARIST,,diamondpearl_trainer_index=436; source=files/poketool/trainer/trdata.json; location_unpaired=true,8,5,
TRAINER_IDOL_ANGELICA,ANGELICA,TRAINER_CLASS_IDOL,,,,,TRAINER_PIC_IDOL,,diamondpearl_trainer_index=437; source=files/poketool/trainer/trdata.json; location_unpaired=true,8,5,
TRAINER_IDOL_ANGELICA_2,ANGELICA,TRAINER_CLASS_IDOL,,true,,,TRAINER_PIC_IDOL,,diamondpearl_trainer_index=438; source=files/poketool/trainer/trdata.json; location_unpaired=true,8,5,
TRAINER_IDOL_ANGELICA_3,ANGELICA,TRAINER_CLASS_IDOL,,true,,,TRAINER_PIC_IDOL,,diamondpearl_trainer_index=439; source=files/poketool/trainer/trdata.json; location_unpaired=true,8,5,
TRAINER_IDOL_ANGELICA_4,ANGELICA,TRAINER_CLASS_IDOL,,true,,,TRAINER_PIC_IDOL,,diamondpearl_trainer_index=440; source=files/poketool/trainer/trdata.json; location_unpaired=true,8,5,
TRAINER_RUIN_MANIAC_MICKEY_2,MICKEY,TRAINER_CLASS_RUIN_MANIAC,,true,,,TRAINER_PIC_RUIN_MANIAC,,diamondpearl_trainer_index=441; source=files/poketool/trainer/trdata.json; location_unpaired=true,8,5,
TRAINER_RUIN_MANIAC_HARRY,HARRY,TRAINER_CLASS_RUIN_MANIAC,217,,,,TRAINER_PIC_RUIN_MANIAC,,diamondpearl_trainer_index=442; source=files/poketool/trainer/trdata.json; map_refs=R211B; matched_map=R211B,8,5,
TRAINER_RUIN_MANIAC_GERALD,GERALD,TRAINER_CLASS_RUIN_MANIAC,188,,,,TRAINER_PIC_RUIN_MANIAC,,diamondpearl_trainer_index=443; source=files/poketool/trainer/trdata.json; map_refs=D21R0101; matched_map=D21R0101,8,5,
TRAINER_BLACK_BELT_MILES,MILES,TRAINER_CLASS_BLACK_BELT,48,,,,TRAINER_PIC_BLACK_BELT,,diamondpearl_trainer_index=444; source=files/poketool/trainer/trdata.json; map_refs=D09R0101; matched_map=D09R0101,8,5,
TRAINER_BLACK_BELT_KENDAL,KENDAL,TRAINER_CLASS_BLACK_BELT,216,,,,TRAINER_PIC_BLACK_BELT,,diamondpearl_trainer_index=445; source=files/poketool/trainer/trdata.json; map_refs=D24R0105; matched_map=D24R0105,8,5,
TRAINER_BLACK_BELT_EDDIE,EDDIE,TRAINER_CLASS_BLACK_BELT,48,,,,TRAINER_PIC_BLACK_BELT,,diamondpearl_trainer_index=446; source=files/poketool/trainer/trdata.json; map_refs=D09R0104; matched_map=D09R0104,8,5,
TRAINER_BLACK_BELT_WILLIE,WILLIE,TRAINER_CLASS_BLACK_BELT,48,,,,TRAINER_PIC_BLACK_BELT,,diamondpearl_trainer_index=447; source=files/poketool/trainer/trdata.json; map_refs=D09R0104; matched_map=D09R0104,8,5,
TRAINER_SOCIALITE_ANGELICA,ANGELICA,TRAINER_CLASS_SOCIALITE,,,,,TRAINER_PIC_SOCIALITE,,diamondpearl_trainer_index=448; source=files/poketool/trainer/trdata.json; location_unpaired=true,8,5,
TRAINER_LASS_ANGELICA_3,ANGELICA,TRAINER_CLASS_LASS,,true,,,TRAINER_PIC_LASS,,diamondpearl_trainer_index=449; source=files/poketool/trainer/trdata.json; location_unpaired=true,8,5,
TRAINER_LASS_CASSIDY,CASSIDY,TRAINER_CLASS_LASS,188,,,,TRAINER_PIC_LASS,,diamondpearl_trainer_index=450; source=files/poketool/trainer/trdata.json; map_refs=D21R0101; matched_map=D21R0101,8,5,
TRAINER_HIKER_THEODORE,THEODORE,TRAINER_CLASS_HIKER,187,,,,TRAINER_PIC_HIKER,,diamondpearl_trainer_index=451; source=files/poketool/trainer/trdata.json; map_refs=R206; matched_map=R206,8,5,
TRAINER_HIKER_DAMON,DAMON,TRAINER_CLASS_HIKER,216,,,,TRAINER_PIC_HIKER,,diamondpearl_trainer_index=452; source=files/poketool/trainer/trdata.json; map_refs=D24R0105; matched_map=D24R0105,8,5,
TRAINER_HIKER_MAURICE,MAURICE,TRAINER_CLASS_HIKER,216,,,,TRAINER_PIC_HIKER,,diamondpearl_trainer_index=453; source=files/poketool/trainer/trdata.json; map_refs=D24R0105; matched_map=D24R0105,8,5,
TRAINER_HIKER_REGINALD,REGINALD,TRAINER_CLASS_HIKER,188,,,,TRAINER_PIC_HIKER,,diamondpearl_trainer_index=454; source=files/poketool/trainer/trdata.json; map_refs=D21R0101; matched_map=D21R0101,8,5,
TRAINER_HIKER_LORENZO,LORENZO,TRAINER_CLASS_HIKER,188,,,,TRAINER_PIC_HIKER,,diamondpearl_trainer_index=455; source=files/poketool/trainer/trdata.json; map_refs=D21R0101; matched_map=D21R0101,8,5,
TRAINER_PICNICKER_KARINA,KARINA,TRAINER_CLASS_PICNICKER,182,,,,TRAINER_PIC_PICNICKER,,diamondpearl_trainer_index=456; source=files/poketool/trainer/trdata.json; map_refs=R205A; matched_map=R205A,8,5,
TRAINER_PICNICKER_SUMMER,SUMMER,TRAINER_CLASS_PICNICKER,216,,,,TRAINER_PIC_PICNICKER,,diamondpearl_trainer_index=457; source=files/poketool/trainer/trdata.json; map_refs=D24R0103; matched_map=D24R0103,8,5,
TRAINER_PICNICKER_TORI,TORI,TRAINER_CLASS_PICNICKER,188,,,,TRAINER_PIC_PICNICKER,,diamondpearl_trainer_index=458; source=files/poketool/trainer/trdata.json; map_refs=D21R0101; matched_map=D21R0101,8,5,
TRAINER_PICNICKER_ANA,ANA,TRAINER_CLASS_PICNICKER,188,,,,TRAINER_PIC_PICNICKER,,diamondpearl_trainer_index=459; source=files/poketool/trainer/trdata.json; map_refs=D21R0101; matched_map=D21R0101,8,5,
TRAINER_CLOWN_LEE,LEE,TRAINER_CLASS_CLOWN,,,,,TRAINER_PIC_CLOWN,,diamondpearl_trainer_index=460; source=files/poketool/trainer/trdata.json; location_unpaired=true,8,5,
TRAINER_CLOWN_MICKEY_2,MICKEY,TRAINER_CLASS_CLOWN,,true,,,TRAINER_PIC_CLOWN,,diamondpearl_trainer_index=461; source=files/poketool/trainer/trdata.json; location_unpaired=true,8,5,
TRAINER_CLOWN_MICKEY_3,MICKEY,TRAINER_CLASS_CLOWN,,true,,,TRAINER_PIC_CLOWN,,diamondpearl_trainer_index=462; source=files/poketool/trainer/trdata.json; location_unpaired=true,8,5,
TRAINER_CLOWN_MICKEY_4,MICKEY,TRAINER_CLASS_CLOWN,,true,,,TRAINER_PIC_CLOWN,,diamondpearl_trainer_index=463; source=files/poketool/trainer/trdata.json; location_unpaired=true,8,5,
TRAINER_CLOWN_MICKEY_5,MICKEY,TRAINER_CLASS_CLOWN,,true,,,TRAINER_PIC_CLOWN,,diamondpearl_trainer_index=464; source=files/poketool/trainer/trdata.json; location_unpaired=true,8,5,
TRAINER_POKE_KID_ARIEL,ARIEL,TRAINER_CLASS_POKE_KID,,,,,TRAINER_PIC_POKE_KID,,diamondpearl_trainer_index=465; source=files/poketool/trainer/trdata.json; location_unpaired=true,8,5,
TRAINER_POLICEMAN_MICKEY,MICKEY,TRAINER_CLASS_POLICEMAN,,,,,TRAINER_PIC_POLICEMAN,,diamondpearl_trainer_index=466; source=files/poketool/trainer/trdata.json; location_unpaired=true,8,5,
TRAINER_RICH_BOY_MICKEY_2,MICKEY,TRAINER_CLASS_RICH_BOY,,true,,,TRAINER_PIC_RICH_BOY,,diamondpearl_trainer_index=467; source=files/poketool/trainer/trdata.json; location_unpaired=true,8,5,
TRAINER_RICH_BOY_MICKEY_3,MICKEY,TRAINER_CLASS_RICH_BOY,,true,,,TRAINER_PIC_RICH_BOY,,diamondpearl_trainer_index=468; source=files/poketool/trainer/trdata.json; location_unpaired=true,8,5,
TRAINER_LADY_ANGELICA_2,ANGELICA,TRAINER_CLASS_LADY,,true,,,TRAINER_PIC_LADY,,diamondpearl_trainer_index=469; source=files/poketool/trainer/trdata.json; location_unpaired=true,8,5,
TRAINER_PKMN_TRAINER_BARRY_CEDRIC_4,CEDRIC,TRAINER_CLASS_PKMN_TRAINER_BARRY,,true,,,TRAINER_PIC_RIVAL,,diamondpearl_trainer_index=470; source=files/poketool/trainer/trdata.json; location_unpaired=true,8,5,
TRAINER_PKMN_TRAINER_BARRY_CEDRIC_5,CEDRIC,TRAINER_CLASS_PKMN_TRAINER_BARRY,,true,,,TRAINER_PIC_RIVAL,,diamondpearl_trainer_index=471; source=files/poketool/trainer/trdata.json; location_unpaired=true,8,5,
TRAINER_PKMN_TRAINER_BARRY_CEDRIC_6,CEDRIC,TRAINER_CLASS_PKMN_TRAINER_BARRY,,true,,,TRAINER_PIC_RIVAL,,diamondpearl_trainer_index=472; source=files/poketool/trainer/trdata.json; location_unpaired=true,8,5,
TRAINER_PKMN_TRAINER_BARRY_CEDRIC_7,CEDRIC,TRAINER_CLASS_PKMN_TRAINER_BARRY,,true,,,TRAINER_PIC_RIVAL,,diamondpearl_trainer_index=473; source=files/poketool/trainer/trdata.json; location_unpaired=true,8,5,
TRAINER_PKMN_TRAINER_BARRY_CEDRIC_8,CEDRIC,TRAINER_CLASS_PKMN_TRAINER_BARRY,,true,,,TRAINER_PIC_RIVAL,,diamondpearl_trainer_index=474; source=files/poketool/trainer/trdata.json; location_unpaired=true,8,5,
TRAINER_PKMN_TRAINER_BARRY_CEDRIC_9,CEDRIC,TRAINER_CLASS_PKMN_TRAINER_BARRY,,true,,,TRAINER_PIC_RIVAL,,diamondpearl_trainer_index=475; source=files/poketool/trainer/trdata.json; location_unpaired=true,8,5,
TRAINER_PKMN_TRAINER_BARRY_CEDRIC_10,CEDRIC,TRAINER_CLASS_PKMN_TRAINER_BARRY,,true,,,TRAINER_PIC_RIVAL,,diamondpearl_trainer_index=476; source=files/poketool/trainer/trdata.json; location_unpaired=true,8,5,
TRAINER_PKMN_TRAINER_BARRY_CEDRIC_11,CEDRIC,TRAINER_CLASS_PKMN_TRAINER_BARRY,,,,,TRAINER_PIC_RIVAL,,diamondpearl_trainer_index=477; source=files/poketool/trainer/trdata.json; location_unpaired=true,8,5,
TRAINER_PKMN_TRAINER_BARRY_CEDRIC_12,CEDRIC,TRAINER_CLASS_PKMN_TRAINER_BARRY,,,,,TRAINER_PIC_RIVAL,,diamondpearl_trainer_index=478; source=files/poketool/trainer/trdata.json; location_unpaired=true,8,5,
TRAINER_PKMN_TRAINER_BARRY_CEDRIC_13,CEDRIC,TRAINER_CLASS_PKMN_TRAINER_BARRY,,,,,TRAINER_PIC_RIVAL,,diamondpearl_trainer_index=479; source=files/poketool/trainer/trdata.json; location_unpaired=true,8,5,
TRAINER_PKMN_TRAINER_BARRY_CEDRIC_14,CEDRIC,TRAINER_CLASS_PKMN_TRAINER_BARRY,,,,,TRAINER_PIC_RIVAL,,diamondpearl_trainer_index=480; source=files/poketool/trainer/trdata.json; location_unpaired=true,8,5,
TRAINER_PKMN_TRAINER_BARRY_CEDRIC_15,CEDRIC,TRAINER_CLASS_PKMN_TRAINER_BARRY,,,,,TRAINER_PIC_RIVAL,,diamondpearl_trainer_index=481; source=files/poketool/trainer/trdata.json; location_unpaired=true,8,5,
TRAINER_SAILOR_ZACHARIAH,ZACHARIAH,TRAINER_CLASS_SAILOR,225,,,,TRAINER_PIC_SAILOR,,diamondpearl_trainer_index=482; source=files/poketool/trainer/trdata.json; map_refs=W223; matched_map=W223,8,5,
TRAINER_SAILOR_SAMSON,SAMSON,TRAINER_CLASS_SAILOR,199,,,,TRAINER_PIC_SAILOR,,diamondpearl_trainer_index=483; source=files/poketool/trainer/trdata.json; map_refs=C06GYM0101; matched_map=C06GYM0101,8,5,
TRAINER_SCHOOL_KID_M_MICKEY_2,MICKEY,TRAINER_CLASS_SCHOOL_KID_M,,true,,,TRAINER_PIC_SCHOOL_KID_MALE,,diamondpearl_trainer_index=484; source=files/poketool/trainer/trdata.json; location_unpaired=true,8,5,
TRAINER_SCHOOL_KID_F_ANGELICA_2,ANGELICA,TRAINER_CLASS_SCHOOL_KID_F,,true,,,TRAINER_PIC_SCHOOL_KID_FEMALE,,diamondpearl_trainer_index=485; source=files/poketool/trainer/trdata.json; location_unpaired=true,8,5,
TRAINER_SCIENTIST_SHAUN,SHAUN,TRAINER_CLASS_SCIENTIST,201,,,,TRAINER_PIC_SCIENTIST,,diamondpearl_trainer_index=486; source=files/poketool/trainer/trdata.json; map_refs=R212B; matched_map=R212B,8,5,
TRAINER_SCIENTIST_MICKEY_5,MICKEY,TRAINER_CLASS_SCIENTIST,,true,,,TRAINER_PIC_SCIENTIST,,diamondpearl_trainer_index=487; source=files/poketool/trainer/trdata.json; location_unpaired=true,8,5,
TRAINER_NINJA_BOY_FABIAN,FABIAN,TRAINER_CLASS_NINJA_BOY,195,,,,TRAINER_PIC_NINJA_BOY,,diamondpearl_trainer_index=488; source=files/poketool/trainer/trdata.json; map_refs=R210A; matched_map=R210A,8,5,
TRAINER_NINJA_BOY_BRENNAN,BRENNAN,TRAINER_CLASS_NINJA_BOY,195,,,,TRAINER_PIC_NINJA_BOY,,diamondpearl_trainer_index=489; source=files/poketool/trainer/trdata.json; map_refs=R210A; matched_map=R210A,8,5,
TRAINER_NINJA_BOY_BRUCE,BRUCE,TRAINER_CLASS_NINJA_BOY,195,,,,TRAINER_PIC_NINJA_BOY,,diamondpearl_trainer_index=490; source=files/poketool/trainer/trdata.json; map_refs=R210A; matched_map=R210A,8,5,
TRAINER_BEAUTY_DEVON,DEVON,TRAINER_CLASS_BEAUTY,205,,,,TRAINER_PIC_BEAUTY,,diamondpearl_trainer_index=491; source=files/poketool/trainer/trdata.json; map_refs=R214; matched_map=R214,8,5,
TRAINER_BEAUTY_NICOLA,NICOLA,TRAINER_CLASS_BEAUTY,223,,,,TRAINER_PIC_BEAUTY,,diamondpearl_trainer_index=492; source=files/poketool/trainer/trdata.json; map_refs=R222; matched_map=R222,8,5,
TRAINER_SWIMMER_M_MICKEY_7,MICKEY,TRAINER_CLASS_SWIMMER_M,,true,,,TRAINER_PIC_SWIMMER_MALE,,diamondpearl_trainer_index=493; source=files/poketool/trainer/trdata.json; location_unpaired=true,8,5,
TRAINER_SWIMMER_F_CLAIRE,CLAIRE,TRAINER_CLASS_SWIMMER_F,211,,,,TRAINER_PIC_SWIMMER_FEMALE,,diamondpearl_trainer_index=494; source=files/poketool/trainer/trdata.json; map_refs=W220; matched_map=W220,8,5,
TRAINER_YOUNGSTER_MICKEY_6,MICKEY,TRAINER_CLASS_YOUNGSTER,,true,,,TRAINER_PIC_YOUNGSTER,,diamondpearl_trainer_index=495; source=files/poketool/trainer/trdata.json; location_unpaired=true,8,5,
TRAINER_YOUNGSTER_WAYNE,WAYNE,TRAINER_CLASS_YOUNGSTER,188,,,,TRAINER_PIC_YOUNGSTER,,diamondpearl_trainer_index=496; source=files/poketool/trainer/trdata.json; map_refs=D21R0101; matched_map=D21R0101,8,5,
TRAINER_TUBER_M_JACKY,JACKY,TRAINER_CLASS_TUBER_M,199,,,,TRAINER_PIC_TUBER_MALE,,diamondpearl_trainer_index=497; source=files/poketool/trainer/trdata.json; map_refs=C06GYM0101; matched_map=C06GYM0101,8,5,
TRAINER_TUBER_F_CAITLYN,CAITLYN,TRAINER_CLASS_TUBER_F,199,,,,TRAINER_PIC_TUBER_FEMALE,,diamondpearl_trainer_index=498; source=files/poketool/trainer/trdata.json; map_refs=C06GYM0101; matched_map=C06GYM0101,8,5,
TRAINER_VETERAN_TERRELL,TERRELL,TRAINER_CLASS_VETERAN,48,,,,TRAINER_PIC_VETERAN,,diamondpearl_trainer_index=499; source=files/poketool/trainer/trdata.json; map_refs=D09R0104; matched_map=D09R0104,8,5,
TRAINER_VETERAN_BRENDEN,BRENDEN,TRAINER_CLASS_VETERAN,48,,,,TRAINER_PIC_VETERAN,,diamondpearl_trainer_index=500; source=files/poketool/trainer/trdata.json; map_refs=D09R0104; matched_map=D09R0104,8,5,
TRAINER_WAITER_MICKEY_4,MICKEY,TRAINER_CLASS_WAITER,,true,,,TRAINER_PIC_WAITER,,diamondpearl_trainer_index=501; source=files/poketool/trainer/trdata.json; location_unpaired=true,8,5,
TRAINER_WORKER_MICKEY_5,MICKEY,TRAINER_CLASS_WORKER,,true,,,TRAINER_PIC_WORKER,,diamondpearl_trainer_index=502; source=files/poketool/trainer/trdata.json; location_unpaired=true,8,5,
TRAINER_WORKER_WILLY,WILLY,TRAINER_CLASS_WORKER,216,,,,TRAINER_PIC_WORKER,,diamondpearl_trainer_index=503; source=files/poketool/trainer/trdata.json; map_refs=D24R0104; matched_map=D24R0104,8,5,
TRAINER_WORKER_BRADEN,BRADEN,TRAINER_CLASS_WORKER,216,,,,TRAINER_PIC_WORKER,,diamondpearl_trainer_index=504; source=files/poketool/trainer/trdata.json; map_refs=D24R0104; matched_map=D24R0104,8,5,
TRAINER_WORKER_BRENDON,BRENDON,TRAINER_CLASS_WORKER,216,,,,TRAINER_PIC_WORKER,,diamondpearl_trainer_index=505; source=files/poketool/trainer/trdata.json; map_refs=D24R0105; matched_map=D24R0105,8,5,
TRAINER_WORKER_QUENTIN,QUENTIN,TRAINER_CLASS_WORKER,216,,,,TRAINER_PIC_WORKER,,diamondpearl_trainer_index=506; source=files/poketool/trainer/trdata.json; map_refs=D24R0105; matched_map=D24R0105,8,5,
TRAINER_GALACTIC_GRUNT_16,GRUNT,TRAINER_CLASS_GALACTIC,,,,,TRAINER_PIC_GALACTIC_GRUNT_MALE,,diamondpearl_trainer_index=507; source=files/poketool/trainer/trdata.json; map_refs=D26R0106; location_unpaired=true,8,5,
TRAINER_GALACTIC_GRUNT_17,GRUNT,TRAINER_CLASS_GALACTIC,,,,,TRAINER_PIC_GALACTIC_GRUNT_MALE,,diamondpearl_trainer_index=508; source=files/poketool/trainer/trdata.json; map_refs=D26R0106; location_unpaired=true,8,5,
TRAINER_GALACTIC_GRUNT_18,GRUNT,TRAINER_CLASS_GALACTIC,,,,,TRAINER_PIC_GALACTIC_GRUNT_MALE,,diamondpearl_trainer_index=509; source=files/poketool/trainer/trdata.json; map_refs=D26R0103; location_unpaired=true,8,5,
TRAINER_GALACTIC_GRUNT_19,GRUNT,TRAINER_CLASS_GALACTIC,,,,,TRAINER_PIC_GALACTIC_GRUNT_MALE,,diamondpearl_trainer_index=510; source=files/poketool/trainer/trdata.json; map_refs=D26R0102; location_unpaired=true,8,5,
TRAINER_GALACTIC_GRUNT_20,GRUNT,TRAINER_CLASS_GALACTIC,,,,,TRAINER_PIC_GALACTIC_GRUNT_MALE,,diamondpearl_trainer_index=511; source=files/poketool/trainer/trdata.json; location_unpaired=true,8,5,
TRAINER_GALACTIC_GRUNT_21,GRUNT,TRAINER_CLASS_GALACTIC,,,,,TRAINER_PIC_GALACTIC_GRUNT_MALE,,diamondpearl_trainer_index=512; source=files/poketool/trainer/trdata.json; map_refs=D26R0103; location_unpaired=true,8,5,
TRAINER_GALACTIC_GRUNT_22,GRUNT,TRAINER_CLASS_GALACTIC,,,,,TRAINER_PIC_GALACTIC_GRUNT_MALE,,diamondpearl_trainer_index=513; source=files/poketool/trainer/trdata.json; map_refs=D26R0102; location_unpaired=true,8,5,
TRAINER_GALACTIC_GRUNT_23,GRUNT,TRAINER_CLASS_GALACTIC,,,,,TRAINER_PIC_GALACTIC_GRUNT_MALE,,diamondpearl_trainer_index=514; source=files/poketool/trainer/trdata.json; map_refs=D26R0103; location_unpaired=true,8,5,
TRAINER_GALACTIC_GRUNT_24,GRUNT,TRAINER_CLASS_GALACTIC,,,,,TRAINER_PIC_GALACTIC_GRUNT_MALE,,diamondpearl_trainer_index=515; source=files/poketool/trainer/trdata.json; map_refs=D05R0103; location_unpaired=true,8,5,
TRAINER_GALACTIC_GRUNT_25,GRUNT,TRAINER_CLASS_GALACTIC,,,,,TRAINER_PIC_GALACTIC_GRUNT_MALE,,diamondpearl_trainer_index=516; source=files/poketool/trainer/trdata.json; map_refs=D05R0106; location_unpaired=true,8,5,
TRAINER_GALACTIC_GRUNT_26,GRUNT,TRAINER_CLASS_GALACTIC,,,,,TRAINER_PIC_GALACTIC_GRUNT_MALE,,diamondpearl_trainer_index=517; source=files/poketool/trainer/trdata.json; map_refs=D05R0106; location_unpaired=true,8,5,
TRAINER_GALACTIC_GRUNT_27,GRUNT,TRAINER_CLASS_GALACTIC,,,,,TRAINER_PIC_GALACTIC_GRUNT_MALE,,diamondpearl_trainer_index=518; source=files/poketool/trainer/trdata.json; map_refs=D05R0110; location_unpaired=true,8,5,
TRAINER_GALACTIC_GRUNT_28,GRUNT,TRAINER_CLASS_GALACTIC,,,,,TRAINER_PIC_GALACTIC_GRUNT_MALE,,diamondpearl_trainer_index=519; source=files/poketool/trainer/trdata.json; map_refs=D05R0110; location_unpaired=true,8,5,
TRAINER_GALACTIC_GRUNT_29,GRUNT,TRAINER_CLASS_GALACTIC,,,,,TRAINER_PIC_GALACTIC_GRUNT_MALE,,diamondpearl_trainer_index=520; source=files/poketool/trainer/trdata.json; map_refs=D05R0108; location_unpaired=true,8,5,
TRAINER_GALACTIC_GRUNT_30,GRUNT,TRAINER_CLASS_GALACTIC,,,,,TRAINER_PIC_GALACTIC_GRUNT_MALE,,diamondpearl_trainer_index=521; source=files/poketool/trainer/trdata.json; location_unpaired=true,8,5,
TRAINER_GALACTIC_F_GRUNT_11,GRUNT,TRAINER_CLASS_GALACTIC_F,,,,,TRAINER_PIC_GALACTIC_GRUNT_FEMALE,,diamondpearl_trainer_index=522; source=files/poketool/trainer/trdata.json; map_refs=D26R0103; location_unpaired=true,8,5,
TRAINER_GALACTIC_F_GRUNT_12,GRUNT,TRAINER_CLASS_GALACTIC_F,,,,,TRAINER_PIC_GALACTIC_GRUNT_FEMALE,,diamondpearl_trainer_index=523; source=files/poketool/trainer/trdata.json; map_refs=D05R0103; location_unpaired=true,8,5,
TRAINER_GALACTIC_F_GRUNT_13,GRUNT,TRAINER_CLASS_GALACTIC_F,,,,,TRAINER_PIC_GALACTIC_GRUNT_FEMALE,,diamondpearl_trainer_index=524; source=files/poketool/trainer/trdata.json; map_refs=D05R0110; location_unpaired=true,8,5,
TRAINER_GALACTIC_F_GRUNT_14,GRUNT,TRAINER_CLASS_GALACTIC_F,,,,,TRAINER_PIC_GALACTIC_GRUNT_FEMALE,,diamondpearl_trainer_index=525; source=files/poketool/trainer/trdata.json; map_refs=D05R0108; location_unpaired=true,8,5,
TRAINER_GALACTIC_F_GRUNT_15,GRUNT,TRAINER_CLASS_GALACTIC_F,,,,,TRAINER_PIC_GALACTIC_GRUNT_FEMALE,,diamondpearl_trainer_index=526; source=files/poketool/trainer/trdata.json; map_refs=D05R0109; location_unpaired=true,8,5,
TRAINER_GALACTIC_F_GRUNT_16,GRUNT,TRAINER_CLASS_GALACTIC_F,,,,,TRAINER_PIC_GALACTIC_GRUNT_FEMALE,,diamondpearl_trainer_index=527; source=files/poketool/trainer/trdata.json; location_unpaired=true,8,5,
TRAINER_COMMANDER_MARS_MARS_3,MARS,TRAINER_CLASS_COMMANDER_MARS,,true,,,TRAINER_PIC_COMMANDER_MARS,,diamondpearl_trainer_index=528; source=files/poketool/trainer/trdata.json; location_unpaired=true,8,5,
TRAINER_ROUGHNECK_KIRBY,KIRBY,TRAINER_CLASS_ROUGHNECK,192,,,,TRAINER_PIC_ROUGHNECK,,diamondpearl_trainer_index=529; source=files/poketool/trainer/trdata.json; map_refs=R209R0103; matched_map=R209R0103,8,5,
TRAINER_POKEFAN_M_LEONARD,LEONARD,TRAINER_CLASS_POKEFAN_M,192,,,,TRAINER_PIC_POKEFAN_MALE,,diamondpearl_trainer_index=530; source=files/poketool/trainer/trdata.json; map_refs=R209R0103; matched_map=R209R0103,8,5,
TRAINER_POKEFAN_F_REBEKAH,REBEKAH,TRAINER_CLASS_POKEFAN_F,192,,,,TRAINER_PIC_POKEFAN_FEMALE,,diamondpearl_trainer_index=531; source=files/poketool/trainer/trdata.json; map_refs=R209R0104; matched_map=R209R0104,8,5,
TRAINER_YOUNGSTER_OLIVER,OLIVER,TRAINER_CLASS_YOUNGSTER,192,,,,TRAINER_PIC_YOUNGSTER,,diamondpearl_trainer_index=532; source=files/poketool/trainer/trdata.json; map_refs=R209R0102; matched_map=R209R0102,8,5,
TRAINER_BELLE__PA_BETH_BOB,BETH & BOB,TRAINER_CLASS_BELLE__PA,192,,,,TRAINER_PIC_BELLE_AND_PA,True,diamondpearl_trainer_index=533; source=files/poketool/trainer/trdata.json; map_refs=R209R0104; matched_map=R209R0104,8,5,
TRAINER_YOUNG_COUPLE_MIKE_NAT,MIKE & NAT,TRAINER_CLASS_YOUNG_COUPLE,192,,,,TRAINER_PIC_YOUNG_COUPLE,True,diamondpearl_trainer_index=534; source=files/poketool/trainer/trdata.json; map_refs=R209R0104; matched_map=R209R0104,8,5,
TRAINER_AROMA_LADY_ALISON,ALISON,TRAINER_CLASS_AROMA_LADY,,,,,TRAINER_PIC_AROMA_LADY,,diamondpearl_trainer_index=535; source=files/poketool/trainer/trdata.json; location_unpaired=true,8,5,
TRAINER_ARTIST_ISMAEL,ISMAEL,TRAINER_CLASS_ARTIST,,,,,TRAINER_PIC_ARTIST,,diamondpearl_trainer_index=536; source=files/poketool/trainer/trdata.json; location_unpaired=true,8,5,
TRAINER_PKMN_BREEDER_F_KAYLEE,KAYLEE,TRAINER_CLASS_PKMN_BREEDER_F,,,,,TRAINER_PIC_BREEDER_FEMALE,,diamondpearl_trainer_index=537; source=files/poketool/trainer/trdata.json; location_unpaired=true,8,5,
TRAINER_CAMERAMAN_DARRYL,DARRYL,TRAINER_CLASS_CAMERAMAN,,,,,TRAINER_PIC_CAMERAMAN,,diamondpearl_trainer_index=538; source=files/poketool/trainer/trdata.json; location_unpaired=true,8,5,
TRAINER_COLLECTOR_EUGENE,EUGENE,TRAINER_CLASS_COLLECTOR,,,,,TRAINER_PIC_COLLECTOR,,diamondpearl_trainer_index=539; source=files/poketool/trainer/trdata.json; location_unpaired=true,8,5,
TRAINER_POKEFAN_F_MEREDITH,MEREDITH,TRAINER_CLASS_POKEFAN_F,,,,,TRAINER_PIC_POKEFAN_FEMALE,,diamondpearl_trainer_index=540; source=files/poketool/trainer/trdata.json; location_unpaired=true,8,5,
TRAINER_PI_KENDRICK,KENDRICK,TRAINER_CLASS_PI,,,,,TRAINER_PIC_PI,,diamondpearl_trainer_index=541; source=files/poketool/trainer/trdata.json; location_unpaired=true,8,5,
TRAINER_GENTLEMAN_LEONARDO,LEONARDO,TRAINER_CLASS_GENTLEMAN,,,,,TRAINER_PIC_GENTLEMAN,,diamondpearl_trainer_index=542; source=files/poketool/trainer/trdata.json; location_unpaired=true,8,5,
TRAINER_SOCIALITE_REBECCA,REBECCA,TRAINER_CLASS_SOCIALITE,,,,ITEM_FULL_RESTORE,TRAINER_PIC_SOCIALITE,,diamondpearl_trainer_index=543; source=files/poketool/trainer/trdata.json; location_unpaired=true,8,5,
TRAINER_LASS_BLYTHE,BLYTHE,TRAINER_CLASS_LASS,,,,,TRAINER_PIC_LASS,,diamondpearl_trainer_index=544; source=files/poketool/trainer/trdata.json; location_unpaired=true,8,5,
TRAINER_RICH_BOY_ROMAN,ROMAN,TRAINER_CLASS_RICH_BOY,,,,,TRAINER_PIC_RICH_BOY,,diamondpearl_trainer_index=545; source=files/poketool/trainer/trdata.json; location_unpaired=true,8,5,
TRAINER_LADY_KYLIE,KYLIE,TRAINER_CLASS_LADY,,,,,TRAINER_PIC_LADY,,diamondpearl_trainer_index=546; source=files/poketool/trainer/trdata.json; location_unpaired=true,8,5,
TRAINER_REPORTER_VALERIE,VALERIE,TRAINER_CLASS_REPORTER,,,,,TRAINER_PIC_REPORTER,,diamondpearl_trainer_index=547; source=files/poketool/trainer/trdata.json; location_unpaired=true,8,5,
TRAINER_SCHOOL_KID_M_ESTEBAN,ESTEBAN,TRAINER_CLASS_SCHOOL_KID_M,,,,,TRAINER_PIC_SCHOOL_KID_MALE,,diamondpearl_trainer_index=548; source=files/poketool/trainer/trdata.json; location_unpaired=true,8,5,
TRAINER_SCIENTIST_EMILIO,EMILIO,TRAINER_CLASS_SCIENTIST,,,,,TRAINER_PIC_SCIENTIST,,diamondpearl_trainer_index=549; source=files/poketool/trainer/trdata.json; location_unpaired=true,8,5,
TRAINER_BEAUTY_GABRIELLA,GABRIELLA,TRAINER_CLASS_BEAUTY,,,,,TRAINER_PIC_BEAUTY,,diamondpearl_trainer_index=550; source=files/poketool/trainer/trdata.json; location_unpaired=true,8,5,
TRAINER_BEAUTY_HARLEY,HARLEY,TRAINER_CLASS_BEAUTY,,,,,TRAINER_PIC_BEAUTY,,diamondpearl_trainer_index=551; source=files/poketool/trainer/trdata.json; location_unpaired=true,8,5,
TRAINER_VETERAN_EMANUEL,EMANUEL,TRAINER_CLASS_VETERAN,,,,,TRAINER_PIC_VETERAN,,diamondpearl_trainer_index=552; source=files/poketool/trainer/trdata.json; location_unpaired=true,8,5,
TRAINER_RUIN_MANIAC_KARL,KARL,TRAINER_CLASS_RUIN_MANIAC,194,,,,TRAINER_PIC_RUIN_MANIAC,,diamondpearl_trainer_index=553; source=files/poketool/trainer/trdata.json; map_refs=D07R0107; matched_map=D07R0107,8,5,
TRAINER_BIRD_KEEPER_AUDREY,AUDREY,TRAINER_CLASS_BIRD_KEEPER,,,,,TRAINER_PIC_BIRD_KEEPER,,diamondpearl_trainer_index=554; source=files/poketool/trainer/trdata.json; map_refs=R225; location_unpaired=true,8,5,
TRAINER_BIRD_KEEPER_GENEVA,GENEVA,TRAINER_CLASS_BIRD_KEEPER,,,,,TRAINER_PIC_BIRD_KEEPER,,diamondpearl_trainer_index=555; source=files/poketool/trainer/trdata.json; map_refs=W226; location_unpaired=true,8,5,
TRAINER_BIRD_KEEPER_KRYSTAL,KRYSTAL,TRAINER_CLASS_BIRD_KEEPER,,,,,TRAINER_PIC_BIRD_KEEPER,,diamondpearl_trainer_index=556; source=files/poketool/trainer/trdata.json; map_refs=D16R0102; location_unpaired=true,8,5,
TRAINER_DRAGON_TAMER_GEOFFREY,GEOFFREY,TRAINER_CLASS_DRAGON_TAMER,,,,,TRAINER_PIC_DRAGON_TAMER,,diamondpearl_trainer_index=557; source=files/poketool/trainer/trdata.json; map_refs=R225; location_unpaired=true,8,5,
TRAINER_DRAGON_TAMER_DARIEN,DARIEN,TRAINER_CLASS_DRAGON_TAMER,,,,,TRAINER_PIC_DRAGON_TAMER,,diamondpearl_trainer_index=558; source=files/poketool/trainer/trdata.json; map_refs=D16; location_unpaired=true,8,5,
TRAINER_DRAGON_TAMER_KEEGAN,KEEGAN,TRAINER_CLASS_DRAGON_TAMER,,,,,TRAINER_PIC_DRAGON_TAMER,,diamondpearl_trainer_index=559; source=files/poketool/trainer/trdata.json; map_refs=R228; location_unpaired=true,8,5,
TRAINER_DRAGON_TAMER_STANLEY,STANLEY,TRAINER_CLASS_DRAGON_TAMER,,,,,TRAINER_PIC_DRAGON_TAMER,,diamondpearl_trainer_index=560; source=files/poketool/trainer/trdata.json; map_refs=W226; location_unpaired=true,8,5,
TRAINER_DRAGON_TAMER_DRAKE,DRAKE,TRAINER_CLASS_DRAGON_TAMER,,,,,TRAINER_PIC_DRAGON_TAMER,,diamondpearl_trainer_index=561; source=files/poketool/trainer/trdata.json; map_refs=D16R0102; location_unpaired=true,8,5,
TRAINER_DRAGON_TAMER_KENNY,KENNY,TRAINER_CLASS_DRAGON_TAMER,,,,,TRAINER_PIC_DRAGON_TAMER,,diamondpearl_trainer_index=562; source=files/poketool/trainer/trdata.json; map_refs=D16R0102; location_unpaired=true,8,5,
TRAINER_ACE_TRAINER_M_RODOLFO,RODOLFO,TRAINER_CLASS_ACE_TRAINER_M,,,,,TRAINER_PIC_ACE_TRAINER_MALE,,diamondpearl_trainer_index=563; source=files/poketool/trainer/trdata.json; map_refs=R225; location_unpaired=true,8,5,
TRAINER_ACE_TRAINER_M_SAUL,SAUL,TRAINER_CLASS_ACE_TRAINER_M,,,,,TRAINER_PIC_ACE_TRAINER_MALE,,diamondpearl_trainer_index=564; source=files/poketool/trainer/trdata.json; map_refs=R227; location_unpaired=true,8,5,
TRAINER_ACE_TRAINER_M_JOSE,JOSE,TRAINER_CLASS_ACE_TRAINER_M,,,,,TRAINER_PIC_ACE_TRAINER_MALE,,diamondpearl_trainer_index=565; source=files/poketool/trainer/trdata.json; map_refs=R228; location_unpaired=true,8,5,
TRAINER_ACE_TRAINER_M_FELIX,FELIX,TRAINER_CLASS_ACE_TRAINER_M,,,,,TRAINER_PIC_ACE_TRAINER_MALE,,diamondpearl_trainer_index=566; source=files/poketool/trainer/trdata.json; map_refs=R229; location_unpaired=true,8,5,
TRAINER_ACE_TRAINER_M_QUINN,QUINN,TRAINER_CLASS_ACE_TRAINER_M,,,,,TRAINER_PIC_ACE_TRAINER_MALE,,diamondpearl_trainer_index=567; source=files/poketool/trainer/trdata.json; map_refs=R225; location_unpaired=true,8,5,
TRAINER_ACE_TRAINER_M_GRAHAM,GRAHAM,TRAINER_CLASS_ACE_TRAINER_M,,,,,TRAINER_PIC_ACE_TRAINER_MALE,,diamondpearl_trainer_index=568; source=files/poketool/trainer/trdata.json; map_refs=W226; location_unpaired=true,8,5,
TRAINER_ACE_TRAINER_M_KEENAN,KEENAN,TRAINER_CLASS_ACE_TRAINER_M,,,,,TRAINER_PIC_ACE_TRAINER_MALE,,diamondpearl_trainer_index=569; source=files/poketool/trainer/trdata.json; map_refs=D16R0102; location_unpaired=true,8,5,
TRAINER_ACE_TRAINER_M_STEFAN,STEFAN,TRAINER_CLASS_ACE_TRAINER_M,,,,,TRAINER_PIC_ACE_TRAINER_MALE,,diamondpearl_trainer_index=570; source=files/poketool/trainer/trdata.json; map_refs=D16R0102; location_unpaired=true,8,5,
TRAINER_ACE_TRAINER_M_SKYLAR,SKYLAR,TRAINER_CLASS_ACE_TRAINER_M,,,,,TRAINER_PIC_ACE_TRAINER_MALE,,diamondpearl_trainer_index=571; source=files/poketool/trainer/trdata.json; map_refs=D16R0102; location_unpaired=true,8,5,
TRAINER_ACE_TRAINER_M_ABEL,ABEL,TRAINER_CLASS_ACE_TRAINER_M,,,,,TRAINER_PIC_ACE_TRAINER_MALE,,diamondpearl_trainer_index=572; source=files/poketool/trainer/trdata.json; map_refs=D16R0102; location_unpaired=true,8,5,
TRAINER_ACE_TRAINER_F_DEANNA,DEANNA,TRAINER_CLASS_ACE_TRAINER_F,,,,,TRAINER_PIC_ACE_TRAINER_FEMALE,,diamondpearl_trainer_index=573; source=files/poketool/trainer/trdata.json; map_refs=R225; location_unpaired=true,8,5,
TRAINER_ACE_TRAINER_F_ARIANA,ARIANA,TRAINER_CLASS_ACE_TRAINER_F,,,,,TRAINER_PIC_ACE_TRAINER_FEMALE,,diamondpearl_trainer_index=574; source=files/poketool/trainer/trdata.json; map_refs=R228; location_unpaired=true,8,5,
TRAINER_ACE_TRAINER_F_DANA,DANA,TRAINER_CLASS_ACE_TRAINER_F,,,,,TRAINER_PIC_ACE_TRAINER_FEMALE,,diamondpearl_trainer_index=575; source=files/poketool/trainer/trdata.json; map_refs=R229; location_unpaired=true,8,5,
TRAINER_ACE_TRAINER_F_MIKAYLA,MIKAYLA,TRAINER_CLASS_ACE_TRAINER_F,,,,,TRAINER_PIC_ACE_TRAINER_FEMALE,,diamondpearl_trainer_index=576; source=files/poketool/trainer/trdata.json; map_refs=R227; location_unpaired=true,8,5,
TRAINER_ACE_TRAINER_F_MEAGAN,MEAGAN,TRAINER_CLASS_ACE_TRAINER_F,,,,,TRAINER_PIC_ACE_TRAINER_FEMALE,,diamondpearl_trainer_index=577; source=files/poketool/trainer/trdata.json; map_refs=R228; location_unpaired=true,8,5,
TRAINER_ACE_TRAINER_F_SANDRA,SANDRA,TRAINER_CLASS_ACE_TRAINER_F,,,,,TRAINER_PIC_ACE_TRAINER_FEMALE,,diamondpearl_trainer_index=578; source=files/poketool/trainer/trdata.json; map_refs=R229; location_unpaired=true,8,5,
TRAINER_ACE_TRAINER_F_KASSANDRA,KASSANDRA,TRAINER_CLASS_ACE_TRAINER_F,,,,,TRAINER_PIC_ACE_TRAINER_FEMALE,,diamondpearl_trainer_index=579; source=files/poketool/trainer/trdata.json; map_refs=D16R0102; location_unpaired=true,8,5,
TRAINER_ACE_TRAINER_F_JASMIN,JASMIN,TRAINER_CLASS_ACE_TRAINER_F,,,,,TRAINER_PIC_ACE_TRAINER_FEMALE,,diamondpearl_trainer_index=580; source=files/poketool/trainer/trdata.json; map_refs=D16R0102; location_unpaired=true,8,5,
TRAINER_ACE_TRAINER_F_NATASHA,NATASHA,TRAINER_CLASS_ACE_TRAINER_F,,,,,TRAINER_PIC_ACE_TRAINER_FEMALE,,diamondpearl_trainer_index=581; source=files/poketool/trainer/trdata.json; map_refs=D16R0102; location_unpaired=true,8,5,
TRAINER_ACE_TRAINER_F_MONIQUE,MONIQUE,TRAINER_CLASS_ACE_TRAINER_F,,,,,TRAINER_PIC_ACE_TRAINER_FEMALE,,diamondpearl_trainer_index=582; source=files/poketool/trainer/trdata.json; map_refs=D16R0102; location_unpaired=true,8,5,
TRAINER_PSYCHIC_M_CORBIN,CORBIN,TRAINER_CLASS_PSYCHIC_M,,,,,TRAINER_PIC_PSYCHIC_MALE,,diamondpearl_trainer_index=583; source=files/poketool/trainer/trdata.json; map_refs=R228; location_unpaired=true,8,5,
TRAINER_PSYCHIC_M_STERLING,STERLING,TRAINER_CLASS_PSYCHIC_M,,,,,TRAINER_PIC_PSYCHIC_MALE,,diamondpearl_trainer_index=584; source=files/poketool/trainer/trdata.json; map_refs=D16R0102; location_unpaired=true,8,5,
TRAINER_PSYCHIC_F_DAISY,DAISY,TRAINER_CLASS_PSYCHIC_F,171,,,,TRAINER_PIC_PSYCHIC_FEMALE,,diamondpearl_trainer_index=585; source=files/poketool/trainer/trdata.json; map_refs=C01|C01FS0101|C01GYM0101|C01PC0103|C01R0103|C01R0201|C01R0202|C01R0203|C01R0204|C01R0205|C01R0206|C01R0207|C01R0701|C02|C02GYM0101|C02PC0103|C02R0101|C02R0102|C02R0103|C02R0201|C03|C03PC0103|C03R0101|C03R0202|C03R0401|C03R0601|C04|C04PC0103|C04R0201|C04R0202|C04R0203|C04R0303|C05|C05GYM0101|C05GYM0104|C05GYM0106|C05GYM0108|C05GYM0110|C05GYM0112|C05PC0103|C05R0102|C05R0501|C05R1101|C05R1102|C05R1103|C05R1201|C06|C06GYM0101|C06PC0103|C06R0102|C07|C07GYM0101|C07PC0103|C07R0101|C07R0205|C07R0601|C08|C08GYM0101|C08GYM0102|C08GYM0103|C08PC0103|C08R0801|C09|C09GYM0101|C09PC0103|C10PC0103|C10R0101|C10R0112|C10R0115|C11|C11PC0103|D01R0101|D01R0102|D02R0101|D03R0101|D05R0101|D05R0103|D05R0106|D05R0110|D05R0112|D05R0113|D05R0114|D09R0101|D09R0102|D09R0103|D09R0104|D11R0101|D12R0101|D13R0101|D13R0102|D14R0101|D14R0102|D16R0101|D16R0102|D16R0103|D17R0102|D17R0103|D17R0104|D17R0107|D17R0108|D17R0109|D17R0110|D17R0111|D17R0112|D17R0113|D17R0114|D17R0115|D17R0116|D17R0117|D17R0118|D17R0119|D17R0120|D17R0121|D17R0122|D20R0101|D20R0102|D20R0103|D20R0104|D20R0105|D21R0101|D23R0101|D24R0105|D24R0106|D26R0101|D26R0102|D26R0103|D26R0104|D26R0106|D26R0107|D27R0101|D27R0103|D28R0101|D28R0103|D29R0101|D29R0102|D29R0103|D31|D31R0101|D31R0201|D31R0204|D31R0207|L02|L02R0101|MAP_CANALAVE_POKECENTER|MAP_CELESTIC_POKECENTER|MAP_ETERNA_POKECENTER|MAP_FIGHT_AREA_POKECENTER|MAP_FLOAROMA_POKECENTER|MAP_HEARTHOME_POKECENTER|MAP_JUBLIFE_POKECENTER|MAP_OREBURGH_POKECENTER|MAP_PASTORIA_POKECENTER|MAP_POKEMON_LEAGUE_POKECENTER|MAP_RESORT_AREA_POKECENTER|MAP_SANDGEM_POKECENTER|MAP_SNOWPOINT_POKECENTER|MAP_SOLACEON_POKECENTER|MAP_SUNYSHORE_POKECENTER|MAP_SURVIVAL_AREA_POKECENTER|MAP_VEILSTONE_POKECENTER|R201|R204B|R205A|R205B|R206|R207|R208|R209|R209R0101|R209R0102|R209R0103|R209R0104|R210A|R210B|R211A|R211B|R212A|R212B|R213|R213R0301|R214|R215|R216|R217|R218|R221|R221R0101|R222|R224|R225|R227|R228|R229|T01R0102|T01R0201|T02|T02PC0103|T02R0101|T03PC0103|T03R0101|T04|T04PC0103|T05|T05PC0103|T05R0501|T06FS0101|T06PC0103|T07|T07PC0103|T07R0101|UG|UNION|W220|W223|W226|W230; matched_map=R201,8,5,
TRAINER_PSYCHIC_F_CHELSEY,CHELSEY,TRAINER_CLASS_PSYCHIC_F,219,,,,TRAINER_PIC_PSYCHIC_FEMALE,,diamondpearl_trainer_index=586; source=files/poketool/trainer/trdata.json; map_refs=C11|D16R0102|D26R0102|D26R0104|R211B|R217|T05; matched_map=R217,8,5,
TRAINER_BLACK_BELT_DAVON,DAVON,TRAINER_CLASS_BLACK_BELT,223,,,,TRAINER_PIC_BLACK_BELT,,diamondpearl_trainer_index=587; source=files/poketool/trainer/trdata.json; map_refs=C01|C01R0201|C07|D11R0101|L02|L02R0101|R222|R228; matched_map=R222,8,5,
TRAINER_BLACK_BELT_GRIFFIN,GRIFFIN,TRAINER_CLASS_BLACK_BELT,,,,,TRAINER_PIC_BLACK_BELT,,diamondpearl_trainer_index=588; source=files/poketool/trainer/trdata.json; map_refs=R227; location_unpaired=true,8,5,
TRAINER_BLACK_BELT_RAY,RAY,TRAINER_CLASS_BLACK_BELT,,,,,TRAINER_PIC_BLACK_BELT,,diamondpearl_trainer_index=589; source=files/poketool/trainer/trdata.json; map_refs=D16R0102|D26R0101; location_unpaired=true,8,5,
TRAINER_BLACK_BELT_JARRETT,JARRETT,TRAINER_CLASS_BLACK_BELT,,,,,TRAINER_PIC_BLACK_BELT,,diamondpearl_trainer_index=590; source=files/poketool/trainer/trdata.json; map_refs=D16R0102; location_unpaired=true,8,5,
TRAINER_PKMN_RANGER_M_KYLER,KYLER,TRAINER_CLASS_PKMN_RANGER_M,,,,,TRAINER_PIC_RANGER_MALE,,diamondpearl_trainer_index=591; source=files/poketool/trainer/trdata.json; map_refs=R228; location_unpaired=true,8,5,
TRAINER_PKMN_RANGER_M_DESHAWN,DESHAWN,TRAINER_CLASS_PKMN_RANGER_M,,,,,TRAINER_PIC_RANGER_MALE,,diamondpearl_trainer_index=592; source=files/poketool/trainer/trdata.json; map_refs=R229; location_unpaired=true,8,5,
TRAINER_PKMN_RANGER_M_DWAYNE,DWAYNE,TRAINER_CLASS_PKMN_RANGER_M,,,,,TRAINER_PIC_RANGER_MALE,,diamondpearl_trainer_index=593; source=files/poketool/trainer/trdata.json; map_refs=R225; location_unpaired=true,8,5,
TRAINER_PKMN_RANGER_F_ASHLEE,ASHLEE,TRAINER_CLASS_PKMN_RANGER_F,,,,,TRAINER_PIC_RANGER_FEMALE,,diamondpearl_trainer_index=594; source=files/poketool/trainer/trdata.json; map_refs=R225; location_unpaired=true,8,5,
TRAINER_PKMN_RANGER_F_FELICIA,FELICIA,TRAINER_CLASS_PKMN_RANGER_F,,,,,TRAINER_PIC_RANGER_FEMALE,,diamondpearl_trainer_index=595; source=files/poketool/trainer/trdata.json; map_refs=R227; location_unpaired=true,8,5,
TRAINER_PKMN_RANGER_F_KRISTA,KRISTA,TRAINER_CLASS_PKMN_RANGER_F,,,,,TRAINER_PIC_RANGER_FEMALE,,diamondpearl_trainer_index=596; source=files/poketool/trainer/trdata.json; map_refs=R228; location_unpaired=true,8,5,
TRAINER_SWIMMER_M_GLENN,GLENN,TRAINER_CLASS_SWIMMER_M,,,,,TRAINER_PIC_SWIMMER_MALE,,diamondpearl_trainer_index=597; source=files/poketool/trainer/trdata.json; map_refs=W230; location_unpaired=true,8,5,
TRAINER_SWIMMER_M_KURT,KURT,TRAINER_CLASS_SWIMMER_M,,,,,TRAINER_PIC_SWIMMER_MALE,,diamondpearl_trainer_index=598; source=files/poketool/trainer/trdata.json; map_refs=W230; location_unpaired=true,8,5,
TRAINER_SWIMMER_M_SAM,SAM,TRAINER_CLASS_SWIMMER_M,,,,,TRAINER_PIC_SWIMMER_MALE,,diamondpearl_trainer_index=599; source=files/poketool/trainer/trdata.json; map_refs=W230; location_unpaired=true,8,5,
TRAINER_SWIMMER_M_WADE,WADE,TRAINER_CLASS_SWIMMER_M,,,,,TRAINER_PIC_SWIMMER_MALE,,diamondpearl_trainer_index=600; source=files/poketool/trainer/trdata.json; map_refs=W226; location_unpaired=true,8,5,
TRAINER_SWIMMER_F_JOANNA,JOANNA,TRAINER_CLASS_SWIMMER_F,,,,,TRAINER_PIC_SWIMMER_FEMALE,,diamondpearl_trainer_index=601; source=files/poketool/trainer/trdata.json; map_refs=W230; location_unpaired=true,8,5,
TRAINER_SWIMMER_F_SOPHIA,SOPHIA,TRAINER_CLASS_SWIMMER_F,,,,,TRAINER_PIC_SWIMMER_FEMALE,,diamondpearl_trainer_index=602; source=files/poketool/trainer/trdata.json; map_refs=W230; location_unpaired=true,8,5,
TRAINER_SWIMMER_F_MALLORY,MALLORY,TRAINER_CLASS_SWIMMER_F,,,,,TRAINER_PIC_SWIMMER_FEMALE,,diamondpearl_trainer_index=603; source=files/poketool/trainer/trdata.json; map_refs=W230; location_unpaired=true,8,5,
TRAINER_SWIMMER_F_LYDIA,LYDIA,TRAINER_CLASS_SWIMMER_F,,,,,TRAINER_PIC_SWIMMER_FEMALE,,diamondpearl_trainer_index=604; source=files/poketool/trainer/trdata.json; map_refs=W226; location_unpaired=true,8,5,
TRAINER_VETERAN_MICKEY_4,MICKEY,TRAINER_CLASS_VETERAN,,true,,,TRAINER_PIC_VETERAN,,diamondpearl_trainer_index=605; source=files/poketool/trainer/trdata.json; location_unpaired=true,8,5,
TRAINER_VETERAN_HARLAN,HARLAN,TRAINER_CLASS_VETERAN,,,,,TRAINER_PIC_VETERAN,,diamondpearl_trainer_index=606; source=files/poketool/trainer/trdata.json; map_refs=D16R0102; location_unpaired=true,8,5,
TRAINER_PKMN_TRAINER_BARRY_CEDRIC_16,CEDRIC,TRAINER_CLASS_PKMN_TRAINER_BARRY,,,,,TRAINER_PIC_RIVAL,,diamondpearl_trainer_index=607; source=files/poketool/trainer/trdata.json; location_unpaired=true,8,5,
TRAINER_PKMN_TRAINER_AROMA_LADY_CHERYL,CHERYL,TRAINER_CLASS_PKMN_TRAINER_CHERYL,,,,,TRAINER_PIC_TRAINER_CHERYL,,diamondpearl_trainer_index=608; source=files/poketool/trainer/trdata.json; location_unpaired=true,8,5,
TRAINER_PKMN_TRAINER_RICH_BOY_RILEY,RILEY,TRAINER_CLASS_PKMN_TRAINER_RILEY,,,,,TRAINER_PIC_TRAINER_RILEY,,diamondpearl_trainer_index=609; source=files/poketool/trainer/trdata.json; location_unpaired=true,8,5,
TRAINER_PKMN_TRAINER_PICNICKER_MARLEY,MARLEY,TRAINER_CLASS_PKMN_TRAINER_MARLEY,,,,,TRAINER_PIC_TRAINER_MARLEY,,diamondpearl_trainer_index=610; source=files/poketool/trainer/trdata.json; location_unpaired=true,8,5,
TRAINER_PKMN_TRAINER_CAMPER_BUCK,BUCK,TRAINER_CLASS_PKMN_TRAINER_BUCK,,,,,TRAINER_PIC_TRAINER_BUCK,,diamondpearl_trainer_index=611; source=files/poketool/trainer/trdata.json; location_unpaired=true,8,5,
TRAINER_PKMN_TRAINER_POKEKID_MIRA,MIRA,TRAINER_CLASS_PKMN_TRAINER_MIRA,,,,,TRAINER_PIC_TRAINER_MIRA,,diamondpearl_trainer_index=612; source=files/poketool/trainer/trdata.json; location_unpaired=true,8,5,
TRAINER_PKMN_TRAINER_LUCAS_LUCAS,LUCAS,TRAINER_CLASS_PKMN_TRAINER_LUCAS,,,,,TRAINER_PIC_DP_PLAYER_MALE,,diamondpearl_trainer_index=613; source=files/poketool/trainer/trdata.json; location_unpaired=true,8,5,
TRAINER_PKMN_TRAINER_LUCAS_LUCAS_2,LUCAS,TRAINER_CLASS_PKMN_TRAINER_LUCAS,,true,,,TRAINER_PIC_DP_PLAYER_MALE,,diamondpearl_trainer_index=614; source=files/poketool/trainer/trdata.json; location_unpaired=true,8,5,
TRAINER_PKMN_TRAINER_LUCAS_LUCAS_3,LUCAS,TRAINER_CLASS_PKMN_TRAINER_LUCAS,,true,,,TRAINER_PIC_DP_PLAYER_MALE,,diamondpearl_trainer_index=615; source=files/poketool/trainer/trdata.json; location_unpaired=true,8,5,
TRAINER_PKMN_TRAINER_DAWN_DAWN,DAWN,TRAINER_CLASS_PKMN_TRAINER_DAWN,,,,,TRAINER_PIC_DP_PLAYER_FEMALE,,diamondpearl_trainer_index=616; source=files/poketool/trainer/trdata.json; location_unpaired=true,8,5,
TRAINER_PKMN_TRAINER_DAWN_DAWN_2,DAWN,TRAINER_CLASS_PKMN_TRAINER_DAWN,,true,,,TRAINER_PIC_DP_PLAYER_FEMALE,,diamondpearl_trainer_index=617; source=files/poketool/trainer/trdata.json; location_unpaired=true,8,5,
TRAINER_PKMN_TRAINER_DAWN_DAWN_3,DAWN,TRAINER_CLASS_PKMN_TRAINER_DAWN,,true,,,TRAINER_PIC_DP_PLAYER_FEMALE,,diamondpearl_trainer_index=618; source=files/poketool/trainer/trdata.json; location_unpaired=true,8,5,
TRAINER_PKMN_TRAINER_BARRY_CEDRIC_17,CEDRIC,TRAINER_CLASS_PKMN_TRAINER_BARRY,,,,,TRAINER_PIC_RIVAL,,diamondpearl_trainer_index=619; source=files/poketool/trainer/trdata.json; location_unpaired=true,8,5,
TRAINER_PKMN_TRAINER_BARRY_CEDRIC_18,CEDRIC,TRAINER_CLASS_PKMN_TRAINER_BARRY,,,,,TRAINER_PIC_RIVAL,,diamondpearl_trainer_index=620; source=files/poketool/trainer/trdata.json; location_unpaired=true,8,5,
TRAINER_PKMN_TRAINER_LUCAS_LUCAS_4,LUCAS,TRAINER_CLASS_PKMN_TRAINER_LUCAS,,true,,,TRAINER_PIC_DP_PLAYER_MALE,,diamondpearl_trainer_index=621; source=files/poketool/trainer/trdata.json; location_unpaired=true,8,5,
TRAINER_PKMN_TRAINER_LUCAS_LUCAS_5,LUCAS,TRAINER_CLASS_PKMN_TRAINER_LUCAS,,true,,,TRAINER_PIC_DP_PLAYER_MALE,,diamondpearl_trainer_index=622; source=files/poketool/trainer/trdata.json; location_unpaired=true,8,5,
TRAINER_PKMN_TRAINER_LUCAS_LUCAS_6,LUCAS,TRAINER_CLASS_PKMN_TRAINER_LUCAS,,true,,,TRAINER_PIC_DP_PLAYER_MALE,,diamondpearl_trainer_index=623; source=files/poketool/trainer/trdata.json; location_unpaired=true,8,5,
TRAINER_PKMN_TRAINER_DAWN_DAWN_4,DAWN,TRAINER_CLASS_PKMN_TRAINER_DAWN,,true,,,TRAINER_PIC_DP_PLAYER_FEMALE,,diamondpearl_trainer_index=624; source=files/poketool/trainer/trdata.json; location_unpaired=true,8,5,
TRAINER_PKMN_TRAINER_DAWN_DAWN_5,DAWN,TRAINER_CLASS_PKMN_TRAINER_DAWN,,true,,,TRAINER_PIC_DP_PLAYER_FEMALE,,diamondpearl_trainer_index=625; source=files/poketool/trainer/trdata.json; location_unpaired=true,8,5,
TRAINER_PKMN_TRAINER_DAWN_DAWN_6,DAWN,TRAINER_CLASS_PKMN_TRAINER_DAWN,,true,,,TRAINER_PIC_DP_PLAYER_FEMALE,,diamondpearl_trainer_index=626; source=files/poketool/trainer/trdata.json; location_unpaired=true,8,5,
TRAINER_AROMA_LADY_ELIZABETH_2,ELIZABETH,TRAINER_CLASS_AROMA_LADY,,true,,,TRAINER_PIC_AROMA_LADY,,diamondpearl_trainer_index=627; source=files/poketool/trainer/trdata.json; location_unpaired=true,8,5,
TRAINER_AROMA_LADY_ELIZABETH_3,ELIZABETH,TRAINER_CLASS_AROMA_LADY,,true,,,TRAINER_PIC_AROMA_LADY,,diamondpearl_trainer_index=628; source=files/poketool/trainer/trdata.json; location_unpaired=true,8,5,
TRAINER_AROMA_LADY_ELIZABETH_4,ELIZABETH,TRAINER_CLASS_AROMA_LADY,,true,,,TRAINER_PIC_AROMA_LADY,,diamondpearl_trainer_index=629; source=files/poketool/trainer/trdata.json; location_unpaired=true,8,5,
TRAINER_ARTIST_KEVIN,KEVIN,TRAINER_CLASS_ARTIST,,,,,TRAINER_PIC_ARTIST,,diamondpearl_trainer_index=630; source=files/poketool/trainer/trdata.json; location_unpaired=true,8,5,
TRAINER_ARTIST_KEVIN_2,KEVIN,TRAINER_CLASS_ARTIST,,true,,,TRAINER_PIC_ARTIST,,diamondpearl_trainer_index=631; source=files/poketool/trainer/trdata.json; location_unpaired=true,8,5,
TRAINER_ARTIST_KEVIN_3,KEVIN,TRAINER_CLASS_ARTIST,,true,,,TRAINER_PIC_ARTIST,,diamondpearl_trainer_index=632; source=files/poketool/trainer/trdata.json; location_unpaired=true,8,5,
TRAINER_BATTLE_GIRL_HELEN_2,HELEN,TRAINER_CLASS_BATTLE_GIRL,187,true,,,TRAINER_PIC_BATTLE_GIRL,,diamondpearl_trainer_index=633; source=files/poketool/trainer/trdata.json; map_refs=C01|C01R0101|C01R0201|C01R0202|C01R0303|C02GYM0101|C02R0601|C03|C04|C04GYM0102|C05|C05GYM0101|C05GYM0104|C05GYM0106|C05GYM0108|C05R0201|C05R0301|C05R0401|C05R0701|C05R1001|C05R1101|C05R1102|C06|C06GYM0101|C07|C09|C09GYM0101|C10R0112|C11|D03R0101|D04R0101|D05R0101|D05R0108|D05R0112|D05R0113|D06R0205|D09R0102|D09R0103|D09R0104|D10R0101|D11R0101|D12R0101|D14R0101|D15|D16R0102|D17R0111|D17R0112|D17R0113|D17R0114|D17R0115|D17R0116|D17R0117|D17R0118|D17R0119|D17R0120|D17R0121|D17R0122|D20R0102|D21R0101|D21R0102|D24R0105|D26R0101|D26R0102|D26R0103|D26R0104|D26R0108|D27R0103|D28R0101|D30|D31|D31R0101|D31R0201|L02R0101|R205A|R205B|R206|R207|R208|R209|R210A|R210B|R212A|R212AR0103|R212B|R213|R214|R215|R221|R222|R225|R228|UNION; matched_map=R206,8,5,
TRAINER_BATTLE_GIRL_HELEN_3,HELEN,TRAINER_CLASS_BATTLE_GIRL,,true,,,TRAINER_PIC_BATTLE_GIRL,,diamondpearl_trainer_index=634; source=files/poketool/trainer/trdata.json; location_unpaired=true,8,5,
TRAINER_BATTLE_GIRL_HELEN_4,HELEN,TRAINER_CLASS_BATTLE_GIRL,203,true,,,TRAINER_PIC_BATTLE_GIRL,,diamondpearl_trainer_index=635; source=files/poketool/trainer/trdata.json; map_refs=C05|L02|R210B; matched_map=L02,8,5,
TRAINER_BIRD_KEEPER_BRIANNA_2,BRIANNA,TRAINER_CLASS_BIRD_KEEPER,223,true,,,TRAINER_PIC_BIRD_KEEPER,,diamondpearl_trainer_index=636; source=files/poketool/trainer/trdata.json; map_refs=C08|R222; matched_map=R222,8,5,
TRAINER_BIRD_KEEPER_BRIANNA_3,BRIANNA,TRAINER_CLASS_BIRD_KEEPER,,true,,,TRAINER_PIC_BIRD_KEEPER,,diamondpearl_trainer_index=637; source=files/poketool/trainer/trdata.json; map_refs=D05R0102; location_unpaired=true,8,5,
TRAINER_BIRD_KEEPER_AUDREY_2,AUDREY,TRAINER_CLASS_BIRD_KEEPER,,true,,,TRAINER_PIC_BIRD_KEEPER,,diamondpearl_trainer_index=638; source=files/poketool/trainer/trdata.json; location_unpaired=true,8,5,
TRAINER_PKMN_BREEDER_M_ALBERT_2,ALBERT,TRAINER_CLASS_PKMN_BREEDER_M,,true,,,TRAINER_PIC_BREEDER_MALE,,diamondpearl_trainer_index=639; source=files/poketool/trainer/trdata.json; location_unpaired=true,8,5,
TRAINER_PKMN_BREEDER_M_ALBERT_3,ALBERT,TRAINER_CLASS_PKMN_BREEDER_M,,true,,,TRAINER_PIC_BREEDER_MALE,,diamondpearl_trainer_index=640; source=files/poketool/trainer/trdata.json; location_unpaired=true,8,5,
TRAINER_PKMN_BREEDER_M_ALBERT_4,ALBERT,TRAINER_CLASS_PKMN_BREEDER_M,,true,,,TRAINER_PIC_BREEDER_MALE,,diamondpearl_trainer_index=641; source=files/poketool/trainer/trdata.json; location_unpaired=true,8,5,
TRAINER_PKMN_BREEDER_F_JENNIFER_2,JENNIFER,TRAINER_CLASS_PKMN_BREEDER_F,,true,,,TRAINER_PIC_BREEDER_FEMALE,,diamondpearl_trainer_index=642; source=files/poketool/trainer/trdata.json; location_unpaired=true,8,5,
TRAINER_PKMN_BREEDER_F_JENNIFER_3,JENNIFER,TRAINER_CLASS_PKMN_BREEDER_F,,true,,,TRAINER_PIC_BREEDER_FEMALE,,diamondpearl_trainer_index=643; source=files/poketool/trainer/trdata.json; location_unpaired=true,8,5,
TRAINER_PKMN_BREEDER_F_JENNIFER_4,JENNIFER,TRAINER_CLASS_PKMN_BREEDER_F,,true,,,TRAINER_PIC_BREEDER_FEMALE,,diamondpearl_trainer_index=644; source=files/poketool/trainer/trdata.json; location_unpaired=true,8,5,
TRAINER_CAMPER_ZACKARY_2,ZACKARY,TRAINER_CLASS_CAMPER,,true,,,TRAINER_PIC_CAMPER,,diamondpearl_trainer_index=645; source=files/poketool/trainer/trdata.json; location_unpaired=true,8,5,
TRAINER_CAMPER_ZACKARY_3,ZACKARY,TRAINER_CLASS_CAMPER,,true,,,TRAINER_PIC_CAMPER,,diamondpearl_trainer_index=646; source=files/poketool/trainer/trdata.json; location_unpaired=true,8,5,
TRAINER_CAMPER_ZACKARY_4,ZACKARY,TRAINER_CLASS_CAMPER,,true,,,TRAINER_PIC_CAMPER,,diamondpearl_trainer_index=647; source=files/poketool/trainer/trdata.json; location_unpaired=true,8,5,
TRAINER_ACE_TRAINER_SNOW_M_DALTON_2,DALTON,TRAINER_CLASS_ACE_TRAINER_SNOW_M,,true,,,TRAINER_PIC_ACE_TRAINER_SNOW_MALE,,diamondpearl_trainer_index=648; source=files/poketool/trainer/trdata.json; location_unpaired=true,8,5,
TRAINER_ACE_TRAINER_SNOW_F_OLIVIA_2,OLIVIA,TRAINER_CLASS_ACE_TRAINER_SNOW_F,,true,,,TRAINER_PIC_ACE_TRAINER_SNOW_FEMALE,,diamondpearl_trainer_index=649; source=files/poketool/trainer/trdata.json; location_unpaired=true,8,5,
TRAINER_COLLECTOR_IVAN_2,IVAN,TRAINER_CLASS_COLLECTOR,,true,,,TRAINER_PIC_COLLECTOR,,diamondpearl_trainer_index=650; source=files/poketool/trainer/trdata.json; map_refs=D05R0114; location_unpaired=true,8,5,
TRAINER_COWGIRL_ANGELICA_2,ANGELICA,TRAINER_CLASS_COWGIRL,,true,,,TRAINER_PIC_COWGIRL,,diamondpearl_trainer_index=651; source=files/poketool/trainer/trdata.json; location_unpaired=true,8,5,
TRAINER_COWGIRL_ANGELICA_3,ANGELICA,TRAINER_CLASS_COWGIRL,,true,,,TRAINER_PIC_COWGIRL,,diamondpearl_trainer_index=652; source=files/poketool/trainer/trdata.json; location_unpaired=true,8,5,
TRAINER_CYCLIST_M_JOHN_2,JOHN,TRAINER_CLASS_CYCLIST_M,,true,,,TRAINER_PIC_CYCLIST_MALE,,diamondpearl_trainer_index=653; source=files/poketool/trainer/trdata.json; location_unpaired=true,8,5,
TRAINER_CYCLIST_M_JOHN_3,JOHN,TRAINER_CLASS_CYCLIST_M,,true,,,TRAINER_PIC_CYCLIST_MALE,,diamondpearl_trainer_index=654; source=files/poketool/trainer/trdata.json; location_unpaired=true,8,5,
TRAINER_CYCLIST_M_JOHN_4,JOHN,TRAINER_CLASS_CYCLIST_M,,true,,,TRAINER_PIC_CYCLIST_MALE,,diamondpearl_trainer_index=655; source=files/poketool/trainer/trdata.json; location_unpaired=true,8,5,
TRAINER_CYCLIST_F_KAYLA_2,KAYLA,TRAINER_CLASS_CYCLIST_F,,true,,,TRAINER_PIC_CYCLIST_FEMALE,,diamondpearl_trainer_index=656; source=files/poketool/trainer/trdata.json; location_unpaired=true,8,5,
TRAINER_CYCLIST_F_KAYLA_3,KAYLA,TRAINER_CLASS_CYCLIST_F,,true,,,TRAINER_PIC_CYCLIST_FEMALE,,diamondpearl_trainer_index=657; source=files/poketool/trainer/trdata.json; location_unpaired=true,8,5,
TRAINER_CYCLIST_F_KAYLA_4,KAYLA,TRAINER_CLASS_CYCLIST_F,,true,,,TRAINER_PIC_CYCLIST_FEMALE,,diamondpearl_trainer_index=658; source=files/poketool/trainer/trdata.json; location_unpaired=true,8,5,
TRAINER_DRAGON_TAMER_PATRICK_2,PATRICK,TRAINER_CLASS_DRAGON_TAMER,,true,,,TRAINER_PIC_DRAGON_TAMER,,diamondpearl_trainer_index=659; source=files/poketool/trainer/trdata.json; location_unpaired=true,8,5,
TRAINER_DRAGON_TAMER_PATRICK_3,PATRICK,TRAINER_CLASS_DRAGON_TAMER,,true,,,TRAINER_PIC_DRAGON_TAMER,,diamondpearl_trainer_index=660; source=files/poketool/trainer/trdata.json; location_unpaired=true,8,5,
TRAINER_DRAGON_TAMER_HAYDEN_2,HAYDEN,TRAINER_CLASS_DRAGON_TAMER,,true,,,TRAINER_PIC_DRAGON_TAMER,,diamondpearl_trainer_index=661; source=files/poketool/trainer/trdata.json; location_unpaired=true,8,5,
TRAINER_DRAGON_TAMER_GEOFFREY_2,GEOFFREY,TRAINER_CLASS_DRAGON_TAMER,,true,,,TRAINER_PIC_DRAGON_TAMER,,diamondpearl_trainer_index=662; source=files/poketool/trainer/trdata.json; location_unpaired=true,8,5,
TRAINER_ACE_TRAINER_M_JAKE_2,JAKE,TRAINER_CLASS_ACE_TRAINER_M,,true,,,TRAINER_PIC_ACE_TRAINER_MALE,,diamondpearl_trainer_index=663; source=files/poketool/trainer/trdata.json; location_unpaired=true,8,5,
TRAINER_ACE_TRAINER_M_DENNIS_2,DENNIS,TRAINER_CLASS_ACE_TRAINER_M,,true,,,TRAINER_PIC_ACE_TRAINER_MALE,,diamondpearl_trainer_index=664; source=files/poketool/trainer/trdata.json; location_unpaired=true,8,5,
TRAINER_ACE_TRAINER_M_DENNIS_3,DENNIS,TRAINER_CLASS_ACE_TRAINER_M,,true,,,TRAINER_PIC_ACE_TRAINER_MALE,,diamondpearl_trainer_index=665; source=files/poketool/trainer/trdata.json; location_unpaired=true,8,5,
TRAINER_ACE_TRAINER_M_RODOLFO_2,RODOLFO,TRAINER_CLASS_ACE_TRAINER_M,,true,,,TRAINER_PIC_ACE_TRAINER_MALE,,diamondpearl_trainer_index=666; source=files/poketool/trainer/trdata.json; location_unpaired=true,8,5,
TRAINER_ACE_TRAINER_M_SAUL_2,SAUL,TRAINER_CLASS_ACE_TRAINER_M,,true,,,TRAINER_PIC_ACE_TRAINER_MALE,,diamondpearl_trainer_index=667; source=files/poketool/trainer/trdata.json; location_unpaired=true,8,5,
TRAINER_ACE_TRAINER_F_SHANNON_2,SHANNON,TRAINER_CLASS_ACE_TRAINER_F,,true,,,TRAINER_PIC_ACE_TRAINER_FEMALE,,diamondpearl_trainer_index=668; source=files/poketool/trainer/trdata.json; location_unpaired=true,8,5,
TRAINER_ACE_TRAINER_F_MAYA_2,MAYA,TRAINER_CLASS_ACE_TRAINER_F,,true,,,TRAINER_PIC_ACE_TRAINER_FEMALE,,diamondpearl_trainer_index=669; source=files/poketool/trainer/trdata.json; location_unpaired=true,8,5,
TRAINER_ACE_TRAINER_F_MAYA_3,MAYA,TRAINER_CLASS_ACE_TRAINER_F,,true,,,TRAINER_PIC_ACE_TRAINER_FEMALE,,diamondpearl_trainer_index=670; source=files/poketool/trainer/trdata.json; location_unpaired=true,8,5,
TRAINER_ACE_TRAINER_F_DEANNA_2,DEANNA,TRAINER_CLASS_ACE_TRAINER_F,,true,,,TRAINER_PIC_ACE_TRAINER_FEMALE,,diamondpearl_trainer_index=671; source=files/poketool/trainer/trdata.json; location_unpaired=true,8,5,
TRAINER_ACE_TRAINER_F_ARIANA_2,ARIANA,TRAINER_CLASS_ACE_TRAINER_F,,true,,,TRAINER_PIC_ACE_TRAINER_FEMALE,,diamondpearl_trainer_index=672; source=files/poketool/trainer/trdata.json; location_unpaired=true,8,5,
TRAINER_PSYCHIC_M_MITCHELL_2,MITCHELL,TRAINER_CLASS_PSYCHIC_M,,true,,,TRAINER_PIC_PSYCHIC_MALE,,diamondpearl_trainer_index=673; source=files/poketool/trainer/trdata.json; location_unpaired=true,8,5,
TRAINER_PSYCHIC_M_MITCHELL_3,MITCHELL,TRAINER_CLASS_PSYCHIC_M,,true,,,TRAINER_PIC_PSYCHIC_MALE,,diamondpearl_trainer_index=674; source=files/poketool/trainer/trdata.json; location_unpaired=true,8,5,
TRAINER_PSYCHIC_M_MAXWELL_2,MAXWELL,TRAINER_CLASS_PSYCHIC_M,,true,,,TRAINER_PIC_PSYCHIC_MALE,,diamondpearl_trainer_index=675; source=files/poketool/trainer/trdata.json; location_unpaired=true,8,5,
TRAINER_PSYCHIC_M_CORBIN_2,CORBIN,TRAINER_CLASS_PSYCHIC_M,,true,,,TRAINER_PIC_PSYCHIC_MALE,,diamondpearl_trainer_index=676; source=files/poketool/trainer/trdata.json; location_unpaired=true,8,5,
TRAINER_PSYCHIC_F_ABIGAIL_2,ABIGAIL,TRAINER_CLASS_PSYCHIC_F,,true,,,TRAINER_PIC_PSYCHIC_FEMALE,,diamondpearl_trainer_index=677; source=files/poketool/trainer/trdata.json; location_unpaired=true,8,5,
TRAINER_PSYCHIC_F_ABIGAIL_3,ABIGAIL,TRAINER_CLASS_PSYCHIC_F,,true,,,TRAINER_PIC_PSYCHIC_FEMALE,,diamondpearl_trainer_index=678; source=files/poketool/trainer/trdata.json; location_unpaired=true,8,5,
TRAINER_PSYCHIC_F_BRITTNEY_2,BRITTNEY,TRAINER_CLASS_PSYCHIC_F,,true,,,TRAINER_PIC_PSYCHIC_FEMALE,,diamondpearl_trainer_index=679; source=files/poketool/trainer/trdata.json; location_unpaired=true,8,5,
TRAINER_PSYCHIC_F_DAISY_2,DAISY,TRAINER_CLASS_PSYCHIC_F,,true,,,TRAINER_PIC_PSYCHIC_FEMALE,,diamondpearl_trainer_index=680; source=files/poketool/trainer/trdata.json; location_unpaired=true,8,5,
TRAINER_RANCHER_MARCO_2,MARCO,TRAINER_CLASS_RANCHER,,true,,,TRAINER_PIC_RANCHER,,diamondpearl_trainer_index=681; source=files/poketool/trainer/trdata.json; location_unpaired=true,8,5,
TRAINER_RANCHER_MARCO_3,MARCO,TRAINER_CLASS_RANCHER,,true,,,TRAINER_PIC_RANCHER,,diamondpearl_trainer_index=682; source=files/poketool/trainer/trdata.json; location_unpaired=true,8,5,
TRAINER_FISHERMAN_JOSEPH_2,JOSEPH,TRAINER_CLASS_FISHERMAN,,true,,,TRAINER_PIC_FISHERMAN,,diamondpearl_trainer_index=683; source=files/poketool/trainer/trdata.json; location_unpaired=true,8,5,
TRAINER_FISHERMAN_JOSEPH_3,JOSEPH,TRAINER_CLASS_FISHERMAN,,true,,,TRAINER_PIC_FISHERMAN,,diamondpearl_trainer_index=684; source=files/poketool/trainer/trdata.json; location_unpaired=true,8,5,
TRAINER_FISHERMAN_MIGUEL_2,MIGUEL,TRAINER_CLASS_FISHERMAN,,true,,,TRAINER_PIC_FISHERMAN,,diamondpearl_trainer_index=685; source=files/poketool/trainer/trdata.json; location_unpaired=true,8,5,
TRAINER_FISHERMAN_ALEC_2,ALEC,TRAINER_CLASS_FISHERMAN,,true,,,TRAINER_PIC_FISHERMAN,,diamondpearl_trainer_index=686; source=files/poketool/trainer/trdata.json; location_unpaired=true,8,5,
TRAINER_TWINS_TERI_TIA_2,TERI & TIA,TRAINER_CLASS_TWINS,,true,,,TRAINER_PIC_TWINS,True,diamondpearl_trainer_index=687; source=files/poketool/trainer/trdata.json; location_unpaired=true,8,5,
TRAINER_TWINS_TERI_TIA_3,TERI & TIA,TRAINER_CLASS_TWINS,,true,,,TRAINER_PIC_TWINS,True,diamondpearl_trainer_index=688; source=files/poketool/trainer/trdata.json; location_unpaired=true,8,5,
TRAINER_PI_CARLOS_2,CARLOS,TRAINER_CLASS_PI,,true,,,TRAINER_PIC_PI,,diamondpearl_trainer_index=689; source=files/poketool/trainer/trdata.json; location_unpaired=true,8,5,
TRAINER_PI_CARLOS_3,CARLOS,TRAINER_CLASS_PI,,true,,,TRAINER_PIC_PI,,diamondpearl_trainer_index=690; source=files/poketool/trainer/trdata.json; location_unpaired=true,8,5,
TRAINER_GENTLEMAN_JEREMY_2,JEREMY,TRAINER_CLASS_GENTLEMAN,,true,,ITEM_FULL_RESTORE,TRAINER_PIC_GENTLEMAN,,diamondpearl_trainer_index=691; source=files/poketool/trainer/trdata.json; location_unpaired=true,8,5,
TRAINER_GENTLEMAN_JEREMY_3,JEREMY,TRAINER_CLASS_GENTLEMAN,,true,,ITEM_FULL_RESTORE,TRAINER_PIC_GENTLEMAN,,diamondpearl_trainer_index=692; source=files/poketool/trainer/trdata.json; location_unpaired=true,8,5,
TRAINER_GENTLEMAN_JEREMY_4,JEREMY,TRAINER_CLASS_GENTLEMAN,,true,,ITEM_FULL_RESTORE,TRAINER_PIC_GENTLEMAN,,diamondpearl_trainer_index=693; source=files/poketool/trainer/trdata.json; location_unpaired=true,8,5,
TRAINER_GUITARIST_TONY_2,TONY,TRAINER_CLASS_GUITARIST,,true,,,TRAINER_PIC_GUITARIST,,diamondpearl_trainer_index=694; source=files/poketool/trainer/trdata.json; location_unpaired=true,8,5,
TRAINER_RUIN_MANIAC_HARRY_2,HARRY,TRAINER_CLASS_RUIN_MANIAC,,true,,,TRAINER_PIC_RUIN_MANIAC,,diamondpearl_trainer_index=695; source=files/poketool/trainer/trdata.json; location_unpaired=true,8,5,
TRAINER_RUIN_MANIAC_HARRY_3,HARRY,TRAINER_CLASS_RUIN_MANIAC,,true,,,TRAINER_PIC_RUIN_MANIAC,,diamondpearl_trainer_index=696; source=files/poketool/trainer/trdata.json; location_unpaired=true,8,5,
TRAINER_JOGGER_CRAIG_2,CRAIG,TRAINER_CLASS_JOGGER,,true,,,TRAINER_PIC_JOGGER,,diamondpearl_trainer_index=697; source=files/poketool/trainer/trdata.json; location_unpaired=true,8,5,
TRAINER_JOGGER_CRAIG_3,CRAIG,TRAINER_CLASS_JOGGER,,true,,,TRAINER_PIC_JOGGER,,diamondpearl_trainer_index=698; source=files/poketool/trainer/trdata.json; location_unpaired=true,8,5,
TRAINER_BLACK_BELT_PHILIP_2,PHILIP,TRAINER_CLASS_BLACK_BELT,,true,,,TRAINER_PIC_BLACK_BELT,,diamondpearl_trainer_index=699; source=files/poketool/trainer/trdata.json; location_unpaired=true,8,5,
TRAINER_BLACK_BELT_DAVON_2,DAVON,TRAINER_CLASS_BLACK_BELT,,true,,,TRAINER_PIC_BLACK_BELT,,diamondpearl_trainer_index=700; source=files/poketool/trainer/trdata.json; location_unpaired=true,8,5,
TRAINER_SOCIALITE_REINA_2,REINA,TRAINER_CLASS_SOCIALITE,,true,,ITEM_FULL_RESTORE,TRAINER_PIC_SOCIALITE,,diamondpearl_trainer_index=701; source=files/poketool/trainer/trdata.json; location_unpaired=true,8,5,
TRAINER_SOCIALITE_REINA_3,REINA,TRAINER_CLASS_SOCIALITE,,true,,ITEM_FULL_RESTORE,TRAINER_PIC_SOCIALITE,,diamondpearl_trainer_index=702; source=files/poketool/trainer/trdata.json; location_unpaired=true,8,5,
TRAINER_LASS_SAMANTHA_2,SAMANTHA,TRAINER_CLASS_LASS,,true,,,TRAINER_PIC_LASS,,diamondpearl_trainer_index=703; source=files/poketool/trainer/trdata.json; location_unpaired=true,8,5,
TRAINER_LASS_SAMANTHA_3,SAMANTHA,TRAINER_CLASS_LASS,,true,,,TRAINER_PIC_LASS,,diamondpearl_trainer_index=704; source=files/poketool/trainer/trdata.json; location_unpaired=true,8,5,
TRAINER_LASS_SAMANTHA_4,SAMANTHA,TRAINER_CLASS_LASS,,true,,,TRAINER_PIC_LASS,,diamondpearl_trainer_index=705; source=files/poketool/trainer/trdata.json; location_unpaired=true,8,5,
TRAINER_LASS_MADELINE_2,MADELINE,TRAINER_CLASS_LASS,,true,,,TRAINER_PIC_LASS,,diamondpearl_trainer_index=706; source=files/poketool/trainer/trdata.json; location_unpaired=true,8,5,
TRAINER_LASS_MADELINE_3,MADELINE,TRAINER_CLASS_LASS,,true,,,TRAINER_PIC_LASS,,diamondpearl_trainer_index=707; source=files/poketool/trainer/trdata.json; location_unpaired=true,8,5,
TRAINER_LASS_MADELINE_4,MADELINE,TRAINER_CLASS_LASS,,true,,,TRAINER_PIC_LASS,,diamondpearl_trainer_index=708; source=files/poketool/trainer/trdata.json; location_unpaired=true,8,5,
TRAINER_HIKER_THEODORE_2,THEODORE,TRAINER_CLASS_HIKER,,true,,,TRAINER_PIC_HIKER,,diamondpearl_trainer_index=709; source=files/poketool/trainer/trdata.json; location_unpaired=true,8,5,
TRAINER_HIKER_THEODORE_3,THEODORE,TRAINER_CLASS_HIKER,,true,,,TRAINER_PIC_HIKER,,diamondpearl_trainer_index=710; source=files/poketool/trainer/trdata.json; location_unpaired=true,8,5,
TRAINER_HIKER_THEODORE_4,THEODORE,TRAINER_CLASS_HIKER,,true,,,TRAINER_PIC_HIKER,,diamondpearl_trainer_index=711; source=files/poketool/trainer/trdata.json; location_unpaired=true,8,5,
TRAINER_BUG_CATCHER_BRANDON_2,BRANDON,TRAINER_CLASS_BUG_CATCHER,,true,,,TRAINER_PIC_BUG_CATCHER,,diamondpearl_trainer_index=712; source=files/poketool/trainer/trdata.json; location_unpaired=true,8,5,
TRAINER_BUG_CATCHER_BRANDON_3,BRANDON,TRAINER_CLASS_BUG_CATCHER,,true,,,TRAINER_PIC_BUG_CATCHER,,diamondpearl_trainer_index=713; source=files/poketool/trainer/trdata.json; location_unpaired=true,8,5,
TRAINER_BUG_CATCHER_BRANDON_4,BRANDON,TRAINER_CLASS_BUG_CATCHER,,true,,,TRAINER_PIC_BUG_CATCHER,,diamondpearl_trainer_index=714; source=files/poketool/trainer/trdata.json; location_unpaired=true,8,5,
TRAINER_PARASOL_LADY_ALEXA_2,ALEXA,TRAINER_CLASS_PARASOL_LADY,,true,,,TRAINER_PIC_PARASOL_LADY,,diamondpearl_trainer_index=715; source=files/poketool/trainer/trdata.json; location_unpaired=true,8,5,
TRAINER_PARASOL_LADY_ALEXA_3,ALEXA,TRAINER_CLASS_PARASOL_LADY,,true,,,TRAINER_PIC_PARASOL_LADY,,diamondpearl_trainer_index=716; source=files/poketool/trainer/trdata.json; location_unpaired=true,8,5,
TRAINER_PARASOL_LADY_ALEXA_4,ALEXA,TRAINER_CLASS_PARASOL_LADY,,true,,,TRAINER_PIC_PARASOL_LADY,,diamondpearl_trainer_index=717; source=files/poketool/trainer/trdata.json; location_unpaired=true,8,5,
TRAINER_PICNICKER_KARINA_2,KARINA,TRAINER_CLASS_PICNICKER,,true,,,TRAINER_PIC_PICNICKER,,diamondpearl_trainer_index=718; source=files/poketool/trainer/trdata.json; location_unpaired=true,8,5,
TRAINER_PICNICKER_KARINA_3,KARINA,TRAINER_CLASS_PICNICKER,,true,,,TRAINER_PIC_PICNICKER,,diamondpearl_trainer_index=719; source=files/poketool/trainer/trdata.json; location_unpaired=true,8,5,
TRAINER_PICNICKER_KARINA_4,KARINA,TRAINER_CLASS_PICNICKER,,true,,,TRAINER_PIC_PICNICKER,,diamondpearl_trainer_index=720; source=files/poketool/trainer/trdata.json; location_unpaired=true,8,5,
TRAINER_POKE_KID_DANIELLE_2,DANIELLE,TRAINER_CLASS_POKE_KID,,true,,,TRAINER_PIC_POKE_KID,,diamondpearl_trainer_index=721; source=files/poketool/trainer/trdata.json; location_unpaired=true,8,5,
TRAINER_POKE_KID_DANIELLE_3,DANIELLE,TRAINER_CLASS_POKE_KID,,true,,,TRAINER_PIC_POKE_KID,,diamondpearl_trainer_index=722; source=files/poketool/trainer/trdata.json; location_unpaired=true,8,5,
TRAINER_POKE_KID_DANIELLE_4,DANIELLE,TRAINER_CLASS_POKE_KID,,true,,,TRAINER_PIC_POKE_KID,,diamondpearl_trainer_index=723; source=files/poketool/trainer/trdata.json; location_unpaired=true,8,5,
TRAINER_POLICEMAN_DANNY_2,DANNY,TRAINER_CLASS_POLICEMAN,,true,,,TRAINER_PIC_POLICEMAN,,diamondpearl_trainer_index=724; source=files/poketool/trainer/trdata.json; location_unpaired=true,8,5,
TRAINER_POLICEMAN_DANNY_3,DANNY,TRAINER_CLASS_POLICEMAN,,true,,,TRAINER_PIC_POLICEMAN,,diamondpearl_trainer_index=725; source=files/poketool/trainer/trdata.json; location_unpaired=true,8,5,
TRAINER_POLICEMAN_DANNY_4,DANNY,TRAINER_CLASS_POLICEMAN,,true,,,TRAINER_PIC_POLICEMAN,,diamondpearl_trainer_index=726; source=files/poketool/trainer/trdata.json; location_unpaired=true,8,5,
TRAINER_RICH_BOY_TREY_2,TREY,TRAINER_CLASS_RICH_BOY,,true,,,TRAINER_PIC_RICH_BOY,,diamondpearl_trainer_index=727; source=files/poketool/trainer/trdata.json; location_unpaired=true,8,5,
TRAINER_RICH_BOY_TREY_3,TREY,TRAINER_CLASS_RICH_BOY,,true,,,TRAINER_PIC_RICH_BOY,,diamondpearl_trainer_index=728; source=files/poketool/trainer/trdata.json; location_unpaired=true,8,5,
TRAINER_LADY_MELISSA_2,MELISSA,TRAINER_CLASS_LADY,,true,,ITEM_FULL_RESTORE,TRAINER_PIC_LADY,,diamondpearl_trainer_index=729; source=files/poketool/trainer/trdata.json; location_unpaired=true,8,5,
TRAINER_LADY_MELISSA_3,MELISSA,TRAINER_CLASS_LADY,,true,,ITEM_FULL_RESTORE,TRAINER_PIC_LADY,,diamondpearl_trainer_index=730; source=files/poketool/trainer/trdata.json; location_unpaired=true,8,5,
TRAINER_LADY_MELISSA_4,MELISSA,TRAINER_CLASS_LADY,,true,,ITEM_FULL_RESTORE,TRAINER_PIC_LADY,,diamondpearl_trainer_index=731; source=files/poketool/trainer/trdata.json; location_unpaired=true,8,5,
TRAINER_PKMN_RANGER_M_TAYLOR_2,TAYLOR,TRAINER_CLASS_PKMN_RANGER_M,,true,,,TRAINER_PIC_RANGER_MALE,,diamondpearl_trainer_index=732; source=files/poketool/trainer/trdata.json; location_unpaired=true,8,5,
TRAINER_PKMN_RANGER_M_TAYLOR_3,TAYLOR,TRAINER_CLASS_PKMN_RANGER_M,,true,,,TRAINER_PIC_RANGER_MALE,,diamondpearl_trainer_index=733; source=files/poketool/trainer/trdata.json; location_unpaired=true,8,5,
TRAINER_PKMN_RANGER_M_TAYLOR_4,TAYLOR,TRAINER_CLASS_PKMN_RANGER_M,,true,,,TRAINER_PIC_RANGER_MALE,,diamondpearl_trainer_index=734; source=files/poketool/trainer/trdata.json; location_unpaired=true,8,5,
TRAINER_PKMN_RANGER_M_KYLER_2,KYLER,TRAINER_CLASS_PKMN_RANGER_M,,true,,,TRAINER_PIC_RANGER_MALE,,diamondpearl_trainer_index=735; source=files/poketool/trainer/trdata.json; location_unpaired=true,8,5,
TRAINER_PKMN_RANGER_F_ALLISON_2,ALLISON,TRAINER_CLASS_PKMN_RANGER_F,,true,,,TRAINER_PIC_RANGER_FEMALE,,diamondpearl_trainer_index=736; source=files/poketool/trainer/trdata.json; location_unpaired=true,8,5,
TRAINER_PKMN_RANGER_F_ALLISON_3,ALLISON,TRAINER_CLASS_PKMN_RANGER_F,,true,,,TRAINER_PIC_RANGER_FEMALE,,diamondpearl_trainer_index=737; source=files/poketool/trainer/trdata.json; location_unpaired=true,8,5,
TRAINER_PKMN_RANGER_F_ALLISON_4,ALLISON,TRAINER_CLASS_PKMN_RANGER_F,,true,,,TRAINER_PIC_RANGER_FEMALE,,diamondpearl_trainer_index=738; source=files/poketool/trainer/trdata.json; location_unpaired=true,8,5,
TRAINER_PKMN_RANGER_F_ASHLEE_2,ASHLEE,TRAINER_CLASS_PKMN_RANGER_F,,true,,,TRAINER_PIC_RANGER_FEMALE,,diamondpearl_trainer_index=739; source=files/poketool/trainer/trdata.json; location_unpaired=true,8,5,
TRAINER_SAILOR_MARC_2,MARC,TRAINER_CLASS_SAILOR,,true,,,TRAINER_PIC_SAILOR,,diamondpearl_trainer_index=740; source=files/poketool/trainer/trdata.json; location_unpaired=true,8,5,
TRAINER_SAILOR_MARC_3,MARC,TRAINER_CLASS_SAILOR,,true,,,TRAINER_PIC_SAILOR,,diamondpearl_trainer_index=741; source=files/poketool/trainer/trdata.json; location_unpaired=true,8,5,
TRAINER_SAILOR_ZACHARIAH_2,ZACHARIAH,TRAINER_CLASS_SAILOR,,true,,,TRAINER_PIC_SAILOR,,diamondpearl_trainer_index=742; source=files/poketool/trainer/trdata.json; location_unpaired=true,8,5,
TRAINER_SCIENTIST_SHAUN_2,SHAUN,TRAINER_CLASS_SCIENTIST,,true,,,TRAINER_PIC_SCIENTIST,,diamondpearl_trainer_index=743; source=files/poketool/trainer/trdata.json; location_unpaired=true,8,5,
TRAINER_SCIENTIST_SHAUN_3,SHAUN,TRAINER_CLASS_SCIENTIST,,true,,,TRAINER_PIC_SCIENTIST,,diamondpearl_trainer_index=744; source=files/poketool/trainer/trdata.json; location_unpaired=true,8,5,
TRAINER_SCIENTIST_SHAUN_4,SHAUN,TRAINER_CLASS_SCIENTIST,,true,,,TRAINER_PIC_SCIENTIST,,diamondpearl_trainer_index=745; source=files/poketool/trainer/trdata.json; location_unpaired=true,8,5,
TRAINER_NINJA_BOY_ZACH_2,ZACH,TRAINER_CLASS_NINJA_BOY,,true,,,TRAINER_PIC_NINJA_BOY,,diamondpearl_trainer_index=746; source=files/poketool/trainer/trdata.json; location_unpaired=true,8,5,
TRAINER_NINJA_BOY_ZACH_3,ZACH,TRAINER_CLASS_NINJA_BOY,,true,,,TRAINER_PIC_NINJA_BOY,,diamondpearl_trainer_index=747; source=files/poketool/trainer/trdata.json; location_unpaired=true,8,5,
TRAINER_NINJA_BOY_ZACH_4,ZACH,TRAINER_CLASS_NINJA_BOY,,true,,,TRAINER_PIC_NINJA_BOY,,diamondpearl_trainer_index=748; source=files/poketool/trainer/trdata.json; location_unpaired=true,8,5,
TRAINER_BEAUTY_CYNDY_2,CYNDY,TRAINER_CLASS_BEAUTY,,true,,,TRAINER_PIC_BEAUTY,,diamondpearl_trainer_index=749; source=files/poketool/trainer/trdata.json; location_unpaired=true,8,5,
TRAINER_BEAUTY_CYNDY_3,CYNDY,TRAINER_CLASS_BEAUTY,,true,,,TRAINER_PIC_BEAUTY,,diamondpearl_trainer_index=750; source=files/poketool/trainer/trdata.json; location_unpaired=true,8,5,
TRAINER_SKIER_M_EDWARD_2,EDWARD,TRAINER_CLASS_SKIER_M,,true,,,TRAINER_PIC_SKIER_MALE,,diamondpearl_trainer_index=751; source=files/poketool/trainer/trdata.json; location_unpaired=true,8,5,
TRAINER_SKIER_M_EDWARD_3,EDWARD,TRAINER_CLASS_SKIER_M,,true,,,TRAINER_PIC_SKIER_MALE,,diamondpearl_trainer_index=752; source=files/poketool/trainer/trdata.json; location_unpaired=true,8,5,
TRAINER_SKIER_M_BJORN_2,BJORN,TRAINER_CLASS_SKIER_M,,true,,,TRAINER_PIC_SKIER_MALE,,diamondpearl_trainer_index=753; source=files/poketool/trainer/trdata.json; location_unpaired=true,8,5,
TRAINER_SKIER_M_BJORN_3,BJORN,TRAINER_CLASS_SKIER_M,,true,,,TRAINER_PIC_SKIER_MALE,,diamondpearl_trainer_index=754; source=files/poketool/trainer/trdata.json; location_unpaired=true,8,5,
TRAINER_SKIER_F_ANDREA_2,ANDREA,TRAINER_CLASS_SKIER_F,,true,,,TRAINER_PIC_SKIER_FEMALE,,diamondpearl_trainer_index=755; source=files/poketool/trainer/trdata.json; location_unpaired=true,8,5,
TRAINER_SKIER_F_ANDREA_3,ANDREA,TRAINER_CLASS_SKIER_F,,true,,,TRAINER_PIC_SKIER_FEMALE,,diamondpearl_trainer_index=756; source=files/poketool/trainer/trdata.json; location_unpaired=true,8,5,
TRAINER_SKIER_F_MADISON_2,MADISON,TRAINER_CLASS_SKIER_F,,true,,,TRAINER_PIC_SKIER_FEMALE,,diamondpearl_trainer_index=757; source=files/poketool/trainer/trdata.json; location_unpaired=true,8,5,
TRAINER_SKIER_F_MADISON_3,MADISON,TRAINER_CLASS_SKIER_F,,true,,,TRAINER_PIC_SKIER_FEMALE,,diamondpearl_trainer_index=758; source=files/poketool/trainer/trdata.json; location_unpaired=true,8,5,
TRAINER_SWIMMER_M_WESLEY_2,WESLEY,TRAINER_CLASS_SWIMMER_M,,true,,,TRAINER_PIC_SWIMMER_MALE,,diamondpearl_trainer_index=759; source=files/poketool/trainer/trdata.json; location_unpaired=true,8,5,
TRAINER_SWIMMER_M_FRANCISCO_2,FRANCISCO,TRAINER_CLASS_SWIMMER_M,,true,,,TRAINER_PIC_SWIMMER_MALE,,diamondpearl_trainer_index=760; source=files/poketool/trainer/trdata.json; location_unpaired=true,8,5,
TRAINER_SWIMMER_M_GLENN_2,GLENN,TRAINER_CLASS_SWIMMER_M,,true,,,TRAINER_PIC_SWIMMER_MALE,,diamondpearl_trainer_index=761; source=files/poketool/trainer/trdata.json; location_unpaired=true,8,5,
TRAINER_SWIMMER_F_MIRANDA_2,MIRANDA,TRAINER_CLASS_SWIMMER_F,,true,,,TRAINER_PIC_SWIMMER_FEMALE,,diamondpearl_trainer_index=762; source=files/poketool/trainer/trdata.json; location_unpaired=true,8,5,
TRAINER_SWIMMER_F_CRYSTAL_2,CRYSTAL,TRAINER_CLASS_SWIMMER_F,,true,,,TRAINER_PIC_SWIMMER_FEMALE,,diamondpearl_trainer_index=763; source=files/poketool/trainer/trdata.json; location_unpaired=true,8,5,
TRAINER_SWIMMER_F_JOANNA_2,JOANNA,TRAINER_CLASS_SWIMMER_F,,true,,,TRAINER_PIC_SWIMMER_FEMALE,,diamondpearl_trainer_index=764; source=files/poketool/trainer/trdata.json; location_unpaired=true,8,5,
TRAINER_YOUNGSTER_TRISTAN_2,TRISTAN,TRAINER_CLASS_YOUNGSTER,,true,,,TRAINER_PIC_YOUNGSTER,,diamondpearl_trainer_index=765; source=files/poketool/trainer/trdata.json; location_unpaired=true,8,5,
TRAINER_YOUNGSTER_TRISTAN_3,TRISTAN,TRAINER_CLASS_YOUNGSTER,,true,,,TRAINER_PIC_YOUNGSTER,,diamondpearl_trainer_index=766; source=files/poketool/trainer/trdata.json; location_unpaired=true,8,5,
TRAINER_YOUNGSTER_TRISTAN_4,TRISTAN,TRAINER_CLASS_YOUNGSTER,,true,,,TRAINER_PIC_YOUNGSTER,,diamondpearl_trainer_index=767; source=files/poketool/trainer/trdata.json; location_unpaired=true,8,5,
TRAINER_YOUNGSTER_DALLAS_2,DALLAS,TRAINER_CLASS_YOUNGSTER,,true,,,TRAINER_PIC_YOUNGSTER,,diamondpearl_trainer_index=768; source=files/poketool/trainer/trdata.json; location_unpaired=true,8,5,
TRAINER_YOUNGSTER_DALLAS_3,DALLAS,TRAINER_CLASS_YOUNGSTER,,true,,,TRAINER_PIC_YOUNGSTER,,diamondpearl_trainer_index=769; source=files/poketool/trainer/trdata.json; location_unpaired=true,8,5,
TRAINER_YOUNGSTER_DALLAS_4,DALLAS,TRAINER_CLASS_YOUNGSTER,,true,,,TRAINER_PIC_YOUNGSTER,,diamondpearl_trainer_index=770; source=files/poketool/trainer/trdata.json; location_unpaired=true,8,5,
TRAINER_TUBER_M_JARED_2,JARED,TRAINER_CLASS_TUBER_M,,true,,,TRAINER_PIC_TUBER_MALE,,diamondpearl_trainer_index=771; source=files/poketool/trainer/trdata.json; location_unpaired=true,8,5,
TRAINER_TUBER_M_JARED_3,JARED,TRAINER_CLASS_TUBER_M,,true,,,TRAINER_PIC_TUBER_MALE,,diamondpearl_trainer_index=772; source=files/poketool/trainer/trdata.json; location_unpaired=true,8,5,
TRAINER_TUBER_F_CHELSEA_2,CHELSEA,TRAINER_CLASS_TUBER_F,,true,,,TRAINER_PIC_TUBER_FEMALE,,diamondpearl_trainer_index=773; source=files/poketool/trainer/trdata.json; location_unpaired=true,8,5,
TRAINER_VETERAN_BRIAN_2,BRIAN,TRAINER_CLASS_VETERAN,,true,,,TRAINER_PIC_VETERAN,,diamondpearl_trainer_index=774; source=files/poketool/trainer/trdata.json; location_unpaired=true,8,5,
TRAINER_TUBER_F_CHELSEA_3,CHELSEA,TRAINER_CLASS_TUBER_F,,true,,,TRAINER_PIC_TUBER_FEMALE,,diamondpearl_trainer_index=775; source=files/poketool/trainer/trdata.json; location_unpaired=true,8,5,
TRAINER_VETERAN_BRIAN_3,BRIAN,TRAINER_CLASS_VETERAN,,true,,,TRAINER_PIC_VETERAN,,diamondpearl_trainer_index=776; source=files/poketool/trainer/trdata.json; location_unpaired=true,8,5,
TRAINER_VETERAN_ARMANDO_2,ARMANDO,TRAINER_CLASS_VETERAN,,true,,,TRAINER_PIC_VETERAN,,diamondpearl_trainer_index=777; source=files/poketool/trainer/trdata.json; location_unpaired=true,8,5,
TRAINER_VETERAN_MICKEY_5,MICKEY,TRAINER_CLASS_VETERAN,,true,,,TRAINER_PIC_VETERAN,,diamondpearl_trainer_index=778; source=files/poketool/trainer/trdata.json; location_unpaired=true,8,5,
TRAINER_CAMERAMAN_MICKEY_2,MICKEY,TRAINER_CLASS_CAMERAMAN,,true,,,TRAINER_PIC_CAMERAMAN,,diamondpearl_trainer_index=779; source=files/poketool/trainer/trdata.json; location_unpaired=true,8,5,
TRAINER_CAMERAMAN_MICKEY_3,MICKEY,TRAINER_CLASS_CAMERAMAN,,true,,,TRAINER_PIC_CAMERAMAN,,diamondpearl_trainer_index=780; source=files/poketool/trainer/trdata.json; location_unpaired=true,8,5,
TRAINER_CAMERAMAN_MICKEY_4,MICKEY,TRAINER_CLASS_CAMERAMAN,,true,,,TRAINER_PIC_CAMERAMAN,,diamondpearl_trainer_index=781; source=files/poketool/trainer/trdata.json; location_unpaired=true,8,5,
TRAINER_CAMERAMAN_MICKEY_5,MICKEY,TRAINER_CLASS_CAMERAMAN,,true,,,TRAINER_PIC_CAMERAMAN,,diamondpearl_trainer_index=782; source=files/poketool/trainer/trdata.json; location_unpaired=true,8,5,
TRAINER_CAMERAMAN_MICKEY_6,MICKEY,TRAINER_CLASS_CAMERAMAN,,true,,,TRAINER_PIC_CAMERAMAN,,diamondpearl_trainer_index=783; source=files/poketool/trainer/trdata.json; location_unpaired=true,8,5,
TRAINER_GUITARIST_MICKEY_8,MICKEY,TRAINER_CLASS_GUITARIST,,true,,,TRAINER_PIC_GUITARIST,,diamondpearl_trainer_index=784; source=files/poketool/trainer/trdata.json; location_unpaired=true,8,5,
TRAINER_GUITARIST_ARTURO_2,ARTURO,TRAINER_CLASS_GUITARIST,,true,,,TRAINER_PIC_GUITARIST,,diamondpearl_trainer_index=785; source=files/poketool/trainer/trdata.json; location_unpaired=true,8,5,
TRAINER_GUITARIST_ARTURO_3,ARTURO,TRAINER_CLASS_GUITARIST,,true,,,TRAINER_PIC_GUITARIST,,diamondpearl_trainer_index=786; source=files/poketool/trainer/trdata.json; location_unpaired=true,8,5,
TRAINER_GUITARIST_MICKEY_9,MICKEY,TRAINER_CLASS_GUITARIST,,true,,,TRAINER_PIC_GUITARIST,,diamondpearl_trainer_index=787; source=files/poketool/trainer/trdata.json; location_unpaired=true,8,5,
TRAINER_GUITARIST_MICKEY_10,MICKEY,TRAINER_CLASS_GUITARIST,,true,,,TRAINER_PIC_GUITARIST,,diamondpearl_trainer_index=788; source=files/poketool/trainer/trdata.json; location_unpaired=true,8,5,
TRAINER_GUITARIST_MICKEY_11,MICKEY,TRAINER_CLASS_GUITARIST,,,,,TRAINER_PIC_GUITARIST,,diamondpearl_trainer_index=789; source=files/poketool/trainer/trdata.json; location_unpaired=true,8,5,
TRAINER_IDOL_ANGELICA_5,ANGELICA,TRAINER_CLASS_IDOL,,true,,,TRAINER_PIC_IDOL,,diamondpearl_trainer_index=790; source=files/poketool/trainer/trdata.json; location_unpaired=true,8,5,
TRAINER_IDOL_ANGELICA_6,ANGELICA,TRAINER_CLASS_IDOL,,true,,,TRAINER_PIC_IDOL,,diamondpearl_trainer_index=791; source=files/poketool/trainer/trdata.json; location_unpaired=true,8,5,
TRAINER_IDOL_ANGELICA_7,ANGELICA,TRAINER_CLASS_IDOL,,true,,,TRAINER_PIC_IDOL,,diamondpearl_trainer_index=792; source=files/poketool/trainer/trdata.json; location_unpaired=true,8,5,
TRAINER_IDOL_ANGELICA_8,ANGELICA,TRAINER_CLASS_IDOL,,true,,,TRAINER_PIC_IDOL,,diamondpearl_trainer_index=793; source=files/poketool/trainer/trdata.json; location_unpaired=true,8,5,
TRAINER_IDOL_ANGELICA_9,ANGELICA,TRAINER_CLASS_IDOL,,true,,,TRAINER_PIC_IDOL,,diamondpearl_trainer_index=794; source=files/poketool/trainer/trdata.json; location_unpaired=true,8,5,
TRAINER_INTERVIEWERS_TARA_TIM,TARA & TIM,TRAINER_CLASS_INTERVIEWERS,,,,,TRAINER_PIC_INTERVIEWERS,True,diamondpearl_trainer_index=795; source=files/poketool/trainer/trdata.json; location_unpaired=true,8,5,
TRAINER_INTERVIEWERS_TARA_TIM_2,TARA & TIM,TRAINER_CLASS_INTERVIEWERS,,true,,,TRAINER_PIC_INTERVIEWERS,True,diamondpearl_trainer_index=796; source=files/poketool/trainer/trdata.json; location_unpaired=true,8,5,
TRAINER_INTERVIEWERS_TARA_TIM_3,TARA & TIM,TRAINER_CLASS_INTERVIEWERS,,true,,,TRAINER_PIC_INTERVIEWERS,True,diamondpearl_trainer_index=797; source=files/poketool/trainer/trdata.json; location_unpaired=true,8,5,
TRAINER_INTERVIEWERS_TARA_TIM_4,TARA & TIM,TRAINER_CLASS_INTERVIEWERS,,true,,,TRAINER_PIC_INTERVIEWERS,True,diamondpearl_trainer_index=798; source=files/poketool/trainer/trdata.json; location_unpaired=true,8,5,
TRAINER_CLOWN_MICKEY_6,MICKEY,TRAINER_CLASS_CLOWN,,true,,,TRAINER_PIC_CLOWN,,diamondpearl_trainer_index=799; source=files/poketool/trainer/trdata.json; location_unpaired=true,8,5,
TRAINER_CLOWN_MICKEY_7,MICKEY,TRAINER_CLASS_CLOWN,,true,,,TRAINER_PIC_CLOWN,,diamondpearl_trainer_index=800; source=files/poketool/trainer/trdata.json; location_unpaired=true,8,5,
TRAINER_CLOWN_MICKEY_8,MICKEY,TRAINER_CLASS_CLOWN,,true,,,TRAINER_PIC_CLOWN,,diamondpearl_trainer_index=801; source=files/poketool/trainer/trdata.json; location_unpaired=true,8,5,
TRAINER_CLOWN_MICKEY_9,MICKEY,TRAINER_CLASS_CLOWN,,true,,,TRAINER_PIC_CLOWN,,diamondpearl_trainer_index=802; source=files/poketool/trainer/trdata.json; location_unpaired=true,8,5,
TRAINER_CLOWN_MICKEY_10,MICKEY,TRAINER_CLASS_CLOWN,,true,,,TRAINER_PIC_CLOWN,,diamondpearl_trainer_index=803; source=files/poketool/trainer/trdata.json; location_unpaired=true,8,5,
TRAINER_POKE_KID_ANGELICA,ANGELICA,TRAINER_CLASS_POKE_KID,,,,,TRAINER_PIC_POKE_KID,,diamondpearl_trainer_index=804; source=files/poketool/trainer/trdata.json; location_unpaired=true,8,5,
TRAINER_POKE_KID_ANGELICA_2,ANGELICA,TRAINER_CLASS_POKE_KID,,true,,,TRAINER_PIC_POKE_KID,,diamondpearl_trainer_index=805; source=files/poketool/trainer/trdata.json; location_unpaired=true,8,5,
TRAINER_POKE_KID_ANGELICA_3,ANGELICA,TRAINER_CLASS_POKE_KID,,true,,,TRAINER_PIC_POKE_KID,,diamondpearl_trainer_index=806; source=files/poketool/trainer/trdata.json; location_unpaired=true,8,5,
TRAINER_POKE_KID_ANGELICA_4,ANGELICA,TRAINER_CLASS_POKE_KID,,true,,,TRAINER_PIC_POKE_KID,,diamondpearl_trainer_index=807; source=files/poketool/trainer/trdata.json; location_unpaired=true,8,5,
TRAINER_POLICEMAN_MICKEY_2,MICKEY,TRAINER_CLASS_POLICEMAN,,true,,,TRAINER_PIC_POLICEMAN,,diamondpearl_trainer_index=808; source=files/poketool/trainer/trdata.json; location_unpaired=true,8,5,
TRAINER_REPORTER_ANGELICA,ANGELICA,TRAINER_CLASS_REPORTER,,,,,TRAINER_PIC_REPORTER,,diamondpearl_trainer_index=809; source=files/poketool/trainer/trdata.json; location_unpaired=true,8,5,
TRAINER_REPORTER_ANGELICA_2,ANGELICA,TRAINER_CLASS_REPORTER,,true,,,TRAINER_PIC_REPORTER,,diamondpearl_trainer_index=810; source=files/poketool/trainer/trdata.json; location_unpaired=true,8,5,
TRAINER_REPORTER_ANGELICA_3,ANGELICA,TRAINER_CLASS_REPORTER,,true,,,TRAINER_PIC_REPORTER,,diamondpearl_trainer_index=811; source=files/poketool/trainer/trdata.json; location_unpaired=true,8,5,
TRAINER_REPORTER_ANGELICA_4,ANGELICA,TRAINER_CLASS_REPORTER,,true,,,TRAINER_PIC_REPORTER,,diamondpearl_trainer_index=812; source=files/poketool/trainer/trdata.json; location_unpaired=true,8,5,
TRAINER_SCIENTIST_MICKEY_6,MICKEY,TRAINER_CLASS_SCIENTIST,,true,,,TRAINER_PIC_SCIENTIST,,diamondpearl_trainer_index=813; source=files/poketool/trainer/trdata.json; location_unpaired=true,8,5,
TRAINER_SWIMMER_M_MICKEY_8,MICKEY,TRAINER_CLASS_SWIMMER_M,,true,,,TRAINER_PIC_SWIMMER_MALE,,diamondpearl_trainer_index=814; source=files/poketool/trainer/trdata.json; location_unpaired=true,8,5,
TRAINER_WAITER_MICKEY_5,MICKEY,TRAINER_CLASS_WAITER,,true,,,TRAINER_PIC_WAITER,,diamondpearl_trainer_index=815; source=files/poketool/trainer/trdata.json; location_unpaired=true,8,5,
TRAINER_WORKER_MICKEY_6,MICKEY,TRAINER_CLASS_WORKER,,true,,,TRAINER_PIC_WORKER,,diamondpearl_trainer_index=816; source=files/poketool/trainer/trdata.json; location_unpaired=true,8,5,
TRAINER_YOUNGSTER_ROLAND,ROLAND,TRAINER_CLASS_YOUNGSTER,,,,,TRAINER_PIC_YOUNGSTER,,diamondpearl_trainer_index=817; source=files/poketool/trainer/trdata.json; location_unpaired=true,8,5,
TRAINER_LASS_CARRIE,CARRIE,TRAINER_CLASS_LASS,,,,,TRAINER_PIC_LASS,,diamondpearl_trainer_index=818; source=files/poketool/trainer/trdata.json; location_unpaired=true,8,5,
TRAINER_YOUNGSTER_NORMAN,NORMAN,TRAINER_CLASS_YOUNGSTER,,,,,TRAINER_PIC_YOUNGSTER,,diamondpearl_trainer_index=819; source=files/poketool/trainer/trdata.json; location_unpaired=true,8,5,
TRAINER_YOUNGSTER_ROLAND_2,ROLAND,TRAINER_CLASS_YOUNGSTER,,true,,,TRAINER_PIC_YOUNGSTER,,diamondpearl_trainer_index=820; source=files/poketool/trainer/trdata.json; location_unpaired=true,8,5,
TRAINER_LASS_CARRIE_2,CARRIE,TRAINER_CLASS_LASS,,true,,,TRAINER_PIC_LASS,,diamondpearl_trainer_index=821; source=files/poketool/trainer/trdata.json; location_unpaired=true,8,5,
TRAINER_YOUNGSTER_NORMAN_2,NORMAN,TRAINER_CLASS_YOUNGSTER,,true,,,TRAINER_PIC_YOUNGSTER,,diamondpearl_trainer_index=822; source=files/poketool/trainer/trdata.json; location_unpaired=true,8,5,
TRAINER_YOUNGSTER_ROLAND_3,ROLAND,TRAINER_CLASS_YOUNGSTER,,true,,,TRAINER_PIC_YOUNGSTER,,diamondpearl_trainer_index=823; source=files/poketool/trainer/trdata.json; location_unpaired=true,8,5,
TRAINER_LASS_CARRIE_3,CARRIE,TRAINER_CLASS_LASS,,true,,,TRAINER_PIC_LASS,,diamondpearl_trainer_index=824; source=files/poketool/trainer/trdata.json; location_unpaired=true,8,5,
TRAINER_YOUNGSTER_NORMAN_3,NORMAN,TRAINER_CLASS_YOUNGSTER,,true,,,TRAINER_PIC_YOUNGSTER,,diamondpearl_trainer_index=825; source=files/poketool/trainer/trdata.json; location_unpaired=true,8,5,
TRAINER_TOWER_TYCOON_PALMER,PALMER,TRAINER_CLASS_TOWER_TYCOON,,,,,TRAINER_PIC_TOWER_TYCOON,,diamondpearl_trainer_index=826; source=files/poketool/trainer/trdata.json; location_unpaired=true,8,5,
TRAINER_ACE_TRAINER_SNOW_M_ANTON,ANTON,TRAINER_CLASS_ACE_TRAINER_SNOW_M,222,,,,TRAINER_PIC_ACE_TRAINER_SNOW_MALE,,diamondpearl_trainer_index=827; source=files/poketool/trainer/trdata.json; map_refs=C09GYM0101; matched_map=C09GYM0101,8,5,
TRAINER_ACE_TRAINER_SNOW_F_BRENNA,BRENNA,TRAINER_CLASS_ACE_TRAINER_SNOW_F,222,,,,TRAINER_PIC_ACE_TRAINER_SNOW_FEMALE,,diamondpearl_trainer_index=828; source=files/poketool/trainer/trdata.json; map_refs=C09GYM0101; matched_map=C09GYM0101,8,5,
TRAINER_SCIENTIST_DARRIUS,DARRIUS,TRAINER_CLASS_SCIENTIST,,,,,TRAINER_PIC_SCIENTIST,,diamondpearl_trainer_index=829; source=files/poketool/trainer/trdata.json; map_refs=D26R0102; location_unpaired=true,8,5,
TRAINER_SCIENTIST_FREDRICK,FREDRICK,TRAINER_CLASS_SCIENTIST,,,,,TRAINER_PIC_SCIENTIST,,diamondpearl_trainer_index=830; source=files/poketool/trainer/trdata.json; map_refs=D26R0101; location_unpaired=true,8,5,
TRAINER_SCIENTIST_TRAVON,TRAVON,TRAINER_CLASS_SCIENTIST,184,,,,TRAINER_PIC_SCIENTIST,,diamondpearl_trainer_index=831; source=files/poketool/trainer/trdata.json; map_refs=C04R0203; matched_map=C04R0203,8,5,
TRAINER_POKE_KID_JANET,JANET,TRAINER_CLASS_POKE_KID,223,,,,TRAINER_PIC_POKE_KID,,diamondpearl_trainer_index=832; source=files/poketool/trainer/trdata.json; map_refs=R222R0101; matched_map=R222R0101,8,5,
TRAINER_GALACTIC_GRUNT_31,GRUNT,TRAINER_CLASS_GALACTIC,,,,,TRAINER_PIC_GALACTIC_GRUNT_MALE,,diamondpearl_trainer_index=833; source=files/poketool/trainer/trdata.json; location_unpaired=true,8,5,
TRAINER_GALACTIC_GRUNT_32,GRUNT,TRAINER_CLASS_GALACTIC,,,,,TRAINER_PIC_GALACTIC_GRUNT_MALE,,diamondpearl_trainer_index=834; source=files/poketool/trainer/trdata.json; location_unpaired=true,8,5,
TRAINER_GALACTIC_GRUNT_33,GRUNT,TRAINER_CLASS_GALACTIC,,,,,TRAINER_PIC_GALACTIC_GRUNT_MALE,,diamondpearl_trainer_index=835; source=files/poketool/trainer/trdata.json; location_unpaired=true,8,5,
TRAINER_GALACTIC_GRUNT_34,GRUNT,TRAINER_CLASS_GALACTIC,,,,,TRAINER_PIC_GALACTIC_GRUNT_MALE,,diamondpearl_trainer_index=836; source=files/poketool/trainer/trdata.json; location_unpaired=true,8,5,
TRAINER_PKMN_TRAINER_BARRY_CEDRIC_19,CEDRIC,TRAINER_CLASS_PKMN_TRAINER_BARRY,,,,,TRAINER_PIC_RIVAL,,diamondpearl_trainer_index=837; source=files/poketool/trainer/trdata.json; location_unpaired=true,8,5,
TRAINER_PKMN_TRAINER_BARRY_CEDRIC_20,CEDRIC,TRAINER_CLASS_PKMN_TRAINER_BARRY,,,,,TRAINER_PIC_RIVAL,,diamondpearl_trainer_index=838; source=files/poketool/trainer/trdata.json; location_unpaired=true,8,5,
TRAINER_PKMN_TRAINER_BARRY_CEDRIC_21,CEDRIC,TRAINER_CLASS_PKMN_TRAINER_BARRY,,,,,TRAINER_PIC_RIVAL,,diamondpearl_trainer_index=839; source=files/poketool/trainer/trdata.json; location_unpaired=true,8,5,
TRAINER_PKMN_TRAINER_BARRY_CEDRIC_22,CEDRIC,TRAINER_CLASS_PKMN_TRAINER_BARRY,,,,,TRAINER_PIC_RIVAL,,diamondpearl_trainer_index=840; source=files/poketool/trainer/trdata.json; location_unpaired=true,8,5,
TRAINER_PKMN_TRAINER_BARRY_CEDRIC_23,CEDRIC,TRAINER_CLASS_PKMN_TRAINER_BARRY,171,,,,TRAINER_PIC_RIVAL,,diamondpearl_trainer_index=841; source=files/poketool/trainer/trdata.json; map_refs=C01|C01R0101|C01R0102|C01R0103|C01R0201|C01R0202|C01R0203|C01R0205|C01R0301|C01R0303|C01R0501|C01R0503|C01R0601|C01R0801|C02|C02GYM0101|C02R0101|C02R0102|C02R0103|C03|C03GYM0101|C03R0101|C03R0102|C03R0103|C03R0201|C03R0203|C03R0401|C03R0501|C03R0601|C03R0603|C04|C04GYM0101|C04GYM0102|C04R0101|C04R0201|C04R0202|C04R0203|C04R0204|C04R0301|C04R0302|C04R0303|C04R0501|C04R0601|C04R0801|C05|C05GYM0101|C05GYM0102|C05GYM0103|C05GYM0105|C05GYM0107|C05GYM0109|C05GYM0110|C05GYM0111|C05GYM0112|C05GYM0113|C05R0501|C05R0701|C05R0801|C05R1001|C05R1101|C05R1102|C05R1201|C06|C06GYM0101|C06R0102|C07|C07GYM0101|C07R0101|C07R0201|C07R0202|C07R0203|C07R0204|C07R0205|C07R0301|C07R0701|C08|C08GYM0101|C08GYM0102|C08GYM0103|C08R0101|C09|C09GYM0101|C10R0101|C10R0102|C10R0103|C10R0104|C10R0105|C10R0106|C10R0107|C10R0108|C10R0109|C10R0111|C10R0113|C11|C11R0301|D01R0102|D02|D02R0101|D03R0101|D04R0101|D05R0101|D05R0103|D05R0106|D05R0108|D05R0109|D05R0110|D05R0111|D05R0112|D05R0113|D05R0114|D09R0101|D09R0102|D09R0104|D11R0101|D12R0101|D13R0101|D14R0101|D14R0102|D15R0101|D16R0101|D16R0102|D16R0103|D17R0105|D17R0106|D17R0107|D17R0108|D17R0109|D17R0110|D17R0111|D17R0112|D17R0113|D17R0114|D17R0115|D17R0116|D17R0117|D17R0118|D17R0119|D17R0120|D17R0121|D17R0122|D21R0101|D23R0101|D24R0102|D24R0103|D24R0105|D24R0106|D25R0101|D26R0101|D26R0102|D26R0103|D26R0104|D26R0105|D26R0106|D26R0107|D27R0103|D28R0101|D28R0103|D29R0101|D29R0102|D29R0103|D30R0101|D31|D31R0201|DIRECT2|DIRECT4|L01|L02R0101|L03|MAP_CELESTIC_POKECENTER|MAP_ETERNA_POKECENTER|MAP_FIGHT_AREA_POKECENTER|MAP_FLOAROMA_POKECENTER|MAP_POKEMON_LEAGUE_POKECENTER|R201|R202|R203|R204A|R204B|R205A|R205B|R206|R207|R208|R209|R209R0103|R210A|R210AR0101|R210B|R211A|R211B|R212A|R212AR0103|R212B|R213|R213R0101|R214|R215|R216|R217|R218|R221|R221R0101|R222|R222R0101|R222R0301|R224|R225|R228|R229|T01|T01R0201|T02|T02R0101|T03R0201|T04|T05|T05R0301|T06R0101|T07|T07R0101|UG|UNION|W223|W226|W230; matched_map=R201,8,5,
TRAINER_PKMN_TRAINER_BARRY_CEDRIC_24,CEDRIC,TRAINER_CLASS_PKMN_TRAINER_BARRY,197,,,,TRAINER_PIC_RIVAL,,diamondpearl_trainer_index=842; source=files/poketool/trainer/trdata.json; map_refs=C04|C07|R211A|R211B; matched_map=C07,8,5,
TRAINER_GALACTIC_GRUNT_35,GRUNT,TRAINER_CLASS_GALACTIC,203,,,,TRAINER_PIC_GALACTIC_GRUNT_MALE,,diamondpearl_trainer_index=843; source=files/poketool/trainer/trdata.json; map_refs=C01|C01R0201|D11R0101|L02|L02R0101|R212A; matched_map=L02,8,5,
TRAINER_WORKER_DILLAN,DILLAN,TRAINER_CLASS_WORKER,223,,,,TRAINER_PIC_WORKER,,diamondpearl_trainer_index=844; source=files/poketool/trainer/trdata.json; map_refs=D04R0101|R222; matched_map=R222,8,5,
TRAINER_WORKER_HOLDEN,HOLDEN,TRAINER_CLASS_WORKER,209,,,,TRAINER_PIC_WORKER,,diamondpearl_trainer_index=845; source=files/poketool/trainer/trdata.json; map_refs=D04R0101|D26R0103; matched_map=D04R0101,8,5,
TRAINER_WORKER_CONRAD,CONRAD,TRAINER_CLASS_WORKER,209,,,,TRAINER_PIC_WORKER,,diamondpearl_trainer_index=846; source=files/poketool/trainer/trdata.json; map_refs=D04R0101; matched_map=D04R0101,8,5,
TRAINER_GALACTIC_GRUNT_36,GRUNT,TRAINER_CLASS_GALACTIC,,,,,TRAINER_PIC_GALACTIC_GRUNT_MALE,,diamondpearl_trainer_index=847; source=files/poketool/trainer/trdata.json; location_unpaired=true,8,5,
TRAINER_GALACTIC_GRUNT_37,GRUNT,TRAINER_CLASS_GALACTIC,,,,,TRAINER_PIC_GALACTIC_GRUNT_MALE,,diamondpearl_trainer_index=848; source=files/poketool/trainer/trdata.json; location_unpaired=true,8,5,
TRAINER_GALACTIC_GRUNT_38,GRUNT,TRAINER_CLASS_GALACTIC,,,,,TRAINER_PIC_GALACTIC_GRUNT_MALE,,diamondpearl_trainer_index=849; source=files/poketool/trainer/trdata.json; location_unpaired=true,8,5,
